Copyright 1986-2019 Xilinx, Inc. All Rights Reserved.
-------------------------------------------------------------------------------------------------------------------------------------------------------------------------------------------------------------------
| Tool Version : Vivado v.2019.2 (win64) Build 2708876 Wed Nov  6 21:40:23 MST 2019
| Date         : Tue Sep  8 18:16:09 2026
| Host         : Neon running 64-bit major release  (build 9200)
| Command      : report_timing_summary -delay_type min_max -max_paths 20 -file D:/2_files/2_academic/1_course/CPU-Course-Design/build/performance/implementation/perf_pipeline_synth_top/timing_closed_summary.rpt
| Design       : perf_pipeline_synth_top
| Device       : 7a35t-csg324
| Speed File   : -1  PRODUCTION 1.23 2018-06-13
-------------------------------------------------------------------------------------------------------------------------------------------------------------------------------------------------------------------

Timing Summary Report

------------------------------------------------------------------------------------------------
| Timer Settings
| --------------
------------------------------------------------------------------------------------------------

  Enable Multi Corner Analysis               :  Yes
  Enable Pessimism Removal                   :  Yes
  Pessimism Removal Resolution               :  Nearest Common Node
  Enable Input Delay Default Clock           :  No
  Enable Preset / Clear Arcs                 :  No
  Disable Flight Delays                      :  No
  Ignore I/O Paths                           :  No
  Timing Early Launch at Borrowing Latches   :  No
  Borrow Time for Max Delay Exceptions       :  Yes
  Merge Timing Exceptions                    :  Yes

  Corner  Analyze    Analyze    
  Name    Max Paths  Min Paths  
  ------  ---------  ---------  
  Slow    Yes        Yes        
  Fast    Yes        Yes        



check_timing report

Table of Contents
-----------------
1. checking no_clock
2. checking constant_clock
3. checking pulse_width_clock
4. checking unconstrained_internal_endpoints
5. checking no_input_delay
6. checking no_output_delay
7. checking multiple_clock
8. checking generated_clocks
9. checking loops
10. checking partial_input_delay
11. checking partial_output_delay
12. checking latch_loops

1. checking no_clock
--------------------
 There are 0 register/latch pins with no clock.


2. checking constant_clock
--------------------------
 There are 0 register/latch pins with constant_clock.


3. checking pulse_width_clock
-----------------------------
 There are 0 register/latch pins which need pulse_width check


4. checking unconstrained_internal_endpoints
--------------------------------------------
 There are 0 pins that are not constrained for maximum delay.

 There are 0 pins that are not constrained for maximum delay due to constant clock.


5. checking no_input_delay
--------------------------
 There are 0 input ports with no input delay specified.

 There is 1 input port with no input delay but user has a false path constraint. (MEDIUM)


6. checking no_output_delay
---------------------------
 There are 32 ports with no output delay specified. (HIGH)

 There are 0 ports with no output delay but user has a false path constraint

 There are 0 ports with no output delay but with a timing clock defined on it or propagating through it


7. checking multiple_clock
--------------------------
 There are 0 register/latch pins with multiple clocks.


8. checking generated_clocks
----------------------------
 There are 0 generated clocks that are not connected to a clock source.


9. checking loops
-----------------
 There are 0 combinational loops in the design.


10. checking partial_input_delay
--------------------------------
 There are 0 input ports with partial input delay specified.


11. checking partial_output_delay
---------------------------------
 There are 0 ports with partial output delay specified.


12. checking latch_loops
------------------------
 There are 0 combinational latch loops in the design through latch input



------------------------------------------------------------------------------------------------
| Design Timing Summary
| ---------------------
------------------------------------------------------------------------------------------------

    WNS(ns)      TNS(ns)  TNS Failing Endpoints  TNS Total Endpoints      WHS(ns)      THS(ns)  THS Failing Endpoints  THS Total Endpoints     WPWS(ns)     TPWS(ns)  TPWS Failing Endpoints  TPWS Total Endpoints  
    -------      -------  ---------------------  -------------------      -------      -------  ---------------------  -------------------     --------     --------  ----------------------  --------------------  
      0.339        0.000                      0                 5325        0.082        0.000                      0                 5325        4.250        0.000                       0                  2180  


All user specified timing constraints are met.


------------------------------------------------------------------------------------------------
| Clock Summary
| -------------
------------------------------------------------------------------------------------------------

Clock     Waveform(ns)       Period(ns)      Frequency(MHz)
-----     ------------       ----------      --------------
perf_clk  {0.000 5.500}      11.000          90.909          


------------------------------------------------------------------------------------------------
| Intra Clock Table
| -----------------
------------------------------------------------------------------------------------------------

Clock             WNS(ns)      TNS(ns)  TNS Failing Endpoints  TNS Total Endpoints      WHS(ns)      THS(ns)  THS Failing Endpoints  THS Total Endpoints     WPWS(ns)     TPWS(ns)  TPWS Failing Endpoints  TPWS Total Endpoints  
-----             -------      -------  ---------------------  -------------------      -------      -------  ---------------------  -------------------     --------     --------  ----------------------  --------------------  
perf_clk            0.339        0.000                      0                 5325        0.082        0.000                      0                 5325        4.250        0.000                       0                  2180  


------------------------------------------------------------------------------------------------
| Inter Clock Table
| -----------------
------------------------------------------------------------------------------------------------

From Clock    To Clock          WNS(ns)      TNS(ns)  TNS Failing Endpoints  TNS Total Endpoints      WHS(ns)      THS(ns)  THS Failing Endpoints  THS Total Endpoints  
----------    --------          -------      -------  ---------------------  -------------------      -------      -------  ---------------------  -------------------  


------------------------------------------------------------------------------------------------
| Other Path Groups Table
| -----------------------
------------------------------------------------------------------------------------------------

Path Group    From Clock    To Clock          WNS(ns)      TNS(ns)  TNS Failing Endpoints  TNS Total Endpoints      WHS(ns)      THS(ns)  THS Failing Endpoints  THS Total Endpoints  
----------    ----------    --------          -------      -------  ---------------------  -------------------      -------      -------  ---------------------  -------------------  


------------------------------------------------------------------------------------------------
| Timing Details
| --------------
------------------------------------------------------------------------------------------------


---------------------------------------------------------------------------------------------------
From Clock:  perf_clk
  To Clock:  perf_clk

Setup :            0  Failing Endpoints,  Worst Slack        0.339ns,  Total Violation        0.000ns
Hold  :            0  Failing Endpoints,  Worst Slack        0.082ns,  Total Violation        0.000ns
PW    :            0  Failing Endpoints,  Worst Slack        4.250ns,  Total Violation        0.000ns
---------------------------------------------------------------------------------------------------


Max Delay Paths
--------------------------------------------------------------------------------------
Slack (MET) :             0.339ns  (required time - arrival time)
  Source:                 u_cpu/ex_mem_reg[rd_idx][1]/C
                            (rising edge-triggered cell FDRE clocked by perf_clk  {rise@0.000ns fall@5.500ns period=11.000ns})
  Destination:            u_cpu/if_id_reg[instr][23]/CE
                            (rising edge-triggered cell FDRE clocked by perf_clk  {rise@0.000ns fall@5.500ns period=11.000ns})
  Path Group:             perf_clk
  Path Type:              Setup (Max at Slow Process Corner)
  Requirement:            11.000ns  (perf_clk rise@11.000ns - perf_clk rise@0.000ns)
  Data Path Delay:        10.381ns  (logic 3.064ns (29.515%)  route 7.317ns (70.485%))
  Logic Levels:           15  (CARRY4=7 LUT2=1 LUT4=2 LUT5=2 LUT6=3)
  Clock Path Skew:        -0.040ns (DCD - SCD + CPR)
    Destination Clock Delay (DCD):    4.223ns = ( 15.223 - 11.000 ) 
    Source Clock Delay      (SCD):    4.585ns
    Clock Pessimism Removal (CPR):    0.322ns
  Clock Uncertainty:      0.035ns  ((TSJ^2 + TIJ^2)^1/2 + DJ) / 2 + PE
    Total System Jitter     (TSJ):    0.071ns
    Total Input Jitter      (TIJ):    0.000ns
    Discrete Jitter          (DJ):    0.000ns
    Phase Error              (PE):    0.000ns

    Location             Delay type                Incr(ns)  Path(ns)    Netlist Resource(s)
  -------------------------------------------------------------------    -------------------
                         (clock perf_clk rise edge)
                                                      0.000     0.000 r  
    N15                                               0.000     0.000 r  clk (IN)
                         net (fo=0)                   0.000     0.000    clk
    N15                  IBUF (Prop_ibuf_I_O)         0.962     0.962 r  clk_IBUF_inst/O
                         net (fo=1, routed)           1.972     2.933    clk_IBUF
    BUFGCTRL_X0Y0        BUFG (Prop_bufg_I_O)         0.096     3.029 r  clk_IBUF_BUFG_inst/O
                         net (fo=2179, routed)        1.555     4.585    u_cpu/clk
    SLICE_X15Y21         FDRE                                         r  u_cpu/ex_mem_reg[rd_idx][1]/C
  -------------------------------------------------------------------    -------------------
    SLICE_X15Y21         FDRE (Prop_fdre_C_Q)         0.456     5.041 r  u_cpu/ex_mem_reg[rd_idx][1]/Q
                         net (fo=4, routed)           0.605     5.645    u_cpu/u_csr_file/ex_mem[store_data][31]_i_2_3
    SLICE_X15Y21         LUT4 (Prop_lut4_I2_O)        0.124     5.769 r  u_cpu/u_csr_file/pc[31]_i_19/O
                         net (fo=1, routed)           0.956     6.726    u_cpu/u_csr_file/pc[31]_i_19_n_0
    SLICE_X11Y21         LUT5 (Prop_lut5_I0_O)        0.124     6.850 r  u_cpu/u_csr_file/pc[31]_i_17/O
                         net (fo=35, routed)          1.204     8.053    u_cpu/forward_a[1]
    SLICE_X11Y13         LUT6 (Prop_lut6_I2_O)        0.124     8.177 r  u_cpu/pc[7]_i_7/O
                         net (fo=8, routed)           0.656     8.833    u_cpu/forwarded_rs1[5]
    SLICE_X12Y10         LUT4 (Prop_lut4_I0_O)        0.124     8.957 r  u_cpu/ex_mem[alu_result][5]_i_11/O
                         net (fo=12, routed)          0.676     9.634    u_cpu/alu_a[5]
    SLICE_X12Y12         LUT2 (Prop_lut2_I0_O)        0.124     9.758 r  u_cpu/ex_mem[alu_result][5]_i_6/O
                         net (fo=4, routed)           0.000     9.758    u_cpu/ex_mem[alu_result][7]_i_21_n_0
    SLICE_X12Y12         CARRY4 (Prop_carry4_S[1]_CO[3])
                                                      0.533    10.291 r  u_cpu/ex_mem_reg[alu_result][7]_i_14/CO[3]
                         net (fo=1, routed)           0.000    10.291    u_cpu/ex_mem_reg[alu_result][7]_i_14_n_0
    SLICE_X12Y13         CARRY4 (Prop_carry4_CI_CO[3])
                                                      0.117    10.408 r  u_cpu/ex_mem_reg[alu_result][11]_i_17/CO[3]
                         net (fo=1, routed)           0.000    10.408    u_cpu/ex_mem_reg[alu_result][11]_i_17_n_0
    SLICE_X12Y14         CARRY4 (Prop_carry4_CI_CO[3])
                                                      0.117    10.525 r  u_cpu/ex_mem_reg[alu_result][15]_i_16/CO[3]
                         net (fo=1, routed)           0.000    10.525    u_cpu/ex_mem_reg[alu_result][15]_i_16_n_0
    SLICE_X12Y15         CARRY4 (Prop_carry4_CI_CO[3])
                                                      0.117    10.642 r  u_cpu/ex_mem_reg[alu_result][19]_i_19/CO[3]
                         net (fo=1, routed)           0.000    10.642    u_cpu/ex_mem_reg[alu_result][19]_i_19_n_0
    SLICE_X12Y16         CARRY4 (Prop_carry4_CI_CO[3])
                                                      0.117    10.759 r  u_cpu/ex_mem_reg[alu_result][27]_i_21/CO[3]
                         net (fo=1, routed)           0.000    10.759    u_cpu/ex_mem_reg[alu_result][27]_i_21_n_0
    SLICE_X12Y17         CARRY4 (Prop_carry4_CI_CO[3])
                                                      0.117    10.876 r  u_cpu/ex_mem_reg[alu_result][27]_i_14/CO[3]
                         net (fo=1, routed)           0.000    10.876    u_cpu/ex_mem_reg[alu_result][27]_i_14_n_0
    SLICE_X12Y18         CARRY4 (Prop_carry4_CI_O[3])
                                                      0.315    11.191 r  u_cpu/interrupt_count_reg[31]_i_7/O[3]
                         net (fo=3, routed)           1.084    12.274    u_cpu/u_csr_file/mcause_reg[1]_0[0]
    SLICE_X28Y25         LUT6 (Prop_lut6_I4_O)        0.307    12.581 f  u_cpu/u_csr_file/interrupt_count[31]_i_4/O
                         net (fo=10, routed)          0.550    13.131    u_cpu/u_csr_file/alu_overflow
    SLICE_X33Y24         LUT6 (Prop_lut6_I4_O)        0.124    13.255 f  u_cpu/u_csr_file/mepc[31]_i_1/O
                         net (fo=77, routed)          0.956    14.211    u_cpu/u_csr_file/p_2_in
    SLICE_X33Y16         LUT5 (Prop_lut5_I1_O)        0.124    14.335 r  u_cpu/u_csr_file/if_id[pc_plus4][31]_i_1_comp_3/O
                         net (fo=107, routed)         0.631    14.966    u_cpu/u_csr_file_n_78
    SLICE_X33Y18         FDRE                                         r  u_cpu/if_id_reg[instr][23]/CE
  -------------------------------------------------------------------    -------------------

                         (clock perf_clk rise edge)
                                                     11.000    11.000 r  
    N15                                               0.000    11.000 r  clk (IN)
                         net (fo=0)                   0.000    11.000    clk
    N15                  IBUF (Prop_ibuf_I_O)         0.828    11.828 r  clk_IBUF_inst/O
                         net (fo=1, routed)           1.868    13.696    clk_IBUF
    BUFGCTRL_X0Y0        BUFG (Prop_bufg_I_O)         0.091    13.787 r  clk_IBUF_BUFG_inst/O
                         net (fo=2179, routed)        1.435    15.223    u_cpu/clk
    SLICE_X33Y18         FDRE                                         r  u_cpu/if_id_reg[instr][23]/C
                         clock pessimism              0.322    15.545    
                         clock uncertainty           -0.035    15.509    
    SLICE_X33Y18         FDRE (Setup_fdre_C_CE)      -0.205    15.304    u_cpu/if_id_reg[instr][23]
  -------------------------------------------------------------------
                         required time                         15.304    
                         arrival time                         -14.966    
  -------------------------------------------------------------------
                         slack                                  0.339    

Slack (MET) :             0.339ns  (required time - arrival time)
  Source:                 u_cpu/ex_mem_reg[rd_idx][1]/C
                            (rising edge-triggered cell FDRE clocked by perf_clk  {rise@0.000ns fall@5.500ns period=11.000ns})
  Destination:            u_cpu/if_id_reg[pc][15]/CE
                            (rising edge-triggered cell FDRE clocked by perf_clk  {rise@0.000ns fall@5.500ns period=11.000ns})
  Path Group:             perf_clk
  Path Type:              Setup (Max at Slow Process Corner)
  Requirement:            11.000ns  (perf_clk rise@11.000ns - perf_clk rise@0.000ns)
  Data Path Delay:        10.381ns  (logic 3.064ns (29.515%)  route 7.317ns (70.485%))
  Logic Levels:           15  (CARRY4=7 LUT2=1 LUT4=2 LUT5=2 LUT6=3)
  Clock Path Skew:        -0.040ns (DCD - SCD + CPR)
    Destination Clock Delay (DCD):    4.223ns = ( 15.223 - 11.000 ) 
    Source Clock Delay      (SCD):    4.585ns
    Clock Pessimism Removal (CPR):    0.322ns
  Clock Uncertainty:      0.035ns  ((TSJ^2 + TIJ^2)^1/2 + DJ) / 2 + PE
    Total System Jitter     (TSJ):    0.071ns
    Total Input Jitter      (TIJ):    0.000ns
    Discrete Jitter          (DJ):    0.000ns
    Phase Error              (PE):    0.000ns

    Location             Delay type                Incr(ns)  Path(ns)    Netlist Resource(s)
  -------------------------------------------------------------------    -------------------
                         (clock perf_clk rise edge)
                                                      0.000     0.000 r  
    N15                                               0.000     0.000 r  clk (IN)
                         net (fo=0)                   0.000     0.000    clk
    N15                  IBUF (Prop_ibuf_I_O)         0.962     0.962 r  clk_IBUF_inst/O
                         net (fo=1, routed)           1.972     2.933    clk_IBUF
    BUFGCTRL_X0Y0        BUFG (Prop_bufg_I_O)         0.096     3.029 r  clk_IBUF_BUFG_inst/O
                         net (fo=2179, routed)        1.555     4.585    u_cpu/clk
    SLICE_X15Y21         FDRE                                         r  u_cpu/ex_mem_reg[rd_idx][1]/C
  -------------------------------------------------------------------    -------------------
    SLICE_X15Y21         FDRE (Prop_fdre_C_Q)         0.456     5.041 r  u_cpu/ex_mem_reg[rd_idx][1]/Q
                         net (fo=4, routed)           0.605     5.645    u_cpu/u_csr_file/ex_mem[store_data][31]_i_2_3
    SLICE_X15Y21         LUT4 (Prop_lut4_I2_O)        0.124     5.769 r  u_cpu/u_csr_file/pc[31]_i_19/O
                         net (fo=1, routed)           0.956     6.726    u_cpu/u_csr_file/pc[31]_i_19_n_0
    SLICE_X11Y21         LUT5 (Prop_lut5_I0_O)        0.124     6.850 r  u_cpu/u_csr_file/pc[31]_i_17/O
                         net (fo=35, routed)          1.204     8.053    u_cpu/forward_a[1]
    SLICE_X11Y13         LUT6 (Prop_lut6_I2_O)        0.124     8.177 r  u_cpu/pc[7]_i_7/O
                         net (fo=8, routed)           0.656     8.833    u_cpu/forwarded_rs1[5]
    SLICE_X12Y10         LUT4 (Prop_lut4_I0_O)        0.124     8.957 r  u_cpu/ex_mem[alu_result][5]_i_11/O
                         net (fo=12, routed)          0.676     9.634    u_cpu/alu_a[5]
    SLICE_X12Y12         LUT2 (Prop_lut2_I0_O)        0.124     9.758 r  u_cpu/ex_mem[alu_result][5]_i_6/O
                         net (fo=4, routed)           0.000     9.758    u_cpu/ex_mem[alu_result][7]_i_21_n_0
    SLICE_X12Y12         CARRY4 (Prop_carry4_S[1]_CO[3])
                                                      0.533    10.291 r  u_cpu/ex_mem_reg[alu_result][7]_i_14/CO[3]
                         net (fo=1, routed)           0.000    10.291    u_cpu/ex_mem_reg[alu_result][7]_i_14_n_0
    SLICE_X12Y13         CARRY4 (Prop_carry4_CI_CO[3])
                                                      0.117    10.408 r  u_cpu/ex_mem_reg[alu_result][11]_i_17/CO[3]
                         net (fo=1, routed)           0.000    10.408    u_cpu/ex_mem_reg[alu_result][11]_i_17_n_0
    SLICE_X12Y14         CARRY4 (Prop_carry4_CI_CO[3])
                                                      0.117    10.525 r  u_cpu/ex_mem_reg[alu_result][15]_i_16/CO[3]
                         net (fo=1, routed)           0.000    10.525    u_cpu/ex_mem_reg[alu_result][15]_i_16_n_0
    SLICE_X12Y15         CARRY4 (Prop_carry4_CI_CO[3])
                                                      0.117    10.642 r  u_cpu/ex_mem_reg[alu_result][19]_i_19/CO[3]
                         net (fo=1, routed)           0.000    10.642    u_cpu/ex_mem_reg[alu_result][19]_i_19_n_0
    SLICE_X12Y16         CARRY4 (Prop_carry4_CI_CO[3])
                                                      0.117    10.759 r  u_cpu/ex_mem_reg[alu_result][27]_i_21/CO[3]
                         net (fo=1, routed)           0.000    10.759    u_cpu/ex_mem_reg[alu_result][27]_i_21_n_0
    SLICE_X12Y17         CARRY4 (Prop_carry4_CI_CO[3])
                                                      0.117    10.876 r  u_cpu/ex_mem_reg[alu_result][27]_i_14/CO[3]
                         net (fo=1, routed)           0.000    10.876    u_cpu/ex_mem_reg[alu_result][27]_i_14_n_0
    SLICE_X12Y18         CARRY4 (Prop_carry4_CI_O[3])
                                                      0.315    11.191 r  u_cpu/interrupt_count_reg[31]_i_7/O[3]
                         net (fo=3, routed)           1.084    12.274    u_cpu/u_csr_file/mcause_reg[1]_0[0]
    SLICE_X28Y25         LUT6 (Prop_lut6_I4_O)        0.307    12.581 f  u_cpu/u_csr_file/interrupt_count[31]_i_4/O
                         net (fo=10, routed)          0.550    13.131    u_cpu/u_csr_file/alu_overflow
    SLICE_X33Y24         LUT6 (Prop_lut6_I4_O)        0.124    13.255 f  u_cpu/u_csr_file/mepc[31]_i_1/O
                         net (fo=77, routed)          0.956    14.211    u_cpu/u_csr_file/p_2_in
    SLICE_X33Y16         LUT5 (Prop_lut5_I1_O)        0.124    14.335 r  u_cpu/u_csr_file/if_id[pc_plus4][31]_i_1_comp_3/O
                         net (fo=107, routed)         0.631    14.966    u_cpu/u_csr_file_n_78
    SLICE_X33Y18         FDRE                                         r  u_cpu/if_id_reg[pc][15]/CE
  -------------------------------------------------------------------    -------------------

                         (clock perf_clk rise edge)
                                                     11.000    11.000 r  
    N15                                               0.000    11.000 r  clk (IN)
                         net (fo=0)                   0.000    11.000    clk
    N15                  IBUF (Prop_ibuf_I_O)         0.828    11.828 r  clk_IBUF_inst/O
                         net (fo=1, routed)           1.868    13.696    clk_IBUF
    BUFGCTRL_X0Y0        BUFG (Prop_bufg_I_O)         0.091    13.787 r  clk_IBUF_BUFG_inst/O
                         net (fo=2179, routed)        1.435    15.223    u_cpu/clk
    SLICE_X33Y18         FDRE                                         r  u_cpu/if_id_reg[pc][15]/C
                         clock pessimism              0.322    15.545    
                         clock uncertainty           -0.035    15.509    
    SLICE_X33Y18         FDRE (Setup_fdre_C_CE)      -0.205    15.304    u_cpu/if_id_reg[pc][15]
  -------------------------------------------------------------------
                         required time                         15.304    
                         arrival time                         -14.966    
  -------------------------------------------------------------------
                         slack                                  0.339    

Slack (MET) :             0.339ns  (required time - arrival time)
  Source:                 u_cpu/ex_mem_reg[rd_idx][1]/C
                            (rising edge-triggered cell FDRE clocked by perf_clk  {rise@0.000ns fall@5.500ns period=11.000ns})
  Destination:            u_cpu/if_id_reg[pc][17]/CE
                            (rising edge-triggered cell FDRE clocked by perf_clk  {rise@0.000ns fall@5.500ns period=11.000ns})
  Path Group:             perf_clk
  Path Type:              Setup (Max at Slow Process Corner)
  Requirement:            11.000ns  (perf_clk rise@11.000ns - perf_clk rise@0.000ns)
  Data Path Delay:        10.381ns  (logic 3.064ns (29.515%)  route 7.317ns (70.485%))
  Logic Levels:           15  (CARRY4=7 LUT2=1 LUT4=2 LUT5=2 LUT6=3)
  Clock Path Skew:        -0.040ns (DCD - SCD + CPR)
    Destination Clock Delay (DCD):    4.223ns = ( 15.223 - 11.000 ) 
    Source Clock Delay      (SCD):    4.585ns
    Clock Pessimism Removal (CPR):    0.322ns
  Clock Uncertainty:      0.035ns  ((TSJ^2 + TIJ^2)^1/2 + DJ) / 2 + PE
    Total System Jitter     (TSJ):    0.071ns
    Total Input Jitter      (TIJ):    0.000ns
    Discrete Jitter          (DJ):    0.000ns
    Phase Error              (PE):    0.000ns

    Location             Delay type                Incr(ns)  Path(ns)    Netlist Resource(s)
  -------------------------------------------------------------------    -------------------
                         (clock perf_clk rise edge)
                                                      0.000     0.000 r  
    N15                                               0.000     0.000 r  clk (IN)
                         net (fo=0)                   0.000     0.000    clk
    N15                  IBUF (Prop_ibuf_I_O)         0.962     0.962 r  clk_IBUF_inst/O
                         net (fo=1, routed)           1.972     2.933    clk_IBUF
    BUFGCTRL_X0Y0        BUFG (Prop_bufg_I_O)         0.096     3.029 r  clk_IBUF_BUFG_inst/O
                         net (fo=2179, routed)        1.555     4.585    u_cpu/clk
    SLICE_X15Y21         FDRE                                         r  u_cpu/ex_mem_reg[rd_idx][1]/C
  -------------------------------------------------------------------    -------------------
    SLICE_X15Y21         FDRE (Prop_fdre_C_Q)         0.456     5.041 r  u_cpu/ex_mem_reg[rd_idx][1]/Q
                         net (fo=4, routed)           0.605     5.645    u_cpu/u_csr_file/ex_mem[store_data][31]_i_2_3
    SLICE_X15Y21         LUT4 (Prop_lut4_I2_O)        0.124     5.769 r  u_cpu/u_csr_file/pc[31]_i_19/O
                         net (fo=1, routed)           0.956     6.726    u_cpu/u_csr_file/pc[31]_i_19_n_0
    SLICE_X11Y21         LUT5 (Prop_lut5_I0_O)        0.124     6.850 r  u_cpu/u_csr_file/pc[31]_i_17/O
                         net (fo=35, routed)          1.204     8.053    u_cpu/forward_a[1]
    SLICE_X11Y13         LUT6 (Prop_lut6_I2_O)        0.124     8.177 r  u_cpu/pc[7]_i_7/O
                         net (fo=8, routed)           0.656     8.833    u_cpu/forwarded_rs1[5]
    SLICE_X12Y10         LUT4 (Prop_lut4_I0_O)        0.124     8.957 r  u_cpu/ex_mem[alu_result][5]_i_11/O
                         net (fo=12, routed)          0.676     9.634    u_cpu/alu_a[5]
    SLICE_X12Y12         LUT2 (Prop_lut2_I0_O)        0.124     9.758 r  u_cpu/ex_mem[alu_result][5]_i_6/O
                         net (fo=4, routed)           0.000     9.758    u_cpu/ex_mem[alu_result][7]_i_21_n_0
    SLICE_X12Y12         CARRY4 (Prop_carry4_S[1]_CO[3])
                                                      0.533    10.291 r  u_cpu/ex_mem_reg[alu_result][7]_i_14/CO[3]
                         net (fo=1, routed)           0.000    10.291    u_cpu/ex_mem_reg[alu_result][7]_i_14_n_0
    SLICE_X12Y13         CARRY4 (Prop_carry4_CI_CO[3])
                                                      0.117    10.408 r  u_cpu/ex_mem_reg[alu_result][11]_i_17/CO[3]
                         net (fo=1, routed)           0.000    10.408    u_cpu/ex_mem_reg[alu_result][11]_i_17_n_0
    SLICE_X12Y14         CARRY4 (Prop_carry4_CI_CO[3])
                                                      0.117    10.525 r  u_cpu/ex_mem_reg[alu_result][15]_i_16/CO[3]
                         net (fo=1, routed)           0.000    10.525    u_cpu/ex_mem_reg[alu_result][15]_i_16_n_0
    SLICE_X12Y15         CARRY4 (Prop_carry4_CI_CO[3])
                                                      0.117    10.642 r  u_cpu/ex_mem_reg[alu_result][19]_i_19/CO[3]
                         net (fo=1, routed)           0.000    10.642    u_cpu/ex_mem_reg[alu_result][19]_i_19_n_0
    SLICE_X12Y16         CARRY4 (Prop_carry4_CI_CO[3])
                                                      0.117    10.759 r  u_cpu/ex_mem_reg[alu_result][27]_i_21/CO[3]
                         net (fo=1, routed)           0.000    10.759    u_cpu/ex_mem_reg[alu_result][27]_i_21_n_0
    SLICE_X12Y17         CARRY4 (Prop_carry4_CI_CO[3])
                                                      0.117    10.876 r  u_cpu/ex_mem_reg[alu_result][27]_i_14/CO[3]
                         net (fo=1, routed)           0.000    10.876    u_cpu/ex_mem_reg[alu_result][27]_i_14_n_0
    SLICE_X12Y18         CARRY4 (Prop_carry4_CI_O[3])
                                                      0.315    11.191 r  u_cpu/interrupt_count_reg[31]_i_7/O[3]
                         net (fo=3, routed)           1.084    12.274    u_cpu/u_csr_file/mcause_reg[1]_0[0]
    SLICE_X28Y25         LUT6 (Prop_lut6_I4_O)        0.307    12.581 f  u_cpu/u_csr_file/interrupt_count[31]_i_4/O
                         net (fo=10, routed)          0.550    13.131    u_cpu/u_csr_file/alu_overflow
    SLICE_X33Y24         LUT6 (Prop_lut6_I4_O)        0.124    13.255 f  u_cpu/u_csr_file/mepc[31]_i_1/O
                         net (fo=77, routed)          0.956    14.211    u_cpu/u_csr_file/p_2_in
    SLICE_X33Y16         LUT5 (Prop_lut5_I1_O)        0.124    14.335 r  u_cpu/u_csr_file/if_id[pc_plus4][31]_i_1_comp_3/O
                         net (fo=107, routed)         0.631    14.966    u_cpu/u_csr_file_n_78
    SLICE_X33Y18         FDRE                                         r  u_cpu/if_id_reg[pc][17]/CE
  -------------------------------------------------------------------    -------------------

                         (clock perf_clk rise edge)
                                                     11.000    11.000 r  
    N15                                               0.000    11.000 r  clk (IN)
                         net (fo=0)                   0.000    11.000    clk
    N15                  IBUF (Prop_ibuf_I_O)         0.828    11.828 r  clk_IBUF_inst/O
                         net (fo=1, routed)           1.868    13.696    clk_IBUF
    BUFGCTRL_X0Y0        BUFG (Prop_bufg_I_O)         0.091    13.787 r  clk_IBUF_BUFG_inst/O
                         net (fo=2179, routed)        1.435    15.223    u_cpu/clk
    SLICE_X33Y18         FDRE                                         r  u_cpu/if_id_reg[pc][17]/C
                         clock pessimism              0.322    15.545    
                         clock uncertainty           -0.035    15.509    
    SLICE_X33Y18         FDRE (Setup_fdre_C_CE)      -0.205    15.304    u_cpu/if_id_reg[pc][17]
  -------------------------------------------------------------------
                         required time                         15.304    
                         arrival time                         -14.966    
  -------------------------------------------------------------------
                         slack                                  0.339    

Slack (MET) :             0.339ns  (required time - arrival time)
  Source:                 u_cpu/ex_mem_reg[rd_idx][1]/C
                            (rising edge-triggered cell FDRE clocked by perf_clk  {rise@0.000ns fall@5.500ns period=11.000ns})
  Destination:            u_cpu/if_id_reg[pc][20]/CE
                            (rising edge-triggered cell FDRE clocked by perf_clk  {rise@0.000ns fall@5.500ns period=11.000ns})
  Path Group:             perf_clk
  Path Type:              Setup (Max at Slow Process Corner)
  Requirement:            11.000ns  (perf_clk rise@11.000ns - perf_clk rise@0.000ns)
  Data Path Delay:        10.381ns  (logic 3.064ns (29.515%)  route 7.317ns (70.485%))
  Logic Levels:           15  (CARRY4=7 LUT2=1 LUT4=2 LUT5=2 LUT6=3)
  Clock Path Skew:        -0.040ns (DCD - SCD + CPR)
    Destination Clock Delay (DCD):    4.223ns = ( 15.223 - 11.000 ) 
    Source Clock Delay      (SCD):    4.585ns
    Clock Pessimism Removal (CPR):    0.322ns
  Clock Uncertainty:      0.035ns  ((TSJ^2 + TIJ^2)^1/2 + DJ) / 2 + PE
    Total System Jitter     (TSJ):    0.071ns
    Total Input Jitter      (TIJ):    0.000ns
    Discrete Jitter          (DJ):    0.000ns
    Phase Error              (PE):    0.000ns

    Location             Delay type                Incr(ns)  Path(ns)    Netlist Resource(s)
  -------------------------------------------------------------------    -------------------
                         (clock perf_clk rise edge)
                                                      0.000     0.000 r  
    N15                                               0.000     0.000 r  clk (IN)
                         net (fo=0)                   0.000     0.000    clk
    N15                  IBUF (Prop_ibuf_I_O)         0.962     0.962 r  clk_IBUF_inst/O
                         net (fo=1, routed)           1.972     2.933    clk_IBUF
    BUFGCTRL_X0Y0        BUFG (Prop_bufg_I_O)         0.096     3.029 r  clk_IBUF_BUFG_inst/O
                         net (fo=2179, routed)        1.555     4.585    u_cpu/clk
    SLICE_X15Y21         FDRE                                         r  u_cpu/ex_mem_reg[rd_idx][1]/C
  -------------------------------------------------------------------    -------------------
    SLICE_X15Y21         FDRE (Prop_fdre_C_Q)         0.456     5.041 r  u_cpu/ex_mem_reg[rd_idx][1]/Q
                         net (fo=4, routed)           0.605     5.645    u_cpu/u_csr_file/ex_mem[store_data][31]_i_2_3
    SLICE_X15Y21         LUT4 (Prop_lut4_I2_O)        0.124     5.769 r  u_cpu/u_csr_file/pc[31]_i_19/O
                         net (fo=1, routed)           0.956     6.726    u_cpu/u_csr_file/pc[31]_i_19_n_0
    SLICE_X11Y21         LUT5 (Prop_lut5_I0_O)        0.124     6.850 r  u_cpu/u_csr_file/pc[31]_i_17/O
                         net (fo=35, routed)          1.204     8.053    u_cpu/forward_a[1]
    SLICE_X11Y13         LUT6 (Prop_lut6_I2_O)        0.124     8.177 r  u_cpu/pc[7]_i_7/O
                         net (fo=8, routed)           0.656     8.833    u_cpu/forwarded_rs1[5]
    SLICE_X12Y10         LUT4 (Prop_lut4_I0_O)        0.124     8.957 r  u_cpu/ex_mem[alu_result][5]_i_11/O
                         net (fo=12, routed)          0.676     9.634    u_cpu/alu_a[5]
    SLICE_X12Y12         LUT2 (Prop_lut2_I0_O)        0.124     9.758 r  u_cpu/ex_mem[alu_result][5]_i_6/O
                         net (fo=4, routed)           0.000     9.758    u_cpu/ex_mem[alu_result][7]_i_21_n_0
    SLICE_X12Y12         CARRY4 (Prop_carry4_S[1]_CO[3])
                                                      0.533    10.291 r  u_cpu/ex_mem_reg[alu_result][7]_i_14/CO[3]
                         net (fo=1, routed)           0.000    10.291    u_cpu/ex_mem_reg[alu_result][7]_i_14_n_0
    SLICE_X12Y13         CARRY4 (Prop_carry4_CI_CO[3])
                                                      0.117    10.408 r  u_cpu/ex_mem_reg[alu_result][11]_i_17/CO[3]
                         net (fo=1, routed)           0.000    10.408    u_cpu/ex_mem_reg[alu_result][11]_i_17_n_0
    SLICE_X12Y14         CARRY4 (Prop_carry4_CI_CO[3])
                                                      0.117    10.525 r  u_cpu/ex_mem_reg[alu_result][15]_i_16/CO[3]
                         net (fo=1, routed)           0.000    10.525    u_cpu/ex_mem_reg[alu_result][15]_i_16_n_0
    SLICE_X12Y15         CARRY4 (Prop_carry4_CI_CO[3])
                                                      0.117    10.642 r  u_cpu/ex_mem_reg[alu_result][19]_i_19/CO[3]
                         net (fo=1, routed)           0.000    10.642    u_cpu/ex_mem_reg[alu_result][19]_i_19_n_0
    SLICE_X12Y16         CARRY4 (Prop_carry4_CI_CO[3])
                                                      0.117    10.759 r  u_cpu/ex_mem_reg[alu_result][27]_i_21/CO[3]
                         net (fo=1, routed)           0.000    10.759    u_cpu/ex_mem_reg[alu_result][27]_i_21_n_0
    SLICE_X12Y17         CARRY4 (Prop_carry4_CI_CO[3])
                                                      0.117    10.876 r  u_cpu/ex_mem_reg[alu_result][27]_i_14/CO[3]
                         net (fo=1, routed)           0.000    10.876    u_cpu/ex_mem_reg[alu_result][27]_i_14_n_0
    SLICE_X12Y18         CARRY4 (Prop_carry4_CI_O[3])
                                                      0.315    11.191 r  u_cpu/interrupt_count_reg[31]_i_7/O[3]
                         net (fo=3, routed)           1.084    12.274    u_cpu/u_csr_file/mcause_reg[1]_0[0]
    SLICE_X28Y25         LUT6 (Prop_lut6_I4_O)        0.307    12.581 f  u_cpu/u_csr_file/interrupt_count[31]_i_4/O
                         net (fo=10, routed)          0.550    13.131    u_cpu/u_csr_file/alu_overflow
    SLICE_X33Y24         LUT6 (Prop_lut6_I4_O)        0.124    13.255 f  u_cpu/u_csr_file/mepc[31]_i_1/O
                         net (fo=77, routed)          0.956    14.211    u_cpu/u_csr_file/p_2_in
    SLICE_X33Y16         LUT5 (Prop_lut5_I1_O)        0.124    14.335 r  u_cpu/u_csr_file/if_id[pc_plus4][31]_i_1_comp_3/O
                         net (fo=107, routed)         0.631    14.966    u_cpu/u_csr_file_n_78
    SLICE_X33Y18         FDRE                                         r  u_cpu/if_id_reg[pc][20]/CE
  -------------------------------------------------------------------    -------------------

                         (clock perf_clk rise edge)
                                                     11.000    11.000 r  
    N15                                               0.000    11.000 r  clk (IN)
                         net (fo=0)                   0.000    11.000    clk
    N15                  IBUF (Prop_ibuf_I_O)         0.828    11.828 r  clk_IBUF_inst/O
                         net (fo=1, routed)           1.868    13.696    clk_IBUF
    BUFGCTRL_X0Y0        BUFG (Prop_bufg_I_O)         0.091    13.787 r  clk_IBUF_BUFG_inst/O
                         net (fo=2179, routed)        1.435    15.223    u_cpu/clk
    SLICE_X33Y18         FDRE                                         r  u_cpu/if_id_reg[pc][20]/C
                         clock pessimism              0.322    15.545    
                         clock uncertainty           -0.035    15.509    
    SLICE_X33Y18         FDRE (Setup_fdre_C_CE)      -0.205    15.304    u_cpu/if_id_reg[pc][20]
  -------------------------------------------------------------------
                         required time                         15.304    
                         arrival time                         -14.966    
  -------------------------------------------------------------------
                         slack                                  0.339    

Slack (MET) :             0.339ns  (required time - arrival time)
  Source:                 u_cpu/ex_mem_reg[rd_idx][1]/C
                            (rising edge-triggered cell FDRE clocked by perf_clk  {rise@0.000ns fall@5.500ns period=11.000ns})
  Destination:            u_cpu/if_id_reg[pc][21]/CE
                            (rising edge-triggered cell FDRE clocked by perf_clk  {rise@0.000ns fall@5.500ns period=11.000ns})
  Path Group:             perf_clk
  Path Type:              Setup (Max at Slow Process Corner)
  Requirement:            11.000ns  (perf_clk rise@11.000ns - perf_clk rise@0.000ns)
  Data Path Delay:        10.381ns  (logic 3.064ns (29.515%)  route 7.317ns (70.485%))
  Logic Levels:           15  (CARRY4=7 LUT2=1 LUT4=2 LUT5=2 LUT6=3)
  Clock Path Skew:        -0.040ns (DCD - SCD + CPR)
    Destination Clock Delay (DCD):    4.223ns = ( 15.223 - 11.000 ) 
    Source Clock Delay      (SCD):    4.585ns
    Clock Pessimism Removal (CPR):    0.322ns
  Clock Uncertainty:      0.035ns  ((TSJ^2 + TIJ^2)^1/2 + DJ) / 2 + PE
    Total System Jitter     (TSJ):    0.071ns
    Total Input Jitter      (TIJ):    0.000ns
    Discrete Jitter          (DJ):    0.000ns
    Phase Error              (PE):    0.000ns

    Location             Delay type                Incr(ns)  Path(ns)    Netlist Resource(s)
  -------------------------------------------------------------------    -------------------
                         (clock perf_clk rise edge)
                                                      0.000     0.000 r  
    N15                                               0.000     0.000 r  clk (IN)
                         net (fo=0)                   0.000     0.000    clk
    N15                  IBUF (Prop_ibuf_I_O)         0.962     0.962 r  clk_IBUF_inst/O
                         net (fo=1, routed)           1.972     2.933    clk_IBUF
    BUFGCTRL_X0Y0        BUFG (Prop_bufg_I_O)         0.096     3.029 r  clk_IBUF_BUFG_inst/O
                         net (fo=2179, routed)        1.555     4.585    u_cpu/clk
    SLICE_X15Y21         FDRE                                         r  u_cpu/ex_mem_reg[rd_idx][1]/C
  -------------------------------------------------------------------    -------------------
    SLICE_X15Y21         FDRE (Prop_fdre_C_Q)         0.456     5.041 r  u_cpu/ex_mem_reg[rd_idx][1]/Q
                         net (fo=4, routed)           0.605     5.645    u_cpu/u_csr_file/ex_mem[store_data][31]_i_2_3
    SLICE_X15Y21         LUT4 (Prop_lut4_I2_O)        0.124     5.769 r  u_cpu/u_csr_file/pc[31]_i_19/O
                         net (fo=1, routed)           0.956     6.726    u_cpu/u_csr_file/pc[31]_i_19_n_0
    SLICE_X11Y21         LUT5 (Prop_lut5_I0_O)        0.124     6.850 r  u_cpu/u_csr_file/pc[31]_i_17/O
                         net (fo=35, routed)          1.204     8.053    u_cpu/forward_a[1]
    SLICE_X11Y13         LUT6 (Prop_lut6_I2_O)        0.124     8.177 r  u_cpu/pc[7]_i_7/O
                         net (fo=8, routed)           0.656     8.833    u_cpu/forwarded_rs1[5]
    SLICE_X12Y10         LUT4 (Prop_lut4_I0_O)        0.124     8.957 r  u_cpu/ex_mem[alu_result][5]_i_11/O
                         net (fo=12, routed)          0.676     9.634    u_cpu/alu_a[5]
    SLICE_X12Y12         LUT2 (Prop_lut2_I0_O)        0.124     9.758 r  u_cpu/ex_mem[alu_result][5]_i_6/O
                         net (fo=4, routed)           0.000     9.758    u_cpu/ex_mem[alu_result][7]_i_21_n_0
    SLICE_X12Y12         CARRY4 (Prop_carry4_S[1]_CO[3])
                                                      0.533    10.291 r  u_cpu/ex_mem_reg[alu_result][7]_i_14/CO[3]
                         net (fo=1, routed)           0.000    10.291    u_cpu/ex_mem_reg[alu_result][7]_i_14_n_0
    SLICE_X12Y13         CARRY4 (Prop_carry4_CI_CO[3])
                                                      0.117    10.408 r  u_cpu/ex_mem_reg[alu_result][11]_i_17/CO[3]
                         net (fo=1, routed)           0.000    10.408    u_cpu/ex_mem_reg[alu_result][11]_i_17_n_0
    SLICE_X12Y14         CARRY4 (Prop_carry4_CI_CO[3])
                                                      0.117    10.525 r  u_cpu/ex_mem_reg[alu_result][15]_i_16/CO[3]
                         net (fo=1, routed)           0.000    10.525    u_cpu/ex_mem_reg[alu_result][15]_i_16_n_0
    SLICE_X12Y15         CARRY4 (Prop_carry4_CI_CO[3])
                                                      0.117    10.642 r  u_cpu/ex_mem_reg[alu_result][19]_i_19/CO[3]
                         net (fo=1, routed)           0.000    10.642    u_cpu/ex_mem_reg[alu_result][19]_i_19_n_0
    SLICE_X12Y16         CARRY4 (Prop_carry4_CI_CO[3])
                                                      0.117    10.759 r  u_cpu/ex_mem_reg[alu_result][27]_i_21/CO[3]
                         net (fo=1, routed)           0.000    10.759    u_cpu/ex_mem_reg[alu_result][27]_i_21_n_0
    SLICE_X12Y17         CARRY4 (Prop_carry4_CI_CO[3])
                                                      0.117    10.876 r  u_cpu/ex_mem_reg[alu_result][27]_i_14/CO[3]
                         net (fo=1, routed)           0.000    10.876    u_cpu/ex_mem_reg[alu_result][27]_i_14_n_0
    SLICE_X12Y18         CARRY4 (Prop_carry4_CI_O[3])
                                                      0.315    11.191 r  u_cpu/interrupt_count_reg[31]_i_7/O[3]
                         net (fo=3, routed)           1.084    12.274    u_cpu/u_csr_file/mcause_reg[1]_0[0]
    SLICE_X28Y25         LUT6 (Prop_lut6_I4_O)        0.307    12.581 f  u_cpu/u_csr_file/interrupt_count[31]_i_4/O
                         net (fo=10, routed)          0.550    13.131    u_cpu/u_csr_file/alu_overflow
    SLICE_X33Y24         LUT6 (Prop_lut6_I4_O)        0.124    13.255 f  u_cpu/u_csr_file/mepc[31]_i_1/O
                         net (fo=77, routed)          0.956    14.211    u_cpu/u_csr_file/p_2_in
    SLICE_X33Y16         LUT5 (Prop_lut5_I1_O)        0.124    14.335 r  u_cpu/u_csr_file/if_id[pc_plus4][31]_i_1_comp_3/O
                         net (fo=107, routed)         0.631    14.966    u_cpu/u_csr_file_n_78
    SLICE_X33Y18         FDRE                                         r  u_cpu/if_id_reg[pc][21]/CE
  -------------------------------------------------------------------    -------------------

                         (clock perf_clk rise edge)
                                                     11.000    11.000 r  
    N15                                               0.000    11.000 r  clk (IN)
                         net (fo=0)                   0.000    11.000    clk
    N15                  IBUF (Prop_ibuf_I_O)         0.828    11.828 r  clk_IBUF_inst/O
                         net (fo=1, routed)           1.868    13.696    clk_IBUF
    BUFGCTRL_X0Y0        BUFG (Prop_bufg_I_O)         0.091    13.787 r  clk_IBUF_BUFG_inst/O
                         net (fo=2179, routed)        1.435    15.223    u_cpu/clk
    SLICE_X33Y18         FDRE                                         r  u_cpu/if_id_reg[pc][21]/C
                         clock pessimism              0.322    15.545    
                         clock uncertainty           -0.035    15.509    
    SLICE_X33Y18         FDRE (Setup_fdre_C_CE)      -0.205    15.304    u_cpu/if_id_reg[pc][21]
  -------------------------------------------------------------------
                         required time                         15.304    
                         arrival time                         -14.966    
  -------------------------------------------------------------------
                         slack                                  0.339    

Slack (MET) :             0.339ns  (required time - arrival time)
  Source:                 u_cpu/ex_mem_reg[rd_idx][1]/C
                            (rising edge-triggered cell FDRE clocked by perf_clk  {rise@0.000ns fall@5.500ns period=11.000ns})
  Destination:            u_cpu/if_id_reg[pc][23]/CE
                            (rising edge-triggered cell FDRE clocked by perf_clk  {rise@0.000ns fall@5.500ns period=11.000ns})
  Path Group:             perf_clk
  Path Type:              Setup (Max at Slow Process Corner)
  Requirement:            11.000ns  (perf_clk rise@11.000ns - perf_clk rise@0.000ns)
  Data Path Delay:        10.381ns  (logic 3.064ns (29.515%)  route 7.317ns (70.485%))
  Logic Levels:           15  (CARRY4=7 LUT2=1 LUT4=2 LUT5=2 LUT6=3)
  Clock Path Skew:        -0.040ns (DCD - SCD + CPR)
    Destination Clock Delay (DCD):    4.223ns = ( 15.223 - 11.000 ) 
    Source Clock Delay      (SCD):    4.585ns
    Clock Pessimism Removal (CPR):    0.322ns
  Clock Uncertainty:      0.035ns  ((TSJ^2 + TIJ^2)^1/2 + DJ) / 2 + PE
    Total System Jitter     (TSJ):    0.071ns
    Total Input Jitter      (TIJ):    0.000ns
    Discrete Jitter          (DJ):    0.000ns
    Phase Error              (PE):    0.000ns

    Location             Delay type                Incr(ns)  Path(ns)    Netlist Resource(s)
  -------------------------------------------------------------------    -------------------
                         (clock perf_clk rise edge)
                                                      0.000     0.000 r  
    N15                                               0.000     0.000 r  clk (IN)
                         net (fo=0)                   0.000     0.000    clk
    N15                  IBUF (Prop_ibuf_I_O)         0.962     0.962 r  clk_IBUF_inst/O
                         net (fo=1, routed)           1.972     2.933    clk_IBUF
    BUFGCTRL_X0Y0        BUFG (Prop_bufg_I_O)         0.096     3.029 r  clk_IBUF_BUFG_inst/O
                         net (fo=2179, routed)        1.555     4.585    u_cpu/clk
    SLICE_X15Y21         FDRE                                         r  u_cpu/ex_mem_reg[rd_idx][1]/C
  -------------------------------------------------------------------    -------------------
    SLICE_X15Y21         FDRE (Prop_fdre_C_Q)         0.456     5.041 r  u_cpu/ex_mem_reg[rd_idx][1]/Q
                         net (fo=4, routed)           0.605     5.645    u_cpu/u_csr_file/ex_mem[store_data][31]_i_2_3
    SLICE_X15Y21         LUT4 (Prop_lut4_I2_O)        0.124     5.769 r  u_cpu/u_csr_file/pc[31]_i_19/O
                         net (fo=1, routed)           0.956     6.726    u_cpu/u_csr_file/pc[31]_i_19_n_0
    SLICE_X11Y21         LUT5 (Prop_lut5_I0_O)        0.124     6.850 r  u_cpu/u_csr_file/pc[31]_i_17/O
                         net (fo=35, routed)          1.204     8.053    u_cpu/forward_a[1]
    SLICE_X11Y13         LUT6 (Prop_lut6_I2_O)        0.124     8.177 r  u_cpu/pc[7]_i_7/O
                         net (fo=8, routed)           0.656     8.833    u_cpu/forwarded_rs1[5]
    SLICE_X12Y10         LUT4 (Prop_lut4_I0_O)        0.124     8.957 r  u_cpu/ex_mem[alu_result][5]_i_11/O
                         net (fo=12, routed)          0.676     9.634    u_cpu/alu_a[5]
    SLICE_X12Y12         LUT2 (Prop_lut2_I0_O)        0.124     9.758 r  u_cpu/ex_mem[alu_result][5]_i_6/O
                         net (fo=4, routed)           0.000     9.758    u_cpu/ex_mem[alu_result][7]_i_21_n_0
    SLICE_X12Y12         CARRY4 (Prop_carry4_S[1]_CO[3])
                                                      0.533    10.291 r  u_cpu/ex_mem_reg[alu_result][7]_i_14/CO[3]
                         net (fo=1, routed)           0.000    10.291    u_cpu/ex_mem_reg[alu_result][7]_i_14_n_0
    SLICE_X12Y13         CARRY4 (Prop_carry4_CI_CO[3])
                                                      0.117    10.408 r  u_cpu/ex_mem_reg[alu_result][11]_i_17/CO[3]
                         net (fo=1, routed)           0.000    10.408    u_cpu/ex_mem_reg[alu_result][11]_i_17_n_0
    SLICE_X12Y14         CARRY4 (Prop_carry4_CI_CO[3])
                                                      0.117    10.525 r  u_cpu/ex_mem_reg[alu_result][15]_i_16/CO[3]
                         net (fo=1, routed)           0.000    10.525    u_cpu/ex_mem_reg[alu_result][15]_i_16_n_0
    SLICE_X12Y15         CARRY4 (Prop_carry4_CI_CO[3])
                                                      0.117    10.642 r  u_cpu/ex_mem_reg[alu_result][19]_i_19/CO[3]
                         net (fo=1, routed)           0.000    10.642    u_cpu/ex_mem_reg[alu_result][19]_i_19_n_0
    SLICE_X12Y16         CARRY4 (Prop_carry4_CI_CO[3])
                                                      0.117    10.759 r  u_cpu/ex_mem_reg[alu_result][27]_i_21/CO[3]
                         net (fo=1, routed)           0.000    10.759    u_cpu/ex_mem_reg[alu_result][27]_i_21_n_0
    SLICE_X12Y17         CARRY4 (Prop_carry4_CI_CO[3])
                                                      0.117    10.876 r  u_cpu/ex_mem_reg[alu_result][27]_i_14/CO[3]
                         net (fo=1, routed)           0.000    10.876    u_cpu/ex_mem_reg[alu_result][27]_i_14_n_0
    SLICE_X12Y18         CARRY4 (Prop_carry4_CI_O[3])
                                                      0.315    11.191 r  u_cpu/interrupt_count_reg[31]_i_7/O[3]
                         net (fo=3, routed)           1.084    12.274    u_cpu/u_csr_file/mcause_reg[1]_0[0]
    SLICE_X28Y25         LUT6 (Prop_lut6_I4_O)        0.307    12.581 f  u_cpu/u_csr_file/interrupt_count[31]_i_4/O
                         net (fo=10, routed)          0.550    13.131    u_cpu/u_csr_file/alu_overflow
    SLICE_X33Y24         LUT6 (Prop_lut6_I4_O)        0.124    13.255 f  u_cpu/u_csr_file/mepc[31]_i_1/O
                         net (fo=77, routed)          0.956    14.211    u_cpu/u_csr_file/p_2_in
    SLICE_X33Y16         LUT5 (Prop_lut5_I1_O)        0.124    14.335 r  u_cpu/u_csr_file/if_id[pc_plus4][31]_i_1_comp_3/O
                         net (fo=107, routed)         0.631    14.966    u_cpu/u_csr_file_n_78
    SLICE_X33Y18         FDRE                                         r  u_cpu/if_id_reg[pc][23]/CE
  -------------------------------------------------------------------    -------------------

                         (clock perf_clk rise edge)
                                                     11.000    11.000 r  
    N15                                               0.000    11.000 r  clk (IN)
                         net (fo=0)                   0.000    11.000    clk
    N15                  IBUF (Prop_ibuf_I_O)         0.828    11.828 r  clk_IBUF_inst/O
                         net (fo=1, routed)           1.868    13.696    clk_IBUF
    BUFGCTRL_X0Y0        BUFG (Prop_bufg_I_O)         0.091    13.787 r  clk_IBUF_BUFG_inst/O
                         net (fo=2179, routed)        1.435    15.223    u_cpu/clk
    SLICE_X33Y18         FDRE                                         r  u_cpu/if_id_reg[pc][23]/C
                         clock pessimism              0.322    15.545    
                         clock uncertainty           -0.035    15.509    
    SLICE_X33Y18         FDRE (Setup_fdre_C_CE)      -0.205    15.304    u_cpu/if_id_reg[pc][23]
  -------------------------------------------------------------------
                         required time                         15.304    
                         arrival time                         -14.966    
  -------------------------------------------------------------------
                         slack                                  0.339    

Slack (MET) :             0.339ns  (required time - arrival time)
  Source:                 u_cpu/ex_mem_reg[rd_idx][1]/C
                            (rising edge-triggered cell FDRE clocked by perf_clk  {rise@0.000ns fall@5.500ns period=11.000ns})
  Destination:            u_cpu/if_id_reg[pc][4]/CE
                            (rising edge-triggered cell FDRE clocked by perf_clk  {rise@0.000ns fall@5.500ns period=11.000ns})
  Path Group:             perf_clk
  Path Type:              Setup (Max at Slow Process Corner)
  Requirement:            11.000ns  (perf_clk rise@11.000ns - perf_clk rise@0.000ns)
  Data Path Delay:        10.381ns  (logic 3.064ns (29.515%)  route 7.317ns (70.485%))
  Logic Levels:           15  (CARRY4=7 LUT2=1 LUT4=2 LUT5=2 LUT6=3)
  Clock Path Skew:        -0.040ns (DCD - SCD + CPR)
    Destination Clock Delay (DCD):    4.223ns = ( 15.223 - 11.000 ) 
    Source Clock Delay      (SCD):    4.585ns
    Clock Pessimism Removal (CPR):    0.322ns
  Clock Uncertainty:      0.035ns  ((TSJ^2 + TIJ^2)^1/2 + DJ) / 2 + PE
    Total System Jitter     (TSJ):    0.071ns
    Total Input Jitter      (TIJ):    0.000ns
    Discrete Jitter          (DJ):    0.000ns
    Phase Error              (PE):    0.000ns

    Location             Delay type                Incr(ns)  Path(ns)    Netlist Resource(s)
  -------------------------------------------------------------------    -------------------
                         (clock perf_clk rise edge)
                                                      0.000     0.000 r  
    N15                                               0.000     0.000 r  clk (IN)
                         net (fo=0)                   0.000     0.000    clk
    N15                  IBUF (Prop_ibuf_I_O)         0.962     0.962 r  clk_IBUF_inst/O
                         net (fo=1, routed)           1.972     2.933    clk_IBUF
    BUFGCTRL_X0Y0        BUFG (Prop_bufg_I_O)         0.096     3.029 r  clk_IBUF_BUFG_inst/O
                         net (fo=2179, routed)        1.555     4.585    u_cpu/clk
    SLICE_X15Y21         FDRE                                         r  u_cpu/ex_mem_reg[rd_idx][1]/C
  -------------------------------------------------------------------    -------------------
    SLICE_X15Y21         FDRE (Prop_fdre_C_Q)         0.456     5.041 r  u_cpu/ex_mem_reg[rd_idx][1]/Q
                         net (fo=4, routed)           0.605     5.645    u_cpu/u_csr_file/ex_mem[store_data][31]_i_2_3
    SLICE_X15Y21         LUT4 (Prop_lut4_I2_O)        0.124     5.769 r  u_cpu/u_csr_file/pc[31]_i_19/O
                         net (fo=1, routed)           0.956     6.726    u_cpu/u_csr_file/pc[31]_i_19_n_0
    SLICE_X11Y21         LUT5 (Prop_lut5_I0_O)        0.124     6.850 r  u_cpu/u_csr_file/pc[31]_i_17/O
                         net (fo=35, routed)          1.204     8.053    u_cpu/forward_a[1]
    SLICE_X11Y13         LUT6 (Prop_lut6_I2_O)        0.124     8.177 r  u_cpu/pc[7]_i_7/O
                         net (fo=8, routed)           0.656     8.833    u_cpu/forwarded_rs1[5]
    SLICE_X12Y10         LUT4 (Prop_lut4_I0_O)        0.124     8.957 r  u_cpu/ex_mem[alu_result][5]_i_11/O
                         net (fo=12, routed)          0.676     9.634    u_cpu/alu_a[5]
    SLICE_X12Y12         LUT2 (Prop_lut2_I0_O)        0.124     9.758 r  u_cpu/ex_mem[alu_result][5]_i_6/O
                         net (fo=4, routed)           0.000     9.758    u_cpu/ex_mem[alu_result][7]_i_21_n_0
    SLICE_X12Y12         CARRY4 (Prop_carry4_S[1]_CO[3])
                                                      0.533    10.291 r  u_cpu/ex_mem_reg[alu_result][7]_i_14/CO[3]
                         net (fo=1, routed)           0.000    10.291    u_cpu/ex_mem_reg[alu_result][7]_i_14_n_0
    SLICE_X12Y13         CARRY4 (Prop_carry4_CI_CO[3])
                                                      0.117    10.408 r  u_cpu/ex_mem_reg[alu_result][11]_i_17/CO[3]
                         net (fo=1, routed)           0.000    10.408    u_cpu/ex_mem_reg[alu_result][11]_i_17_n_0
    SLICE_X12Y14         CARRY4 (Prop_carry4_CI_CO[3])
                                                      0.117    10.525 r  u_cpu/ex_mem_reg[alu_result][15]_i_16/CO[3]
                         net (fo=1, routed)           0.000    10.525    u_cpu/ex_mem_reg[alu_result][15]_i_16_n_0
    SLICE_X12Y15         CARRY4 (Prop_carry4_CI_CO[3])
                                                      0.117    10.642 r  u_cpu/ex_mem_reg[alu_result][19]_i_19/CO[3]
                         net (fo=1, routed)           0.000    10.642    u_cpu/ex_mem_reg[alu_result][19]_i_19_n_0
    SLICE_X12Y16         CARRY4 (Prop_carry4_CI_CO[3])
                                                      0.117    10.759 r  u_cpu/ex_mem_reg[alu_result][27]_i_21/CO[3]
                         net (fo=1, routed)           0.000    10.759    u_cpu/ex_mem_reg[alu_result][27]_i_21_n_0
    SLICE_X12Y17         CARRY4 (Prop_carry4_CI_CO[3])
                                                      0.117    10.876 r  u_cpu/ex_mem_reg[alu_result][27]_i_14/CO[3]
                         net (fo=1, routed)           0.000    10.876    u_cpu/ex_mem_reg[alu_result][27]_i_14_n_0
    SLICE_X12Y18         CARRY4 (Prop_carry4_CI_O[3])
                                                      0.315    11.191 r  u_cpu/interrupt_count_reg[31]_i_7/O[3]
                         net (fo=3, routed)           1.084    12.274    u_cpu/u_csr_file/mcause_reg[1]_0[0]
    SLICE_X28Y25         LUT6 (Prop_lut6_I4_O)        0.307    12.581 f  u_cpu/u_csr_file/interrupt_count[31]_i_4/O
                         net (fo=10, routed)          0.550    13.131    u_cpu/u_csr_file/alu_overflow
    SLICE_X33Y24         LUT6 (Prop_lut6_I4_O)        0.124    13.255 f  u_cpu/u_csr_file/mepc[31]_i_1/O
                         net (fo=77, routed)          0.956    14.211    u_cpu/u_csr_file/p_2_in
    SLICE_X33Y16         LUT5 (Prop_lut5_I1_O)        0.124    14.335 r  u_cpu/u_csr_file/if_id[pc_plus4][31]_i_1_comp_3/O
                         net (fo=107, routed)         0.631    14.966    u_cpu/u_csr_file_n_78
    SLICE_X33Y18         FDRE                                         r  u_cpu/if_id_reg[pc][4]/CE
  -------------------------------------------------------------------    -------------------

                         (clock perf_clk rise edge)
                                                     11.000    11.000 r  
    N15                                               0.000    11.000 r  clk (IN)
                         net (fo=0)                   0.000    11.000    clk
    N15                  IBUF (Prop_ibuf_I_O)         0.828    11.828 r  clk_IBUF_inst/O
                         net (fo=1, routed)           1.868    13.696    clk_IBUF
    BUFGCTRL_X0Y0        BUFG (Prop_bufg_I_O)         0.091    13.787 r  clk_IBUF_BUFG_inst/O
                         net (fo=2179, routed)        1.435    15.223    u_cpu/clk
    SLICE_X33Y18         FDRE                                         r  u_cpu/if_id_reg[pc][4]/C
                         clock pessimism              0.322    15.545    
                         clock uncertainty           -0.035    15.509    
    SLICE_X33Y18         FDRE (Setup_fdre_C_CE)      -0.205    15.304    u_cpu/if_id_reg[pc][4]
  -------------------------------------------------------------------
                         required time                         15.304    
                         arrival time                         -14.966    
  -------------------------------------------------------------------
                         slack                                  0.339    

Slack (MET) :             0.339ns  (required time - arrival time)
  Source:                 u_cpu/ex_mem_reg[rd_idx][1]/C
                            (rising edge-triggered cell FDRE clocked by perf_clk  {rise@0.000ns fall@5.500ns period=11.000ns})
  Destination:            u_cpu/if_id_reg[pc][8]/CE
                            (rising edge-triggered cell FDRE clocked by perf_clk  {rise@0.000ns fall@5.500ns period=11.000ns})
  Path Group:             perf_clk
  Path Type:              Setup (Max at Slow Process Corner)
  Requirement:            11.000ns  (perf_clk rise@11.000ns - perf_clk rise@0.000ns)
  Data Path Delay:        10.381ns  (logic 3.064ns (29.515%)  route 7.317ns (70.485%))
  Logic Levels:           15  (CARRY4=7 LUT2=1 LUT4=2 LUT5=2 LUT6=3)
  Clock Path Skew:        -0.040ns (DCD - SCD + CPR)
    Destination Clock Delay (DCD):    4.223ns = ( 15.223 - 11.000 ) 
    Source Clock Delay      (SCD):    4.585ns
    Clock Pessimism Removal (CPR):    0.322ns
  Clock Uncertainty:      0.035ns  ((TSJ^2 + TIJ^2)^1/2 + DJ) / 2 + PE
    Total System Jitter     (TSJ):    0.071ns
    Total Input Jitter      (TIJ):    0.000ns
    Discrete Jitter          (DJ):    0.000ns
    Phase Error              (PE):    0.000ns

    Location             Delay type                Incr(ns)  Path(ns)    Netlist Resource(s)
  -------------------------------------------------------------------    -------------------
                         (clock perf_clk rise edge)
                                                      0.000     0.000 r  
    N15                                               0.000     0.000 r  clk (IN)
                         net (fo=0)                   0.000     0.000    clk
    N15                  IBUF (Prop_ibuf_I_O)         0.962     0.962 r  clk_IBUF_inst/O
                         net (fo=1, routed)           1.972     2.933    clk_IBUF
    BUFGCTRL_X0Y0        BUFG (Prop_bufg_I_O)         0.096     3.029 r  clk_IBUF_BUFG_inst/O
                         net (fo=2179, routed)        1.555     4.585    u_cpu/clk
    SLICE_X15Y21         FDRE                                         r  u_cpu/ex_mem_reg[rd_idx][1]/C
  -------------------------------------------------------------------    -------------------
    SLICE_X15Y21         FDRE (Prop_fdre_C_Q)         0.456     5.041 r  u_cpu/ex_mem_reg[rd_idx][1]/Q
                         net (fo=4, routed)           0.605     5.645    u_cpu/u_csr_file/ex_mem[store_data][31]_i_2_3
    SLICE_X15Y21         LUT4 (Prop_lut4_I2_O)        0.124     5.769 r  u_cpu/u_csr_file/pc[31]_i_19/O
                         net (fo=1, routed)           0.956     6.726    u_cpu/u_csr_file/pc[31]_i_19_n_0
    SLICE_X11Y21         LUT5 (Prop_lut5_I0_O)        0.124     6.850 r  u_cpu/u_csr_file/pc[31]_i_17/O
                         net (fo=35, routed)          1.204     8.053    u_cpu/forward_a[1]
    SLICE_X11Y13         LUT6 (Prop_lut6_I2_O)        0.124     8.177 r  u_cpu/pc[7]_i_7/O
                         net (fo=8, routed)           0.656     8.833    u_cpu/forwarded_rs1[5]
    SLICE_X12Y10         LUT4 (Prop_lut4_I0_O)        0.124     8.957 r  u_cpu/ex_mem[alu_result][5]_i_11/O
                         net (fo=12, routed)          0.676     9.634    u_cpu/alu_a[5]
    SLICE_X12Y12         LUT2 (Prop_lut2_I0_O)        0.124     9.758 r  u_cpu/ex_mem[alu_result][5]_i_6/O
                         net (fo=4, routed)           0.000     9.758    u_cpu/ex_mem[alu_result][7]_i_21_n_0
    SLICE_X12Y12         CARRY4 (Prop_carry4_S[1]_CO[3])
                                                      0.533    10.291 r  u_cpu/ex_mem_reg[alu_result][7]_i_14/CO[3]
                         net (fo=1, routed)           0.000    10.291    u_cpu/ex_mem_reg[alu_result][7]_i_14_n_0
    SLICE_X12Y13         CARRY4 (Prop_carry4_CI_CO[3])
                                                      0.117    10.408 r  u_cpu/ex_mem_reg[alu_result][11]_i_17/CO[3]
                         net (fo=1, routed)           0.000    10.408    u_cpu/ex_mem_reg[alu_result][11]_i_17_n_0
    SLICE_X12Y14         CARRY4 (Prop_carry4_CI_CO[3])
                                                      0.117    10.525 r  u_cpu/ex_mem_reg[alu_result][15]_i_16/CO[3]
                         net (fo=1, routed)           0.000    10.525    u_cpu/ex_mem_reg[alu_result][15]_i_16_n_0
    SLICE_X12Y15         CARRY4 (Prop_carry4_CI_CO[3])
                                                      0.117    10.642 r  u_cpu/ex_mem_reg[alu_result][19]_i_19/CO[3]
                         net (fo=1, routed)           0.000    10.642    u_cpu/ex_mem_reg[alu_result][19]_i_19_n_0
    SLICE_X12Y16         CARRY4 (Prop_carry4_CI_CO[3])
                                                      0.117    10.759 r  u_cpu/ex_mem_reg[alu_result][27]_i_21/CO[3]
                         net (fo=1, routed)           0.000    10.759    u_cpu/ex_mem_reg[alu_result][27]_i_21_n_0
    SLICE_X12Y17         CARRY4 (Prop_carry4_CI_CO[3])
                                                      0.117    10.876 r  u_cpu/ex_mem_reg[alu_result][27]_i_14/CO[3]
                         net (fo=1, routed)           0.000    10.876    u_cpu/ex_mem_reg[alu_result][27]_i_14_n_0
    SLICE_X12Y18         CARRY4 (Prop_carry4_CI_O[3])
                                                      0.315    11.191 r  u_cpu/interrupt_count_reg[31]_i_7/O[3]
                         net (fo=3, routed)           1.084    12.274    u_cpu/u_csr_file/mcause_reg[1]_0[0]
    SLICE_X28Y25         LUT6 (Prop_lut6_I4_O)        0.307    12.581 f  u_cpu/u_csr_file/interrupt_count[31]_i_4/O
                         net (fo=10, routed)          0.550    13.131    u_cpu/u_csr_file/alu_overflow
    SLICE_X33Y24         LUT6 (Prop_lut6_I4_O)        0.124    13.255 f  u_cpu/u_csr_file/mepc[31]_i_1/O
                         net (fo=77, routed)          0.956    14.211    u_cpu/u_csr_file/p_2_in
    SLICE_X33Y16         LUT5 (Prop_lut5_I1_O)        0.124    14.335 r  u_cpu/u_csr_file/if_id[pc_plus4][31]_i_1_comp_3/O
                         net (fo=107, routed)         0.631    14.966    u_cpu/u_csr_file_n_78
    SLICE_X33Y18         FDRE                                         r  u_cpu/if_id_reg[pc][8]/CE
  -------------------------------------------------------------------    -------------------

                         (clock perf_clk rise edge)
                                                     11.000    11.000 r  
    N15                                               0.000    11.000 r  clk (IN)
                         net (fo=0)                   0.000    11.000    clk
    N15                  IBUF (Prop_ibuf_I_O)         0.828    11.828 r  clk_IBUF_inst/O
                         net (fo=1, routed)           1.868    13.696    clk_IBUF
    BUFGCTRL_X0Y0        BUFG (Prop_bufg_I_O)         0.091    13.787 r  clk_IBUF_BUFG_inst/O
                         net (fo=2179, routed)        1.435    15.223    u_cpu/clk
    SLICE_X33Y18         FDRE                                         r  u_cpu/if_id_reg[pc][8]/C
                         clock pessimism              0.322    15.545    
                         clock uncertainty           -0.035    15.509    
    SLICE_X33Y18         FDRE (Setup_fdre_C_CE)      -0.205    15.304    u_cpu/if_id_reg[pc][8]
  -------------------------------------------------------------------
                         required time                         15.304    
                         arrival time                         -14.966    
  -------------------------------------------------------------------
                         slack                                  0.339    

Slack (MET) :             0.345ns  (required time - arrival time)
  Source:                 u_cpu/ex_mem_reg[rd_idx][1]/C
                            (rising edge-triggered cell FDRE clocked by perf_clk  {rise@0.000ns fall@5.500ns period=11.000ns})
  Destination:            u_cpu/stall_fetch_count_reg[3]/CE
                            (rising edge-triggered cell FDRE clocked by perf_clk  {rise@0.000ns fall@5.500ns period=11.000ns})
  Path Group:             perf_clk
  Path Type:              Setup (Max at Slow Process Corner)
  Requirement:            11.000ns  (perf_clk rise@11.000ns - perf_clk rise@0.000ns)
  Data Path Delay:        10.372ns  (logic 3.188ns (30.735%)  route 7.184ns (69.265%))
  Logic Levels:           16  (CARRY4=7 LUT2=1 LUT4=2 LUT5=1 LUT6=5)
  Clock Path Skew:        -0.042ns (DCD - SCD + CPR)
    Destination Clock Delay (DCD):    4.221ns = ( 15.221 - 11.000 ) 
    Source Clock Delay      (SCD):    4.585ns
    Clock Pessimism Removal (CPR):    0.322ns
  Clock Uncertainty:      0.035ns  ((TSJ^2 + TIJ^2)^1/2 + DJ) / 2 + PE
    Total System Jitter     (TSJ):    0.071ns
    Total Input Jitter      (TIJ):    0.000ns
    Discrete Jitter          (DJ):    0.000ns
    Phase Error              (PE):    0.000ns

    Location             Delay type                Incr(ns)  Path(ns)    Netlist Resource(s)
  -------------------------------------------------------------------    -------------------
                         (clock perf_clk rise edge)
                                                      0.000     0.000 r  
    N15                                               0.000     0.000 r  clk (IN)
                         net (fo=0)                   0.000     0.000    clk
    N15                  IBUF (Prop_ibuf_I_O)         0.962     0.962 r  clk_IBUF_inst/O
                         net (fo=1, routed)           1.972     2.933    clk_IBUF
    BUFGCTRL_X0Y0        BUFG (Prop_bufg_I_O)         0.096     3.029 r  clk_IBUF_BUFG_inst/O
                         net (fo=2179, routed)        1.555     4.585    u_cpu/clk
    SLICE_X15Y21         FDRE                                         r  u_cpu/ex_mem_reg[rd_idx][1]/C
  -------------------------------------------------------------------    -------------------
    SLICE_X15Y21         FDRE (Prop_fdre_C_Q)         0.456     5.041 r  u_cpu/ex_mem_reg[rd_idx][1]/Q
                         net (fo=4, routed)           0.605     5.645    u_cpu/u_csr_file/ex_mem[store_data][31]_i_2_3
    SLICE_X15Y21         LUT4 (Prop_lut4_I2_O)        0.124     5.769 r  u_cpu/u_csr_file/pc[31]_i_19/O
                         net (fo=1, routed)           0.956     6.726    u_cpu/u_csr_file/pc[31]_i_19_n_0
    SLICE_X11Y21         LUT5 (Prop_lut5_I0_O)        0.124     6.850 r  u_cpu/u_csr_file/pc[31]_i_17/O
                         net (fo=35, routed)          1.204     8.053    u_cpu/forward_a[1]
    SLICE_X11Y13         LUT6 (Prop_lut6_I2_O)        0.124     8.177 r  u_cpu/pc[7]_i_7/O
                         net (fo=8, routed)           0.656     8.833    u_cpu/forwarded_rs1[5]
    SLICE_X12Y10         LUT4 (Prop_lut4_I0_O)        0.124     8.957 r  u_cpu/ex_mem[alu_result][5]_i_11/O
                         net (fo=12, routed)          0.676     9.634    u_cpu/alu_a[5]
    SLICE_X12Y12         LUT2 (Prop_lut2_I0_O)        0.124     9.758 r  u_cpu/ex_mem[alu_result][5]_i_6/O
                         net (fo=4, routed)           0.000     9.758    u_cpu/ex_mem[alu_result][7]_i_21_n_0
    SLICE_X12Y12         CARRY4 (Prop_carry4_S[1]_CO[3])
                                                      0.533    10.291 r  u_cpu/ex_mem_reg[alu_result][7]_i_14/CO[3]
                         net (fo=1, routed)           0.000    10.291    u_cpu/ex_mem_reg[alu_result][7]_i_14_n_0
    SLICE_X12Y13         CARRY4 (Prop_carry4_CI_CO[3])
                                                      0.117    10.408 r  u_cpu/ex_mem_reg[alu_result][11]_i_17/CO[3]
                         net (fo=1, routed)           0.000    10.408    u_cpu/ex_mem_reg[alu_result][11]_i_17_n_0
    SLICE_X12Y14         CARRY4 (Prop_carry4_CI_CO[3])
                                                      0.117    10.525 r  u_cpu/ex_mem_reg[alu_result][15]_i_16/CO[3]
                         net (fo=1, routed)           0.000    10.525    u_cpu/ex_mem_reg[alu_result][15]_i_16_n_0
    SLICE_X12Y15         CARRY4 (Prop_carry4_CI_CO[3])
                                                      0.117    10.642 r  u_cpu/ex_mem_reg[alu_result][19]_i_19/CO[3]
                         net (fo=1, routed)           0.000    10.642    u_cpu/ex_mem_reg[alu_result][19]_i_19_n_0
    SLICE_X12Y16         CARRY4 (Prop_carry4_CI_CO[3])
                                                      0.117    10.759 r  u_cpu/ex_mem_reg[alu_result][27]_i_21/CO[3]
                         net (fo=1, routed)           0.000    10.759    u_cpu/ex_mem_reg[alu_result][27]_i_21_n_0
    SLICE_X12Y17         CARRY4 (Prop_carry4_CI_CO[3])
                                                      0.117    10.876 r  u_cpu/ex_mem_reg[alu_result][27]_i_14/CO[3]
                         net (fo=1, routed)           0.000    10.876    u_cpu/ex_mem_reg[alu_result][27]_i_14_n_0
    SLICE_X12Y18         CARRY4 (Prop_carry4_CI_O[3])
                                                      0.315    11.191 r  u_cpu/interrupt_count_reg[31]_i_7/O[3]
                         net (fo=3, routed)           1.084    12.274    u_cpu/u_csr_file/mcause_reg[1]_0[0]
    SLICE_X28Y25         LUT6 (Prop_lut6_I4_O)        0.307    12.581 r  u_cpu/u_csr_file/interrupt_count[31]_i_4/O
                         net (fo=10, routed)          0.550    13.131    u_cpu/u_csr_file/alu_overflow
    SLICE_X33Y24         LUT6 (Prop_lut6_I4_O)        0.124    13.255 r  u_cpu/u_csr_file/mepc[31]_i_1/O
                         net (fo=77, routed)          0.764    14.019    u_cpu/u_csr_file/p_2_in
    SLICE_X34Y22         LUT6 (Prop_lut6_I1_O)        0.124    14.143 f  u_cpu/u_csr_file/imem_req_INST_0_comp/O
                         net (fo=2, routed)           0.174    14.317    u_cpu/u_csr_file/imem_req
    SLICE_X34Y22         LUT6 (Prop_lut6_I3_O)        0.124    14.441 r  u_cpu/u_csr_file/stall_fetch_count[31]_i_1_comp/O
                         net (fo=32, routed)          0.517    14.957    u_cpu/stall_fetch_count0
    SLICE_X31Y21         FDRE                                         r  u_cpu/stall_fetch_count_reg[3]/CE
  -------------------------------------------------------------------    -------------------

                         (clock perf_clk rise edge)
                                                     11.000    11.000 r  
    N15                                               0.000    11.000 r  clk (IN)
                         net (fo=0)                   0.000    11.000    clk
    N15                  IBUF (Prop_ibuf_I_O)         0.828    11.828 r  clk_IBUF_inst/O
                         net (fo=1, routed)           1.868    13.696    clk_IBUF
    BUFGCTRL_X0Y0        BUFG (Prop_bufg_I_O)         0.091    13.787 r  clk_IBUF_BUFG_inst/O
                         net (fo=2179, routed)        1.433    15.221    u_cpu/clk
    SLICE_X31Y21         FDRE                                         r  u_cpu/stall_fetch_count_reg[3]/C
                         clock pessimism              0.322    15.543    
                         clock uncertainty           -0.035    15.507    
    SLICE_X31Y21         FDRE (Setup_fdre_C_CE)      -0.205    15.302    u_cpu/stall_fetch_count_reg[3]
  -------------------------------------------------------------------
                         required time                         15.302    
                         arrival time                         -14.957    
  -------------------------------------------------------------------
                         slack                                  0.345    

Slack (MET) :             0.377ns  (required time - arrival time)
  Source:                 u_cpu/ex_mem_reg[rd_idx][1]/C
                            (rising edge-triggered cell FDRE clocked by perf_clk  {rise@0.000ns fall@5.500ns period=11.000ns})
  Destination:            u_cpu/if_id_reg[instr][23]_rep__1/CE
                            (rising edge-triggered cell FDRE clocked by perf_clk  {rise@0.000ns fall@5.500ns period=11.000ns})
  Path Group:             perf_clk
  Path Type:              Setup (Max at Slow Process Corner)
  Requirement:            11.000ns  (perf_clk rise@11.000ns - perf_clk rise@0.000ns)
  Data Path Delay:        10.348ns  (logic 3.064ns (29.609%)  route 7.284ns (70.391%))
  Logic Levels:           15  (CARRY4=7 LUT2=1 LUT4=2 LUT5=2 LUT6=3)
  Clock Path Skew:        -0.034ns (DCD - SCD + CPR)
    Destination Clock Delay (DCD):    4.229ns = ( 15.229 - 11.000 ) 
    Source Clock Delay      (SCD):    4.585ns
    Clock Pessimism Removal (CPR):    0.322ns
  Clock Uncertainty:      0.035ns  ((TSJ^2 + TIJ^2)^1/2 + DJ) / 2 + PE
    Total System Jitter     (TSJ):    0.071ns
    Total Input Jitter      (TIJ):    0.000ns
    Discrete Jitter          (DJ):    0.000ns
    Phase Error              (PE):    0.000ns

    Location             Delay type                Incr(ns)  Path(ns)    Netlist Resource(s)
  -------------------------------------------------------------------    -------------------
                         (clock perf_clk rise edge)
                                                      0.000     0.000 r  
    N15                                               0.000     0.000 r  clk (IN)
                         net (fo=0)                   0.000     0.000    clk
    N15                  IBUF (Prop_ibuf_I_O)         0.962     0.962 r  clk_IBUF_inst/O
                         net (fo=1, routed)           1.972     2.933    clk_IBUF
    BUFGCTRL_X0Y0        BUFG (Prop_bufg_I_O)         0.096     3.029 r  clk_IBUF_BUFG_inst/O
                         net (fo=2179, routed)        1.555     4.585    u_cpu/clk
    SLICE_X15Y21         FDRE                                         r  u_cpu/ex_mem_reg[rd_idx][1]/C
  -------------------------------------------------------------------    -------------------
    SLICE_X15Y21         FDRE (Prop_fdre_C_Q)         0.456     5.041 r  u_cpu/ex_mem_reg[rd_idx][1]/Q
                         net (fo=4, routed)           0.605     5.645    u_cpu/u_csr_file/ex_mem[store_data][31]_i_2_3
    SLICE_X15Y21         LUT4 (Prop_lut4_I2_O)        0.124     5.769 r  u_cpu/u_csr_file/pc[31]_i_19/O
                         net (fo=1, routed)           0.956     6.726    u_cpu/u_csr_file/pc[31]_i_19_n_0
    SLICE_X11Y21         LUT5 (Prop_lut5_I0_O)        0.124     6.850 r  u_cpu/u_csr_file/pc[31]_i_17/O
                         net (fo=35, routed)          1.204     8.053    u_cpu/forward_a[1]
    SLICE_X11Y13         LUT6 (Prop_lut6_I2_O)        0.124     8.177 r  u_cpu/pc[7]_i_7/O
                         net (fo=8, routed)           0.656     8.833    u_cpu/forwarded_rs1[5]
    SLICE_X12Y10         LUT4 (Prop_lut4_I0_O)        0.124     8.957 r  u_cpu/ex_mem[alu_result][5]_i_11/O
                         net (fo=12, routed)          0.676     9.634    u_cpu/alu_a[5]
    SLICE_X12Y12         LUT2 (Prop_lut2_I0_O)        0.124     9.758 r  u_cpu/ex_mem[alu_result][5]_i_6/O
                         net (fo=4, routed)           0.000     9.758    u_cpu/ex_mem[alu_result][7]_i_21_n_0
    SLICE_X12Y12         CARRY4 (Prop_carry4_S[1]_CO[3])
                                                      0.533    10.291 r  u_cpu/ex_mem_reg[alu_result][7]_i_14/CO[3]
                         net (fo=1, routed)           0.000    10.291    u_cpu/ex_mem_reg[alu_result][7]_i_14_n_0
    SLICE_X12Y13         CARRY4 (Prop_carry4_CI_CO[3])
                                                      0.117    10.408 r  u_cpu/ex_mem_reg[alu_result][11]_i_17/CO[3]
                         net (fo=1, routed)           0.000    10.408    u_cpu/ex_mem_reg[alu_result][11]_i_17_n_0
    SLICE_X12Y14         CARRY4 (Prop_carry4_CI_CO[3])
                                                      0.117    10.525 r  u_cpu/ex_mem_reg[alu_result][15]_i_16/CO[3]
                         net (fo=1, routed)           0.000    10.525    u_cpu/ex_mem_reg[alu_result][15]_i_16_n_0
    SLICE_X12Y15         CARRY4 (Prop_carry4_CI_CO[3])
                                                      0.117    10.642 r  u_cpu/ex_mem_reg[alu_result][19]_i_19/CO[3]
                         net (fo=1, routed)           0.000    10.642    u_cpu/ex_mem_reg[alu_result][19]_i_19_n_0
    SLICE_X12Y16         CARRY4 (Prop_carry4_CI_CO[3])
                                                      0.117    10.759 r  u_cpu/ex_mem_reg[alu_result][27]_i_21/CO[3]
                         net (fo=1, routed)           0.000    10.759    u_cpu/ex_mem_reg[alu_result][27]_i_21_n_0
    SLICE_X12Y17         CARRY4 (Prop_carry4_CI_CO[3])
                                                      0.117    10.876 r  u_cpu/ex_mem_reg[alu_result][27]_i_14/CO[3]
                         net (fo=1, routed)           0.000    10.876    u_cpu/ex_mem_reg[alu_result][27]_i_14_n_0
    SLICE_X12Y18         CARRY4 (Prop_carry4_CI_O[3])
                                                      0.315    11.191 r  u_cpu/interrupt_count_reg[31]_i_7/O[3]
                         net (fo=3, routed)           1.084    12.274    u_cpu/u_csr_file/mcause_reg[1]_0[0]
    SLICE_X28Y25         LUT6 (Prop_lut6_I4_O)        0.307    12.581 f  u_cpu/u_csr_file/interrupt_count[31]_i_4/O
                         net (fo=10, routed)          0.550    13.131    u_cpu/u_csr_file/alu_overflow
    SLICE_X33Y24         LUT6 (Prop_lut6_I4_O)        0.124    13.255 f  u_cpu/u_csr_file/mepc[31]_i_1/O
                         net (fo=77, routed)          0.956    14.211    u_cpu/u_csr_file/p_2_in
    SLICE_X33Y16         LUT5 (Prop_lut5_I1_O)        0.124    14.335 r  u_cpu/u_csr_file/if_id[pc_plus4][31]_i_1_comp_3/O
                         net (fo=107, routed)         0.598    14.933    u_cpu/u_csr_file_n_78
    SLICE_X28Y15         FDRE                                         r  u_cpu/if_id_reg[instr][23]_rep__1/CE
  -------------------------------------------------------------------    -------------------

                         (clock perf_clk rise edge)
                                                     11.000    11.000 r  
    N15                                               0.000    11.000 r  clk (IN)
                         net (fo=0)                   0.000    11.000    clk
    N15                  IBUF (Prop_ibuf_I_O)         0.828    11.828 r  clk_IBUF_inst/O
                         net (fo=1, routed)           1.868    13.696    clk_IBUF
    BUFGCTRL_X0Y0        BUFG (Prop_bufg_I_O)         0.091    13.787 r  clk_IBUF_BUFG_inst/O
                         net (fo=2179, routed)        1.441    15.229    u_cpu/clk
    SLICE_X28Y15         FDRE                                         r  u_cpu/if_id_reg[instr][23]_rep__1/C
                         clock pessimism              0.322    15.551    
                         clock uncertainty           -0.035    15.515    
    SLICE_X28Y15         FDRE (Setup_fdre_C_CE)      -0.205    15.310    u_cpu/if_id_reg[instr][23]_rep__1
  -------------------------------------------------------------------
                         required time                         15.310    
                         arrival time                         -14.933    
  -------------------------------------------------------------------
                         slack                                  0.377    

Slack (MET) :             0.377ns  (required time - arrival time)
  Source:                 u_cpu/ex_mem_reg[rd_idx][1]/C
                            (rising edge-triggered cell FDRE clocked by perf_clk  {rise@0.000ns fall@5.500ns period=11.000ns})
  Destination:            u_cpu/if_id_reg[instr][25]/CE
                            (rising edge-triggered cell FDRE clocked by perf_clk  {rise@0.000ns fall@5.500ns period=11.000ns})
  Path Group:             perf_clk
  Path Type:              Setup (Max at Slow Process Corner)
  Requirement:            11.000ns  (perf_clk rise@11.000ns - perf_clk rise@0.000ns)
  Data Path Delay:        10.348ns  (logic 3.064ns (29.609%)  route 7.284ns (70.391%))
  Logic Levels:           15  (CARRY4=7 LUT2=1 LUT4=2 LUT5=2 LUT6=3)
  Clock Path Skew:        -0.034ns (DCD - SCD + CPR)
    Destination Clock Delay (DCD):    4.229ns = ( 15.229 - 11.000 ) 
    Source Clock Delay      (SCD):    4.585ns
    Clock Pessimism Removal (CPR):    0.322ns
  Clock Uncertainty:      0.035ns  ((TSJ^2 + TIJ^2)^1/2 + DJ) / 2 + PE
    Total System Jitter     (TSJ):    0.071ns
    Total Input Jitter      (TIJ):    0.000ns
    Discrete Jitter          (DJ):    0.000ns
    Phase Error              (PE):    0.000ns

    Location             Delay type                Incr(ns)  Path(ns)    Netlist Resource(s)
  -------------------------------------------------------------------    -------------------
                         (clock perf_clk rise edge)
                                                      0.000     0.000 r  
    N15                                               0.000     0.000 r  clk (IN)
                         net (fo=0)                   0.000     0.000    clk
    N15                  IBUF (Prop_ibuf_I_O)         0.962     0.962 r  clk_IBUF_inst/O
                         net (fo=1, routed)           1.972     2.933    clk_IBUF
    BUFGCTRL_X0Y0        BUFG (Prop_bufg_I_O)         0.096     3.029 r  clk_IBUF_BUFG_inst/O
                         net (fo=2179, routed)        1.555     4.585    u_cpu/clk
    SLICE_X15Y21         FDRE                                         r  u_cpu/ex_mem_reg[rd_idx][1]/C
  -------------------------------------------------------------------    -------------------
    SLICE_X15Y21         FDRE (Prop_fdre_C_Q)         0.456     5.041 r  u_cpu/ex_mem_reg[rd_idx][1]/Q
                         net (fo=4, routed)           0.605     5.645    u_cpu/u_csr_file/ex_mem[store_data][31]_i_2_3
    SLICE_X15Y21         LUT4 (Prop_lut4_I2_O)        0.124     5.769 r  u_cpu/u_csr_file/pc[31]_i_19/O
                         net (fo=1, routed)           0.956     6.726    u_cpu/u_csr_file/pc[31]_i_19_n_0
    SLICE_X11Y21         LUT5 (Prop_lut5_I0_O)        0.124     6.850 r  u_cpu/u_csr_file/pc[31]_i_17/O
                         net (fo=35, routed)          1.204     8.053    u_cpu/forward_a[1]
    SLICE_X11Y13         LUT6 (Prop_lut6_I2_O)        0.124     8.177 r  u_cpu/pc[7]_i_7/O
                         net (fo=8, routed)           0.656     8.833    u_cpu/forwarded_rs1[5]
    SLICE_X12Y10         LUT4 (Prop_lut4_I0_O)        0.124     8.957 r  u_cpu/ex_mem[alu_result][5]_i_11/O
                         net (fo=12, routed)          0.676     9.634    u_cpu/alu_a[5]
    SLICE_X12Y12         LUT2 (Prop_lut2_I0_O)        0.124     9.758 r  u_cpu/ex_mem[alu_result][5]_i_6/O
                         net (fo=4, routed)           0.000     9.758    u_cpu/ex_mem[alu_result][7]_i_21_n_0
    SLICE_X12Y12         CARRY4 (Prop_carry4_S[1]_CO[3])
                                                      0.533    10.291 r  u_cpu/ex_mem_reg[alu_result][7]_i_14/CO[3]
                         net (fo=1, routed)           0.000    10.291    u_cpu/ex_mem_reg[alu_result][7]_i_14_n_0
    SLICE_X12Y13         CARRY4 (Prop_carry4_CI_CO[3])
                                                      0.117    10.408 r  u_cpu/ex_mem_reg[alu_result][11]_i_17/CO[3]
                         net (fo=1, routed)           0.000    10.408    u_cpu/ex_mem_reg[alu_result][11]_i_17_n_0
    SLICE_X12Y14         CARRY4 (Prop_carry4_CI_CO[3])
                                                      0.117    10.525 r  u_cpu/ex_mem_reg[alu_result][15]_i_16/CO[3]
                         net (fo=1, routed)           0.000    10.525    u_cpu/ex_mem_reg[alu_result][15]_i_16_n_0
    SLICE_X12Y15         CARRY4 (Prop_carry4_CI_CO[3])
                                                      0.117    10.642 r  u_cpu/ex_mem_reg[alu_result][19]_i_19/CO[3]
                         net (fo=1, routed)           0.000    10.642    u_cpu/ex_mem_reg[alu_result][19]_i_19_n_0
    SLICE_X12Y16         CARRY4 (Prop_carry4_CI_CO[3])
                                                      0.117    10.759 r  u_cpu/ex_mem_reg[alu_result][27]_i_21/CO[3]
                         net (fo=1, routed)           0.000    10.759    u_cpu/ex_mem_reg[alu_result][27]_i_21_n_0
    SLICE_X12Y17         CARRY4 (Prop_carry4_CI_CO[3])
                                                      0.117    10.876 r  u_cpu/ex_mem_reg[alu_result][27]_i_14/CO[3]
                         net (fo=1, routed)           0.000    10.876    u_cpu/ex_mem_reg[alu_result][27]_i_14_n_0
    SLICE_X12Y18         CARRY4 (Prop_carry4_CI_O[3])
                                                      0.315    11.191 r  u_cpu/interrupt_count_reg[31]_i_7/O[3]
                         net (fo=3, routed)           1.084    12.274    u_cpu/u_csr_file/mcause_reg[1]_0[0]
    SLICE_X28Y25         LUT6 (Prop_lut6_I4_O)        0.307    12.581 f  u_cpu/u_csr_file/interrupt_count[31]_i_4/O
                         net (fo=10, routed)          0.550    13.131    u_cpu/u_csr_file/alu_overflow
    SLICE_X33Y24         LUT6 (Prop_lut6_I4_O)        0.124    13.255 f  u_cpu/u_csr_file/mepc[31]_i_1/O
                         net (fo=77, routed)          0.956    14.211    u_cpu/u_csr_file/p_2_in
    SLICE_X33Y16         LUT5 (Prop_lut5_I1_O)        0.124    14.335 r  u_cpu/u_csr_file/if_id[pc_plus4][31]_i_1_comp_3/O
                         net (fo=107, routed)         0.598    14.933    u_cpu/u_csr_file_n_78
    SLICE_X28Y15         FDRE                                         r  u_cpu/if_id_reg[instr][25]/CE
  -------------------------------------------------------------------    -------------------

                         (clock perf_clk rise edge)
                                                     11.000    11.000 r  
    N15                                               0.000    11.000 r  clk (IN)
                         net (fo=0)                   0.000    11.000    clk
    N15                  IBUF (Prop_ibuf_I_O)         0.828    11.828 r  clk_IBUF_inst/O
                         net (fo=1, routed)           1.868    13.696    clk_IBUF
    BUFGCTRL_X0Y0        BUFG (Prop_bufg_I_O)         0.091    13.787 r  clk_IBUF_BUFG_inst/O
                         net (fo=2179, routed)        1.441    15.229    u_cpu/clk
    SLICE_X28Y15         FDRE                                         r  u_cpu/if_id_reg[instr][25]/C
                         clock pessimism              0.322    15.551    
                         clock uncertainty           -0.035    15.515    
    SLICE_X28Y15         FDRE (Setup_fdre_C_CE)      -0.205    15.310    u_cpu/if_id_reg[instr][25]
  -------------------------------------------------------------------
                         required time                         15.310    
                         arrival time                         -14.933    
  -------------------------------------------------------------------
                         slack                                  0.377    

Slack (MET) :             0.377ns  (required time - arrival time)
  Source:                 u_cpu/ex_mem_reg[rd_idx][1]/C
                            (rising edge-triggered cell FDRE clocked by perf_clk  {rise@0.000ns fall@5.500ns period=11.000ns})
  Destination:            u_cpu/if_id_reg[pc_plus4][27]/CE
                            (rising edge-triggered cell FDRE clocked by perf_clk  {rise@0.000ns fall@5.500ns period=11.000ns})
  Path Group:             perf_clk
  Path Type:              Setup (Max at Slow Process Corner)
  Requirement:            11.000ns  (perf_clk rise@11.000ns - perf_clk rise@0.000ns)
  Data Path Delay:        10.348ns  (logic 3.064ns (29.609%)  route 7.284ns (70.391%))
  Logic Levels:           15  (CARRY4=7 LUT2=1 LUT4=2 LUT5=2 LUT6=3)
  Clock Path Skew:        -0.034ns (DCD - SCD + CPR)
    Destination Clock Delay (DCD):    4.229ns = ( 15.229 - 11.000 ) 
    Source Clock Delay      (SCD):    4.585ns
    Clock Pessimism Removal (CPR):    0.322ns
  Clock Uncertainty:      0.035ns  ((TSJ^2 + TIJ^2)^1/2 + DJ) / 2 + PE
    Total System Jitter     (TSJ):    0.071ns
    Total Input Jitter      (TIJ):    0.000ns
    Discrete Jitter          (DJ):    0.000ns
    Phase Error              (PE):    0.000ns

    Location             Delay type                Incr(ns)  Path(ns)    Netlist Resource(s)
  -------------------------------------------------------------------    -------------------
                         (clock perf_clk rise edge)
                                                      0.000     0.000 r  
    N15                                               0.000     0.000 r  clk (IN)
                         net (fo=0)                   0.000     0.000    clk
    N15                  IBUF (Prop_ibuf_I_O)         0.962     0.962 r  clk_IBUF_inst/O
                         net (fo=1, routed)           1.972     2.933    clk_IBUF
    BUFGCTRL_X0Y0        BUFG (Prop_bufg_I_O)         0.096     3.029 r  clk_IBUF_BUFG_inst/O
                         net (fo=2179, routed)        1.555     4.585    u_cpu/clk
    SLICE_X15Y21         FDRE                                         r  u_cpu/ex_mem_reg[rd_idx][1]/C
  -------------------------------------------------------------------    -------------------
    SLICE_X15Y21         FDRE (Prop_fdre_C_Q)         0.456     5.041 r  u_cpu/ex_mem_reg[rd_idx][1]/Q
                         net (fo=4, routed)           0.605     5.645    u_cpu/u_csr_file/ex_mem[store_data][31]_i_2_3
    SLICE_X15Y21         LUT4 (Prop_lut4_I2_O)        0.124     5.769 r  u_cpu/u_csr_file/pc[31]_i_19/O
                         net (fo=1, routed)           0.956     6.726    u_cpu/u_csr_file/pc[31]_i_19_n_0
    SLICE_X11Y21         LUT5 (Prop_lut5_I0_O)        0.124     6.850 r  u_cpu/u_csr_file/pc[31]_i_17/O
                         net (fo=35, routed)          1.204     8.053    u_cpu/forward_a[1]
    SLICE_X11Y13         LUT6 (Prop_lut6_I2_O)        0.124     8.177 r  u_cpu/pc[7]_i_7/O
                         net (fo=8, routed)           0.656     8.833    u_cpu/forwarded_rs1[5]
    SLICE_X12Y10         LUT4 (Prop_lut4_I0_O)        0.124     8.957 r  u_cpu/ex_mem[alu_result][5]_i_11/O
                         net (fo=12, routed)          0.676     9.634    u_cpu/alu_a[5]
    SLICE_X12Y12         LUT2 (Prop_lut2_I0_O)        0.124     9.758 r  u_cpu/ex_mem[alu_result][5]_i_6/O
                         net (fo=4, routed)           0.000     9.758    u_cpu/ex_mem[alu_result][7]_i_21_n_0
    SLICE_X12Y12         CARRY4 (Prop_carry4_S[1]_CO[3])
                                                      0.533    10.291 r  u_cpu/ex_mem_reg[alu_result][7]_i_14/CO[3]
                         net (fo=1, routed)           0.000    10.291    u_cpu/ex_mem_reg[alu_result][7]_i_14_n_0
    SLICE_X12Y13         CARRY4 (Prop_carry4_CI_CO[3])
                                                      0.117    10.408 r  u_cpu/ex_mem_reg[alu_result][11]_i_17/CO[3]
                         net (fo=1, routed)           0.000    10.408    u_cpu/ex_mem_reg[alu_result][11]_i_17_n_0
    SLICE_X12Y14         CARRY4 (Prop_carry4_CI_CO[3])
                                                      0.117    10.525 r  u_cpu/ex_mem_reg[alu_result][15]_i_16/CO[3]
                         net (fo=1, routed)           0.000    10.525    u_cpu/ex_mem_reg[alu_result][15]_i_16_n_0
    SLICE_X12Y15         CARRY4 (Prop_carry4_CI_CO[3])
                                                      0.117    10.642 r  u_cpu/ex_mem_reg[alu_result][19]_i_19/CO[3]
                         net (fo=1, routed)           0.000    10.642    u_cpu/ex_mem_reg[alu_result][19]_i_19_n_0
    SLICE_X12Y16         CARRY4 (Prop_carry4_CI_CO[3])
                                                      0.117    10.759 r  u_cpu/ex_mem_reg[alu_result][27]_i_21/CO[3]
                         net (fo=1, routed)           0.000    10.759    u_cpu/ex_mem_reg[alu_result][27]_i_21_n_0
    SLICE_X12Y17         CARRY4 (Prop_carry4_CI_CO[3])
                                                      0.117    10.876 r  u_cpu/ex_mem_reg[alu_result][27]_i_14/CO[3]
                         net (fo=1, routed)           0.000    10.876    u_cpu/ex_mem_reg[alu_result][27]_i_14_n_0
    SLICE_X12Y18         CARRY4 (Prop_carry4_CI_O[3])
                                                      0.315    11.191 r  u_cpu/interrupt_count_reg[31]_i_7/O[3]
                         net (fo=3, routed)           1.084    12.274    u_cpu/u_csr_file/mcause_reg[1]_0[0]
    SLICE_X28Y25         LUT6 (Prop_lut6_I4_O)        0.307    12.581 f  u_cpu/u_csr_file/interrupt_count[31]_i_4/O
                         net (fo=10, routed)          0.550    13.131    u_cpu/u_csr_file/alu_overflow
    SLICE_X33Y24         LUT6 (Prop_lut6_I4_O)        0.124    13.255 f  u_cpu/u_csr_file/mepc[31]_i_1/O
                         net (fo=77, routed)          0.956    14.211    u_cpu/u_csr_file/p_2_in
    SLICE_X33Y16         LUT5 (Prop_lut5_I1_O)        0.124    14.335 r  u_cpu/u_csr_file/if_id[pc_plus4][31]_i_1_comp_3/O
                         net (fo=107, routed)         0.598    14.933    u_cpu/u_csr_file_n_78
    SLICE_X28Y15         FDRE                                         r  u_cpu/if_id_reg[pc_plus4][27]/CE
  -------------------------------------------------------------------    -------------------

                         (clock perf_clk rise edge)
                                                     11.000    11.000 r  
    N15                                               0.000    11.000 r  clk (IN)
                         net (fo=0)                   0.000    11.000    clk
    N15                  IBUF (Prop_ibuf_I_O)         0.828    11.828 r  clk_IBUF_inst/O
                         net (fo=1, routed)           1.868    13.696    clk_IBUF
    BUFGCTRL_X0Y0        BUFG (Prop_bufg_I_O)         0.091    13.787 r  clk_IBUF_BUFG_inst/O
                         net (fo=2179, routed)        1.441    15.229    u_cpu/clk
    SLICE_X28Y15         FDRE                                         r  u_cpu/if_id_reg[pc_plus4][27]/C
                         clock pessimism              0.322    15.551    
                         clock uncertainty           -0.035    15.515    
    SLICE_X28Y15         FDRE (Setup_fdre_C_CE)      -0.205    15.310    u_cpu/if_id_reg[pc_plus4][27]
  -------------------------------------------------------------------
                         required time                         15.310    
                         arrival time                         -14.933    
  -------------------------------------------------------------------
                         slack                                  0.377    

Slack (MET) :             0.377ns  (required time - arrival time)
  Source:                 u_cpu/ex_mem_reg[rd_idx][1]/C
                            (rising edge-triggered cell FDRE clocked by perf_clk  {rise@0.000ns fall@5.500ns period=11.000ns})
  Destination:            u_cpu/if_id_reg[pc_plus4][28]/CE
                            (rising edge-triggered cell FDRE clocked by perf_clk  {rise@0.000ns fall@5.500ns period=11.000ns})
  Path Group:             perf_clk
  Path Type:              Setup (Max at Slow Process Corner)
  Requirement:            11.000ns  (perf_clk rise@11.000ns - perf_clk rise@0.000ns)
  Data Path Delay:        10.348ns  (logic 3.064ns (29.609%)  route 7.284ns (70.391%))
  Logic Levels:           15  (CARRY4=7 LUT2=1 LUT4=2 LUT5=2 LUT6=3)
  Clock Path Skew:        -0.034ns (DCD - SCD + CPR)
    Destination Clock Delay (DCD):    4.229ns = ( 15.229 - 11.000 ) 
    Source Clock Delay      (SCD):    4.585ns
    Clock Pessimism Removal (CPR):    0.322ns
  Clock Uncertainty:      0.035ns  ((TSJ^2 + TIJ^2)^1/2 + DJ) / 2 + PE
    Total System Jitter     (TSJ):    0.071ns
    Total Input Jitter      (TIJ):    0.000ns
    Discrete Jitter          (DJ):    0.000ns
    Phase Error              (PE):    0.000ns

    Location             Delay type                Incr(ns)  Path(ns)    Netlist Resource(s)
  -------------------------------------------------------------------    -------------------
                         (clock perf_clk rise edge)
                                                      0.000     0.000 r  
    N15                                               0.000     0.000 r  clk (IN)
                         net (fo=0)                   0.000     0.000    clk
    N15                  IBUF (Prop_ibuf_I_O)         0.962     0.962 r  clk_IBUF_inst/O
                         net (fo=1, routed)           1.972     2.933    clk_IBUF
    BUFGCTRL_X0Y0        BUFG (Prop_bufg_I_O)         0.096     3.029 r  clk_IBUF_BUFG_inst/O
                         net (fo=2179, routed)        1.555     4.585    u_cpu/clk
    SLICE_X15Y21         FDRE                                         r  u_cpu/ex_mem_reg[rd_idx][1]/C
  -------------------------------------------------------------------    -------------------
    SLICE_X15Y21         FDRE (Prop_fdre_C_Q)         0.456     5.041 r  u_cpu/ex_mem_reg[rd_idx][1]/Q
                         net (fo=4, routed)           0.605     5.645    u_cpu/u_csr_file/ex_mem[store_data][31]_i_2_3
    SLICE_X15Y21         LUT4 (Prop_lut4_I2_O)        0.124     5.769 r  u_cpu/u_csr_file/pc[31]_i_19/O
                         net (fo=1, routed)           0.956     6.726    u_cpu/u_csr_file/pc[31]_i_19_n_0
    SLICE_X11Y21         LUT5 (Prop_lut5_I0_O)        0.124     6.850 r  u_cpu/u_csr_file/pc[31]_i_17/O
                         net (fo=35, routed)          1.204     8.053    u_cpu/forward_a[1]
    SLICE_X11Y13         LUT6 (Prop_lut6_I2_O)        0.124     8.177 r  u_cpu/pc[7]_i_7/O
                         net (fo=8, routed)           0.656     8.833    u_cpu/forwarded_rs1[5]
    SLICE_X12Y10         LUT4 (Prop_lut4_I0_O)        0.124     8.957 r  u_cpu/ex_mem[alu_result][5]_i_11/O
                         net (fo=12, routed)          0.676     9.634    u_cpu/alu_a[5]
    SLICE_X12Y12         LUT2 (Prop_lut2_I0_O)        0.124     9.758 r  u_cpu/ex_mem[alu_result][5]_i_6/O
                         net (fo=4, routed)           0.000     9.758    u_cpu/ex_mem[alu_result][7]_i_21_n_0
    SLICE_X12Y12         CARRY4 (Prop_carry4_S[1]_CO[3])
                                                      0.533    10.291 r  u_cpu/ex_mem_reg[alu_result][7]_i_14/CO[3]
                         net (fo=1, routed)           0.000    10.291    u_cpu/ex_mem_reg[alu_result][7]_i_14_n_0
    SLICE_X12Y13         CARRY4 (Prop_carry4_CI_CO[3])
                                                      0.117    10.408 r  u_cpu/ex_mem_reg[alu_result][11]_i_17/CO[3]
                         net (fo=1, routed)           0.000    10.408    u_cpu/ex_mem_reg[alu_result][11]_i_17_n_0
    SLICE_X12Y14         CARRY4 (Prop_carry4_CI_CO[3])
                                                      0.117    10.525 r  u_cpu/ex_mem_reg[alu_result][15]_i_16/CO[3]
                         net (fo=1, routed)           0.000    10.525    u_cpu/ex_mem_reg[alu_result][15]_i_16_n_0
    SLICE_X12Y15         CARRY4 (Prop_carry4_CI_CO[3])
                                                      0.117    10.642 r  u_cpu/ex_mem_reg[alu_result][19]_i_19/CO[3]
                         net (fo=1, routed)           0.000    10.642    u_cpu/ex_mem_reg[alu_result][19]_i_19_n_0
    SLICE_X12Y16         CARRY4 (Prop_carry4_CI_CO[3])
                                                      0.117    10.759 r  u_cpu/ex_mem_reg[alu_result][27]_i_21/CO[3]
                         net (fo=1, routed)           0.000    10.759    u_cpu/ex_mem_reg[alu_result][27]_i_21_n_0
    SLICE_X12Y17         CARRY4 (Prop_carry4_CI_CO[3])
                                                      0.117    10.876 r  u_cpu/ex_mem_reg[alu_result][27]_i_14/CO[3]
                         net (fo=1, routed)           0.000    10.876    u_cpu/ex_mem_reg[alu_result][27]_i_14_n_0
    SLICE_X12Y18         CARRY4 (Prop_carry4_CI_O[3])
                                                      0.315    11.191 r  u_cpu/interrupt_count_reg[31]_i_7/O[3]
                         net (fo=3, routed)           1.084    12.274    u_cpu/u_csr_file/mcause_reg[1]_0[0]
    SLICE_X28Y25         LUT6 (Prop_lut6_I4_O)        0.307    12.581 f  u_cpu/u_csr_file/interrupt_count[31]_i_4/O
                         net (fo=10, routed)          0.550    13.131    u_cpu/u_csr_file/alu_overflow
    SLICE_X33Y24         LUT6 (Prop_lut6_I4_O)        0.124    13.255 f  u_cpu/u_csr_file/mepc[31]_i_1/O
                         net (fo=77, routed)          0.956    14.211    u_cpu/u_csr_file/p_2_in
    SLICE_X33Y16         LUT5 (Prop_lut5_I1_O)        0.124    14.335 r  u_cpu/u_csr_file/if_id[pc_plus4][31]_i_1_comp_3/O
                         net (fo=107, routed)         0.598    14.933    u_cpu/u_csr_file_n_78
    SLICE_X28Y15         FDRE                                         r  u_cpu/if_id_reg[pc_plus4][28]/CE
  -------------------------------------------------------------------    -------------------

                         (clock perf_clk rise edge)
                                                     11.000    11.000 r  
    N15                                               0.000    11.000 r  clk (IN)
                         net (fo=0)                   0.000    11.000    clk
    N15                  IBUF (Prop_ibuf_I_O)         0.828    11.828 r  clk_IBUF_inst/O
                         net (fo=1, routed)           1.868    13.696    clk_IBUF
    BUFGCTRL_X0Y0        BUFG (Prop_bufg_I_O)         0.091    13.787 r  clk_IBUF_BUFG_inst/O
                         net (fo=2179, routed)        1.441    15.229    u_cpu/clk
    SLICE_X28Y15         FDRE                                         r  u_cpu/if_id_reg[pc_plus4][28]/C
                         clock pessimism              0.322    15.551    
                         clock uncertainty           -0.035    15.515    
    SLICE_X28Y15         FDRE (Setup_fdre_C_CE)      -0.205    15.310    u_cpu/if_id_reg[pc_plus4][28]
  -------------------------------------------------------------------
                         required time                         15.310    
                         arrival time                         -14.933    
  -------------------------------------------------------------------
                         slack                                  0.377    

Slack (MET) :             0.384ns  (required time - arrival time)
  Source:                 u_cpu/ex_mem_reg[rd_idx][1]/C
                            (rising edge-triggered cell FDRE clocked by perf_clk  {rise@0.000ns fall@5.500ns period=11.000ns})
  Destination:            u_cpu/if_id_reg[instr][13]/CE
                            (rising edge-triggered cell FDRE clocked by perf_clk  {rise@0.000ns fall@5.500ns period=11.000ns})
  Path Group:             perf_clk
  Path Type:              Setup (Max at Slow Process Corner)
  Requirement:            11.000ns  (perf_clk rise@11.000ns - perf_clk rise@0.000ns)
  Data Path Delay:        10.337ns  (logic 3.064ns (29.642%)  route 7.273ns (70.358%))
  Logic Levels:           15  (CARRY4=7 LUT2=1 LUT4=2 LUT5=2 LUT6=3)
  Clock Path Skew:        -0.039ns (DCD - SCD + CPR)
    Destination Clock Delay (DCD):    4.224ns = ( 15.224 - 11.000 ) 
    Source Clock Delay      (SCD):    4.585ns
    Clock Pessimism Removal (CPR):    0.322ns
  Clock Uncertainty:      0.035ns  ((TSJ^2 + TIJ^2)^1/2 + DJ) / 2 + PE
    Total System Jitter     (TSJ):    0.071ns
    Total Input Jitter      (TIJ):    0.000ns
    Discrete Jitter          (DJ):    0.000ns
    Phase Error              (PE):    0.000ns

    Location             Delay type                Incr(ns)  Path(ns)    Netlist Resource(s)
  -------------------------------------------------------------------    -------------------
                         (clock perf_clk rise edge)
                                                      0.000     0.000 r  
    N15                                               0.000     0.000 r  clk (IN)
                         net (fo=0)                   0.000     0.000    clk
    N15                  IBUF (Prop_ibuf_I_O)         0.962     0.962 r  clk_IBUF_inst/O
                         net (fo=1, routed)           1.972     2.933    clk_IBUF
    BUFGCTRL_X0Y0        BUFG (Prop_bufg_I_O)         0.096     3.029 r  clk_IBUF_BUFG_inst/O
                         net (fo=2179, routed)        1.555     4.585    u_cpu/clk
    SLICE_X15Y21         FDRE                                         r  u_cpu/ex_mem_reg[rd_idx][1]/C
  -------------------------------------------------------------------    -------------------
    SLICE_X15Y21         FDRE (Prop_fdre_C_Q)         0.456     5.041 r  u_cpu/ex_mem_reg[rd_idx][1]/Q
                         net (fo=4, routed)           0.605     5.645    u_cpu/u_csr_file/ex_mem[store_data][31]_i_2_3
    SLICE_X15Y21         LUT4 (Prop_lut4_I2_O)        0.124     5.769 r  u_cpu/u_csr_file/pc[31]_i_19/O
                         net (fo=1, routed)           0.956     6.726    u_cpu/u_csr_file/pc[31]_i_19_n_0
    SLICE_X11Y21         LUT5 (Prop_lut5_I0_O)        0.124     6.850 r  u_cpu/u_csr_file/pc[31]_i_17/O
                         net (fo=35, routed)          1.204     8.053    u_cpu/forward_a[1]
    SLICE_X11Y13         LUT6 (Prop_lut6_I2_O)        0.124     8.177 r  u_cpu/pc[7]_i_7/O
                         net (fo=8, routed)           0.656     8.833    u_cpu/forwarded_rs1[5]
    SLICE_X12Y10         LUT4 (Prop_lut4_I0_O)        0.124     8.957 r  u_cpu/ex_mem[alu_result][5]_i_11/O
                         net (fo=12, routed)          0.676     9.634    u_cpu/alu_a[5]
    SLICE_X12Y12         LUT2 (Prop_lut2_I0_O)        0.124     9.758 r  u_cpu/ex_mem[alu_result][5]_i_6/O
                         net (fo=4, routed)           0.000     9.758    u_cpu/ex_mem[alu_result][7]_i_21_n_0
    SLICE_X12Y12         CARRY4 (Prop_carry4_S[1]_CO[3])
                                                      0.533    10.291 r  u_cpu/ex_mem_reg[alu_result][7]_i_14/CO[3]
                         net (fo=1, routed)           0.000    10.291    u_cpu/ex_mem_reg[alu_result][7]_i_14_n_0
    SLICE_X12Y13         CARRY4 (Prop_carry4_CI_CO[3])
                                                      0.117    10.408 r  u_cpu/ex_mem_reg[alu_result][11]_i_17/CO[3]
                         net (fo=1, routed)           0.000    10.408    u_cpu/ex_mem_reg[alu_result][11]_i_17_n_0
    SLICE_X12Y14         CARRY4 (Prop_carry4_CI_CO[3])
                                                      0.117    10.525 r  u_cpu/ex_mem_reg[alu_result][15]_i_16/CO[3]
                         net (fo=1, routed)           0.000    10.525    u_cpu/ex_mem_reg[alu_result][15]_i_16_n_0
    SLICE_X12Y15         CARRY4 (Prop_carry4_CI_CO[3])
                                                      0.117    10.642 r  u_cpu/ex_mem_reg[alu_result][19]_i_19/CO[3]
                         net (fo=1, routed)           0.000    10.642    u_cpu/ex_mem_reg[alu_result][19]_i_19_n_0
    SLICE_X12Y16         CARRY4 (Prop_carry4_CI_CO[3])
                                                      0.117    10.759 r  u_cpu/ex_mem_reg[alu_result][27]_i_21/CO[3]
                         net (fo=1, routed)           0.000    10.759    u_cpu/ex_mem_reg[alu_result][27]_i_21_n_0
    SLICE_X12Y17         CARRY4 (Prop_carry4_CI_CO[3])
                                                      0.117    10.876 r  u_cpu/ex_mem_reg[alu_result][27]_i_14/CO[3]
                         net (fo=1, routed)           0.000    10.876    u_cpu/ex_mem_reg[alu_result][27]_i_14_n_0
    SLICE_X12Y18         CARRY4 (Prop_carry4_CI_O[3])
                                                      0.315    11.191 r  u_cpu/interrupt_count_reg[31]_i_7/O[3]
                         net (fo=3, routed)           1.084    12.274    u_cpu/u_csr_file/mcause_reg[1]_0[0]
    SLICE_X28Y25         LUT6 (Prop_lut6_I4_O)        0.307    12.581 f  u_cpu/u_csr_file/interrupt_count[31]_i_4/O
                         net (fo=10, routed)          0.550    13.131    u_cpu/u_csr_file/alu_overflow
    SLICE_X33Y24         LUT6 (Prop_lut6_I4_O)        0.124    13.255 f  u_cpu/u_csr_file/mepc[31]_i_1/O
                         net (fo=77, routed)          0.956    14.211    u_cpu/u_csr_file/p_2_in
    SLICE_X33Y16         LUT5 (Prop_lut5_I1_O)        0.124    14.335 r  u_cpu/u_csr_file/if_id[pc_plus4][31]_i_1_comp_3/O
                         net (fo=107, routed)         0.586    14.922    u_cpu/u_csr_file_n_78
    SLICE_X35Y17         FDRE                                         r  u_cpu/if_id_reg[instr][13]/CE
  -------------------------------------------------------------------    -------------------

                         (clock perf_clk rise edge)
                                                     11.000    11.000 r  
    N15                                               0.000    11.000 r  clk (IN)
                         net (fo=0)                   0.000    11.000    clk
    N15                  IBUF (Prop_ibuf_I_O)         0.828    11.828 r  clk_IBUF_inst/O
                         net (fo=1, routed)           1.868    13.696    clk_IBUF
    BUFGCTRL_X0Y0        BUFG (Prop_bufg_I_O)         0.091    13.787 r  clk_IBUF_BUFG_inst/O
                         net (fo=2179, routed)        1.436    15.224    u_cpu/clk
    SLICE_X35Y17         FDRE                                         r  u_cpu/if_id_reg[instr][13]/C
                         clock pessimism              0.322    15.546    
                         clock uncertainty           -0.035    15.510    
    SLICE_X35Y17         FDRE (Setup_fdre_C_CE)      -0.205    15.305    u_cpu/if_id_reg[instr][13]
  -------------------------------------------------------------------
                         required time                         15.305    
                         arrival time                         -14.922    
  -------------------------------------------------------------------
                         slack                                  0.384    

Slack (MET) :             0.384ns  (required time - arrival time)
  Source:                 u_cpu/ex_mem_reg[rd_idx][1]/C
                            (rising edge-triggered cell FDRE clocked by perf_clk  {rise@0.000ns fall@5.500ns period=11.000ns})
  Destination:            u_cpu/if_id_reg[instr][15]/CE
                            (rising edge-triggered cell FDRE clocked by perf_clk  {rise@0.000ns fall@5.500ns period=11.000ns})
  Path Group:             perf_clk
  Path Type:              Setup (Max at Slow Process Corner)
  Requirement:            11.000ns  (perf_clk rise@11.000ns - perf_clk rise@0.000ns)
  Data Path Delay:        10.337ns  (logic 3.064ns (29.642%)  route 7.273ns (70.358%))
  Logic Levels:           15  (CARRY4=7 LUT2=1 LUT4=2 LUT5=2 LUT6=3)
  Clock Path Skew:        -0.039ns (DCD - SCD + CPR)
    Destination Clock Delay (DCD):    4.224ns = ( 15.224 - 11.000 ) 
    Source Clock Delay      (SCD):    4.585ns
    Clock Pessimism Removal (CPR):    0.322ns
  Clock Uncertainty:      0.035ns  ((TSJ^2 + TIJ^2)^1/2 + DJ) / 2 + PE
    Total System Jitter     (TSJ):    0.071ns
    Total Input Jitter      (TIJ):    0.000ns
    Discrete Jitter          (DJ):    0.000ns
    Phase Error              (PE):    0.000ns

    Location             Delay type                Incr(ns)  Path(ns)    Netlist Resource(s)
  -------------------------------------------------------------------    -------------------
                         (clock perf_clk rise edge)
                                                      0.000     0.000 r  
    N15                                               0.000     0.000 r  clk (IN)
                         net (fo=0)                   0.000     0.000    clk
    N15                  IBUF (Prop_ibuf_I_O)         0.962     0.962 r  clk_IBUF_inst/O
                         net (fo=1, routed)           1.972     2.933    clk_IBUF
    BUFGCTRL_X0Y0        BUFG (Prop_bufg_I_O)         0.096     3.029 r  clk_IBUF_BUFG_inst/O
                         net (fo=2179, routed)        1.555     4.585    u_cpu/clk
    SLICE_X15Y21         FDRE                                         r  u_cpu/ex_mem_reg[rd_idx][1]/C
  -------------------------------------------------------------------    -------------------
    SLICE_X15Y21         FDRE (Prop_fdre_C_Q)         0.456     5.041 r  u_cpu/ex_mem_reg[rd_idx][1]/Q
                         net (fo=4, routed)           0.605     5.645    u_cpu/u_csr_file/ex_mem[store_data][31]_i_2_3
    SLICE_X15Y21         LUT4 (Prop_lut4_I2_O)        0.124     5.769 r  u_cpu/u_csr_file/pc[31]_i_19/O
                         net (fo=1, routed)           0.956     6.726    u_cpu/u_csr_file/pc[31]_i_19_n_0
    SLICE_X11Y21         LUT5 (Prop_lut5_I0_O)        0.124     6.850 r  u_cpu/u_csr_file/pc[31]_i_17/O
                         net (fo=35, routed)          1.204     8.053    u_cpu/forward_a[1]
    SLICE_X11Y13         LUT6 (Prop_lut6_I2_O)        0.124     8.177 r  u_cpu/pc[7]_i_7/O
                         net (fo=8, routed)           0.656     8.833    u_cpu/forwarded_rs1[5]
    SLICE_X12Y10         LUT4 (Prop_lut4_I0_O)        0.124     8.957 r  u_cpu/ex_mem[alu_result][5]_i_11/O
                         net (fo=12, routed)          0.676     9.634    u_cpu/alu_a[5]
    SLICE_X12Y12         LUT2 (Prop_lut2_I0_O)        0.124     9.758 r  u_cpu/ex_mem[alu_result][5]_i_6/O
                         net (fo=4, routed)           0.000     9.758    u_cpu/ex_mem[alu_result][7]_i_21_n_0
    SLICE_X12Y12         CARRY4 (Prop_carry4_S[1]_CO[3])
                                                      0.533    10.291 r  u_cpu/ex_mem_reg[alu_result][7]_i_14/CO[3]
                         net (fo=1, routed)           0.000    10.291    u_cpu/ex_mem_reg[alu_result][7]_i_14_n_0
    SLICE_X12Y13         CARRY4 (Prop_carry4_CI_CO[3])
                                                      0.117    10.408 r  u_cpu/ex_mem_reg[alu_result][11]_i_17/CO[3]
                         net (fo=1, routed)           0.000    10.408    u_cpu/ex_mem_reg[alu_result][11]_i_17_n_0
    SLICE_X12Y14         CARRY4 (Prop_carry4_CI_CO[3])
                                                      0.117    10.525 r  u_cpu/ex_mem_reg[alu_result][15]_i_16/CO[3]
                         net (fo=1, routed)           0.000    10.525    u_cpu/ex_mem_reg[alu_result][15]_i_16_n_0
    SLICE_X12Y15         CARRY4 (Prop_carry4_CI_CO[3])
                                                      0.117    10.642 r  u_cpu/ex_mem_reg[alu_result][19]_i_19/CO[3]
                         net (fo=1, routed)           0.000    10.642    u_cpu/ex_mem_reg[alu_result][19]_i_19_n_0
    SLICE_X12Y16         CARRY4 (Prop_carry4_CI_CO[3])
                                                      0.117    10.759 r  u_cpu/ex_mem_reg[alu_result][27]_i_21/CO[3]
                         net (fo=1, routed)           0.000    10.759    u_cpu/ex_mem_reg[alu_result][27]_i_21_n_0
    SLICE_X12Y17         CARRY4 (Prop_carry4_CI_CO[3])
                                                      0.117    10.876 r  u_cpu/ex_mem_reg[alu_result][27]_i_14/CO[3]
                         net (fo=1, routed)           0.000    10.876    u_cpu/ex_mem_reg[alu_result][27]_i_14_n_0
    SLICE_X12Y18         CARRY4 (Prop_carry4_CI_O[3])
                                                      0.315    11.191 r  u_cpu/interrupt_count_reg[31]_i_7/O[3]
                         net (fo=3, routed)           1.084    12.274    u_cpu/u_csr_file/mcause_reg[1]_0[0]
    SLICE_X28Y25         LUT6 (Prop_lut6_I4_O)        0.307    12.581 f  u_cpu/u_csr_file/interrupt_count[31]_i_4/O
                         net (fo=10, routed)          0.550    13.131    u_cpu/u_csr_file/alu_overflow
    SLICE_X33Y24         LUT6 (Prop_lut6_I4_O)        0.124    13.255 f  u_cpu/u_csr_file/mepc[31]_i_1/O
                         net (fo=77, routed)          0.956    14.211    u_cpu/u_csr_file/p_2_in
    SLICE_X33Y16         LUT5 (Prop_lut5_I1_O)        0.124    14.335 r  u_cpu/u_csr_file/if_id[pc_plus4][31]_i_1_comp_3/O
                         net (fo=107, routed)         0.586    14.922    u_cpu/u_csr_file_n_78
    SLICE_X35Y17         FDRE                                         r  u_cpu/if_id_reg[instr][15]/CE
  -------------------------------------------------------------------    -------------------

                         (clock perf_clk rise edge)
                                                     11.000    11.000 r  
    N15                                               0.000    11.000 r  clk (IN)
                         net (fo=0)                   0.000    11.000    clk
    N15                  IBUF (Prop_ibuf_I_O)         0.828    11.828 r  clk_IBUF_inst/O
                         net (fo=1, routed)           1.868    13.696    clk_IBUF
    BUFGCTRL_X0Y0        BUFG (Prop_bufg_I_O)         0.091    13.787 r  clk_IBUF_BUFG_inst/O
                         net (fo=2179, routed)        1.436    15.224    u_cpu/clk
    SLICE_X35Y17         FDRE                                         r  u_cpu/if_id_reg[instr][15]/C
                         clock pessimism              0.322    15.546    
                         clock uncertainty           -0.035    15.510    
    SLICE_X35Y17         FDRE (Setup_fdre_C_CE)      -0.205    15.305    u_cpu/if_id_reg[instr][15]
  -------------------------------------------------------------------
                         required time                         15.305    
                         arrival time                         -14.922    
  -------------------------------------------------------------------
                         slack                                  0.384    

Slack (MET) :             0.384ns  (required time - arrival time)
  Source:                 u_cpu/ex_mem_reg[rd_idx][1]/C
                            (rising edge-triggered cell FDRE clocked by perf_clk  {rise@0.000ns fall@5.500ns period=11.000ns})
  Destination:            u_cpu/if_id_reg[instr][24]_rep__1/CE
                            (rising edge-triggered cell FDRE clocked by perf_clk  {rise@0.000ns fall@5.500ns period=11.000ns})
  Path Group:             perf_clk
  Path Type:              Setup (Max at Slow Process Corner)
  Requirement:            11.000ns  (perf_clk rise@11.000ns - perf_clk rise@0.000ns)
  Data Path Delay:        10.337ns  (logic 3.064ns (29.642%)  route 7.273ns (70.358%))
  Logic Levels:           15  (CARRY4=7 LUT2=1 LUT4=2 LUT5=2 LUT6=3)
  Clock Path Skew:        -0.039ns (DCD - SCD + CPR)
    Destination Clock Delay (DCD):    4.224ns = ( 15.224 - 11.000 ) 
    Source Clock Delay      (SCD):    4.585ns
    Clock Pessimism Removal (CPR):    0.322ns
  Clock Uncertainty:      0.035ns  ((TSJ^2 + TIJ^2)^1/2 + DJ) / 2 + PE
    Total System Jitter     (TSJ):    0.071ns
    Total Input Jitter      (TIJ):    0.000ns
    Discrete Jitter          (DJ):    0.000ns
    Phase Error              (PE):    0.000ns

    Location             Delay type                Incr(ns)  Path(ns)    Netlist Resource(s)
  -------------------------------------------------------------------    -------------------
                         (clock perf_clk rise edge)
                                                      0.000     0.000 r  
    N15                                               0.000     0.000 r  clk (IN)
                         net (fo=0)                   0.000     0.000    clk
    N15                  IBUF (Prop_ibuf_I_O)         0.962     0.962 r  clk_IBUF_inst/O
                         net (fo=1, routed)           1.972     2.933    clk_IBUF
    BUFGCTRL_X0Y0        BUFG (Prop_bufg_I_O)         0.096     3.029 r  clk_IBUF_BUFG_inst/O
                         net (fo=2179, routed)        1.555     4.585    u_cpu/clk
    SLICE_X15Y21         FDRE                                         r  u_cpu/ex_mem_reg[rd_idx][1]/C
  -------------------------------------------------------------------    -------------------
    SLICE_X15Y21         FDRE (Prop_fdre_C_Q)         0.456     5.041 r  u_cpu/ex_mem_reg[rd_idx][1]/Q
                         net (fo=4, routed)           0.605     5.645    u_cpu/u_csr_file/ex_mem[store_data][31]_i_2_3
    SLICE_X15Y21         LUT4 (Prop_lut4_I2_O)        0.124     5.769 r  u_cpu/u_csr_file/pc[31]_i_19/O
                         net (fo=1, routed)           0.956     6.726    u_cpu/u_csr_file/pc[31]_i_19_n_0
    SLICE_X11Y21         LUT5 (Prop_lut5_I0_O)        0.124     6.850 r  u_cpu/u_csr_file/pc[31]_i_17/O
                         net (fo=35, routed)          1.204     8.053    u_cpu/forward_a[1]
    SLICE_X11Y13         LUT6 (Prop_lut6_I2_O)        0.124     8.177 r  u_cpu/pc[7]_i_7/O
                         net (fo=8, routed)           0.656     8.833    u_cpu/forwarded_rs1[5]
    SLICE_X12Y10         LUT4 (Prop_lut4_I0_O)        0.124     8.957 r  u_cpu/ex_mem[alu_result][5]_i_11/O
                         net (fo=12, routed)          0.676     9.634    u_cpu/alu_a[5]
    SLICE_X12Y12         LUT2 (Prop_lut2_I0_O)        0.124     9.758 r  u_cpu/ex_mem[alu_result][5]_i_6/O
                         net (fo=4, routed)           0.000     9.758    u_cpu/ex_mem[alu_result][7]_i_21_n_0
    SLICE_X12Y12         CARRY4 (Prop_carry4_S[1]_CO[3])
                                                      0.533    10.291 r  u_cpu/ex_mem_reg[alu_result][7]_i_14/CO[3]
                         net (fo=1, routed)           0.000    10.291    u_cpu/ex_mem_reg[alu_result][7]_i_14_n_0
    SLICE_X12Y13         CARRY4 (Prop_carry4_CI_CO[3])
                                                      0.117    10.408 r  u_cpu/ex_mem_reg[alu_result][11]_i_17/CO[3]
                         net (fo=1, routed)           0.000    10.408    u_cpu/ex_mem_reg[alu_result][11]_i_17_n_0
    SLICE_X12Y14         CARRY4 (Prop_carry4_CI_CO[3])
                                                      0.117    10.525 r  u_cpu/ex_mem_reg[alu_result][15]_i_16/CO[3]
                         net (fo=1, routed)           0.000    10.525    u_cpu/ex_mem_reg[alu_result][15]_i_16_n_0
    SLICE_X12Y15         CARRY4 (Prop_carry4_CI_CO[3])
                                                      0.117    10.642 r  u_cpu/ex_mem_reg[alu_result][19]_i_19/CO[3]
                         net (fo=1, routed)           0.000    10.642    u_cpu/ex_mem_reg[alu_result][19]_i_19_n_0
    SLICE_X12Y16         CARRY4 (Prop_carry4_CI_CO[3])
                                                      0.117    10.759 r  u_cpu/ex_mem_reg[alu_result][27]_i_21/CO[3]
                         net (fo=1, routed)           0.000    10.759    u_cpu/ex_mem_reg[alu_result][27]_i_21_n_0
    SLICE_X12Y17         CARRY4 (Prop_carry4_CI_CO[3])
                                                      0.117    10.876 r  u_cpu/ex_mem_reg[alu_result][27]_i_14/CO[3]
                         net (fo=1, routed)           0.000    10.876    u_cpu/ex_mem_reg[alu_result][27]_i_14_n_0
    SLICE_X12Y18         CARRY4 (Prop_carry4_CI_O[3])
                                                      0.315    11.191 r  u_cpu/interrupt_count_reg[31]_i_7/O[3]
                         net (fo=3, routed)           1.084    12.274    u_cpu/u_csr_file/mcause_reg[1]_0[0]
    SLICE_X28Y25         LUT6 (Prop_lut6_I4_O)        0.307    12.581 f  u_cpu/u_csr_file/interrupt_count[31]_i_4/O
                         net (fo=10, routed)          0.550    13.131    u_cpu/u_csr_file/alu_overflow
    SLICE_X33Y24         LUT6 (Prop_lut6_I4_O)        0.124    13.255 f  u_cpu/u_csr_file/mepc[31]_i_1/O
                         net (fo=77, routed)          0.956    14.211    u_cpu/u_csr_file/p_2_in
    SLICE_X33Y16         LUT5 (Prop_lut5_I1_O)        0.124    14.335 r  u_cpu/u_csr_file/if_id[pc_plus4][31]_i_1_comp_3/O
                         net (fo=107, routed)         0.586    14.922    u_cpu/u_csr_file_n_78
    SLICE_X35Y17         FDRE                                         r  u_cpu/if_id_reg[instr][24]_rep__1/CE
  -------------------------------------------------------------------    -------------------

                         (clock perf_clk rise edge)
                                                     11.000    11.000 r  
    N15                                               0.000    11.000 r  clk (IN)
                         net (fo=0)                   0.000    11.000    clk
    N15                  IBUF (Prop_ibuf_I_O)         0.828    11.828 r  clk_IBUF_inst/O
                         net (fo=1, routed)           1.868    13.696    clk_IBUF
    BUFGCTRL_X0Y0        BUFG (Prop_bufg_I_O)         0.091    13.787 r  clk_IBUF_BUFG_inst/O
                         net (fo=2179, routed)        1.436    15.224    u_cpu/clk
    SLICE_X35Y17         FDRE                                         r  u_cpu/if_id_reg[instr][24]_rep__1/C
                         clock pessimism              0.322    15.546    
                         clock uncertainty           -0.035    15.510    
    SLICE_X35Y17         FDRE (Setup_fdre_C_CE)      -0.205    15.305    u_cpu/if_id_reg[instr][24]_rep__1
  -------------------------------------------------------------------
                         required time                         15.305    
                         arrival time                         -14.922    
  -------------------------------------------------------------------
                         slack                                  0.384    

Slack (MET) :             0.384ns  (required time - arrival time)
  Source:                 u_cpu/ex_mem_reg[rd_idx][1]/C
                            (rising edge-triggered cell FDRE clocked by perf_clk  {rise@0.000ns fall@5.500ns period=11.000ns})
  Destination:            u_cpu/if_id_reg[instr][3]/CE
                            (rising edge-triggered cell FDRE clocked by perf_clk  {rise@0.000ns fall@5.500ns period=11.000ns})
  Path Group:             perf_clk
  Path Type:              Setup (Max at Slow Process Corner)
  Requirement:            11.000ns  (perf_clk rise@11.000ns - perf_clk rise@0.000ns)
  Data Path Delay:        10.337ns  (logic 3.064ns (29.642%)  route 7.273ns (70.358%))
  Logic Levels:           15  (CARRY4=7 LUT2=1 LUT4=2 LUT5=2 LUT6=3)
  Clock Path Skew:        -0.039ns (DCD - SCD + CPR)
    Destination Clock Delay (DCD):    4.224ns = ( 15.224 - 11.000 ) 
    Source Clock Delay      (SCD):    4.585ns
    Clock Pessimism Removal (CPR):    0.322ns
  Clock Uncertainty:      0.035ns  ((TSJ^2 + TIJ^2)^1/2 + DJ) / 2 + PE
    Total System Jitter     (TSJ):    0.071ns
    Total Input Jitter      (TIJ):    0.000ns
    Discrete Jitter          (DJ):    0.000ns
    Phase Error              (PE):    0.000ns

    Location             Delay type                Incr(ns)  Path(ns)    Netlist Resource(s)
  -------------------------------------------------------------------    -------------------
                         (clock perf_clk rise edge)
                                                      0.000     0.000 r  
    N15                                               0.000     0.000 r  clk (IN)
                         net (fo=0)                   0.000     0.000    clk
    N15                  IBUF (Prop_ibuf_I_O)         0.962     0.962 r  clk_IBUF_inst/O
                         net (fo=1, routed)           1.972     2.933    clk_IBUF
    BUFGCTRL_X0Y0        BUFG (Prop_bufg_I_O)         0.096     3.029 r  clk_IBUF_BUFG_inst/O
                         net (fo=2179, routed)        1.555     4.585    u_cpu/clk
    SLICE_X15Y21         FDRE                                         r  u_cpu/ex_mem_reg[rd_idx][1]/C
  -------------------------------------------------------------------    -------------------
    SLICE_X15Y21         FDRE (Prop_fdre_C_Q)         0.456     5.041 r  u_cpu/ex_mem_reg[rd_idx][1]/Q
                         net (fo=4, routed)           0.605     5.645    u_cpu/u_csr_file/ex_mem[store_data][31]_i_2_3
    SLICE_X15Y21         LUT4 (Prop_lut4_I2_O)        0.124     5.769 r  u_cpu/u_csr_file/pc[31]_i_19/O
                         net (fo=1, routed)           0.956     6.726    u_cpu/u_csr_file/pc[31]_i_19_n_0
    SLICE_X11Y21         LUT5 (Prop_lut5_I0_O)        0.124     6.850 r  u_cpu/u_csr_file/pc[31]_i_17/O
                         net (fo=35, routed)          1.204     8.053    u_cpu/forward_a[1]
    SLICE_X11Y13         LUT6 (Prop_lut6_I2_O)        0.124     8.177 r  u_cpu/pc[7]_i_7/O
                         net (fo=8, routed)           0.656     8.833    u_cpu/forwarded_rs1[5]
    SLICE_X12Y10         LUT4 (Prop_lut4_I0_O)        0.124     8.957 r  u_cpu/ex_mem[alu_result][5]_i_11/O
                         net (fo=12, routed)          0.676     9.634    u_cpu/alu_a[5]
    SLICE_X12Y12         LUT2 (Prop_lut2_I0_O)        0.124     9.758 r  u_cpu/ex_mem[alu_result][5]_i_6/O
                         net (fo=4, routed)           0.000     9.758    u_cpu/ex_mem[alu_result][7]_i_21_n_0
    SLICE_X12Y12         CARRY4 (Prop_carry4_S[1]_CO[3])
                                                      0.533    10.291 r  u_cpu/ex_mem_reg[alu_result][7]_i_14/CO[3]
                         net (fo=1, routed)           0.000    10.291    u_cpu/ex_mem_reg[alu_result][7]_i_14_n_0
    SLICE_X12Y13         CARRY4 (Prop_carry4_CI_CO[3])
                                                      0.117    10.408 r  u_cpu/ex_mem_reg[alu_result][11]_i_17/CO[3]
                         net (fo=1, routed)           0.000    10.408    u_cpu/ex_mem_reg[alu_result][11]_i_17_n_0
    SLICE_X12Y14         CARRY4 (Prop_carry4_CI_CO[3])
                                                      0.117    10.525 r  u_cpu/ex_mem_reg[alu_result][15]_i_16/CO[3]
                         net (fo=1, routed)           0.000    10.525    u_cpu/ex_mem_reg[alu_result][15]_i_16_n_0
    SLICE_X12Y15         CARRY4 (Prop_carry4_CI_CO[3])
                                                      0.117    10.642 r  u_cpu/ex_mem_reg[alu_result][19]_i_19/CO[3]
                         net (fo=1, routed)           0.000    10.642    u_cpu/ex_mem_reg[alu_result][19]_i_19_n_0
    SLICE_X12Y16         CARRY4 (Prop_carry4_CI_CO[3])
                                                      0.117    10.759 r  u_cpu/ex_mem_reg[alu_result][27]_i_21/CO[3]
                         net (fo=1, routed)           0.000    10.759    u_cpu/ex_mem_reg[alu_result][27]_i_21_n_0
    SLICE_X12Y17         CARRY4 (Prop_carry4_CI_CO[3])
                                                      0.117    10.876 r  u_cpu/ex_mem_reg[alu_result][27]_i_14/CO[3]
                         net (fo=1, routed)           0.000    10.876    u_cpu/ex_mem_reg[alu_result][27]_i_14_n_0
    SLICE_X12Y18         CARRY4 (Prop_carry4_CI_O[3])
                                                      0.315    11.191 r  u_cpu/interrupt_count_reg[31]_i_7/O[3]
                         net (fo=3, routed)           1.084    12.274    u_cpu/u_csr_file/mcause_reg[1]_0[0]
    SLICE_X28Y25         LUT6 (Prop_lut6_I4_O)        0.307    12.581 f  u_cpu/u_csr_file/interrupt_count[31]_i_4/O
                         net (fo=10, routed)          0.550    13.131    u_cpu/u_csr_file/alu_overflow
    SLICE_X33Y24         LUT6 (Prop_lut6_I4_O)        0.124    13.255 f  u_cpu/u_csr_file/mepc[31]_i_1/O
                         net (fo=77, routed)          0.956    14.211    u_cpu/u_csr_file/p_2_in
    SLICE_X33Y16         LUT5 (Prop_lut5_I1_O)        0.124    14.335 r  u_cpu/u_csr_file/if_id[pc_plus4][31]_i_1_comp_3/O
                         net (fo=107, routed)         0.586    14.922    u_cpu/u_csr_file_n_78
    SLICE_X35Y17         FDRE                                         r  u_cpu/if_id_reg[instr][3]/CE
  -------------------------------------------------------------------    -------------------

                         (clock perf_clk rise edge)
                                                     11.000    11.000 r  
    N15                                               0.000    11.000 r  clk (IN)
                         net (fo=0)                   0.000    11.000    clk
    N15                  IBUF (Prop_ibuf_I_O)         0.828    11.828 r  clk_IBUF_inst/O
                         net (fo=1, routed)           1.868    13.696    clk_IBUF
    BUFGCTRL_X0Y0        BUFG (Prop_bufg_I_O)         0.091    13.787 r  clk_IBUF_BUFG_inst/O
                         net (fo=2179, routed)        1.436    15.224    u_cpu/clk
    SLICE_X35Y17         FDRE                                         r  u_cpu/if_id_reg[instr][3]/C
                         clock pessimism              0.322    15.546    
                         clock uncertainty           -0.035    15.510    
    SLICE_X35Y17         FDRE (Setup_fdre_C_CE)      -0.205    15.305    u_cpu/if_id_reg[instr][3]
  -------------------------------------------------------------------
                         required time                         15.305    
                         arrival time                         -14.922    
  -------------------------------------------------------------------
                         slack                                  0.384    

Slack (MET) :             0.384ns  (required time - arrival time)
  Source:                 u_cpu/ex_mem_reg[rd_idx][1]/C
                            (rising edge-triggered cell FDRE clocked by perf_clk  {rise@0.000ns fall@5.500ns period=11.000ns})
  Destination:            u_cpu/if_id_reg[pc_plus4][3]/CE
                            (rising edge-triggered cell FDRE clocked by perf_clk  {rise@0.000ns fall@5.500ns period=11.000ns})
  Path Group:             perf_clk
  Path Type:              Setup (Max at Slow Process Corner)
  Requirement:            11.000ns  (perf_clk rise@11.000ns - perf_clk rise@0.000ns)
  Data Path Delay:        10.337ns  (logic 3.064ns (29.642%)  route 7.273ns (70.358%))
  Logic Levels:           15  (CARRY4=7 LUT2=1 LUT4=2 LUT5=2 LUT6=3)
  Clock Path Skew:        -0.039ns (DCD - SCD + CPR)
    Destination Clock Delay (DCD):    4.224ns = ( 15.224 - 11.000 ) 
    Source Clock Delay      (SCD):    4.585ns
    Clock Pessimism Removal (CPR):    0.322ns
  Clock Uncertainty:      0.035ns  ((TSJ^2 + TIJ^2)^1/2 + DJ) / 2 + PE
    Total System Jitter     (TSJ):    0.071ns
    Total Input Jitter      (TIJ):    0.000ns
    Discrete Jitter          (DJ):    0.000ns
    Phase Error              (PE):    0.000ns

    Location             Delay type                Incr(ns)  Path(ns)    Netlist Resource(s)
  -------------------------------------------------------------------    -------------------
                         (clock perf_clk rise edge)
                                                      0.000     0.000 r  
    N15                                               0.000     0.000 r  clk (IN)
                         net (fo=0)                   0.000     0.000    clk
    N15                  IBUF (Prop_ibuf_I_O)         0.962     0.962 r  clk_IBUF_inst/O
                         net (fo=1, routed)           1.972     2.933    clk_IBUF
    BUFGCTRL_X0Y0        BUFG (Prop_bufg_I_O)         0.096     3.029 r  clk_IBUF_BUFG_inst/O
                         net (fo=2179, routed)        1.555     4.585    u_cpu/clk
    SLICE_X15Y21         FDRE                                         r  u_cpu/ex_mem_reg[rd_idx][1]/C
  -------------------------------------------------------------------    -------------------
    SLICE_X15Y21         FDRE (Prop_fdre_C_Q)         0.456     5.041 r  u_cpu/ex_mem_reg[rd_idx][1]/Q
                         net (fo=4, routed)           0.605     5.645    u_cpu/u_csr_file/ex_mem[store_data][31]_i_2_3
    SLICE_X15Y21         LUT4 (Prop_lut4_I2_O)        0.124     5.769 r  u_cpu/u_csr_file/pc[31]_i_19/O
                         net (fo=1, routed)           0.956     6.726    u_cpu/u_csr_file/pc[31]_i_19_n_0
    SLICE_X11Y21         LUT5 (Prop_lut5_I0_O)        0.124     6.850 r  u_cpu/u_csr_file/pc[31]_i_17/O
                         net (fo=35, routed)          1.204     8.053    u_cpu/forward_a[1]
    SLICE_X11Y13         LUT6 (Prop_lut6_I2_O)        0.124     8.177 r  u_cpu/pc[7]_i_7/O
                         net (fo=8, routed)           0.656     8.833    u_cpu/forwarded_rs1[5]
    SLICE_X12Y10         LUT4 (Prop_lut4_I0_O)        0.124     8.957 r  u_cpu/ex_mem[alu_result][5]_i_11/O
                         net (fo=12, routed)          0.676     9.634    u_cpu/alu_a[5]
    SLICE_X12Y12         LUT2 (Prop_lut2_I0_O)        0.124     9.758 r  u_cpu/ex_mem[alu_result][5]_i_6/O
                         net (fo=4, routed)           0.000     9.758    u_cpu/ex_mem[alu_result][7]_i_21_n_0
    SLICE_X12Y12         CARRY4 (Prop_carry4_S[1]_CO[3])
                                                      0.533    10.291 r  u_cpu/ex_mem_reg[alu_result][7]_i_14/CO[3]
                         net (fo=1, routed)           0.000    10.291    u_cpu/ex_mem_reg[alu_result][7]_i_14_n_0
    SLICE_X12Y13         CARRY4 (Prop_carry4_CI_CO[3])
                                                      0.117    10.408 r  u_cpu/ex_mem_reg[alu_result][11]_i_17/CO[3]
                         net (fo=1, routed)           0.000    10.408    u_cpu/ex_mem_reg[alu_result][11]_i_17_n_0
    SLICE_X12Y14         CARRY4 (Prop_carry4_CI_CO[3])
                                                      0.117    10.525 r  u_cpu/ex_mem_reg[alu_result][15]_i_16/CO[3]
                         net (fo=1, routed)           0.000    10.525    u_cpu/ex_mem_reg[alu_result][15]_i_16_n_0
    SLICE_X12Y15         CARRY4 (Prop_carry4_CI_CO[3])
                                                      0.117    10.642 r  u_cpu/ex_mem_reg[alu_result][19]_i_19/CO[3]
                         net (fo=1, routed)           0.000    10.642    u_cpu/ex_mem_reg[alu_result][19]_i_19_n_0
    SLICE_X12Y16         CARRY4 (Prop_carry4_CI_CO[3])
                                                      0.117    10.759 r  u_cpu/ex_mem_reg[alu_result][27]_i_21/CO[3]
                         net (fo=1, routed)           0.000    10.759    u_cpu/ex_mem_reg[alu_result][27]_i_21_n_0
    SLICE_X12Y17         CARRY4 (Prop_carry4_CI_CO[3])
                                                      0.117    10.876 r  u_cpu/ex_mem_reg[alu_result][27]_i_14/CO[3]
                         net (fo=1, routed)           0.000    10.876    u_cpu/ex_mem_reg[alu_result][27]_i_14_n_0
    SLICE_X12Y18         CARRY4 (Prop_carry4_CI_O[3])
                                                      0.315    11.191 r  u_cpu/interrupt_count_reg[31]_i_7/O[3]
                         net (fo=3, routed)           1.084    12.274    u_cpu/u_csr_file/mcause_reg[1]_0[0]
    SLICE_X28Y25         LUT6 (Prop_lut6_I4_O)        0.307    12.581 f  u_cpu/u_csr_file/interrupt_count[31]_i_4/O
                         net (fo=10, routed)          0.550    13.131    u_cpu/u_csr_file/alu_overflow
    SLICE_X33Y24         LUT6 (Prop_lut6_I4_O)        0.124    13.255 f  u_cpu/u_csr_file/mepc[31]_i_1/O
                         net (fo=77, routed)          0.956    14.211    u_cpu/u_csr_file/p_2_in
    SLICE_X33Y16         LUT5 (Prop_lut5_I1_O)        0.124    14.335 r  u_cpu/u_csr_file/if_id[pc_plus4][31]_i_1_comp_3/O
                         net (fo=107, routed)         0.586    14.922    u_cpu/u_csr_file_n_78
    SLICE_X35Y17         FDRE                                         r  u_cpu/if_id_reg[pc_plus4][3]/CE
  -------------------------------------------------------------------    -------------------

                         (clock perf_clk rise edge)
                                                     11.000    11.000 r  
    N15                                               0.000    11.000 r  clk (IN)
                         net (fo=0)                   0.000    11.000    clk
    N15                  IBUF (Prop_ibuf_I_O)         0.828    11.828 r  clk_IBUF_inst/O
                         net (fo=1, routed)           1.868    13.696    clk_IBUF
    BUFGCTRL_X0Y0        BUFG (Prop_bufg_I_O)         0.091    13.787 r  clk_IBUF_BUFG_inst/O
                         net (fo=2179, routed)        1.436    15.224    u_cpu/clk
    SLICE_X35Y17         FDRE                                         r  u_cpu/if_id_reg[pc_plus4][3]/C
                         clock pessimism              0.322    15.546    
                         clock uncertainty           -0.035    15.510    
    SLICE_X35Y17         FDRE (Setup_fdre_C_CE)      -0.205    15.305    u_cpu/if_id_reg[pc_plus4][3]
  -------------------------------------------------------------------
                         required time                         15.305    
                         arrival time                         -14.922    
  -------------------------------------------------------------------
                         slack                                  0.384    

Slack (MET) :             0.384ns  (required time - arrival time)
  Source:                 u_cpu/ex_mem_reg[rd_idx][1]/C
                            (rising edge-triggered cell FDRE clocked by perf_clk  {rise@0.000ns fall@5.500ns period=11.000ns})
  Destination:            u_cpu/if_id_reg[pc_plus4][4]/CE
                            (rising edge-triggered cell FDRE clocked by perf_clk  {rise@0.000ns fall@5.500ns period=11.000ns})
  Path Group:             perf_clk
  Path Type:              Setup (Max at Slow Process Corner)
  Requirement:            11.000ns  (perf_clk rise@11.000ns - perf_clk rise@0.000ns)
  Data Path Delay:        10.337ns  (logic 3.064ns (29.642%)  route 7.273ns (70.358%))
  Logic Levels:           15  (CARRY4=7 LUT2=1 LUT4=2 LUT5=2 LUT6=3)
  Clock Path Skew:        -0.039ns (DCD - SCD + CPR)
    Destination Clock Delay (DCD):    4.224ns = ( 15.224 - 11.000 ) 
    Source Clock Delay      (SCD):    4.585ns
    Clock Pessimism Removal (CPR):    0.322ns
  Clock Uncertainty:      0.035ns  ((TSJ^2 + TIJ^2)^1/2 + DJ) / 2 + PE
    Total System Jitter     (TSJ):    0.071ns
    Total Input Jitter      (TIJ):    0.000ns
    Discrete Jitter          (DJ):    0.000ns
    Phase Error              (PE):    0.000ns

    Location             Delay type                Incr(ns)  Path(ns)    Netlist Resource(s)
  -------------------------------------------------------------------    -------------------
                         (clock perf_clk rise edge)
                                                      0.000     0.000 r  
    N15                                               0.000     0.000 r  clk (IN)
                         net (fo=0)                   0.000     0.000    clk
    N15                  IBUF (Prop_ibuf_I_O)         0.962     0.962 r  clk_IBUF_inst/O
                         net (fo=1, routed)           1.972     2.933    clk_IBUF
    BUFGCTRL_X0Y0        BUFG (Prop_bufg_I_O)         0.096     3.029 r  clk_IBUF_BUFG_inst/O
                         net (fo=2179, routed)        1.555     4.585    u_cpu/clk
    SLICE_X15Y21         FDRE                                         r  u_cpu/ex_mem_reg[rd_idx][1]/C
  -------------------------------------------------------------------    -------------------
    SLICE_X15Y21         FDRE (Prop_fdre_C_Q)         0.456     5.041 r  u_cpu/ex_mem_reg[rd_idx][1]/Q
                         net (fo=4, routed)           0.605     5.645    u_cpu/u_csr_file/ex_mem[store_data][31]_i_2_3
    SLICE_X15Y21         LUT4 (Prop_lut4_I2_O)        0.124     5.769 r  u_cpu/u_csr_file/pc[31]_i_19/O
                         net (fo=1, routed)           0.956     6.726    u_cpu/u_csr_file/pc[31]_i_19_n_0
    SLICE_X11Y21         LUT5 (Prop_lut5_I0_O)        0.124     6.850 r  u_cpu/u_csr_file/pc[31]_i_17/O
                         net (fo=35, routed)          1.204     8.053    u_cpu/forward_a[1]
    SLICE_X11Y13         LUT6 (Prop_lut6_I2_O)        0.124     8.177 r  u_cpu/pc[7]_i_7/O
                         net (fo=8, routed)           0.656     8.833    u_cpu/forwarded_rs1[5]
    SLICE_X12Y10         LUT4 (Prop_lut4_I0_O)        0.124     8.957 r  u_cpu/ex_mem[alu_result][5]_i_11/O
                         net (fo=12, routed)          0.676     9.634    u_cpu/alu_a[5]
    SLICE_X12Y12         LUT2 (Prop_lut2_I0_O)        0.124     9.758 r  u_cpu/ex_mem[alu_result][5]_i_6/O
                         net (fo=4, routed)           0.000     9.758    u_cpu/ex_mem[alu_result][7]_i_21_n_0
    SLICE_X12Y12         CARRY4 (Prop_carry4_S[1]_CO[3])
                                                      0.533    10.291 r  u_cpu/ex_mem_reg[alu_result][7]_i_14/CO[3]
                         net (fo=1, routed)           0.000    10.291    u_cpu/ex_mem_reg[alu_result][7]_i_14_n_0
    SLICE_X12Y13         CARRY4 (Prop_carry4_CI_CO[3])
                                                      0.117    10.408 r  u_cpu/ex_mem_reg[alu_result][11]_i_17/CO[3]
                         net (fo=1, routed)           0.000    10.408    u_cpu/ex_mem_reg[alu_result][11]_i_17_n_0
    SLICE_X12Y14         CARRY4 (Prop_carry4_CI_CO[3])
                                                      0.117    10.525 r  u_cpu/ex_mem_reg[alu_result][15]_i_16/CO[3]
                         net (fo=1, routed)           0.000    10.525    u_cpu/ex_mem_reg[alu_result][15]_i_16_n_0
    SLICE_X12Y15         CARRY4 (Prop_carry4_CI_CO[3])
                                                      0.117    10.642 r  u_cpu/ex_mem_reg[alu_result][19]_i_19/CO[3]
                         net (fo=1, routed)           0.000    10.642    u_cpu/ex_mem_reg[alu_result][19]_i_19_n_0
    SLICE_X12Y16         CARRY4 (Prop_carry4_CI_CO[3])
                                                      0.117    10.759 r  u_cpu/ex_mem_reg[alu_result][27]_i_21/CO[3]
                         net (fo=1, routed)           0.000    10.759    u_cpu/ex_mem_reg[alu_result][27]_i_21_n_0
    SLICE_X12Y17         CARRY4 (Prop_carry4_CI_CO[3])
                                                      0.117    10.876 r  u_cpu/ex_mem_reg[alu_result][27]_i_14/CO[3]
                         net (fo=1, routed)           0.000    10.876    u_cpu/ex_mem_reg[alu_result][27]_i_14_n_0
    SLICE_X12Y18         CARRY4 (Prop_carry4_CI_O[3])
                                                      0.315    11.191 r  u_cpu/interrupt_count_reg[31]_i_7/O[3]
                         net (fo=3, routed)           1.084    12.274    u_cpu/u_csr_file/mcause_reg[1]_0[0]
    SLICE_X28Y25         LUT6 (Prop_lut6_I4_O)        0.307    12.581 f  u_cpu/u_csr_file/interrupt_count[31]_i_4/O
                         net (fo=10, routed)          0.550    13.131    u_cpu/u_csr_file/alu_overflow
    SLICE_X33Y24         LUT6 (Prop_lut6_I4_O)        0.124    13.255 f  u_cpu/u_csr_file/mepc[31]_i_1/O
                         net (fo=77, routed)          0.956    14.211    u_cpu/u_csr_file/p_2_in
    SLICE_X33Y16         LUT5 (Prop_lut5_I1_O)        0.124    14.335 r  u_cpu/u_csr_file/if_id[pc_plus4][31]_i_1_comp_3/O
                         net (fo=107, routed)         0.586    14.922    u_cpu/u_csr_file_n_78
    SLICE_X35Y17         FDRE                                         r  u_cpu/if_id_reg[pc_plus4][4]/CE
  -------------------------------------------------------------------    -------------------

                         (clock perf_clk rise edge)
                                                     11.000    11.000 r  
    N15                                               0.000    11.000 r  clk (IN)
                         net (fo=0)                   0.000    11.000    clk
    N15                  IBUF (Prop_ibuf_I_O)         0.828    11.828 r  clk_IBUF_inst/O
                         net (fo=1, routed)           1.868    13.696    clk_IBUF
    BUFGCTRL_X0Y0        BUFG (Prop_bufg_I_O)         0.091    13.787 r  clk_IBUF_BUFG_inst/O
                         net (fo=2179, routed)        1.436    15.224    u_cpu/clk
    SLICE_X35Y17         FDRE                                         r  u_cpu/if_id_reg[pc_plus4][4]/C
                         clock pessimism              0.322    15.546    
                         clock uncertainty           -0.035    15.510    
    SLICE_X35Y17         FDRE (Setup_fdre_C_CE)      -0.205    15.305    u_cpu/if_id_reg[pc_plus4][4]
  -------------------------------------------------------------------
                         required time                         15.305    
                         arrival time                         -14.922    
  -------------------------------------------------------------------
                         slack                                  0.384    

Slack (MET) :             0.385ns  (required time - arrival time)
  Source:                 u_cpu/ex_mem_reg[rd_idx][1]/C
                            (rising edge-triggered cell FDRE clocked by perf_clk  {rise@0.000ns fall@5.500ns period=11.000ns})
  Destination:            u_cpu/if_id_reg[pc][12]/CE
                            (rising edge-triggered cell FDRE clocked by perf_clk  {rise@0.000ns fall@5.500ns period=11.000ns})
  Path Group:             perf_clk
  Path Type:              Setup (Max at Slow Process Corner)
  Requirement:            11.000ns  (perf_clk rise@11.000ns - perf_clk rise@0.000ns)
  Data Path Delay:        10.334ns  (logic 3.064ns (29.650%)  route 7.270ns (70.350%))
  Logic Levels:           15  (CARRY4=7 LUT2=1 LUT4=2 LUT5=2 LUT6=3)
  Clock Path Skew:        -0.041ns (DCD - SCD + CPR)
    Destination Clock Delay (DCD):    4.222ns = ( 15.222 - 11.000 ) 
    Source Clock Delay      (SCD):    4.585ns
    Clock Pessimism Removal (CPR):    0.322ns
  Clock Uncertainty:      0.035ns  ((TSJ^2 + TIJ^2)^1/2 + DJ) / 2 + PE
    Total System Jitter     (TSJ):    0.071ns
    Total Input Jitter      (TIJ):    0.000ns
    Discrete Jitter          (DJ):    0.000ns
    Phase Error              (PE):    0.000ns

    Location             Delay type                Incr(ns)  Path(ns)    Netlist Resource(s)
  -------------------------------------------------------------------    -------------------
                         (clock perf_clk rise edge)
                                                      0.000     0.000 r  
    N15                                               0.000     0.000 r  clk (IN)
                         net (fo=0)                   0.000     0.000    clk
    N15                  IBUF (Prop_ibuf_I_O)         0.962     0.962 r  clk_IBUF_inst/O
                         net (fo=1, routed)           1.972     2.933    clk_IBUF
    BUFGCTRL_X0Y0        BUFG (Prop_bufg_I_O)         0.096     3.029 r  clk_IBUF_BUFG_inst/O
                         net (fo=2179, routed)        1.555     4.585    u_cpu/clk
    SLICE_X15Y21         FDRE                                         r  u_cpu/ex_mem_reg[rd_idx][1]/C
  -------------------------------------------------------------------    -------------------
    SLICE_X15Y21         FDRE (Prop_fdre_C_Q)         0.456     5.041 r  u_cpu/ex_mem_reg[rd_idx][1]/Q
                         net (fo=4, routed)           0.605     5.645    u_cpu/u_csr_file/ex_mem[store_data][31]_i_2_3
    SLICE_X15Y21         LUT4 (Prop_lut4_I2_O)        0.124     5.769 r  u_cpu/u_csr_file/pc[31]_i_19/O
                         net (fo=1, routed)           0.956     6.726    u_cpu/u_csr_file/pc[31]_i_19_n_0
    SLICE_X11Y21         LUT5 (Prop_lut5_I0_O)        0.124     6.850 r  u_cpu/u_csr_file/pc[31]_i_17/O
                         net (fo=35, routed)          1.204     8.053    u_cpu/forward_a[1]
    SLICE_X11Y13         LUT6 (Prop_lut6_I2_O)        0.124     8.177 r  u_cpu/pc[7]_i_7/O
                         net (fo=8, routed)           0.656     8.833    u_cpu/forwarded_rs1[5]
    SLICE_X12Y10         LUT4 (Prop_lut4_I0_O)        0.124     8.957 r  u_cpu/ex_mem[alu_result][5]_i_11/O
                         net (fo=12, routed)          0.676     9.634    u_cpu/alu_a[5]
    SLICE_X12Y12         LUT2 (Prop_lut2_I0_O)        0.124     9.758 r  u_cpu/ex_mem[alu_result][5]_i_6/O
                         net (fo=4, routed)           0.000     9.758    u_cpu/ex_mem[alu_result][7]_i_21_n_0
    SLICE_X12Y12         CARRY4 (Prop_carry4_S[1]_CO[3])
                                                      0.533    10.291 r  u_cpu/ex_mem_reg[alu_result][7]_i_14/CO[3]
                         net (fo=1, routed)           0.000    10.291    u_cpu/ex_mem_reg[alu_result][7]_i_14_n_0
    SLICE_X12Y13         CARRY4 (Prop_carry4_CI_CO[3])
                                                      0.117    10.408 r  u_cpu/ex_mem_reg[alu_result][11]_i_17/CO[3]
                         net (fo=1, routed)           0.000    10.408    u_cpu/ex_mem_reg[alu_result][11]_i_17_n_0
    SLICE_X12Y14         CARRY4 (Prop_carry4_CI_CO[3])
                                                      0.117    10.525 r  u_cpu/ex_mem_reg[alu_result][15]_i_16/CO[3]
                         net (fo=1, routed)           0.000    10.525    u_cpu/ex_mem_reg[alu_result][15]_i_16_n_0
    SLICE_X12Y15         CARRY4 (Prop_carry4_CI_CO[3])
                                                      0.117    10.642 r  u_cpu/ex_mem_reg[alu_result][19]_i_19/CO[3]
                         net (fo=1, routed)           0.000    10.642    u_cpu/ex_mem_reg[alu_result][19]_i_19_n_0
    SLICE_X12Y16         CARRY4 (Prop_carry4_CI_CO[3])
                                                      0.117    10.759 r  u_cpu/ex_mem_reg[alu_result][27]_i_21/CO[3]
                         net (fo=1, routed)           0.000    10.759    u_cpu/ex_mem_reg[alu_result][27]_i_21_n_0
    SLICE_X12Y17         CARRY4 (Prop_carry4_CI_CO[3])
                                                      0.117    10.876 r  u_cpu/ex_mem_reg[alu_result][27]_i_14/CO[3]
                         net (fo=1, routed)           0.000    10.876    u_cpu/ex_mem_reg[alu_result][27]_i_14_n_0
    SLICE_X12Y18         CARRY4 (Prop_carry4_CI_O[3])
                                                      0.315    11.191 r  u_cpu/interrupt_count_reg[31]_i_7/O[3]
                         net (fo=3, routed)           1.084    12.274    u_cpu/u_csr_file/mcause_reg[1]_0[0]
    SLICE_X28Y25         LUT6 (Prop_lut6_I4_O)        0.307    12.581 f  u_cpu/u_csr_file/interrupt_count[31]_i_4/O
                         net (fo=10, routed)          0.550    13.131    u_cpu/u_csr_file/alu_overflow
    SLICE_X33Y24         LUT6 (Prop_lut6_I4_O)        0.124    13.255 f  u_cpu/u_csr_file/mepc[31]_i_1/O
                         net (fo=77, routed)          0.956    14.211    u_cpu/u_csr_file/p_2_in
    SLICE_X33Y16         LUT5 (Prop_lut5_I1_O)        0.124    14.335 r  u_cpu/u_csr_file/if_id[pc_plus4][31]_i_1_comp_3/O
                         net (fo=107, routed)         0.583    14.919    u_cpu/u_csr_file_n_78
    SLICE_X32Y20         FDRE                                         r  u_cpu/if_id_reg[pc][12]/CE
  -------------------------------------------------------------------    -------------------

                         (clock perf_clk rise edge)
                                                     11.000    11.000 r  
    N15                                               0.000    11.000 r  clk (IN)
                         net (fo=0)                   0.000    11.000    clk
    N15                  IBUF (Prop_ibuf_I_O)         0.828    11.828 r  clk_IBUF_inst/O
                         net (fo=1, routed)           1.868    13.696    clk_IBUF
    BUFGCTRL_X0Y0        BUFG (Prop_bufg_I_O)         0.091    13.787 r  clk_IBUF_BUFG_inst/O
                         net (fo=2179, routed)        1.434    15.222    u_cpu/clk
    SLICE_X32Y20         FDRE                                         r  u_cpu/if_id_reg[pc][12]/C
                         clock pessimism              0.322    15.544    
                         clock uncertainty           -0.035    15.508    
    SLICE_X32Y20         FDRE (Setup_fdre_C_CE)      -0.205    15.303    u_cpu/if_id_reg[pc][12]
  -------------------------------------------------------------------
                         required time                         15.303    
                         arrival time                         -14.919    
  -------------------------------------------------------------------
                         slack                                  0.385    





Min Delay Paths
--------------------------------------------------------------------------------------
Slack (MET) :             0.082ns  (arrival time - required time)
  Source:                 u_cpu/pc_reg[24]/C
                            (rising edge-triggered cell FDRE clocked by perf_clk  {rise@0.000ns fall@5.500ns period=11.000ns})
  Destination:            u_cpu/if_id_reg[pc][24]/D
                            (rising edge-triggered cell FDRE clocked by perf_clk  {rise@0.000ns fall@5.500ns period=11.000ns})
  Path Group:             perf_clk
  Path Type:              Hold (Min at Fast Process Corner)
  Requirement:            0.000ns  (perf_clk rise@0.000ns - perf_clk rise@0.000ns)
  Data Path Delay:        0.426ns  (logic 0.141ns (33.114%)  route 0.285ns (66.886%))
  Logic Levels:           0  
  Clock Path Skew:        0.268ns (DCD - SCD - CPR)
    Destination Clock Delay (DCD):    1.920ns
    Source Clock Delay      (SCD):    1.400ns
    Clock Pessimism Removal (CPR):    0.251ns

    Location             Delay type                Incr(ns)  Path(ns)    Netlist Resource(s)
  -------------------------------------------------------------------    -------------------
                         (clock perf_clk rise edge)
                                                      0.000     0.000 r  
    N15                                               0.000     0.000 r  clk (IN)
                         net (fo=0)                   0.000     0.000    clk
    N15                  IBUF (Prop_ibuf_I_O)         0.191     0.191 r  clk_IBUF_inst/O
                         net (fo=1, routed)           0.634     0.825    clk_IBUF
    BUFGCTRL_X0Y0        BUFG (Prop_bufg_I_O)         0.026     0.851 r  clk_IBUF_BUFG_inst/O
                         net (fo=2179, routed)        0.550     1.400    u_cpu/clk
    SLICE_X36Y24         FDRE                                         r  u_cpu/pc_reg[24]/C
  -------------------------------------------------------------------    -------------------
    SLICE_X36Y24         FDRE (Prop_fdre_C_Q)         0.141     1.541 r  u_cpu/pc_reg[24]/Q
                         net (fo=4, routed)           0.285     1.826    u_cpu/imem_addr[24]
    SLICE_X30Y18         FDRE                                         r  u_cpu/if_id_reg[pc][24]/D
  -------------------------------------------------------------------    -------------------

                         (clock perf_clk rise edge)
                                                      0.000     0.000 r  
    N15                                               0.000     0.000 r  clk (IN)
                         net (fo=0)                   0.000     0.000    clk
    N15                  IBUF (Prop_ibuf_I_O)         0.380     0.380 r  clk_IBUF_inst/O
                         net (fo=1, routed)           0.689     1.068    clk_IBUF
    BUFGCTRL_X0Y0        BUFG (Prop_bufg_I_O)         0.029     1.097 r  clk_IBUF_BUFG_inst/O
                         net (fo=2179, routed)        0.823     1.920    u_cpu/clk
    SLICE_X30Y18         FDRE                                         r  u_cpu/if_id_reg[pc][24]/C
                         clock pessimism             -0.251     1.668    
    SLICE_X30Y18         FDRE (Hold_fdre_C_D)         0.076     1.744    u_cpu/if_id_reg[pc][24]
  -------------------------------------------------------------------
                         required time                         -1.744    
                         arrival time                           1.826    
  -------------------------------------------------------------------
                         slack                                  0.082    

Slack (MET) :             0.094ns  (arrival time - required time)
  Source:                 u_cpu/pc_reg[24]/C
                            (rising edge-triggered cell FDRE clocked by perf_clk  {rise@0.000ns fall@5.500ns period=11.000ns})
  Destination:            u_cpu/u_csr_file/mepc_reg[24]/D
                            (rising edge-triggered cell FDRE clocked by perf_clk  {rise@0.000ns fall@5.500ns period=11.000ns})
  Path Group:             perf_clk
  Path Type:              Hold (Min at Fast Process Corner)
  Requirement:            0.000ns  (perf_clk rise@0.000ns - perf_clk rise@0.000ns)
  Data Path Delay:        0.481ns  (logic 0.186ns (38.708%)  route 0.295ns (61.293%))
  Logic Levels:           1  (LUT5=1)
  Clock Path Skew:        0.266ns (DCD - SCD - CPR)
    Destination Clock Delay (DCD):    1.918ns
    Source Clock Delay      (SCD):    1.400ns
    Clock Pessimism Removal (CPR):    0.251ns

    Location             Delay type                Incr(ns)  Path(ns)    Netlist Resource(s)
  -------------------------------------------------------------------    -------------------
                         (clock perf_clk rise edge)
                                                      0.000     0.000 r  
    N15                                               0.000     0.000 r  clk (IN)
                         net (fo=0)                   0.000     0.000    clk
    N15                  IBUF (Prop_ibuf_I_O)         0.191     0.191 r  clk_IBUF_inst/O
                         net (fo=1, routed)           0.634     0.825    clk_IBUF
    BUFGCTRL_X0Y0        BUFG (Prop_bufg_I_O)         0.026     0.851 r  clk_IBUF_BUFG_inst/O
                         net (fo=2179, routed)        0.550     1.400    u_cpu/clk
    SLICE_X36Y24         FDRE                                         r  u_cpu/pc_reg[24]/C
  -------------------------------------------------------------------    -------------------
    SLICE_X36Y24         FDRE (Prop_fdre_C_Q)         0.141     1.541 r  u_cpu/pc_reg[24]/Q
                         net (fo=4, routed)           0.295     1.836    u_cpu/u_csr_file/imem_addr[24]
    SLICE_X30Y29         LUT5 (Prop_lut5_I4_O)        0.045     1.881 r  u_cpu/u_csr_file/mepc[24]_i_1/O
                         net (fo=1, routed)           0.000     1.881    u_cpu/u_csr_file/trap_pc[24]
    SLICE_X30Y29         FDRE                                         r  u_cpu/u_csr_file/mepc_reg[24]/D
  -------------------------------------------------------------------    -------------------

                         (clock perf_clk rise edge)
                                                      0.000     0.000 r  
    N15                                               0.000     0.000 r  clk (IN)
                         net (fo=0)                   0.000     0.000    clk
    N15                  IBUF (Prop_ibuf_I_O)         0.380     0.380 r  clk_IBUF_inst/O
                         net (fo=1, routed)           0.689     1.068    clk_IBUF
    BUFGCTRL_X0Y0        BUFG (Prop_bufg_I_O)         0.029     1.097 r  clk_IBUF_BUFG_inst/O
                         net (fo=2179, routed)        0.821     1.918    u_cpu/u_csr_file/clk
    SLICE_X30Y29         FDRE                                         r  u_cpu/u_csr_file/mepc_reg[24]/C
                         clock pessimism             -0.251     1.666    
    SLICE_X30Y29         FDRE (Hold_fdre_C_D)         0.121     1.787    u_cpu/u_csr_file/mepc_reg[24]
  -------------------------------------------------------------------
                         required time                         -1.787    
                         arrival time                           1.881    
  -------------------------------------------------------------------
                         slack                                  0.094    

Slack (MET) :             0.126ns  (arrival time - required time)
  Source:                 u_cpu/ex_mem_reg[pc][15]/C
                            (rising edge-triggered cell FDRE clocked by perf_clk  {rise@0.000ns fall@5.500ns period=11.000ns})
  Destination:            u_cpu/mem_wb_reg[pc][15]/D
                            (rising edge-triggered cell FDRE clocked by perf_clk  {rise@0.000ns fall@5.500ns period=11.000ns})
  Path Group:             perf_clk
  Path Type:              Hold (Min at Fast Process Corner)
  Requirement:            0.000ns  (perf_clk rise@0.000ns - perf_clk rise@0.000ns)
  Data Path Delay:        0.197ns  (logic 0.141ns (71.611%)  route 0.056ns (28.389%))
  Logic Levels:           0  
  Clock Path Skew:        0.000ns (DCD - SCD - CPR)
    Destination Clock Delay (DCD):    1.932ns
    Source Clock Delay      (SCD):    1.415ns
    Clock Pessimism Removal (CPR):    0.516ns

    Location             Delay type                Incr(ns)  Path(ns)    Netlist Resource(s)
  -------------------------------------------------------------------    -------------------
                         (clock perf_clk rise edge)
                                                      0.000     0.000 r  
    N15                                               0.000     0.000 r  clk (IN)
                         net (fo=0)                   0.000     0.000    clk
    N15                  IBUF (Prop_ibuf_I_O)         0.191     0.191 r  clk_IBUF_inst/O
                         net (fo=1, routed)           0.634     0.825    clk_IBUF
    BUFGCTRL_X0Y0        BUFG (Prop_bufg_I_O)         0.026     0.851 r  clk_IBUF_BUFG_inst/O
                         net (fo=2179, routed)        0.565     1.415    u_cpu/clk
    SLICE_X9Y9           FDRE                                         r  u_cpu/ex_mem_reg[pc][15]/C
  -------------------------------------------------------------------    -------------------
    SLICE_X9Y9           FDRE (Prop_fdre_C_Q)         0.141     1.556 r  u_cpu/ex_mem_reg[pc][15]/Q
                         net (fo=1, routed)           0.056     1.612    u_cpu/ex_mem_reg[pc][15]
    SLICE_X9Y9           FDRE                                         r  u_cpu/mem_wb_reg[pc][15]/D
  -------------------------------------------------------------------    -------------------

                         (clock perf_clk rise edge)
                                                      0.000     0.000 r  
    N15                                               0.000     0.000 r  clk (IN)
                         net (fo=0)                   0.000     0.000    clk
    N15                  IBUF (Prop_ibuf_I_O)         0.380     0.380 r  clk_IBUF_inst/O
                         net (fo=1, routed)           0.689     1.068    clk_IBUF
    BUFGCTRL_X0Y0        BUFG (Prop_bufg_I_O)         0.029     1.097 r  clk_IBUF_BUFG_inst/O
                         net (fo=2179, routed)        0.835     1.932    u_cpu/clk
    SLICE_X9Y9           FDRE                                         r  u_cpu/mem_wb_reg[pc][15]/C
                         clock pessimism             -0.516     1.415    
    SLICE_X9Y9           FDRE (Hold_fdre_C_D)         0.071     1.486    u_cpu/mem_wb_reg[pc][15]
  -------------------------------------------------------------------
                         required time                         -1.486    
                         arrival time                           1.612    
  -------------------------------------------------------------------
                         slack                                  0.126    

Slack (MET) :             0.138ns  (arrival time - required time)
  Source:                 u_cpu/pc_reg[19]/C
                            (rising edge-triggered cell FDRE clocked by perf_clk  {rise@0.000ns fall@5.500ns period=11.000ns})
  Destination:            u_cpu/u_csr_file/mepc_reg[19]/D
                            (rising edge-triggered cell FDRE clocked by perf_clk  {rise@0.000ns fall@5.500ns period=11.000ns})
  Path Group:             perf_clk
  Path Type:              Hold (Min at Fast Process Corner)
  Requirement:            0.000ns  (perf_clk rise@0.000ns - perf_clk rise@0.000ns)
  Data Path Delay:        0.524ns  (logic 0.186ns (35.520%)  route 0.338ns (64.480%))
  Logic Levels:           1  (LUT5=1)
  Clock Path Skew:        0.265ns (DCD - SCD - CPR)
    Destination Clock Delay (DCD):    1.917ns
    Source Clock Delay      (SCD):    1.400ns
    Clock Pessimism Removal (CPR):    0.251ns

    Location             Delay type                Incr(ns)  Path(ns)    Netlist Resource(s)
  -------------------------------------------------------------------    -------------------
                         (clock perf_clk rise edge)
                                                      0.000     0.000 r  
    N15                                               0.000     0.000 r  clk (IN)
                         net (fo=0)                   0.000     0.000    clk
    N15                  IBUF (Prop_ibuf_I_O)         0.191     0.191 r  clk_IBUF_inst/O
                         net (fo=1, routed)           0.634     0.825    clk_IBUF
    BUFGCTRL_X0Y0        BUFG (Prop_bufg_I_O)         0.026     0.851 r  clk_IBUF_BUFG_inst/O
                         net (fo=2179, routed)        0.550     1.400    u_cpu/clk
    SLICE_X36Y24         FDRE                                         r  u_cpu/pc_reg[19]/C
  -------------------------------------------------------------------    -------------------
    SLICE_X36Y24         FDRE (Prop_fdre_C_Q)         0.141     1.541 r  u_cpu/pc_reg[19]/Q
                         net (fo=4, routed)           0.338     1.879    u_cpu/u_csr_file/imem_addr[19]
    SLICE_X30Y21         LUT5 (Prop_lut5_I4_O)        0.045     1.924 r  u_cpu/u_csr_file/mepc[19]_i_1/O
                         net (fo=1, routed)           0.000     1.924    u_cpu/u_csr_file/trap_pc[19]
    SLICE_X30Y21         FDRE                                         r  u_cpu/u_csr_file/mepc_reg[19]/D
  -------------------------------------------------------------------    -------------------

                         (clock perf_clk rise edge)
                                                      0.000     0.000 r  
    N15                                               0.000     0.000 r  clk (IN)
                         net (fo=0)                   0.000     0.000    clk
    N15                  IBUF (Prop_ibuf_I_O)         0.380     0.380 r  clk_IBUF_inst/O
                         net (fo=1, routed)           0.689     1.068    clk_IBUF
    BUFGCTRL_X0Y0        BUFG (Prop_bufg_I_O)         0.029     1.097 r  clk_IBUF_BUFG_inst/O
                         net (fo=2179, routed)        0.820     1.917    u_cpu/u_csr_file/clk
    SLICE_X30Y21         FDRE                                         r  u_cpu/u_csr_file/mepc_reg[19]/C
                         clock pessimism             -0.251     1.665    
    SLICE_X30Y21         FDRE (Hold_fdre_C_D)         0.121     1.786    u_cpu/u_csr_file/mepc_reg[19]
  -------------------------------------------------------------------
                         required time                         -1.786    
                         arrival time                           1.924    
  -------------------------------------------------------------------
                         slack                                  0.138    

Slack (MET) :             0.143ns  (arrival time - required time)
  Source:                 u_cpu/pc_reg[2]/C
                            (rising edge-triggered cell FDRE clocked by perf_clk  {rise@0.000ns fall@5.500ns period=11.000ns})
  Destination:            u_cpu/if_id_reg[instr][5]/D
                            (rising edge-triggered cell FDRE clocked by perf_clk  {rise@0.000ns fall@5.500ns period=11.000ns})
  Path Group:             perf_clk
  Path Type:              Hold (Min at Fast Process Corner)
  Requirement:            0.000ns  (perf_clk rise@0.000ns - perf_clk rise@0.000ns)
  Data Path Delay:        0.532ns  (logic 0.186ns (34.952%)  route 0.346ns (65.048%))
  Logic Levels:           1  (LUT6=1)
  Clock Path Skew:        0.268ns (DCD - SCD - CPR)
    Destination Clock Delay (DCD):    1.920ns
    Source Clock Delay      (SCD):    1.400ns
    Clock Pessimism Removal (CPR):    0.251ns

    Location             Delay type                Incr(ns)  Path(ns)    Netlist Resource(s)
  -------------------------------------------------------------------    -------------------
                         (clock perf_clk rise edge)
                                                      0.000     0.000 r  
    N15                                               0.000     0.000 r  clk (IN)
                         net (fo=0)                   0.000     0.000    clk
    N15                  IBUF (Prop_ibuf_I_O)         0.191     0.191 r  clk_IBUF_inst/O
                         net (fo=1, routed)           0.634     0.825    clk_IBUF
    BUFGCTRL_X0Y0        BUFG (Prop_bufg_I_O)         0.026     0.851 r  clk_IBUF_BUFG_inst/O
                         net (fo=2179, routed)        0.550     1.400    u_cpu/clk
    SLICE_X36Y24         FDRE                                         r  u_cpu/pc_reg[2]/C
  -------------------------------------------------------------------    -------------------
    SLICE_X36Y24         FDRE (Prop_fdre_C_Q)         0.141     1.541 r  u_cpu/pc_reg[2]/Q
                         net (fo=25, routed)          0.346     1.888    ia[2]
    SLICE_X34Y17         LUT6 (Prop_lut6_I0_O)        0.045     1.933 r  u_cpu_i_19/O
                         net (fo=1, routed)           0.000     1.933    u_cpu/imem_rdata[5]
    SLICE_X34Y17         FDRE                                         r  u_cpu/if_id_reg[instr][5]/D
  -------------------------------------------------------------------    -------------------

                         (clock perf_clk rise edge)
                                                      0.000     0.000 r  
    N15                                               0.000     0.000 r  clk (IN)
                         net (fo=0)                   0.000     0.000    clk
    N15                  IBUF (Prop_ibuf_I_O)         0.380     0.380 r  clk_IBUF_inst/O
                         net (fo=1, routed)           0.689     1.068    clk_IBUF
    BUFGCTRL_X0Y0        BUFG (Prop_bufg_I_O)         0.029     1.097 r  clk_IBUF_BUFG_inst/O
                         net (fo=2179, routed)        0.823     1.920    u_cpu/clk
    SLICE_X34Y17         FDRE                                         r  u_cpu/if_id_reg[instr][5]/C
                         clock pessimism             -0.251     1.668    
    SLICE_X34Y17         FDRE (Hold_fdre_C_D)         0.121     1.789    u_cpu/if_id_reg[instr][5]
  -------------------------------------------------------------------
                         required time                         -1.789    
                         arrival time                           1.933    
  -------------------------------------------------------------------
                         slack                                  0.143    

Slack (MET) :             0.158ns  (arrival time - required time)
  Source:                 u_cpu/ex_mem_reg[instr][12]/C
                            (rising edge-triggered cell FDRE clocked by perf_clk  {rise@0.000ns fall@5.500ns period=11.000ns})
  Destination:            u_cpu/mem_wb_reg[instr][12]/D
                            (rising edge-triggered cell FDRE clocked by perf_clk  {rise@0.000ns fall@5.500ns period=11.000ns})
  Path Group:             perf_clk
  Path Type:              Hold (Min at Fast Process Corner)
  Requirement:            0.000ns  (perf_clk rise@0.000ns - perf_clk rise@0.000ns)
  Data Path Delay:        0.187ns  (logic 0.128ns (68.397%)  route 0.059ns (31.603%))
  Logic Levels:           0  
  Clock Path Skew:        0.013ns (DCD - SCD - CPR)
    Destination Clock Delay (DCD):    1.956ns
    Source Clock Delay      (SCD):    1.439ns
    Clock Pessimism Removal (CPR):    0.503ns

    Location             Delay type                Incr(ns)  Path(ns)    Netlist Resource(s)
  -------------------------------------------------------------------    -------------------
                         (clock perf_clk rise edge)
                                                      0.000     0.000 r  
    N15                                               0.000     0.000 r  clk (IN)
                         net (fo=0)                   0.000     0.000    clk
    N15                  IBUF (Prop_ibuf_I_O)         0.191     0.191 r  clk_IBUF_inst/O
                         net (fo=1, routed)           0.634     0.825    clk_IBUF
    BUFGCTRL_X0Y0        BUFG (Prop_bufg_I_O)         0.026     0.851 r  clk_IBUF_BUFG_inst/O
                         net (fo=2179, routed)        0.589     1.439    u_cpu/clk
    SLICE_X5Y13          FDRE                                         r  u_cpu/ex_mem_reg[instr][12]/C
  -------------------------------------------------------------------    -------------------
    SLICE_X5Y13          FDRE (Prop_fdre_C_Q)         0.128     1.567 r  u_cpu/ex_mem_reg[instr][12]/Q
                         net (fo=1, routed)           0.059     1.627    u_cpu/ex_mem_reg[instr][12]
    SLICE_X4Y13          FDRE                                         r  u_cpu/mem_wb_reg[instr][12]/D
  -------------------------------------------------------------------    -------------------

                         (clock perf_clk rise edge)
                                                      0.000     0.000 r  
    N15                                               0.000     0.000 r  clk (IN)
                         net (fo=0)                   0.000     0.000    clk
    N15                  IBUF (Prop_ibuf_I_O)         0.380     0.380 r  clk_IBUF_inst/O
                         net (fo=1, routed)           0.689     1.068    clk_IBUF
    BUFGCTRL_X0Y0        BUFG (Prop_bufg_I_O)         0.029     1.097 r  clk_IBUF_BUFG_inst/O
                         net (fo=2179, routed)        0.859     1.956    u_cpu/clk
    SLICE_X4Y13          FDRE                                         r  u_cpu/mem_wb_reg[instr][12]/C
                         clock pessimism             -0.503     1.452    
    SLICE_X4Y13          FDRE (Hold_fdre_C_D)         0.016     1.468    u_cpu/mem_wb_reg[instr][12]
  -------------------------------------------------------------------
                         required time                         -1.468    
                         arrival time                           1.627    
  -------------------------------------------------------------------
                         slack                                  0.158    

Slack (MET) :             0.162ns  (arrival time - required time)
  Source:                 u_cpu/ex_mem_reg[pc_plus4][15]/C
                            (rising edge-triggered cell FDRE clocked by perf_clk  {rise@0.000ns fall@5.500ns period=11.000ns})
  Destination:            u_cpu/mem_wb_reg[pc_plus4][15]/D
                            (rising edge-triggered cell FDRE clocked by perf_clk  {rise@0.000ns fall@5.500ns period=11.000ns})
  Path Group:             perf_clk
  Path Type:              Hold (Min at Fast Process Corner)
  Requirement:            0.000ns  (perf_clk rise@0.000ns - perf_clk rise@0.000ns)
  Data Path Delay:        0.269ns  (logic 0.141ns (52.470%)  route 0.128ns (47.530%))
  Logic Levels:           0  
  Clock Path Skew:        0.035ns (DCD - SCD - CPR)
    Destination Clock Delay (DCD):    1.922ns
    Source Clock Delay      (SCD):    1.406ns
    Clock Pessimism Removal (CPR):    0.480ns

    Location             Delay type                Incr(ns)  Path(ns)    Netlist Resource(s)
  -------------------------------------------------------------------    -------------------
                         (clock perf_clk rise edge)
                                                      0.000     0.000 r  
    N15                                               0.000     0.000 r  clk (IN)
                         net (fo=0)                   0.000     0.000    clk
    N15                  IBUF (Prop_ibuf_I_O)         0.191     0.191 r  clk_IBUF_inst/O
                         net (fo=1, routed)           0.634     0.825    clk_IBUF
    BUFGCTRL_X0Y0        BUFG (Prop_bufg_I_O)         0.026     0.851 r  clk_IBUF_BUFG_inst/O
                         net (fo=2179, routed)        0.556     1.406    u_cpu/clk
    SLICE_X11Y21         FDRE                                         r  u_cpu/ex_mem_reg[pc_plus4][15]/C
  -------------------------------------------------------------------    -------------------
    SLICE_X11Y21         FDRE (Prop_fdre_C_Q)         0.141     1.547 r  u_cpu/ex_mem_reg[pc_plus4][15]/Q
                         net (fo=2, routed)           0.128     1.675    u_cpu/ex_mem_reg[pc_plus4][15]
    SLICE_X9Y20          FDRE                                         r  u_cpu/mem_wb_reg[pc_plus4][15]/D
  -------------------------------------------------------------------    -------------------

                         (clock perf_clk rise edge)
                                                      0.000     0.000 r  
    N15                                               0.000     0.000 r  clk (IN)
                         net (fo=0)                   0.000     0.000    clk
    N15                  IBUF (Prop_ibuf_I_O)         0.380     0.380 r  clk_IBUF_inst/O
                         net (fo=1, routed)           0.689     1.068    clk_IBUF
    BUFGCTRL_X0Y0        BUFG (Prop_bufg_I_O)         0.029     1.097 r  clk_IBUF_BUFG_inst/O
                         net (fo=2179, routed)        0.825     1.922    u_cpu/clk
    SLICE_X9Y20          FDRE                                         r  u_cpu/mem_wb_reg[pc_plus4][15]/C
                         clock pessimism             -0.480     1.441    
    SLICE_X9Y20          FDRE (Hold_fdre_C_D)         0.072     1.513    u_cpu/mem_wb_reg[pc_plus4][15]
  -------------------------------------------------------------------
                         required time                         -1.513    
                         arrival time                           1.675    
  -------------------------------------------------------------------
                         slack                                  0.162    

Slack (MET) :             0.168ns  (arrival time - required time)
  Source:                 u_cpu/id_ex_reg[mem_size][1]/C
                            (rising edge-triggered cell FDRE clocked by perf_clk  {rise@0.000ns fall@5.500ns period=11.000ns})
  Destination:            u_cpu/ex_mem_reg[mem_size][1]/D
                            (rising edge-triggered cell FDRE clocked by perf_clk  {rise@0.000ns fall@5.500ns period=11.000ns})
  Path Group:             perf_clk
  Path Type:              Hold (Min at Fast Process Corner)
  Requirement:            0.000ns  (perf_clk rise@0.000ns - perf_clk rise@0.000ns)
  Data Path Delay:        0.238ns  (logic 0.141ns (59.277%)  route 0.097ns (40.723%))
  Logic Levels:           0  
  Clock Path Skew:        0.013ns (DCD - SCD - CPR)
    Destination Clock Delay (DCD):    1.926ns
    Source Clock Delay      (SCD):    1.410ns
    Clock Pessimism Removal (CPR):    0.502ns

    Location             Delay type                Incr(ns)  Path(ns)    Netlist Resource(s)
  -------------------------------------------------------------------    -------------------
                         (clock perf_clk rise edge)
                                                      0.000     0.000 r  
    N15                                               0.000     0.000 r  clk (IN)
                         net (fo=0)                   0.000     0.000    clk
    N15                  IBUF (Prop_ibuf_I_O)         0.191     0.191 r  clk_IBUF_inst/O
                         net (fo=1, routed)           0.634     0.825    clk_IBUF
    BUFGCTRL_X0Y0        BUFG (Prop_bufg_I_O)         0.026     0.851 r  clk_IBUF_BUFG_inst/O
                         net (fo=2179, routed)        0.560     1.410    u_cpu/clk
    SLICE_X29Y12         FDRE                                         r  u_cpu/id_ex_reg[mem_size][1]/C
  -------------------------------------------------------------------    -------------------
    SLICE_X29Y12         FDRE (Prop_fdre_C_Q)         0.141     1.551 r  u_cpu/id_ex_reg[mem_size][1]/Q
                         net (fo=1, routed)           0.097     1.648    u_cpu/id_ex_reg[mem_size][1]
    SLICE_X28Y12         FDRE                                         r  u_cpu/ex_mem_reg[mem_size][1]/D
  -------------------------------------------------------------------    -------------------

                         (clock perf_clk rise edge)
                                                      0.000     0.000 r  
    N15                                               0.000     0.000 r  clk (IN)
                         net (fo=0)                   0.000     0.000    clk
    N15                  IBUF (Prop_ibuf_I_O)         0.380     0.380 r  clk_IBUF_inst/O
                         net (fo=1, routed)           0.689     1.068    clk_IBUF
    BUFGCTRL_X0Y0        BUFG (Prop_bufg_I_O)         0.029     1.097 r  clk_IBUF_BUFG_inst/O
                         net (fo=2179, routed)        0.829     1.926    u_cpu/clk
    SLICE_X28Y12         FDRE                                         r  u_cpu/ex_mem_reg[mem_size][1]/C
                         clock pessimism             -0.502     1.423    
    SLICE_X28Y12         FDRE (Hold_fdre_C_D)         0.057     1.480    u_cpu/ex_mem_reg[mem_size][1]
  -------------------------------------------------------------------
                         required time                         -1.480    
                         arrival time                           1.648    
  -------------------------------------------------------------------
                         slack                                  0.168    

Slack (MET) :             0.170ns  (arrival time - required time)
  Source:                 u_cpu/ex_mem_reg[pc][31]/C
                            (rising edge-triggered cell FDRE clocked by perf_clk  {rise@0.000ns fall@5.500ns period=11.000ns})
  Destination:            u_cpu/mem_wb_reg[pc][31]/D
                            (rising edge-triggered cell FDRE clocked by perf_clk  {rise@0.000ns fall@5.500ns period=11.000ns})
  Path Group:             perf_clk
  Path Type:              Hold (Min at Fast Process Corner)
  Requirement:            0.000ns  (perf_clk rise@0.000ns - perf_clk rise@0.000ns)
  Data Path Delay:        0.255ns  (logic 0.141ns (55.331%)  route 0.114ns (44.669%))
  Logic Levels:           0  
  Clock Path Skew:        0.014ns (DCD - SCD - CPR)
    Destination Clock Delay (DCD):    1.918ns
    Source Clock Delay      (SCD):    1.403ns
    Clock Pessimism Removal (CPR):    0.500ns

    Location             Delay type                Incr(ns)  Path(ns)    Netlist Resource(s)
  -------------------------------------------------------------------    -------------------
                         (clock perf_clk rise edge)
                                                      0.000     0.000 r  
    N15                                               0.000     0.000 r  clk (IN)
                         net (fo=0)                   0.000     0.000    clk
    N15                  IBUF (Prop_ibuf_I_O)         0.191     0.191 r  clk_IBUF_inst/O
                         net (fo=1, routed)           0.634     0.825    clk_IBUF
    BUFGCTRL_X0Y0        BUFG (Prop_bufg_I_O)         0.026     0.851 r  clk_IBUF_BUFG_inst/O
                         net (fo=2179, routed)        0.553     1.403    u_cpu/clk
    SLICE_X28Y27         FDRE                                         r  u_cpu/ex_mem_reg[pc][31]/C
  -------------------------------------------------------------------    -------------------
    SLICE_X28Y27         FDRE (Prop_fdre_C_Q)         0.141     1.544 r  u_cpu/ex_mem_reg[pc][31]/Q
                         net (fo=1, routed)           0.114     1.658    u_cpu/ex_mem_reg[pc][31]
    SLICE_X29Y28         FDRE                                         r  u_cpu/mem_wb_reg[pc][31]/D
  -------------------------------------------------------------------    -------------------

                         (clock perf_clk rise edge)
                                                      0.000     0.000 r  
    N15                                               0.000     0.000 r  clk (IN)
                         net (fo=0)                   0.000     0.000    clk
    N15                  IBUF (Prop_ibuf_I_O)         0.380     0.380 r  clk_IBUF_inst/O
                         net (fo=1, routed)           0.689     1.068    clk_IBUF
    BUFGCTRL_X0Y0        BUFG (Prop_bufg_I_O)         0.029     1.097 r  clk_IBUF_BUFG_inst/O
                         net (fo=2179, routed)        0.821     1.918    u_cpu/clk
    SLICE_X29Y28         FDRE                                         r  u_cpu/mem_wb_reg[pc][31]/C
                         clock pessimism             -0.500     1.417    
    SLICE_X29Y28         FDRE (Hold_fdre_C_D)         0.071     1.488    u_cpu/mem_wb_reg[pc][31]
  -------------------------------------------------------------------
                         required time                         -1.488    
                         arrival time                           1.658    
  -------------------------------------------------------------------
                         slack                                  0.170    

Slack (MET) :             0.170ns  (arrival time - required time)
  Source:                 u_cpu/ex_mem_reg[alu_result][14]/C
                            (rising edge-triggered cell FDRE clocked by perf_clk  {rise@0.000ns fall@5.500ns period=11.000ns})
  Destination:            u_cpu/mem_wb_reg[alu_result][14]/D
                            (rising edge-triggered cell FDRE clocked by perf_clk  {rise@0.000ns fall@5.500ns period=11.000ns})
  Path Group:             perf_clk
  Path Type:              Hold (Min at Fast Process Corner)
  Requirement:            0.000ns  (perf_clk rise@0.000ns - perf_clk rise@0.000ns)
  Data Path Delay:        0.270ns  (logic 0.141ns (52.234%)  route 0.129ns (47.766%))
  Logic Levels:           0  
  Clock Path Skew:        0.034ns (DCD - SCD - CPR)
    Destination Clock Delay (DCD):    1.956ns
    Source Clock Delay      (SCD):    1.441ns
    Clock Pessimism Removal (CPR):    0.480ns

    Location             Delay type                Incr(ns)  Path(ns)    Netlist Resource(s)
  -------------------------------------------------------------------    -------------------
                         (clock perf_clk rise edge)
                                                      0.000     0.000 r  
    N15                                               0.000     0.000 r  clk (IN)
                         net (fo=0)                   0.000     0.000    clk
    N15                  IBUF (Prop_ibuf_I_O)         0.191     0.191 r  clk_IBUF_inst/O
                         net (fo=1, routed)           0.634     0.825    clk_IBUF
    BUFGCTRL_X0Y0        BUFG (Prop_bufg_I_O)         0.026     0.851 r  clk_IBUF_BUFG_inst/O
                         net (fo=2179, routed)        0.591     1.441    u_cpu/clk
    SLICE_X3Y14          FDRE                                         r  u_cpu/ex_mem_reg[alu_result][14]/C
  -------------------------------------------------------------------    -------------------
    SLICE_X3Y14          FDRE (Prop_fdre_C_Q)         0.141     1.582 r  u_cpu/ex_mem_reg[alu_result][14]/Q
                         net (fo=3, routed)           0.129     1.711    u_cpu/dmem_addr[14]
    SLICE_X5Y14          FDRE                                         r  u_cpu/mem_wb_reg[alu_result][14]/D
  -------------------------------------------------------------------    -------------------

                         (clock perf_clk rise edge)
                                                      0.000     0.000 r  
    N15                                               0.000     0.000 r  clk (IN)
                         net (fo=0)                   0.000     0.000    clk
    N15                  IBUF (Prop_ibuf_I_O)         0.380     0.380 r  clk_IBUF_inst/O
                         net (fo=1, routed)           0.689     1.068    clk_IBUF
    BUFGCTRL_X0Y0        BUFG (Prop_bufg_I_O)         0.029     1.097 r  clk_IBUF_BUFG_inst/O
                         net (fo=2179, routed)        0.859     1.956    u_cpu/clk
    SLICE_X5Y14          FDRE                                         r  u_cpu/mem_wb_reg[alu_result][14]/C
                         clock pessimism             -0.480     1.475    
    SLICE_X5Y14          FDRE (Hold_fdre_C_D)         0.066     1.541    u_cpu/mem_wb_reg[alu_result][14]
  -------------------------------------------------------------------
                         required time                         -1.541    
                         arrival time                           1.711    
  -------------------------------------------------------------------
                         slack                                  0.170    

Slack (MET) :             0.174ns  (arrival time - required time)
  Source:                 u_cpu/pc_reg[17]/C
                            (rising edge-triggered cell FDRE clocked by perf_clk  {rise@0.000ns fall@5.500ns period=11.000ns})
  Destination:            u_cpu/u_csr_file/mepc_reg[17]/D
                            (rising edge-triggered cell FDRE clocked by perf_clk  {rise@0.000ns fall@5.500ns period=11.000ns})
  Path Group:             perf_clk
  Path Type:              Hold (Min at Fast Process Corner)
  Requirement:            0.000ns  (perf_clk rise@0.000ns - perf_clk rise@0.000ns)
  Data Path Delay:        0.533ns  (logic 0.186ns (34.918%)  route 0.347ns (65.082%))
  Logic Levels:           1  (LUT5=1)
  Clock Path Skew:        0.267ns (DCD - SCD - CPR)
    Destination Clock Delay (DCD):    1.919ns
    Source Clock Delay      (SCD):    1.400ns
    Clock Pessimism Removal (CPR):    0.251ns

    Location             Delay type                Incr(ns)  Path(ns)    Netlist Resource(s)
  -------------------------------------------------------------------    -------------------
                         (clock perf_clk rise edge)
                                                      0.000     0.000 r  
    N15                                               0.000     0.000 r  clk (IN)
                         net (fo=0)                   0.000     0.000    clk
    N15                  IBUF (Prop_ibuf_I_O)         0.191     0.191 r  clk_IBUF_inst/O
                         net (fo=1, routed)           0.634     0.825    clk_IBUF
    BUFGCTRL_X0Y0        BUFG (Prop_bufg_I_O)         0.026     0.851 r  clk_IBUF_BUFG_inst/O
                         net (fo=2179, routed)        0.550     1.400    u_cpu/clk
    SLICE_X36Y24         FDRE                                         r  u_cpu/pc_reg[17]/C
  -------------------------------------------------------------------    -------------------
    SLICE_X36Y24         FDRE (Prop_fdre_C_Q)         0.141     1.541 r  u_cpu/pc_reg[17]/Q
                         net (fo=4, routed)           0.347     1.888    u_cpu/u_csr_file/imem_addr[17]
    SLICE_X28Y29         LUT5 (Prop_lut5_I4_O)        0.045     1.933 r  u_cpu/u_csr_file/mepc[17]_i_1/O
                         net (fo=1, routed)           0.000     1.933    u_cpu/u_csr_file/trap_pc[17]
    SLICE_X28Y29         FDRE                                         r  u_cpu/u_csr_file/mepc_reg[17]/D
  -------------------------------------------------------------------    -------------------

                         (clock perf_clk rise edge)
                                                      0.000     0.000 r  
    N15                                               0.000     0.000 r  clk (IN)
                         net (fo=0)                   0.000     0.000    clk
    N15                  IBUF (Prop_ibuf_I_O)         0.380     0.380 r  clk_IBUF_inst/O
                         net (fo=1, routed)           0.689     1.068    clk_IBUF
    BUFGCTRL_X0Y0        BUFG (Prop_bufg_I_O)         0.029     1.097 r  clk_IBUF_BUFG_inst/O
                         net (fo=2179, routed)        0.822     1.919    u_cpu/u_csr_file/clk
    SLICE_X28Y29         FDRE                                         r  u_cpu/u_csr_file/mepc_reg[17]/C
                         clock pessimism             -0.251     1.667    
    SLICE_X28Y29         FDRE (Hold_fdre_C_D)         0.092     1.759    u_cpu/u_csr_file/mepc_reg[17]
  -------------------------------------------------------------------
                         required time                         -1.759    
                         arrival time                           1.933    
  -------------------------------------------------------------------
                         slack                                  0.174    

Slack (MET) :             0.176ns  (arrival time - required time)
  Source:                 u_cpu/if_id_reg[pc_plus4][19]/C
                            (rising edge-triggered cell FDRE clocked by perf_clk  {rise@0.000ns fall@5.500ns period=11.000ns})
  Destination:            u_cpu/id_ex_reg[pc_plus4][19]/D
                            (rising edge-triggered cell FDRE clocked by perf_clk  {rise@0.000ns fall@5.500ns period=11.000ns})
  Path Group:             perf_clk
  Path Type:              Hold (Min at Fast Process Corner)
  Requirement:            0.000ns  (perf_clk rise@0.000ns - perf_clk rise@0.000ns)
  Data Path Delay:        0.253ns  (logic 0.141ns (55.730%)  route 0.112ns (44.270%))
  Logic Levels:           0  
  Clock Path Skew:        0.013ns (DCD - SCD - CPR)
    Destination Clock Delay (DCD):    1.921ns
    Source Clock Delay      (SCD):    1.408ns
    Clock Pessimism Removal (CPR):    0.499ns

    Location             Delay type                Incr(ns)  Path(ns)    Netlist Resource(s)
  -------------------------------------------------------------------    -------------------
                         (clock perf_clk rise edge)
                                                      0.000     0.000 r  
    N15                                               0.000     0.000 r  clk (IN)
                         net (fo=0)                   0.000     0.000    clk
    N15                  IBUF (Prop_ibuf_I_O)         0.191     0.191 r  clk_IBUF_inst/O
                         net (fo=1, routed)           0.634     0.825    clk_IBUF
    BUFGCTRL_X0Y0        BUFG (Prop_bufg_I_O)         0.026     0.851 r  clk_IBUF_BUFG_inst/O
                         net (fo=2179, routed)        0.558     1.408    u_cpu/clk
    SLICE_X31Y16         FDRE                                         r  u_cpu/if_id_reg[pc_plus4][19]/C
  -------------------------------------------------------------------    -------------------
    SLICE_X31Y16         FDRE (Prop_fdre_C_Q)         0.141     1.549 r  u_cpu/if_id_reg[pc_plus4][19]/Q
                         net (fo=1, routed)           0.112     1.661    u_cpu/if_id_reg[pc_plus4][19]
    SLICE_X30Y17         FDRE                                         r  u_cpu/id_ex_reg[pc_plus4][19]/D
  -------------------------------------------------------------------    -------------------

                         (clock perf_clk rise edge)
                                                      0.000     0.000 r  
    N15                                               0.000     0.000 r  clk (IN)
                         net (fo=0)                   0.000     0.000    clk
    N15                  IBUF (Prop_ibuf_I_O)         0.380     0.380 r  clk_IBUF_inst/O
                         net (fo=1, routed)           0.689     1.068    clk_IBUF
    BUFGCTRL_X0Y0        BUFG (Prop_bufg_I_O)         0.029     1.097 r  clk_IBUF_BUFG_inst/O
                         net (fo=2179, routed)        0.824     1.921    u_cpu/clk
    SLICE_X30Y17         FDRE                                         r  u_cpu/id_ex_reg[pc_plus4][19]/C
                         clock pessimism             -0.499     1.421    
    SLICE_X30Y17         FDRE (Hold_fdre_C_D)         0.064     1.485    u_cpu/id_ex_reg[pc_plus4][19]
  -------------------------------------------------------------------
                         required time                         -1.485    
                         arrival time                           1.661    
  -------------------------------------------------------------------
                         slack                                  0.176    

Slack (MET) :             0.179ns  (arrival time - required time)
  Source:                 u_cpu/pc_reg[9]/C
                            (rising edge-triggered cell FDRE clocked by perf_clk  {rise@0.000ns fall@5.500ns period=11.000ns})
  Destination:            u_cpu/u_csr_file/mepc_reg[9]/D
                            (rising edge-triggered cell FDRE clocked by perf_clk  {rise@0.000ns fall@5.500ns period=11.000ns})
  Path Group:             perf_clk
  Path Type:              Hold (Min at Fast Process Corner)
  Requirement:            0.000ns  (perf_clk rise@0.000ns - perf_clk rise@0.000ns)
  Data Path Delay:        0.311ns  (logic 0.186ns (59.896%)  route 0.125ns (40.104%))
  Logic Levels:           1  (LUT5=1)
  Clock Path Skew:        0.011ns (DCD - SCD - CPR)
    Destination Clock Delay (DCD):    1.913ns
    Source Clock Delay      (SCD):    1.402ns
    Clock Pessimism Removal (CPR):    0.499ns

    Location             Delay type                Incr(ns)  Path(ns)    Netlist Resource(s)
  -------------------------------------------------------------------    -------------------
                         (clock perf_clk rise edge)
                                                      0.000     0.000 r  
    N15                                               0.000     0.000 r  clk (IN)
                         net (fo=0)                   0.000     0.000    clk
    N15                  IBUF (Prop_ibuf_I_O)         0.191     0.191 r  clk_IBUF_inst/O
                         net (fo=1, routed)           0.634     0.825    clk_IBUF
    BUFGCTRL_X0Y0        BUFG (Prop_bufg_I_O)         0.026     0.851 r  clk_IBUF_BUFG_inst/O
                         net (fo=2179, routed)        0.552     1.402    u_cpu/clk
    SLICE_X35Y27         FDRE                                         r  u_cpu/pc_reg[9]/C
  -------------------------------------------------------------------    -------------------
    SLICE_X35Y27         FDRE (Prop_fdre_C_Q)         0.141     1.543 r  u_cpu/pc_reg[9]/Q
                         net (fo=6, routed)           0.125     1.668    u_cpu/u_csr_file/imem_addr[9]
    SLICE_X34Y26         LUT5 (Prop_lut5_I4_O)        0.045     1.713 r  u_cpu/u_csr_file/mepc[9]_i_1/O
                         net (fo=1, routed)           0.000     1.713    u_cpu/u_csr_file/trap_pc[9]
    SLICE_X34Y26         FDRE                                         r  u_cpu/u_csr_file/mepc_reg[9]/D
  -------------------------------------------------------------------    -------------------

                         (clock perf_clk rise edge)
                                                      0.000     0.000 r  
    N15                                               0.000     0.000 r  clk (IN)
                         net (fo=0)                   0.000     0.000    clk
    N15                  IBUF (Prop_ibuf_I_O)         0.380     0.380 r  clk_IBUF_inst/O
                         net (fo=1, routed)           0.689     1.068    clk_IBUF
    BUFGCTRL_X0Y0        BUFG (Prop_bufg_I_O)         0.029     1.097 r  clk_IBUF_BUFG_inst/O
                         net (fo=2179, routed)        0.816     1.913    u_cpu/u_csr_file/clk
    SLICE_X34Y26         FDRE                                         r  u_cpu/u_csr_file/mepc_reg[9]/C
                         clock pessimism             -0.499     1.413    
    SLICE_X34Y26         FDRE (Hold_fdre_C_D)         0.121     1.534    u_cpu/u_csr_file/mepc_reg[9]
  -------------------------------------------------------------------
                         required time                         -1.534    
                         arrival time                           1.713    
  -------------------------------------------------------------------
                         slack                                  0.179    

Slack (MET) :             0.179ns  (arrival time - required time)
  Source:                 u_cpu/ex_mem_reg[pc][21]/C
                            (rising edge-triggered cell FDRE clocked by perf_clk  {rise@0.000ns fall@5.500ns period=11.000ns})
  Destination:            u_cpu/mem_wb_reg[pc][21]/D
                            (rising edge-triggered cell FDRE clocked by perf_clk  {rise@0.000ns fall@5.500ns period=11.000ns})
  Path Group:             perf_clk
  Path Type:              Hold (Min at Fast Process Corner)
  Requirement:            0.000ns  (perf_clk rise@0.000ns - perf_clk rise@0.000ns)
  Data Path Delay:        0.254ns  (logic 0.141ns (55.511%)  route 0.113ns (44.489%))
  Logic Levels:           0  
  Clock Path Skew:        0.000ns (DCD - SCD - CPR)
    Destination Clock Delay (DCD):    1.918ns
    Source Clock Delay      (SCD):    1.403ns
    Clock Pessimism Removal (CPR):    0.514ns

    Location             Delay type                Incr(ns)  Path(ns)    Netlist Resource(s)
  -------------------------------------------------------------------    -------------------
                         (clock perf_clk rise edge)
                                                      0.000     0.000 r  
    N15                                               0.000     0.000 r  clk (IN)
                         net (fo=0)                   0.000     0.000    clk
    N15                  IBUF (Prop_ibuf_I_O)         0.191     0.191 r  clk_IBUF_inst/O
                         net (fo=1, routed)           0.634     0.825    clk_IBUF
    BUFGCTRL_X0Y0        BUFG (Prop_bufg_I_O)         0.026     0.851 r  clk_IBUF_BUFG_inst/O
                         net (fo=2179, routed)        0.553     1.403    u_cpu/clk
    SLICE_X29Y28         FDRE                                         r  u_cpu/ex_mem_reg[pc][21]/C
  -------------------------------------------------------------------    -------------------
    SLICE_X29Y28         FDRE (Prop_fdre_C_Q)         0.141     1.544 r  u_cpu/ex_mem_reg[pc][21]/Q
                         net (fo=1, routed)           0.113     1.657    u_cpu/ex_mem_reg[pc][21]
    SLICE_X29Y28         FDRE                                         r  u_cpu/mem_wb_reg[pc][21]/D
  -------------------------------------------------------------------    -------------------

                         (clock perf_clk rise edge)
                                                      0.000     0.000 r  
    N15                                               0.000     0.000 r  clk (IN)
                         net (fo=0)                   0.000     0.000    clk
    N15                  IBUF (Prop_ibuf_I_O)         0.380     0.380 r  clk_IBUF_inst/O
                         net (fo=1, routed)           0.689     1.068    clk_IBUF
    BUFGCTRL_X0Y0        BUFG (Prop_bufg_I_O)         0.029     1.097 r  clk_IBUF_BUFG_inst/O
                         net (fo=2179, routed)        0.821     1.918    u_cpu/clk
    SLICE_X29Y28         FDRE                                         r  u_cpu/mem_wb_reg[pc][21]/C
                         clock pessimism             -0.514     1.403    
    SLICE_X29Y28         FDRE (Hold_fdre_C_D)         0.075     1.478    u_cpu/mem_wb_reg[pc][21]
  -------------------------------------------------------------------
                         required time                         -1.478    
                         arrival time                           1.657    
  -------------------------------------------------------------------
                         slack                                  0.179    

Slack (MET) :             0.179ns  (arrival time - required time)
  Source:                 u_cpu/ex_mem_reg[pc][9]/C
                            (rising edge-triggered cell FDRE clocked by perf_clk  {rise@0.000ns fall@5.500ns period=11.000ns})
  Destination:            u_cpu/mem_wb_reg[pc][9]/D
                            (rising edge-triggered cell FDRE clocked by perf_clk  {rise@0.000ns fall@5.500ns period=11.000ns})
  Path Group:             perf_clk
  Path Type:              Hold (Min at Fast Process Corner)
  Requirement:            0.000ns  (perf_clk rise@0.000ns - perf_clk rise@0.000ns)
  Data Path Delay:        0.251ns  (logic 0.141ns (56.174%)  route 0.110ns (43.826%))
  Logic Levels:           0  
  Clock Path Skew:        0.000ns (DCD - SCD - CPR)
    Destination Clock Delay (DCD):    1.928ns
    Source Clock Delay      (SCD):    1.412ns
    Clock Pessimism Removal (CPR):    0.515ns

    Location             Delay type                Incr(ns)  Path(ns)    Netlist Resource(s)
  -------------------------------------------------------------------    -------------------
                         (clock perf_clk rise edge)
                                                      0.000     0.000 r  
    N15                                               0.000     0.000 r  clk (IN)
                         net (fo=0)                   0.000     0.000    clk
    N15                  IBUF (Prop_ibuf_I_O)         0.191     0.191 r  clk_IBUF_inst/O
                         net (fo=1, routed)           0.634     0.825    clk_IBUF
    BUFGCTRL_X0Y0        BUFG (Prop_bufg_I_O)         0.026     0.851 r  clk_IBUF_BUFG_inst/O
                         net (fo=2179, routed)        0.562     1.412    u_cpu/clk
    SLICE_X33Y9          FDRE                                         r  u_cpu/ex_mem_reg[pc][9]/C
  -------------------------------------------------------------------    -------------------
    SLICE_X33Y9          FDRE (Prop_fdre_C_Q)         0.141     1.553 r  u_cpu/ex_mem_reg[pc][9]/Q
                         net (fo=1, routed)           0.110     1.663    u_cpu/ex_mem_reg[pc][9]
    SLICE_X33Y9          FDRE                                         r  u_cpu/mem_wb_reg[pc][9]/D
  -------------------------------------------------------------------    -------------------

                         (clock perf_clk rise edge)
                                                      0.000     0.000 r  
    N15                                               0.000     0.000 r  clk (IN)
                         net (fo=0)                   0.000     0.000    clk
    N15                  IBUF (Prop_ibuf_I_O)         0.380     0.380 r  clk_IBUF_inst/O
                         net (fo=1, routed)           0.689     1.068    clk_IBUF
    BUFGCTRL_X0Y0        BUFG (Prop_bufg_I_O)         0.029     1.097 r  clk_IBUF_BUFG_inst/O
                         net (fo=2179, routed)        0.831     1.928    u_cpu/clk
    SLICE_X33Y9          FDRE                                         r  u_cpu/mem_wb_reg[pc][9]/C
                         clock pessimism             -0.515     1.412    
    SLICE_X33Y9          FDRE (Hold_fdre_C_D)         0.072     1.484    u_cpu/mem_wb_reg[pc][9]
  -------------------------------------------------------------------
                         required time                         -1.484    
                         arrival time                           1.663    
  -------------------------------------------------------------------
                         slack                                  0.179    

Slack (MET) :             0.179ns  (arrival time - required time)
  Source:                 u_cpu/ex_mem_reg[pc][23]/C
                            (rising edge-triggered cell FDRE clocked by perf_clk  {rise@0.000ns fall@5.500ns period=11.000ns})
  Destination:            u_cpu/mem_wb_reg[pc][23]/D
                            (rising edge-triggered cell FDRE clocked by perf_clk  {rise@0.000ns fall@5.500ns period=11.000ns})
  Path Group:             perf_clk
  Path Type:              Hold (Min at Fast Process Corner)
  Requirement:            0.000ns  (perf_clk rise@0.000ns - perf_clk rise@0.000ns)
  Data Path Delay:        0.251ns  (logic 0.141ns (56.174%)  route 0.110ns (43.826%))
  Logic Levels:           0  
  Clock Path Skew:        0.000ns (DCD - SCD - CPR)
    Destination Clock Delay (DCD):    1.916ns
    Source Clock Delay      (SCD):    1.402ns
    Clock Pessimism Removal (CPR):    0.513ns

    Location             Delay type                Incr(ns)  Path(ns)    Netlist Resource(s)
  -------------------------------------------------------------------    -------------------
                         (clock perf_clk rise edge)
                                                      0.000     0.000 r  
    N15                                               0.000     0.000 r  clk (IN)
                         net (fo=0)                   0.000     0.000    clk
    N15                  IBUF (Prop_ibuf_I_O)         0.191     0.191 r  clk_IBUF_inst/O
                         net (fo=1, routed)           0.634     0.825    clk_IBUF
    BUFGCTRL_X0Y0        BUFG (Prop_bufg_I_O)         0.026     0.851 r  clk_IBUF_BUFG_inst/O
                         net (fo=2179, routed)        0.552     1.402    u_cpu/clk
    SLICE_X35Y21         FDRE                                         r  u_cpu/ex_mem_reg[pc][23]/C
  -------------------------------------------------------------------    -------------------
    SLICE_X35Y21         FDRE (Prop_fdre_C_Q)         0.141     1.543 r  u_cpu/ex_mem_reg[pc][23]/Q
                         net (fo=1, routed)           0.110     1.653    u_cpu/ex_mem_reg[pc][23]
    SLICE_X35Y21         FDRE                                         r  u_cpu/mem_wb_reg[pc][23]/D
  -------------------------------------------------------------------    -------------------

                         (clock perf_clk rise edge)
                                                      0.000     0.000 r  
    N15                                               0.000     0.000 r  clk (IN)
                         net (fo=0)                   0.000     0.000    clk
    N15                  IBUF (Prop_ibuf_I_O)         0.380     0.380 r  clk_IBUF_inst/O
                         net (fo=1, routed)           0.689     1.068    clk_IBUF
    BUFGCTRL_X0Y0        BUFG (Prop_bufg_I_O)         0.029     1.097 r  clk_IBUF_BUFG_inst/O
                         net (fo=2179, routed)        0.819     1.916    u_cpu/clk
    SLICE_X35Y21         FDRE                                         r  u_cpu/mem_wb_reg[pc][23]/C
                         clock pessimism             -0.513     1.402    
    SLICE_X35Y21         FDRE (Hold_fdre_C_D)         0.072     1.474    u_cpu/mem_wb_reg[pc][23]
  -------------------------------------------------------------------
                         required time                         -1.474    
                         arrival time                           1.653    
  -------------------------------------------------------------------
                         slack                                  0.179    

Slack (MET) :             0.179ns  (arrival time - required time)
  Source:                 u_cpu/ex_mem_reg[pc][6]/C
                            (rising edge-triggered cell FDRE clocked by perf_clk  {rise@0.000ns fall@5.500ns period=11.000ns})
  Destination:            u_cpu/mem_wb_reg[pc][6]/D
                            (rising edge-triggered cell FDRE clocked by perf_clk  {rise@0.000ns fall@5.500ns period=11.000ns})
  Path Group:             perf_clk
  Path Type:              Hold (Min at Fast Process Corner)
  Requirement:            0.000ns  (perf_clk rise@0.000ns - perf_clk rise@0.000ns)
  Data Path Delay:        0.251ns  (logic 0.141ns (56.174%)  route 0.110ns (43.826%))
  Logic Levels:           0  
  Clock Path Skew:        0.000ns (DCD - SCD - CPR)
    Destination Clock Delay (DCD):    1.959ns
    Source Clock Delay      (SCD):    1.441ns
    Clock Pessimism Removal (CPR):    0.517ns

    Location             Delay type                Incr(ns)  Path(ns)    Netlist Resource(s)
  -------------------------------------------------------------------    -------------------
                         (clock perf_clk rise edge)
                                                      0.000     0.000 r  
    N15                                               0.000     0.000 r  clk (IN)
                         net (fo=0)                   0.000     0.000    clk
    N15                  IBUF (Prop_ibuf_I_O)         0.191     0.191 r  clk_IBUF_inst/O
                         net (fo=1, routed)           0.634     0.825    clk_IBUF
    BUFGCTRL_X0Y0        BUFG (Prop_bufg_I_O)         0.026     0.851 r  clk_IBUF_BUFG_inst/O
                         net (fo=2179, routed)        0.591     1.441    u_cpu/clk
    SLICE_X7Y11          FDRE                                         r  u_cpu/ex_mem_reg[pc][6]/C
  -------------------------------------------------------------------    -------------------
    SLICE_X7Y11          FDRE (Prop_fdre_C_Q)         0.141     1.582 r  u_cpu/ex_mem_reg[pc][6]/Q
                         net (fo=1, routed)           0.110     1.692    u_cpu/ex_mem_reg[pc][6]
    SLICE_X7Y11          FDRE                                         r  u_cpu/mem_wb_reg[pc][6]/D
  -------------------------------------------------------------------    -------------------

                         (clock perf_clk rise edge)
                                                      0.000     0.000 r  
    N15                                               0.000     0.000 r  clk (IN)
                         net (fo=0)                   0.000     0.000    clk
    N15                  IBUF (Prop_ibuf_I_O)         0.380     0.380 r  clk_IBUF_inst/O
                         net (fo=1, routed)           0.689     1.068    clk_IBUF
    BUFGCTRL_X0Y0        BUFG (Prop_bufg_I_O)         0.029     1.097 r  clk_IBUF_BUFG_inst/O
                         net (fo=2179, routed)        0.862     1.959    u_cpu/clk
    SLICE_X7Y11          FDRE                                         r  u_cpu/mem_wb_reg[pc][6]/C
                         clock pessimism             -0.517     1.441    
    SLICE_X7Y11          FDRE (Hold_fdre_C_D)         0.072     1.513    u_cpu/mem_wb_reg[pc][6]
  -------------------------------------------------------------------
                         required time                         -1.513    
                         arrival time                           1.692    
  -------------------------------------------------------------------
                         slack                                  0.179    

Slack (MET) :             0.181ns  (arrival time - required time)
  Source:                 u_cpu/ex_mem_reg[pc_plus4][29]/C
                            (rising edge-triggered cell FDRE clocked by perf_clk  {rise@0.000ns fall@5.500ns period=11.000ns})
  Destination:            u_cpu/mem_wb_reg[pc_plus4][29]/D
                            (rising edge-triggered cell FDRE clocked by perf_clk  {rise@0.000ns fall@5.500ns period=11.000ns})
  Path Group:             perf_clk
  Path Type:              Hold (Min at Fast Process Corner)
  Requirement:            0.000ns  (perf_clk rise@0.000ns - perf_clk rise@0.000ns)
  Data Path Delay:        0.264ns  (logic 0.141ns (53.387%)  route 0.123ns (46.613%))
  Logic Levels:           0  
  Clock Path Skew:        0.011ns (DCD - SCD - CPR)
    Destination Clock Delay (DCD):    1.918ns
    Source Clock Delay      (SCD):    1.406ns
    Clock Pessimism Removal (CPR):    0.500ns

    Location             Delay type                Incr(ns)  Path(ns)    Netlist Resource(s)
  -------------------------------------------------------------------    -------------------
                         (clock perf_clk rise edge)
                                                      0.000     0.000 r  
    N15                                               0.000     0.000 r  clk (IN)
                         net (fo=0)                   0.000     0.000    clk
    N15                  IBUF (Prop_ibuf_I_O)         0.191     0.191 r  clk_IBUF_inst/O
                         net (fo=1, routed)           0.634     0.825    clk_IBUF
    BUFGCTRL_X0Y0        BUFG (Prop_bufg_I_O)         0.026     0.851 r  clk_IBUF_BUFG_inst/O
                         net (fo=2179, routed)        0.556     1.406    u_cpu/clk
    SLICE_X11Y22         FDRE                                         r  u_cpu/ex_mem_reg[pc_plus4][29]/C
  -------------------------------------------------------------------    -------------------
    SLICE_X11Y22         FDRE (Prop_fdre_C_Q)         0.141     1.547 r  u_cpu/ex_mem_reg[pc_plus4][29]/Q
                         net (fo=2, routed)           0.123     1.671    u_cpu/ex_mem_reg[pc_plus4][29]
    SLICE_X11Y23         FDRE                                         r  u_cpu/mem_wb_reg[pc_plus4][29]/D
  -------------------------------------------------------------------    -------------------

                         (clock perf_clk rise edge)
                                                      0.000     0.000 r  
    N15                                               0.000     0.000 r  clk (IN)
                         net (fo=0)                   0.000     0.000    clk
    N15                  IBUF (Prop_ibuf_I_O)         0.380     0.380 r  clk_IBUF_inst/O
                         net (fo=1, routed)           0.689     1.068    clk_IBUF
    BUFGCTRL_X0Y0        BUFG (Prop_bufg_I_O)         0.029     1.097 r  clk_IBUF_BUFG_inst/O
                         net (fo=2179, routed)        0.821     1.918    u_cpu/clk
    SLICE_X11Y23         FDRE                                         r  u_cpu/mem_wb_reg[pc_plus4][29]/C
                         clock pessimism             -0.500     1.417    
    SLICE_X11Y23         FDRE (Hold_fdre_C_D)         0.072     1.489    u_cpu/mem_wb_reg[pc_plus4][29]
  -------------------------------------------------------------------
                         required time                         -1.489    
                         arrival time                           1.671    
  -------------------------------------------------------------------
                         slack                                  0.181    

Slack (MET) :             0.184ns  (arrival time - required time)
  Source:                 u_cpu/if_id_reg[pc_plus4][10]/C
                            (rising edge-triggered cell FDRE clocked by perf_clk  {rise@0.000ns fall@5.500ns period=11.000ns})
  Destination:            u_cpu/id_ex_reg[pc_plus4][10]/D
                            (rising edge-triggered cell FDRE clocked by perf_clk  {rise@0.000ns fall@5.500ns period=11.000ns})
  Path Group:             perf_clk
  Path Type:              Hold (Min at Fast Process Corner)
  Requirement:            0.000ns  (perf_clk rise@0.000ns - perf_clk rise@0.000ns)
  Data Path Delay:        0.257ns  (logic 0.141ns (54.812%)  route 0.116ns (45.188%))
  Logic Levels:           0  
  Clock Path Skew:        0.013ns (DCD - SCD - CPR)
    Destination Clock Delay (DCD):    1.922ns
    Source Clock Delay      (SCD):    1.409ns
    Clock Pessimism Removal (CPR):    0.499ns

    Location             Delay type                Incr(ns)  Path(ns)    Netlist Resource(s)
  -------------------------------------------------------------------    -------------------
                         (clock perf_clk rise edge)
                                                      0.000     0.000 r  
    N15                                               0.000     0.000 r  clk (IN)
                         net (fo=0)                   0.000     0.000    clk
    N15                  IBUF (Prop_ibuf_I_O)         0.191     0.191 r  clk_IBUF_inst/O
                         net (fo=1, routed)           0.634     0.825    clk_IBUF
    BUFGCTRL_X0Y0        BUFG (Prop_bufg_I_O)         0.026     0.851 r  clk_IBUF_BUFG_inst/O
                         net (fo=2179, routed)        0.559     1.409    u_cpu/clk
    SLICE_X31Y14         FDRE                                         r  u_cpu/if_id_reg[pc_plus4][10]/C
  -------------------------------------------------------------------    -------------------
    SLICE_X31Y14         FDRE (Prop_fdre_C_Q)         0.141     1.550 r  u_cpu/if_id_reg[pc_plus4][10]/Q
                         net (fo=1, routed)           0.116     1.667    u_cpu/if_id_reg[pc_plus4][10]
    SLICE_X30Y16         FDRE                                         r  u_cpu/id_ex_reg[pc_plus4][10]/D
  -------------------------------------------------------------------    -------------------

                         (clock perf_clk rise edge)
                                                      0.000     0.000 r  
    N15                                               0.000     0.000 r  clk (IN)
                         net (fo=0)                   0.000     0.000    clk
    N15                  IBUF (Prop_ibuf_I_O)         0.380     0.380 r  clk_IBUF_inst/O
                         net (fo=1, routed)           0.689     1.068    clk_IBUF
    BUFGCTRL_X0Y0        BUFG (Prop_bufg_I_O)         0.029     1.097 r  clk_IBUF_BUFG_inst/O
                         net (fo=2179, routed)        0.825     1.922    u_cpu/clk
    SLICE_X30Y16         FDRE                                         r  u_cpu/id_ex_reg[pc_plus4][10]/C
                         clock pessimism             -0.499     1.422    
    SLICE_X30Y16         FDRE (Hold_fdre_C_D)         0.060     1.482    u_cpu/id_ex_reg[pc_plus4][10]
  -------------------------------------------------------------------
                         required time                         -1.482    
                         arrival time                           1.667    
  -------------------------------------------------------------------
                         slack                                  0.184    

Slack (MET) :             0.184ns  (arrival time - required time)
  Source:                 u_cpu/u_csr_file/mepc_reg[2]/C
                            (rising edge-triggered cell FDRE clocked by perf_clk  {rise@0.000ns fall@5.500ns period=11.000ns})
  Destination:            u_cpu/pc_reg[2]/D
                            (rising edge-triggered cell FDRE clocked by perf_clk  {rise@0.000ns fall@5.500ns period=11.000ns})
  Path Group:             perf_clk
  Path Type:              Hold (Min at Fast Process Corner)
  Requirement:            0.000ns  (perf_clk rise@0.000ns - perf_clk rise@0.000ns)
  Data Path Delay:        0.533ns  (logic 0.186ns (34.868%)  route 0.347ns (65.132%))
  Logic Levels:           1  (LUT4=1)
  Clock Path Skew:        0.257ns (DCD - SCD - CPR)
    Destination Clock Delay (DCD):    1.913ns
    Source Clock Delay      (SCD):    1.404ns
    Clock Pessimism Removal (CPR):    0.251ns

    Location             Delay type                Incr(ns)  Path(ns)    Netlist Resource(s)
  -------------------------------------------------------------------    -------------------
                         (clock perf_clk rise edge)
                                                      0.000     0.000 r  
    N15                                               0.000     0.000 r  clk (IN)
                         net (fo=0)                   0.000     0.000    clk
    N15                  IBUF (Prop_ibuf_I_O)         0.191     0.191 r  clk_IBUF_inst/O
                         net (fo=1, routed)           0.634     0.825    clk_IBUF
    BUFGCTRL_X0Y0        BUFG (Prop_bufg_I_O)         0.026     0.851 r  clk_IBUF_BUFG_inst/O
                         net (fo=2179, routed)        0.554     1.404    u_cpu/u_csr_file/clk
    SLICE_X31Y29         FDRE                                         r  u_cpu/u_csr_file/mepc_reg[2]/C
  -------------------------------------------------------------------    -------------------
    SLICE_X31Y29         FDRE (Prop_fdre_C_Q)         0.141     1.545 r  u_cpu/u_csr_file/mepc_reg[2]/Q
                         net (fo=1, routed)           0.347     1.893    u_cpu/u_csr_file/csr_mepc[2]
    SLICE_X36Y24         LUT4 (Prop_lut4_I2_O)        0.045     1.938 r  u_cpu/u_csr_file/pc[2]_i_1/O
                         net (fo=1, routed)           0.000     1.938    u_cpu/pc0_in[2]
    SLICE_X36Y24         FDRE                                         r  u_cpu/pc_reg[2]/D
  -------------------------------------------------------------------    -------------------

                         (clock perf_clk rise edge)
                                                      0.000     0.000 r  
    N15                                               0.000     0.000 r  clk (IN)
                         net (fo=0)                   0.000     0.000    clk
    N15                  IBUF (Prop_ibuf_I_O)         0.380     0.380 r  clk_IBUF_inst/O
                         net (fo=1, routed)           0.689     1.068    clk_IBUF
    BUFGCTRL_X0Y0        BUFG (Prop_bufg_I_O)         0.029     1.097 r  clk_IBUF_BUFG_inst/O
                         net (fo=2179, routed)        0.816     1.913    u_cpu/clk
    SLICE_X36Y24         FDRE                                         r  u_cpu/pc_reg[2]/C
                         clock pessimism             -0.251     1.661    
    SLICE_X36Y24         FDRE (Hold_fdre_C_D)         0.092     1.753    u_cpu/pc_reg[2]
  -------------------------------------------------------------------
                         required time                         -1.753    
                         arrival time                           1.938    
  -------------------------------------------------------------------
                         slack                                  0.184    





Pulse Width Checks
--------------------------------------------------------------------------------------
Clock Name:         perf_clk
Waveform(ns):       { 0.000 5.500 }
Period(ns):         11.000
Sources:            { clk }

Check Type        Corner  Lib Pin      Reference Pin  Required(ns)  Actual(ns)  Slack(ns)  Location       Pin
Min Period        n/a     BUFG/I       n/a            2.155         11.000      8.845      BUFGCTRL_X0Y0  clk_IBUF_BUFG_inst/I
Min Period        n/a     FDRE/C       n/a            1.000         11.000      10.000     SLICE_X14Y23   u_cpu/branch_count_reg[4]/C
Min Period        n/a     FDRE/C       n/a            1.000         11.000      10.000     SLICE_X14Y23   u_cpu/branch_count_reg[5]/C
Min Period        n/a     FDRE/C       n/a            1.000         11.000      10.000     SLICE_X14Y23   u_cpu/branch_count_reg[6]/C
Min Period        n/a     FDRE/C       n/a            1.000         11.000      10.000     SLICE_X14Y23   u_cpu/branch_count_reg[7]/C
Min Period        n/a     FDRE/C       n/a            1.000         11.000      10.000     SLICE_X14Y29   u_cpu/branch_count_reg[8]/C
Min Period        n/a     FDRE/C       n/a            1.000         11.000      10.000     SLICE_X14Y29   u_cpu/branch_count_reg[9]/C
Min Period        n/a     FDRE/C       n/a            1.000         11.000      10.000     SLICE_X36Y10   u_cpu/branch_mispredict_count_reg[0]/C
Min Period        n/a     FDRE/C       n/a            1.000         11.000      10.000     SLICE_X36Y12   u_cpu/branch_mispredict_count_reg[10]/C
Min Period        n/a     FDRE/C       n/a            1.000         11.000      10.000     SLICE_X36Y12   u_cpu/branch_mispredict_count_reg[11]/C
Min Period        n/a     FDRE/C       n/a            1.000         11.000      10.000     SLICE_X5Y12    u_cpu/ex_mem_reg[instr][21]/C
Min Period        n/a     FDRE/C       n/a            1.000         11.000      10.000     SLICE_X10Y24   u_cpu/ex_mem_reg[instr][22]/C
Min Period        n/a     FDRE/C       n/a            1.000         11.000      10.000     SLICE_X11Y20   u_cpu/ex_mem_reg[instr][23]/C
Min Period        n/a     FDRE/C       n/a            1.000         11.000      10.000     SLICE_X8Y26    u_cpu/ex_mem_reg[instr][24]/C
Min Period        n/a     FDRE/C       n/a            1.000         11.000      10.000     SLICE_X6Y25    u_cpu/ex_mem_reg[instr][25]/C
Min Period        n/a     FDRE/C       n/a            1.000         11.000      10.000     SLICE_X10Y29   u_cpu/ex_mem_reg[instr][26]/C
Min Period        n/a     FDRE/C       n/a            1.000         11.000      10.000     SLICE_X28Y28   u_cpu/ex_mem_reg[instr][27]/C
Min Period        n/a     FDRE/C       n/a            1.000         11.000      10.000     SLICE_X28Y28   u_cpu/ex_mem_reg[instr][28]/C
Min Period        n/a     FDRE/C       n/a            1.000         11.000      10.000     SLICE_X11Y26   u_cpu/ex_mem_reg[instr][29]/C
Min Period        n/a     FDRE/C       n/a            1.000         11.000      10.000     SLICE_X28Y8    u_cpu/ex_mem_reg[instr][2]/C
Low Pulse Width   Slow    RAMS64E/CLK  n/a            1.250         5.500       4.250      SLICE_X10Y19   dmem_reg_0_255_27_27/RAMS64E_A/CLK
Low Pulse Width   Slow    RAMS64E/CLK  n/a            1.250         5.500       4.250      SLICE_X10Y19   dmem_reg_0_255_27_27/RAMS64E_B/CLK
Low Pulse Width   Slow    RAMS64E/CLK  n/a            1.250         5.500       4.250      SLICE_X10Y19   dmem_reg_0_255_27_27/RAMS64E_C/CLK
Low Pulse Width   Slow    RAMS64E/CLK  n/a            1.250         5.500       4.250      SLICE_X10Y19   dmem_reg_0_255_27_27/RAMS64E_D/CLK
Low Pulse Width   Slow    RAMS64E/CLK  n/a            1.250         5.500       4.250      SLICE_X10Y20   dmem_reg_0_255_31_31/RAMS64E_A/CLK
Low Pulse Width   Slow    RAMS64E/CLK  n/a            1.250         5.500       4.250      SLICE_X10Y20   dmem_reg_0_255_31_31/RAMS64E_B/CLK
Low Pulse Width   Slow    RAMS64E/CLK  n/a            1.250         5.500       4.250      SLICE_X10Y20   dmem_reg_0_255_31_31/RAMS64E_C/CLK
Low Pulse Width   Slow    RAMS64E/CLK  n/a            1.250         5.500       4.250      SLICE_X10Y20   dmem_reg_0_255_31_31/RAMS64E_D/CLK
Low Pulse Width   Fast    RAMS64E/CLK  n/a            1.250         5.500       4.250      SLICE_X6Y14    dmem_reg_0_255_0_0/RAMS64E_A/CLK
Low Pulse Width   Fast    RAMS64E/CLK  n/a            1.250         5.500       4.250      SLICE_X6Y14    dmem_reg_0_255_0_0/RAMS64E_B/CLK
Low Pulse Width   Fast    RAMS64E/CLK  n/a            1.250         5.500       4.250      SLICE_X6Y14    dmem_reg_0_255_0_0/RAMS64E_C/CLK
Low Pulse Width   Fast    RAMS64E/CLK  n/a            1.250         5.500       4.250      SLICE_X6Y14    dmem_reg_0_255_0_0/RAMS64E_D/CLK
Low Pulse Width   Fast    RAMS64E/CLK  n/a            1.250         5.500       4.250      SLICE_X10Y9    dmem_reg_0_255_10_10/RAMS64E_A/CLK
Low Pulse Width   Fast    RAMS64E/CLK  n/a            1.250         5.500       4.250      SLICE_X10Y19   dmem_reg_0_255_27_27/RAMS64E_A/CLK
Low Pulse Width   Fast    RAMS64E/CLK  n/a            1.250         5.500       4.250      SLICE_X10Y19   dmem_reg_0_255_27_27/RAMS64E_B/CLK
Low Pulse Width   Fast    RAMS64E/CLK  n/a            1.250         5.500       4.250      SLICE_X10Y19   dmem_reg_0_255_27_27/RAMS64E_C/CLK
Low Pulse Width   Fast    RAMS64E/CLK  n/a            1.250         5.500       4.250      SLICE_X10Y19   dmem_reg_0_255_27_27/RAMS64E_D/CLK
Low Pulse Width   Slow    RAMS64E/CLK  n/a            1.250         5.500       4.250      SLICE_X6Y21    dmem_reg_0_255_28_28/RAMS64E_A/CLK
Low Pulse Width   Slow    RAMS64E/CLK  n/a            1.250         5.500       4.250      SLICE_X6Y21    dmem_reg_0_255_28_28/RAMS64E_B/CLK
Low Pulse Width   Fast    RAMS64E/CLK  n/a            1.250         5.500       4.250      SLICE_X10Y9    dmem_reg_0_255_10_10/RAMS64E_B/CLK
High Pulse Width  Slow    RAMS64E/CLK  n/a            1.250         5.500       4.250      SLICE_X10Y9    dmem_reg_0_255_10_10/RAMS64E_A/CLK
High Pulse Width  Slow    RAMS64E/CLK  n/a            1.250         5.500       4.250      SLICE_X10Y9    dmem_reg_0_255_10_10/RAMS64E_B/CLK
High Pulse Width  Slow    RAMS64E/CLK  n/a            1.250         5.500       4.250      SLICE_X10Y9    dmem_reg_0_255_10_10/RAMS64E_C/CLK
High Pulse Width  Slow    RAMS64E/CLK  n/a            1.250         5.500       4.250      SLICE_X10Y9    dmem_reg_0_255_10_10/RAMS64E_D/CLK
High Pulse Width  Slow    RAMS64E/CLK  n/a            1.250         5.500       4.250      SLICE_X10Y10   dmem_reg_0_255_11_11/RAMS64E_A/CLK
High Pulse Width  Slow    RAMS64E/CLK  n/a            1.250         5.500       4.250      SLICE_X10Y10   dmem_reg_0_255_11_11/RAMS64E_B/CLK
High Pulse Width  Slow    RAMS64E/CLK  n/a            1.250         5.500       4.250      SLICE_X10Y10   dmem_reg_0_255_11_11/RAMS64E_C/CLK
High Pulse Width  Slow    RAMS64E/CLK  n/a            1.250         5.500       4.250      SLICE_X10Y10   dmem_reg_0_255_11_11/RAMS64E_D/CLK
High Pulse Width  Slow    RAMS64E/CLK  n/a            1.250         5.500       4.250      SLICE_X6Y16    dmem_reg_0_255_14_14/RAMS64E_A/CLK
High Pulse Width  Slow    RAMS64E/CLK  n/a            1.250         5.500       4.250      SLICE_X6Y16    dmem_reg_0_255_14_14/RAMS64E_B/CLK
High Pulse Width  Slow    RAMS64E/CLK  n/a            1.250         5.500       4.250      SLICE_X6Y16    dmem_reg_0_255_14_14/RAMS64E_C/CLK
High Pulse Width  Slow    RAMS64E/CLK  n/a            1.250         5.500       4.250      SLICE_X6Y16    dmem_reg_0_255_14_14/RAMS64E_D/CLK
High Pulse Width  Slow    RAMS64E/CLK  n/a            1.250         5.500       4.250      SLICE_X10Y7    dmem_reg_0_255_3_3/RAMS64E_A/CLK
High Pulse Width  Slow    RAMS64E/CLK  n/a            1.250         5.500       4.250      SLICE_X6Y15    dmem_reg_0_255_16_16/RAMS64E_A/CLK
High Pulse Width  Slow    RAMS64E/CLK  n/a            1.250         5.500       4.250      SLICE_X6Y15    dmem_reg_0_255_16_16/RAMS64E_B/CLK
High Pulse Width  Slow    RAMS64E/CLK  n/a            1.250         5.500       4.250      SLICE_X6Y15    dmem_reg_0_255_16_16/RAMS64E_C/CLK
High Pulse Width  Slow    RAMS64E/CLK  n/a            1.250         5.500       4.250      SLICE_X6Y15    dmem_reg_0_255_16_16/RAMS64E_D/CLK
High Pulse Width  Slow    RAMS64E/CLK  n/a            1.250         5.500       4.250      SLICE_X10Y7    dmem_reg_0_255_3_3/RAMS64E_B/CLK
High Pulse Width  Slow    RAMS64E/CLK  n/a            1.250         5.500       4.250      SLICE_X10Y7    dmem_reg_0_255_3_3/RAMS64E_C/CLK
High Pulse Width  Slow    RAMS64E/CLK  n/a            1.250         5.500       4.250      SLICE_X10Y7    dmem_reg_0_255_3_3/RAMS64E_D/CLK



