Copyright 1986-2019 Xilinx, Inc. All Rights Reserved.
----------------------------------------------------------------------------------------------------------------------------------------------------------------------------------------------------------
| Tool Version : Vivado v.2019.2 (win64) Build 2708876 Wed Nov  6 21:40:23 MST 2019
| Date         : Tue Sep  8 17:58:59 2026
| Host         : Neon running 64-bit major release  (build 9200)
| Command      : report_timing_summary -delay_type min_max -max_paths 20 -file D:/2_files/2_academic/1_course/CPU-Course-Design/build/performance/implementation/perf_legacy_synth_top/timing_summary.rpt
| Design       : perf_legacy_synth_top
| Device       : 7a35t-csg324
| Speed File   : -1  PRODUCTION 1.23 2018-06-13
----------------------------------------------------------------------------------------------------------------------------------------------------------------------------------------------------------

Timing Summary Report

------------------------------------------------------------------------------------------------
| Timer Settings
| --------------
------------------------------------------------------------------------------------------------

  Enable Multi Corner Analysis               :  Yes
  Enable Pessimism Removal                   :  Yes
  Pessimism Removal Resolution               :  Nearest Common Node
  Enable Input Delay Default Clock           :  No
  Enable Preset / Clear Arcs                 :  No
  Disable Flight Delays                      :  No
  Ignore I/O Paths                           :  No
  Timing Early Launch at Borrowing Latches   :  No
  Borrow Time for Max Delay Exceptions       :  Yes
  Merge Timing Exceptions                    :  Yes

  Corner  Analyze    Analyze    
  Name    Max Paths  Min Paths  
  ------  ---------  ---------  
  Slow    Yes        Yes        
  Fast    Yes        Yes        



check_timing report

Table of Contents
-----------------
1. checking no_clock
2. checking constant_clock
3. checking pulse_width_clock
4. checking unconstrained_internal_endpoints
5. checking no_input_delay
6. checking no_output_delay
7. checking multiple_clock
8. checking generated_clocks
9. checking loops
10. checking partial_input_delay
11. checking partial_output_delay
12. checking latch_loops

1. checking no_clock
--------------------
 There are 0 register/latch pins with no clock.


2. checking constant_clock
--------------------------
 There are 0 register/latch pins with constant_clock.


3. checking pulse_width_clock
-----------------------------
 There are 0 register/latch pins which need pulse_width check


4. checking unconstrained_internal_endpoints
--------------------------------------------
 There are 0 pins that are not constrained for maximum delay.

 There are 0 pins that are not constrained for maximum delay due to constant clock.


5. checking no_input_delay
--------------------------
 There are 0 input ports with no input delay specified.

 There is 1 input port with no input delay but user has a false path constraint. (MEDIUM)


6. checking no_output_delay
---------------------------
 There are 32 ports with no output delay specified. (HIGH)

 There are 0 ports with no output delay but user has a false path constraint

 There are 0 ports with no output delay but with a timing clock defined on it or propagating through it


7. checking multiple_clock
--------------------------
 There are 0 register/latch pins with multiple clocks.


8. checking generated_clocks
----------------------------
 There are 0 generated clocks that are not connected to a clock source.


9. checking loops
-----------------
 There are 0 combinational loops in the design.


10. checking partial_input_delay
--------------------------------
 There are 0 input ports with partial input delay specified.


11. checking partial_output_delay
---------------------------------
 There are 0 ports with partial output delay specified.


12. checking latch_loops
------------------------
 There are 0 combinational latch loops in the design through latch input



------------------------------------------------------------------------------------------------
| Design Timing Summary
| ---------------------
------------------------------------------------------------------------------------------------

    WNS(ns)      TNS(ns)  TNS Failing Endpoints  TNS Total Endpoints      WHS(ns)      THS(ns)  THS Failing Endpoints  THS Total Endpoints     WPWS(ns)     TPWS(ns)  TPWS Failing Endpoints  TPWS Total Endpoints  
    -------      -------  ---------------------  -------------------      -------      -------  ---------------------  -------------------     --------     --------  ----------------------  --------------------  
     -9.666   -10846.415                   1951                 1952        0.048        0.000                      0                 1952       -0.250      -32.155                     129                   481  


Timing constraints are not met.


------------------------------------------------------------------------------------------------
| Clock Summary
| -------------
------------------------------------------------------------------------------------------------

Clock     Waveform(ns)         Period(ns)      Frequency(MHz)
-----     ------------         ----------      --------------
perf_clk  {0.000 1.000}        2.000           500.000         


------------------------------------------------------------------------------------------------
| Intra Clock Table
| -----------------
------------------------------------------------------------------------------------------------

Clock             WNS(ns)      TNS(ns)  TNS Failing Endpoints  TNS Total Endpoints      WHS(ns)      THS(ns)  THS Failing Endpoints  THS Total Endpoints     WPWS(ns)     TPWS(ns)  TPWS Failing Endpoints  TPWS Total Endpoints  
-----             -------      -------  ---------------------  -------------------      -------      -------  ---------------------  -------------------     --------     --------  ----------------------  --------------------  
perf_clk           -9.666   -10846.415                   1951                 1952        0.048        0.000                      0                 1952       -0.250      -32.155                     129                   481  


------------------------------------------------------------------------------------------------
| Inter Clock Table
| -----------------
------------------------------------------------------------------------------------------------

From Clock    To Clock          WNS(ns)      TNS(ns)  TNS Failing Endpoints  TNS Total Endpoints      WHS(ns)      THS(ns)  THS Failing Endpoints  THS Total Endpoints  
----------    --------          -------      -------  ---------------------  -------------------      -------      -------  ---------------------  -------------------  


------------------------------------------------------------------------------------------------
| Other Path Groups Table
| -----------------------
------------------------------------------------------------------------------------------------

Path Group    From Clock    To Clock          WNS(ns)      TNS(ns)  TNS Failing Endpoints  TNS Total Endpoints      WHS(ns)      THS(ns)  THS Failing Endpoints  THS Total Endpoints  
----------    ----------    --------          -------      -------  ---------------------  -------------------      -------      -------  ---------------------  -------------------  


------------------------------------------------------------------------------------------------
| Timing Details
| --------------
------------------------------------------------------------------------------------------------


---------------------------------------------------------------------------------------------------
From Clock:  perf_clk
  To Clock:  perf_clk

Setup :         1951  Failing Endpoints,  Worst Slack       -9.666ns,  Total Violation   -10846.415ns
Hold  :            0  Failing Endpoints,  Worst Slack        0.048ns,  Total Violation        0.000ns
PW    :          129  Failing Endpoints,  Worst Slack       -0.250ns,  Total Violation      -32.155ns
---------------------------------------------------------------------------------------------------


Max Delay Paths
--------------------------------------------------------------------------------------
Slack (VIOLATED) :        -9.666ns  (required time - arrival time)
  Source:                 u_cpu/pc_reg[8]/C
                            (rising edge-triggered cell FDRE clocked by perf_clk  {rise@0.000ns fall@1.000ns period=2.000ns})
  Destination:            u_cpu/pc_reg[8]/D
                            (rising edge-triggered cell FDRE clocked by perf_clk  {rise@0.000ns fall@1.000ns period=2.000ns})
  Path Group:             perf_clk
  Path Type:              Setup (Max at Slow Process Corner)
  Requirement:            2.000ns  (perf_clk rise@2.000ns - perf_clk rise@0.000ns)
  Data Path Delay:        11.394ns  (logic 4.793ns (42.065%)  route 6.601ns (57.935%))
  Logic Levels:           21  (CARRY4=11 LUT3=1 LUT4=2 LUT6=4 MUXF7=2 MUXF8=1)
  Clock Path Skew:        0.000ns (DCD - SCD + CPR)
    Destination Clock Delay (DCD):    4.304ns = ( 6.304 - 2.000 ) 
    Source Clock Delay      (SCD):    4.664ns
    Clock Pessimism Removal (CPR):    0.360ns
  Clock Uncertainty:      0.035ns  ((TSJ^2 + TIJ^2)^1/2 + DJ) / 2 + PE
    Total System Jitter     (TSJ):    0.071ns
    Total Input Jitter      (TIJ):    0.000ns
    Discrete Jitter          (DJ):    0.000ns
    Phase Error              (PE):    0.000ns

    Location             Delay type                Incr(ns)  Path(ns)    Netlist Resource(s)
  -------------------------------------------------------------------    -------------------
                         (clock perf_clk rise edge)
                                                      0.000     0.000 r  
    N15                                               0.000     0.000 r  clk (IN)
                         net (fo=0)                   0.000     0.000    clk
    N15                  IBUF (Prop_ibuf_I_O)         0.962     0.962 r  clk_IBUF_inst/O
                         net (fo=1, routed)           1.972     2.933    clk_IBUF
    BUFGCTRL_X0Y0        BUFG (Prop_bufg_I_O)         0.096     3.029 r  clk_IBUF_BUFG_inst/O
                         net (fo=480, routed)         1.634     4.664    u_cpu/clk
    SLICE_X4Y41          FDRE                                         r  u_cpu/pc_reg[8]/C
  -------------------------------------------------------------------    -------------------
    SLICE_X4Y41          FDRE (Prop_fdre_C_Q)         0.456     5.120 f  u_cpu/pc_reg[8]/Q
                         net (fo=5, routed)           0.724     5.844    u_cpu/u_alu/pc_reg[11]_0
    SLICE_X3Y44          LUT3 (Prop_lut3_I2_O)        0.124     5.968 f  u_cpu/u_alu/dbg_instr[26]_INST_0_i_1/O
                         net (fo=32, routed)          0.775     6.743    u_cpu/u_alu/pc_reg[7]
    SLICE_X4Y44          LUT6 (Prop_lut6_I2_O)        0.124     6.867 r  u_cpu/u_alu/dbg_instr[21]_INST_0/O
                         net (fo=68, routed)          1.043     7.909    u_cpu/u_rf/dbg_instr[13]
    SLICE_X8Y38          MUXF7 (Prop_muxf7_S_O)       0.314     8.223 r  u_cpu/u_rf/dbg_mem_wdata[0]_INST_0_i_1/O
                         net (fo=2, routed)           0.000     8.223    u_cpu/u_rf/dbg_mem_wdata[0]_INST_0_i_1_n_0
    SLICE_X8Y38          MUXF8 (Prop_muxf8_I0_O)      0.098     8.321 r  u_cpu/u_rf/dbg_mem_wdata[0]_INST_0/O
                         net (fo=7, routed)           0.852     9.173    u_cpu/u_rf/pc_reg[6]_28
    SLICE_X6Y39          LUT6 (Prop_lut6_I1_O)        0.319     9.492 r  u_cpu/u_rf/i__carry_i_4/O
                         net (fo=1, routed)           0.000     9.492    u_cpu/u_alu/dbg_mem_addr[0]_INST_0[0]
    SLICE_X6Y39          CARRY4 (Prop_carry4_S[0]_CO[3])
                                                      0.513    10.005 r  u_cpu/u_alu/y0_inferred__1/i__carry/CO[3]
                         net (fo=1, routed)           0.000    10.005    u_cpu/u_alu/y0_inferred__1/i__carry_n_0
    SLICE_X6Y40          CARRY4 (Prop_carry4_CI_CO[3])
                                                      0.117    10.122 r  u_cpu/u_alu/y0_inferred__1/i__carry__0/CO[3]
                         net (fo=1, routed)           0.000    10.122    u_cpu/u_alu/y0_inferred__1/i__carry__0_n_0
    SLICE_X6Y41          CARRY4 (Prop_carry4_CI_CO[3])
                                                      0.117    10.239 r  u_cpu/u_alu/y0_inferred__1/i__carry__1/CO[3]
                         net (fo=1, routed)           0.000    10.239    u_cpu/u_alu/y0_inferred__1/i__carry__1_n_0
    SLICE_X6Y42          CARRY4 (Prop_carry4_CI_CO[3])
                                                      0.117    10.356 r  u_cpu/u_alu/y0_inferred__1/i__carry__2/CO[3]
                         net (fo=1, routed)           0.000    10.356    u_cpu/u_alu/y0_inferred__1/i__carry__2_n_0
    SLICE_X6Y43          CARRY4 (Prop_carry4_CI_CO[3])
                                                      0.117    10.473 r  u_cpu/u_alu/y0_inferred__1/i__carry__3/CO[3]
                         net (fo=1, routed)           0.000    10.473    u_cpu/u_alu/y0_inferred__1/i__carry__3_n_0
    SLICE_X6Y44          CARRY4 (Prop_carry4_CI_CO[3])
                                                      0.117    10.590 r  u_cpu/u_alu/y0_inferred__1/i__carry__4/CO[3]
                         net (fo=1, routed)           0.000    10.590    u_cpu/u_alu/y0_inferred__1/i__carry__4_n_0
    SLICE_X6Y45          CARRY4 (Prop_carry4_CI_CO[3])
                                                      0.117    10.707 r  u_cpu/u_alu/y0_inferred__1/i__carry__5/CO[3]
                         net (fo=1, routed)           0.000    10.707    u_cpu/u_alu/y0_inferred__1/i__carry__5_n_0
    SLICE_X6Y46          CARRY4 (Prop_carry4_CI_O[3])
                                                      0.315    11.022 f  u_cpu/u_alu/y0_inferred__1/i__carry__6/O[3]
                         net (fo=1, routed)           0.639    11.661    u_cpu/u_rf/dbg_mem_addr[31]_INST_0_0[1]
    SLICE_X7Y50          LUT6 (Prop_lut6_I5_O)        0.307    11.968 f  u_cpu/u_rf/dbg_mem_addr[31]_INST_0_i_2/O
                         net (fo=1, routed)           0.000    11.968    u_cpu/u_rf/dbg_mem_addr[31]_INST_0_i_2_n_0
    SLICE_X7Y50          MUXF7 (Prop_muxf7_I0_O)      0.238    12.206 f  u_cpu/u_rf/dbg_mem_addr[31]_INST_0/O
                         net (fo=3, routed)           0.672    12.878    u_cpu/u_alu/pc[31]_i_7_0[1]
    SLICE_X7Y47          LUT4 (Prop_lut4_I1_O)        0.298    13.176 r  u_cpu/u_alu/pc[31]_i_11/O
                         net (fo=1, routed)           0.435    13.611    u_cpu/u_alu/pc[31]_i_11_n_0
    SLICE_X1Y47          LUT4 (Prop_lut4_I1_O)        0.124    13.735 r  u_cpu/u_alu/pc[31]_i_7/O
                         net (fo=30, routed)          0.832    14.567    u_cpu/u_alu/pc[31]_i_7_n_0
    SLICE_X5Y43          LUT6 (Prop_lut6_I2_O)        0.124    14.691 r  u_cpu/u_alu/pc[3]_i_2/O
                         net (fo=1, routed)           0.000    14.691    u_cpu/u_alu/pc[3]_i_2_n_0
    SLICE_X5Y43          CARRY4 (Prop_carry4_S[3]_CO[3])
                                                      0.401    15.092 r  u_cpu/u_alu/pc_reg[3]_i_1/CO[3]
                         net (fo=1, routed)           0.000    15.092    u_cpu/u_alu/pc_reg[3]_i_1_n_0
    SLICE_X5Y44          CARRY4 (Prop_carry4_CI_CO[3])
                                                      0.114    15.206 r  u_cpu/u_alu/pc_reg[7]_i_1/CO[3]
                         net (fo=1, routed)           0.000    15.206    u_cpu/u_alu/pc_reg[7]_i_1_n_0
    SLICE_X5Y45          CARRY4 (Prop_carry4_CI_O[0])
                                                      0.222    15.428 r  u_cpu/u_alu/pc_reg[11]_i_1/O[0]
                         net (fo=1, routed)           0.630    16.058    u_cpu/u_alu_n_68
    SLICE_X4Y41          FDRE                                         r  u_cpu/pc_reg[8]/D
  -------------------------------------------------------------------    -------------------

                         (clock perf_clk rise edge)
                                                      2.000     2.000 r  
    N15                                               0.000     2.000 r  clk (IN)
                         net (fo=0)                   0.000     2.000    clk
    N15                  IBUF (Prop_ibuf_I_O)         0.828     2.828 r  clk_IBUF_inst/O
                         net (fo=1, routed)           1.868     4.696    clk_IBUF
    BUFGCTRL_X0Y0        BUFG (Prop_bufg_I_O)         0.091     4.787 r  clk_IBUF_BUFG_inst/O
                         net (fo=480, routed)         1.516     6.304    u_cpu/clk
    SLICE_X4Y41          FDRE                                         r  u_cpu/pc_reg[8]/C
                         clock pessimism              0.360     6.664    
                         clock uncertainty           -0.035     6.628    
    SLICE_X4Y41          FDRE (Setup_fdre_C_D)       -0.236     6.392    u_cpu/pc_reg[8]
  -------------------------------------------------------------------
                         required time                          6.392    
                         arrival time                         -16.058    
  -------------------------------------------------------------------
                         slack                                 -9.666    

Slack (VIOLATED) :        -9.547ns  (required time - arrival time)
  Source:                 u_cpu/pc_reg[8]/C
                            (rising edge-triggered cell FDRE clocked by perf_clk  {rise@0.000ns fall@1.000ns period=2.000ns})
  Destination:            u_cpu/pc_reg[29]/D
                            (rising edge-triggered cell FDRE clocked by perf_clk  {rise@0.000ns fall@1.000ns period=2.000ns})
  Path Group:             perf_clk
  Path Type:              Setup (Max at Slow Process Corner)
  Requirement:            2.000ns  (perf_clk rise@2.000ns - perf_clk rise@0.000ns)
  Data Path Delay:        11.447ns  (logic 5.475ns (47.830%)  route 5.972ns (52.170%))
  Logic Levels:           26  (CARRY4=16 LUT3=1 LUT4=2 LUT6=4 MUXF7=2 MUXF8=1)
  Clock Path Skew:        -0.127ns (DCD - SCD + CPR)
    Destination Clock Delay (DCD):    4.295ns = ( 6.295 - 2.000 ) 
    Source Clock Delay      (SCD):    4.664ns
    Clock Pessimism Removal (CPR):    0.242ns
  Clock Uncertainty:      0.035ns  ((TSJ^2 + TIJ^2)^1/2 + DJ) / 2 + PE
    Total System Jitter     (TSJ):    0.071ns
    Total Input Jitter      (TIJ):    0.000ns
    Discrete Jitter          (DJ):    0.000ns
    Phase Error              (PE):    0.000ns

    Location             Delay type                Incr(ns)  Path(ns)    Netlist Resource(s)
  -------------------------------------------------------------------    -------------------
                         (clock perf_clk rise edge)
                                                      0.000     0.000 r  
    N15                                               0.000     0.000 r  clk (IN)
                         net (fo=0)                   0.000     0.000    clk
    N15                  IBUF (Prop_ibuf_I_O)         0.962     0.962 r  clk_IBUF_inst/O
                         net (fo=1, routed)           1.972     2.933    clk_IBUF
    BUFGCTRL_X0Y0        BUFG (Prop_bufg_I_O)         0.096     3.029 r  clk_IBUF_BUFG_inst/O
                         net (fo=480, routed)         1.634     4.664    u_cpu/clk
    SLICE_X4Y41          FDRE                                         r  u_cpu/pc_reg[8]/C
  -------------------------------------------------------------------    -------------------
    SLICE_X4Y41          FDRE (Prop_fdre_C_Q)         0.456     5.120 f  u_cpu/pc_reg[8]/Q
                         net (fo=5, routed)           0.724     5.844    u_cpu/u_alu/pc_reg[11]_0
    SLICE_X3Y44          LUT3 (Prop_lut3_I2_O)        0.124     5.968 f  u_cpu/u_alu/dbg_instr[26]_INST_0_i_1/O
                         net (fo=32, routed)          0.775     6.743    u_cpu/u_alu/pc_reg[7]
    SLICE_X4Y44          LUT6 (Prop_lut6_I2_O)        0.124     6.867 r  u_cpu/u_alu/dbg_instr[21]_INST_0/O
                         net (fo=68, routed)          1.043     7.909    u_cpu/u_rf/dbg_instr[13]
    SLICE_X8Y38          MUXF7 (Prop_muxf7_S_O)       0.314     8.223 r  u_cpu/u_rf/dbg_mem_wdata[0]_INST_0_i_1/O
                         net (fo=2, routed)           0.000     8.223    u_cpu/u_rf/dbg_mem_wdata[0]_INST_0_i_1_n_0
    SLICE_X8Y38          MUXF8 (Prop_muxf8_I0_O)      0.098     8.321 r  u_cpu/u_rf/dbg_mem_wdata[0]_INST_0/O
                         net (fo=7, routed)           0.852     9.173    u_cpu/u_rf/pc_reg[6]_28
    SLICE_X6Y39          LUT6 (Prop_lut6_I1_O)        0.319     9.492 r  u_cpu/u_rf/i__carry_i_4/O
                         net (fo=1, routed)           0.000     9.492    u_cpu/u_alu/dbg_mem_addr[0]_INST_0[0]
    SLICE_X6Y39          CARRY4 (Prop_carry4_S[0]_CO[3])
                                                      0.513    10.005 r  u_cpu/u_alu/y0_inferred__1/i__carry/CO[3]
                         net (fo=1, routed)           0.000    10.005    u_cpu/u_alu/y0_inferred__1/i__carry_n_0
    SLICE_X6Y40          CARRY4 (Prop_carry4_CI_CO[3])
                                                      0.117    10.122 r  u_cpu/u_alu/y0_inferred__1/i__carry__0/CO[3]
                         net (fo=1, routed)           0.000    10.122    u_cpu/u_alu/y0_inferred__1/i__carry__0_n_0
    SLICE_X6Y41          CARRY4 (Prop_carry4_CI_CO[3])
                                                      0.117    10.239 r  u_cpu/u_alu/y0_inferred__1/i__carry__1/CO[3]
                         net (fo=1, routed)           0.000    10.239    u_cpu/u_alu/y0_inferred__1/i__carry__1_n_0
    SLICE_X6Y42          CARRY4 (Prop_carry4_CI_CO[3])
                                                      0.117    10.356 r  u_cpu/u_alu/y0_inferred__1/i__carry__2/CO[3]
                         net (fo=1, routed)           0.000    10.356    u_cpu/u_alu/y0_inferred__1/i__carry__2_n_0
    SLICE_X6Y43          CARRY4 (Prop_carry4_CI_CO[3])
                                                      0.117    10.473 r  u_cpu/u_alu/y0_inferred__1/i__carry__3/CO[3]
                         net (fo=1, routed)           0.000    10.473    u_cpu/u_alu/y0_inferred__1/i__carry__3_n_0
    SLICE_X6Y44          CARRY4 (Prop_carry4_CI_CO[3])
                                                      0.117    10.590 r  u_cpu/u_alu/y0_inferred__1/i__carry__4/CO[3]
                         net (fo=1, routed)           0.000    10.590    u_cpu/u_alu/y0_inferred__1/i__carry__4_n_0
    SLICE_X6Y45          CARRY4 (Prop_carry4_CI_CO[3])
                                                      0.117    10.707 r  u_cpu/u_alu/y0_inferred__1/i__carry__5/CO[3]
                         net (fo=1, routed)           0.000    10.707    u_cpu/u_alu/y0_inferred__1/i__carry__5_n_0
    SLICE_X6Y46          CARRY4 (Prop_carry4_CI_O[3])
                                                      0.315    11.022 f  u_cpu/u_alu/y0_inferred__1/i__carry__6/O[3]
                         net (fo=1, routed)           0.639    11.661    u_cpu/u_rf/dbg_mem_addr[31]_INST_0_0[1]
    SLICE_X7Y50          LUT6 (Prop_lut6_I5_O)        0.307    11.968 f  u_cpu/u_rf/dbg_mem_addr[31]_INST_0_i_2/O
                         net (fo=1, routed)           0.000    11.968    u_cpu/u_rf/dbg_mem_addr[31]_INST_0_i_2_n_0
    SLICE_X7Y50          MUXF7 (Prop_muxf7_I0_O)      0.238    12.206 f  u_cpu/u_rf/dbg_mem_addr[31]_INST_0/O
                         net (fo=3, routed)           0.672    12.878    u_cpu/u_alu/pc[31]_i_7_0[1]
    SLICE_X7Y47          LUT4 (Prop_lut4_I1_O)        0.298    13.176 r  u_cpu/u_alu/pc[31]_i_11/O
                         net (fo=1, routed)           0.435    13.611    u_cpu/u_alu/pc[31]_i_11_n_0
    SLICE_X1Y47          LUT4 (Prop_lut4_I1_O)        0.124    13.735 r  u_cpu/u_alu/pc[31]_i_7/O
                         net (fo=30, routed)          0.832    14.567    u_cpu/u_alu/pc[31]_i_7_n_0
    SLICE_X5Y43          LUT6 (Prop_lut6_I2_O)        0.124    14.691 r  u_cpu/u_alu/pc[3]_i_2/O
                         net (fo=1, routed)           0.000    14.691    u_cpu/u_alu/pc[3]_i_2_n_0
    SLICE_X5Y43          CARRY4 (Prop_carry4_S[3]_CO[3])
                                                      0.401    15.092 r  u_cpu/u_alu/pc_reg[3]_i_1/CO[3]
                         net (fo=1, routed)           0.000    15.092    u_cpu/u_alu/pc_reg[3]_i_1_n_0
    SLICE_X5Y44          CARRY4 (Prop_carry4_CI_CO[3])
                                                      0.114    15.206 r  u_cpu/u_alu/pc_reg[7]_i_1/CO[3]
                         net (fo=1, routed)           0.000    15.206    u_cpu/u_alu/pc_reg[7]_i_1_n_0
    SLICE_X5Y45          CARRY4 (Prop_carry4_CI_CO[3])
                                                      0.114    15.320 r  u_cpu/u_alu/pc_reg[11]_i_1/CO[3]
                         net (fo=1, routed)           0.000    15.320    u_cpu/u_alu/pc_reg[11]_i_1_n_0
    SLICE_X5Y46          CARRY4 (Prop_carry4_CI_CO[3])
                                                      0.114    15.434 r  u_cpu/u_alu/pc_reg[15]_i_1/CO[3]
                         net (fo=1, routed)           0.000    15.434    u_cpu/u_alu/pc_reg[15]_i_1_n_0
    SLICE_X5Y47          CARRY4 (Prop_carry4_CI_CO[3])
                                                      0.114    15.548 r  u_cpu/u_alu/pc_reg[19]_i_1/CO[3]
                         net (fo=1, routed)           0.000    15.548    u_cpu/u_alu/pc_reg[19]_i_1_n_0
    SLICE_X5Y48          CARRY4 (Prop_carry4_CI_CO[3])
                                                      0.114    15.662 r  u_cpu/u_alu/pc_reg[23]_i_1/CO[3]
                         net (fo=1, routed)           0.000    15.662    u_cpu/u_alu/pc_reg[23]_i_1_n_0
    SLICE_X5Y49          CARRY4 (Prop_carry4_CI_CO[3])
                                                      0.114    15.776 r  u_cpu/u_alu/pc_reg[27]_i_1/CO[3]
                         net (fo=1, routed)           0.001    15.776    u_cpu/u_alu/pc_reg[27]_i_1_n_0
    SLICE_X5Y50          CARRY4 (Prop_carry4_CI_O[1])
                                                      0.334    16.110 r  u_cpu/u_alu/pc_reg[31]_i_2/O[1]
                         net (fo=1, routed)           0.000    16.110    u_cpu/u_alu_n_87
    SLICE_X5Y50          FDRE                                         r  u_cpu/pc_reg[29]/D
  -------------------------------------------------------------------    -------------------

                         (clock perf_clk rise edge)
                                                      2.000     2.000 r  
    N15                                               0.000     2.000 r  clk (IN)
                         net (fo=0)                   0.000     2.000    clk
    N15                  IBUF (Prop_ibuf_I_O)         0.828     2.828 r  clk_IBUF_inst/O
                         net (fo=1, routed)           1.868     4.696    clk_IBUF
    BUFGCTRL_X0Y0        BUFG (Prop_bufg_I_O)         0.091     4.787 r  clk_IBUF_BUFG_inst/O
                         net (fo=480, routed)         1.508     6.295    u_cpu/clk
    SLICE_X5Y50          FDRE                                         r  u_cpu/pc_reg[29]/C
                         clock pessimism              0.242     6.537    
                         clock uncertainty           -0.035     6.502    
    SLICE_X5Y50          FDRE (Setup_fdre_C_D)        0.062     6.564    u_cpu/pc_reg[29]
  -------------------------------------------------------------------
                         required time                          6.564    
                         arrival time                         -16.110    
  -------------------------------------------------------------------
                         slack                                 -9.547    

Slack (VIOLATED) :        -9.526ns  (required time - arrival time)
  Source:                 u_cpu/pc_reg[8]/C
                            (rising edge-triggered cell FDRE clocked by perf_clk  {rise@0.000ns fall@1.000ns period=2.000ns})
  Destination:            u_cpu/pc_reg[31]/D
                            (rising edge-triggered cell FDRE clocked by perf_clk  {rise@0.000ns fall@1.000ns period=2.000ns})
  Path Group:             perf_clk
  Path Type:              Setup (Max at Slow Process Corner)
  Requirement:            2.000ns  (perf_clk rise@2.000ns - perf_clk rise@0.000ns)
  Data Path Delay:        11.426ns  (logic 5.454ns (47.734%)  route 5.972ns (52.266%))
  Logic Levels:           26  (CARRY4=16 LUT3=1 LUT4=2 LUT6=4 MUXF7=2 MUXF8=1)
  Clock Path Skew:        -0.127ns (DCD - SCD + CPR)
    Destination Clock Delay (DCD):    4.295ns = ( 6.295 - 2.000 ) 
    Source Clock Delay      (SCD):    4.664ns
    Clock Pessimism Removal (CPR):    0.242ns
  Clock Uncertainty:      0.035ns  ((TSJ^2 + TIJ^2)^1/2 + DJ) / 2 + PE
    Total System Jitter     (TSJ):    0.071ns
    Total Input Jitter      (TIJ):    0.000ns
    Discrete Jitter          (DJ):    0.000ns
    Phase Error              (PE):    0.000ns

    Location             Delay type                Incr(ns)  Path(ns)    Netlist Resource(s)
  -------------------------------------------------------------------    -------------------
                         (clock perf_clk rise edge)
                                                      0.000     0.000 r  
    N15                                               0.000     0.000 r  clk (IN)
                         net (fo=0)                   0.000     0.000    clk
    N15                  IBUF (Prop_ibuf_I_O)         0.962     0.962 r  clk_IBUF_inst/O
                         net (fo=1, routed)           1.972     2.933    clk_IBUF
    BUFGCTRL_X0Y0        BUFG (Prop_bufg_I_O)         0.096     3.029 r  clk_IBUF_BUFG_inst/O
                         net (fo=480, routed)         1.634     4.664    u_cpu/clk
    SLICE_X4Y41          FDRE                                         r  u_cpu/pc_reg[8]/C
  -------------------------------------------------------------------    -------------------
    SLICE_X4Y41          FDRE (Prop_fdre_C_Q)         0.456     5.120 f  u_cpu/pc_reg[8]/Q
                         net (fo=5, routed)           0.724     5.844    u_cpu/u_alu/pc_reg[11]_0
    SLICE_X3Y44          LUT3 (Prop_lut3_I2_O)        0.124     5.968 f  u_cpu/u_alu/dbg_instr[26]_INST_0_i_1/O
                         net (fo=32, routed)          0.775     6.743    u_cpu/u_alu/pc_reg[7]
    SLICE_X4Y44          LUT6 (Prop_lut6_I2_O)        0.124     6.867 r  u_cpu/u_alu/dbg_instr[21]_INST_0/O
                         net (fo=68, routed)          1.043     7.909    u_cpu/u_rf/dbg_instr[13]
    SLICE_X8Y38          MUXF7 (Prop_muxf7_S_O)       0.314     8.223 r  u_cpu/u_rf/dbg_mem_wdata[0]_INST_0_i_1/O
                         net (fo=2, routed)           0.000     8.223    u_cpu/u_rf/dbg_mem_wdata[0]_INST_0_i_1_n_0
    SLICE_X8Y38          MUXF8 (Prop_muxf8_I0_O)      0.098     8.321 r  u_cpu/u_rf/dbg_mem_wdata[0]_INST_0/O
                         net (fo=7, routed)           0.852     9.173    u_cpu/u_rf/pc_reg[6]_28
    SLICE_X6Y39          LUT6 (Prop_lut6_I1_O)        0.319     9.492 r  u_cpu/u_rf/i__carry_i_4/O
                         net (fo=1, routed)           0.000     9.492    u_cpu/u_alu/dbg_mem_addr[0]_INST_0[0]
    SLICE_X6Y39          CARRY4 (Prop_carry4_S[0]_CO[3])
                                                      0.513    10.005 r  u_cpu/u_alu/y0_inferred__1/i__carry/CO[3]
                         net (fo=1, routed)           0.000    10.005    u_cpu/u_alu/y0_inferred__1/i__carry_n_0
    SLICE_X6Y40          CARRY4 (Prop_carry4_CI_CO[3])
                                                      0.117    10.122 r  u_cpu/u_alu/y0_inferred__1/i__carry__0/CO[3]
                         net (fo=1, routed)           0.000    10.122    u_cpu/u_alu/y0_inferred__1/i__carry__0_n_0
    SLICE_X6Y41          CARRY4 (Prop_carry4_CI_CO[3])
                                                      0.117    10.239 r  u_cpu/u_alu/y0_inferred__1/i__carry__1/CO[3]
                         net (fo=1, routed)           0.000    10.239    u_cpu/u_alu/y0_inferred__1/i__carry__1_n_0
    SLICE_X6Y42          CARRY4 (Prop_carry4_CI_CO[3])
                                                      0.117    10.356 r  u_cpu/u_alu/y0_inferred__1/i__carry__2/CO[3]
                         net (fo=1, routed)           0.000    10.356    u_cpu/u_alu/y0_inferred__1/i__carry__2_n_0
    SLICE_X6Y43          CARRY4 (Prop_carry4_CI_CO[3])
                                                      0.117    10.473 r  u_cpu/u_alu/y0_inferred__1/i__carry__3/CO[3]
                         net (fo=1, routed)           0.000    10.473    u_cpu/u_alu/y0_inferred__1/i__carry__3_n_0
    SLICE_X6Y44          CARRY4 (Prop_carry4_CI_CO[3])
                                                      0.117    10.590 r  u_cpu/u_alu/y0_inferred__1/i__carry__4/CO[3]
                         net (fo=1, routed)           0.000    10.590    u_cpu/u_alu/y0_inferred__1/i__carry__4_n_0
    SLICE_X6Y45          CARRY4 (Prop_carry4_CI_CO[3])
                                                      0.117    10.707 r  u_cpu/u_alu/y0_inferred__1/i__carry__5/CO[3]
                         net (fo=1, routed)           0.000    10.707    u_cpu/u_alu/y0_inferred__1/i__carry__5_n_0
    SLICE_X6Y46          CARRY4 (Prop_carry4_CI_O[3])
                                                      0.315    11.022 f  u_cpu/u_alu/y0_inferred__1/i__carry__6/O[3]
                         net (fo=1, routed)           0.639    11.661    u_cpu/u_rf/dbg_mem_addr[31]_INST_0_0[1]
    SLICE_X7Y50          LUT6 (Prop_lut6_I5_O)        0.307    11.968 f  u_cpu/u_rf/dbg_mem_addr[31]_INST_0_i_2/O
                         net (fo=1, routed)           0.000    11.968    u_cpu/u_rf/dbg_mem_addr[31]_INST_0_i_2_n_0
    SLICE_X7Y50          MUXF7 (Prop_muxf7_I0_O)      0.238    12.206 f  u_cpu/u_rf/dbg_mem_addr[31]_INST_0/O
                         net (fo=3, routed)           0.672    12.878    u_cpu/u_alu/pc[31]_i_7_0[1]
    SLICE_X7Y47          LUT4 (Prop_lut4_I1_O)        0.298    13.176 r  u_cpu/u_alu/pc[31]_i_11/O
                         net (fo=1, routed)           0.435    13.611    u_cpu/u_alu/pc[31]_i_11_n_0
    SLICE_X1Y47          LUT4 (Prop_lut4_I1_O)        0.124    13.735 r  u_cpu/u_alu/pc[31]_i_7/O
                         net (fo=30, routed)          0.832    14.567    u_cpu/u_alu/pc[31]_i_7_n_0
    SLICE_X5Y43          LUT6 (Prop_lut6_I2_O)        0.124    14.691 r  u_cpu/u_alu/pc[3]_i_2/O
                         net (fo=1, routed)           0.000    14.691    u_cpu/u_alu/pc[3]_i_2_n_0
    SLICE_X5Y43          CARRY4 (Prop_carry4_S[3]_CO[3])
                                                      0.401    15.092 r  u_cpu/u_alu/pc_reg[3]_i_1/CO[3]
                         net (fo=1, routed)           0.000    15.092    u_cpu/u_alu/pc_reg[3]_i_1_n_0
    SLICE_X5Y44          CARRY4 (Prop_carry4_CI_CO[3])
                                                      0.114    15.206 r  u_cpu/u_alu/pc_reg[7]_i_1/CO[3]
                         net (fo=1, routed)           0.000    15.206    u_cpu/u_alu/pc_reg[7]_i_1_n_0
    SLICE_X5Y45          CARRY4 (Prop_carry4_CI_CO[3])
                                                      0.114    15.320 r  u_cpu/u_alu/pc_reg[11]_i_1/CO[3]
                         net (fo=1, routed)           0.000    15.320    u_cpu/u_alu/pc_reg[11]_i_1_n_0
    SLICE_X5Y46          CARRY4 (Prop_carry4_CI_CO[3])
                                                      0.114    15.434 r  u_cpu/u_alu/pc_reg[15]_i_1/CO[3]
                         net (fo=1, routed)           0.000    15.434    u_cpu/u_alu/pc_reg[15]_i_1_n_0
    SLICE_X5Y47          CARRY4 (Prop_carry4_CI_CO[3])
                                                      0.114    15.548 r  u_cpu/u_alu/pc_reg[19]_i_1/CO[3]
                         net (fo=1, routed)           0.000    15.548    u_cpu/u_alu/pc_reg[19]_i_1_n_0
    SLICE_X5Y48          CARRY4 (Prop_carry4_CI_CO[3])
                                                      0.114    15.662 r  u_cpu/u_alu/pc_reg[23]_i_1/CO[3]
                         net (fo=1, routed)           0.000    15.662    u_cpu/u_alu/pc_reg[23]_i_1_n_0
    SLICE_X5Y49          CARRY4 (Prop_carry4_CI_CO[3])
                                                      0.114    15.776 r  u_cpu/u_alu/pc_reg[27]_i_1/CO[3]
                         net (fo=1, routed)           0.001    15.776    u_cpu/u_alu/pc_reg[27]_i_1_n_0
    SLICE_X5Y50          CARRY4 (Prop_carry4_CI_O[3])
                                                      0.313    16.089 r  u_cpu/u_alu/pc_reg[31]_i_2/O[3]
                         net (fo=1, routed)           0.000    16.089    u_cpu/u_alu_n_85
    SLICE_X5Y50          FDRE                                         r  u_cpu/pc_reg[31]/D
  -------------------------------------------------------------------    -------------------

                         (clock perf_clk rise edge)
                                                      2.000     2.000 r  
    N15                                               0.000     2.000 r  clk (IN)
                         net (fo=0)                   0.000     2.000    clk
    N15                  IBUF (Prop_ibuf_I_O)         0.828     2.828 r  clk_IBUF_inst/O
                         net (fo=1, routed)           1.868     4.696    clk_IBUF
    BUFGCTRL_X0Y0        BUFG (Prop_bufg_I_O)         0.091     4.787 r  clk_IBUF_BUFG_inst/O
                         net (fo=480, routed)         1.508     6.295    u_cpu/clk
    SLICE_X5Y50          FDRE                                         r  u_cpu/pc_reg[31]/C
                         clock pessimism              0.242     6.537    
                         clock uncertainty           -0.035     6.502    
    SLICE_X5Y50          FDRE (Setup_fdre_C_D)        0.062     6.564    u_cpu/pc_reg[31]
  -------------------------------------------------------------------
                         required time                          6.564    
                         arrival time                         -16.089    
  -------------------------------------------------------------------
                         slack                                 -9.526    

Slack (VIOLATED) :        -9.452ns  (required time - arrival time)
  Source:                 u_cpu/pc_reg[8]/C
                            (rising edge-triggered cell FDRE clocked by perf_clk  {rise@0.000ns fall@1.000ns period=2.000ns})
  Destination:            u_cpu/pc_reg[30]/D
                            (rising edge-triggered cell FDRE clocked by perf_clk  {rise@0.000ns fall@1.000ns period=2.000ns})
  Path Group:             perf_clk
  Path Type:              Setup (Max at Slow Process Corner)
  Requirement:            2.000ns  (perf_clk rise@2.000ns - perf_clk rise@0.000ns)
  Data Path Delay:        11.352ns  (logic 5.380ns (47.394%)  route 5.972ns (52.606%))
  Logic Levels:           26  (CARRY4=16 LUT3=1 LUT4=2 LUT6=4 MUXF7=2 MUXF8=1)
  Clock Path Skew:        -0.127ns (DCD - SCD + CPR)
    Destination Clock Delay (DCD):    4.295ns = ( 6.295 - 2.000 ) 
    Source Clock Delay      (SCD):    4.664ns
    Clock Pessimism Removal (CPR):    0.242ns
  Clock Uncertainty:      0.035ns  ((TSJ^2 + TIJ^2)^1/2 + DJ) / 2 + PE
    Total System Jitter     (TSJ):    0.071ns
    Total Input Jitter      (TIJ):    0.000ns
    Discrete Jitter          (DJ):    0.000ns
    Phase Error              (PE):    0.000ns

    Location             Delay type                Incr(ns)  Path(ns)    Netlist Resource(s)
  -------------------------------------------------------------------    -------------------
                         (clock perf_clk rise edge)
                                                      0.000     0.000 r  
    N15                                               0.000     0.000 r  clk (IN)
                         net (fo=0)                   0.000     0.000    clk
    N15                  IBUF (Prop_ibuf_I_O)         0.962     0.962 r  clk_IBUF_inst/O
                         net (fo=1, routed)           1.972     2.933    clk_IBUF
    BUFGCTRL_X0Y0        BUFG (Prop_bufg_I_O)         0.096     3.029 r  clk_IBUF_BUFG_inst/O
                         net (fo=480, routed)         1.634     4.664    u_cpu/clk
    SLICE_X4Y41          FDRE                                         r  u_cpu/pc_reg[8]/C
  -------------------------------------------------------------------    -------------------
    SLICE_X4Y41          FDRE (Prop_fdre_C_Q)         0.456     5.120 f  u_cpu/pc_reg[8]/Q
                         net (fo=5, routed)           0.724     5.844    u_cpu/u_alu/pc_reg[11]_0
    SLICE_X3Y44          LUT3 (Prop_lut3_I2_O)        0.124     5.968 f  u_cpu/u_alu/dbg_instr[26]_INST_0_i_1/O
                         net (fo=32, routed)          0.775     6.743    u_cpu/u_alu/pc_reg[7]
    SLICE_X4Y44          LUT6 (Prop_lut6_I2_O)        0.124     6.867 r  u_cpu/u_alu/dbg_instr[21]_INST_0/O
                         net (fo=68, routed)          1.043     7.909    u_cpu/u_rf/dbg_instr[13]
    SLICE_X8Y38          MUXF7 (Prop_muxf7_S_O)       0.314     8.223 r  u_cpu/u_rf/dbg_mem_wdata[0]_INST_0_i_1/O
                         net (fo=2, routed)           0.000     8.223    u_cpu/u_rf/dbg_mem_wdata[0]_INST_0_i_1_n_0
    SLICE_X8Y38          MUXF8 (Prop_muxf8_I0_O)      0.098     8.321 r  u_cpu/u_rf/dbg_mem_wdata[0]_INST_0/O
                         net (fo=7, routed)           0.852     9.173    u_cpu/u_rf/pc_reg[6]_28
    SLICE_X6Y39          LUT6 (Prop_lut6_I1_O)        0.319     9.492 r  u_cpu/u_rf/i__carry_i_4/O
                         net (fo=1, routed)           0.000     9.492    u_cpu/u_alu/dbg_mem_addr[0]_INST_0[0]
    SLICE_X6Y39          CARRY4 (Prop_carry4_S[0]_CO[3])
                                                      0.513    10.005 r  u_cpu/u_alu/y0_inferred__1/i__carry/CO[3]
                         net (fo=1, routed)           0.000    10.005    u_cpu/u_alu/y0_inferred__1/i__carry_n_0
    SLICE_X6Y40          CARRY4 (Prop_carry4_CI_CO[3])
                                                      0.117    10.122 r  u_cpu/u_alu/y0_inferred__1/i__carry__0/CO[3]
                         net (fo=1, routed)           0.000    10.122    u_cpu/u_alu/y0_inferred__1/i__carry__0_n_0
    SLICE_X6Y41          CARRY4 (Prop_carry4_CI_CO[3])
                                                      0.117    10.239 r  u_cpu/u_alu/y0_inferred__1/i__carry__1/CO[3]
                         net (fo=1, routed)           0.000    10.239    u_cpu/u_alu/y0_inferred__1/i__carry__1_n_0
    SLICE_X6Y42          CARRY4 (Prop_carry4_CI_CO[3])
                                                      0.117    10.356 r  u_cpu/u_alu/y0_inferred__1/i__carry__2/CO[3]
                         net (fo=1, routed)           0.000    10.356    u_cpu/u_alu/y0_inferred__1/i__carry__2_n_0
    SLICE_X6Y43          CARRY4 (Prop_carry4_CI_CO[3])
                                                      0.117    10.473 r  u_cpu/u_alu/y0_inferred__1/i__carry__3/CO[3]
                         net (fo=1, routed)           0.000    10.473    u_cpu/u_alu/y0_inferred__1/i__carry__3_n_0
    SLICE_X6Y44          CARRY4 (Prop_carry4_CI_CO[3])
                                                      0.117    10.590 r  u_cpu/u_alu/y0_inferred__1/i__carry__4/CO[3]
                         net (fo=1, routed)           0.000    10.590    u_cpu/u_alu/y0_inferred__1/i__carry__4_n_0
    SLICE_X6Y45          CARRY4 (Prop_carry4_CI_CO[3])
                                                      0.117    10.707 r  u_cpu/u_alu/y0_inferred__1/i__carry__5/CO[3]
                         net (fo=1, routed)           0.000    10.707    u_cpu/u_alu/y0_inferred__1/i__carry__5_n_0
    SLICE_X6Y46          CARRY4 (Prop_carry4_CI_O[3])
                                                      0.315    11.022 f  u_cpu/u_alu/y0_inferred__1/i__carry__6/O[3]
                         net (fo=1, routed)           0.639    11.661    u_cpu/u_rf/dbg_mem_addr[31]_INST_0_0[1]
    SLICE_X7Y50          LUT6 (Prop_lut6_I5_O)        0.307    11.968 f  u_cpu/u_rf/dbg_mem_addr[31]_INST_0_i_2/O
                         net (fo=1, routed)           0.000    11.968    u_cpu/u_rf/dbg_mem_addr[31]_INST_0_i_2_n_0
    SLICE_X7Y50          MUXF7 (Prop_muxf7_I0_O)      0.238    12.206 f  u_cpu/u_rf/dbg_mem_addr[31]_INST_0/O
                         net (fo=3, routed)           0.672    12.878    u_cpu/u_alu/pc[31]_i_7_0[1]
    SLICE_X7Y47          LUT4 (Prop_lut4_I1_O)        0.298    13.176 r  u_cpu/u_alu/pc[31]_i_11/O
                         net (fo=1, routed)           0.435    13.611    u_cpu/u_alu/pc[31]_i_11_n_0
    SLICE_X1Y47          LUT4 (Prop_lut4_I1_O)        0.124    13.735 r  u_cpu/u_alu/pc[31]_i_7/O
                         net (fo=30, routed)          0.832    14.567    u_cpu/u_alu/pc[31]_i_7_n_0
    SLICE_X5Y43          LUT6 (Prop_lut6_I2_O)        0.124    14.691 r  u_cpu/u_alu/pc[3]_i_2/O
                         net (fo=1, routed)           0.000    14.691    u_cpu/u_alu/pc[3]_i_2_n_0
    SLICE_X5Y43          CARRY4 (Prop_carry4_S[3]_CO[3])
                                                      0.401    15.092 r  u_cpu/u_alu/pc_reg[3]_i_1/CO[3]
                         net (fo=1, routed)           0.000    15.092    u_cpu/u_alu/pc_reg[3]_i_1_n_0
    SLICE_X5Y44          CARRY4 (Prop_carry4_CI_CO[3])
                                                      0.114    15.206 r  u_cpu/u_alu/pc_reg[7]_i_1/CO[3]
                         net (fo=1, routed)           0.000    15.206    u_cpu/u_alu/pc_reg[7]_i_1_n_0
    SLICE_X5Y45          CARRY4 (Prop_carry4_CI_CO[3])
                                                      0.114    15.320 r  u_cpu/u_alu/pc_reg[11]_i_1/CO[3]
                         net (fo=1, routed)           0.000    15.320    u_cpu/u_alu/pc_reg[11]_i_1_n_0
    SLICE_X5Y46          CARRY4 (Prop_carry4_CI_CO[3])
                                                      0.114    15.434 r  u_cpu/u_alu/pc_reg[15]_i_1/CO[3]
                         net (fo=1, routed)           0.000    15.434    u_cpu/u_alu/pc_reg[15]_i_1_n_0
    SLICE_X5Y47          CARRY4 (Prop_carry4_CI_CO[3])
                                                      0.114    15.548 r  u_cpu/u_alu/pc_reg[19]_i_1/CO[3]
                         net (fo=1, routed)           0.000    15.548    u_cpu/u_alu/pc_reg[19]_i_1_n_0
    SLICE_X5Y48          CARRY4 (Prop_carry4_CI_CO[3])
                                                      0.114    15.662 r  u_cpu/u_alu/pc_reg[23]_i_1/CO[3]
                         net (fo=1, routed)           0.000    15.662    u_cpu/u_alu/pc_reg[23]_i_1_n_0
    SLICE_X5Y49          CARRY4 (Prop_carry4_CI_CO[3])
                                                      0.114    15.776 r  u_cpu/u_alu/pc_reg[27]_i_1/CO[3]
                         net (fo=1, routed)           0.001    15.776    u_cpu/u_alu/pc_reg[27]_i_1_n_0
    SLICE_X5Y50          CARRY4 (Prop_carry4_CI_O[2])
                                                      0.239    16.015 r  u_cpu/u_alu/pc_reg[31]_i_2/O[2]
                         net (fo=1, routed)           0.000    16.015    u_cpu/u_alu_n_86
    SLICE_X5Y50          FDRE                                         r  u_cpu/pc_reg[30]/D
  -------------------------------------------------------------------    -------------------

                         (clock perf_clk rise edge)
                                                      2.000     2.000 r  
    N15                                               0.000     2.000 r  clk (IN)
                         net (fo=0)                   0.000     2.000    clk
    N15                  IBUF (Prop_ibuf_I_O)         0.828     2.828 r  clk_IBUF_inst/O
                         net (fo=1, routed)           1.868     4.696    clk_IBUF
    BUFGCTRL_X0Y0        BUFG (Prop_bufg_I_O)         0.091     4.787 r  clk_IBUF_BUFG_inst/O
                         net (fo=480, routed)         1.508     6.295    u_cpu/clk
    SLICE_X5Y50          FDRE                                         r  u_cpu/pc_reg[30]/C
                         clock pessimism              0.242     6.537    
                         clock uncertainty           -0.035     6.502    
    SLICE_X5Y50          FDRE (Setup_fdre_C_D)        0.062     6.564    u_cpu/pc_reg[30]
  -------------------------------------------------------------------
                         required time                          6.564    
                         arrival time                         -16.015    
  -------------------------------------------------------------------
                         slack                                 -9.452    

Slack (VIOLATED) :        -9.436ns  (required time - arrival time)
  Source:                 u_cpu/pc_reg[8]/C
                            (rising edge-triggered cell FDRE clocked by perf_clk  {rise@0.000ns fall@1.000ns period=2.000ns})
  Destination:            u_cpu/pc_reg[28]/D
                            (rising edge-triggered cell FDRE clocked by perf_clk  {rise@0.000ns fall@1.000ns period=2.000ns})
  Path Group:             perf_clk
  Path Type:              Setup (Max at Slow Process Corner)
  Requirement:            2.000ns  (perf_clk rise@2.000ns - perf_clk rise@0.000ns)
  Data Path Delay:        11.336ns  (logic 5.364ns (47.319%)  route 5.972ns (52.681%))
  Logic Levels:           26  (CARRY4=16 LUT3=1 LUT4=2 LUT6=4 MUXF7=2 MUXF8=1)
  Clock Path Skew:        -0.127ns (DCD - SCD + CPR)
    Destination Clock Delay (DCD):    4.295ns = ( 6.295 - 2.000 ) 
    Source Clock Delay      (SCD):    4.664ns
    Clock Pessimism Removal (CPR):    0.242ns
  Clock Uncertainty:      0.035ns  ((TSJ^2 + TIJ^2)^1/2 + DJ) / 2 + PE
    Total System Jitter     (TSJ):    0.071ns
    Total Input Jitter      (TIJ):    0.000ns
    Discrete Jitter          (DJ):    0.000ns
    Phase Error              (PE):    0.000ns

    Location             Delay type                Incr(ns)  Path(ns)    Netlist Resource(s)
  -------------------------------------------------------------------    -------------------
                         (clock perf_clk rise edge)
                                                      0.000     0.000 r  
    N15                                               0.000     0.000 r  clk (IN)
                         net (fo=0)                   0.000     0.000    clk
    N15                  IBUF (Prop_ibuf_I_O)         0.962     0.962 r  clk_IBUF_inst/O
                         net (fo=1, routed)           1.972     2.933    clk_IBUF
    BUFGCTRL_X0Y0        BUFG (Prop_bufg_I_O)         0.096     3.029 r  clk_IBUF_BUFG_inst/O
                         net (fo=480, routed)         1.634     4.664    u_cpu/clk
    SLICE_X4Y41          FDRE                                         r  u_cpu/pc_reg[8]/C
  -------------------------------------------------------------------    -------------------
    SLICE_X4Y41          FDRE (Prop_fdre_C_Q)         0.456     5.120 f  u_cpu/pc_reg[8]/Q
                         net (fo=5, routed)           0.724     5.844    u_cpu/u_alu/pc_reg[11]_0
    SLICE_X3Y44          LUT3 (Prop_lut3_I2_O)        0.124     5.968 f  u_cpu/u_alu/dbg_instr[26]_INST_0_i_1/O
                         net (fo=32, routed)          0.775     6.743    u_cpu/u_alu/pc_reg[7]
    SLICE_X4Y44          LUT6 (Prop_lut6_I2_O)        0.124     6.867 r  u_cpu/u_alu/dbg_instr[21]_INST_0/O
                         net (fo=68, routed)          1.043     7.909    u_cpu/u_rf/dbg_instr[13]
    SLICE_X8Y38          MUXF7 (Prop_muxf7_S_O)       0.314     8.223 r  u_cpu/u_rf/dbg_mem_wdata[0]_INST_0_i_1/O
                         net (fo=2, routed)           0.000     8.223    u_cpu/u_rf/dbg_mem_wdata[0]_INST_0_i_1_n_0
    SLICE_X8Y38          MUXF8 (Prop_muxf8_I0_O)      0.098     8.321 r  u_cpu/u_rf/dbg_mem_wdata[0]_INST_0/O
                         net (fo=7, routed)           0.852     9.173    u_cpu/u_rf/pc_reg[6]_28
    SLICE_X6Y39          LUT6 (Prop_lut6_I1_O)        0.319     9.492 r  u_cpu/u_rf/i__carry_i_4/O
                         net (fo=1, routed)           0.000     9.492    u_cpu/u_alu/dbg_mem_addr[0]_INST_0[0]
    SLICE_X6Y39          CARRY4 (Prop_carry4_S[0]_CO[3])
                                                      0.513    10.005 r  u_cpu/u_alu/y0_inferred__1/i__carry/CO[3]
                         net (fo=1, routed)           0.000    10.005    u_cpu/u_alu/y0_inferred__1/i__carry_n_0
    SLICE_X6Y40          CARRY4 (Prop_carry4_CI_CO[3])
                                                      0.117    10.122 r  u_cpu/u_alu/y0_inferred__1/i__carry__0/CO[3]
                         net (fo=1, routed)           0.000    10.122    u_cpu/u_alu/y0_inferred__1/i__carry__0_n_0
    SLICE_X6Y41          CARRY4 (Prop_carry4_CI_CO[3])
                                                      0.117    10.239 r  u_cpu/u_alu/y0_inferred__1/i__carry__1/CO[3]
                         net (fo=1, routed)           0.000    10.239    u_cpu/u_alu/y0_inferred__1/i__carry__1_n_0
    SLICE_X6Y42          CARRY4 (Prop_carry4_CI_CO[3])
                                                      0.117    10.356 r  u_cpu/u_alu/y0_inferred__1/i__carry__2/CO[3]
                         net (fo=1, routed)           0.000    10.356    u_cpu/u_alu/y0_inferred__1/i__carry__2_n_0
    SLICE_X6Y43          CARRY4 (Prop_carry4_CI_CO[3])
                                                      0.117    10.473 r  u_cpu/u_alu/y0_inferred__1/i__carry__3/CO[3]
                         net (fo=1, routed)           0.000    10.473    u_cpu/u_alu/y0_inferred__1/i__carry__3_n_0
    SLICE_X6Y44          CARRY4 (Prop_carry4_CI_CO[3])
                                                      0.117    10.590 r  u_cpu/u_alu/y0_inferred__1/i__carry__4/CO[3]
                         net (fo=1, routed)           0.000    10.590    u_cpu/u_alu/y0_inferred__1/i__carry__4_n_0
    SLICE_X6Y45          CARRY4 (Prop_carry4_CI_CO[3])
                                                      0.117    10.707 r  u_cpu/u_alu/y0_inferred__1/i__carry__5/CO[3]
                         net (fo=1, routed)           0.000    10.707    u_cpu/u_alu/y0_inferred__1/i__carry__5_n_0
    SLICE_X6Y46          CARRY4 (Prop_carry4_CI_O[3])
                                                      0.315    11.022 f  u_cpu/u_alu/y0_inferred__1/i__carry__6/O[3]
                         net (fo=1, routed)           0.639    11.661    u_cpu/u_rf/dbg_mem_addr[31]_INST_0_0[1]
    SLICE_X7Y50          LUT6 (Prop_lut6_I5_O)        0.307    11.968 f  u_cpu/u_rf/dbg_mem_addr[31]_INST_0_i_2/O
                         net (fo=1, routed)           0.000    11.968    u_cpu/u_rf/dbg_mem_addr[31]_INST_0_i_2_n_0
    SLICE_X7Y50          MUXF7 (Prop_muxf7_I0_O)      0.238    12.206 f  u_cpu/u_rf/dbg_mem_addr[31]_INST_0/O
                         net (fo=3, routed)           0.672    12.878    u_cpu/u_alu/pc[31]_i_7_0[1]
    SLICE_X7Y47          LUT4 (Prop_lut4_I1_O)        0.298    13.176 r  u_cpu/u_alu/pc[31]_i_11/O
                         net (fo=1, routed)           0.435    13.611    u_cpu/u_alu/pc[31]_i_11_n_0
    SLICE_X1Y47          LUT4 (Prop_lut4_I1_O)        0.124    13.735 r  u_cpu/u_alu/pc[31]_i_7/O
                         net (fo=30, routed)          0.832    14.567    u_cpu/u_alu/pc[31]_i_7_n_0
    SLICE_X5Y43          LUT6 (Prop_lut6_I2_O)        0.124    14.691 r  u_cpu/u_alu/pc[3]_i_2/O
                         net (fo=1, routed)           0.000    14.691    u_cpu/u_alu/pc[3]_i_2_n_0
    SLICE_X5Y43          CARRY4 (Prop_carry4_S[3]_CO[3])
                                                      0.401    15.092 r  u_cpu/u_alu/pc_reg[3]_i_1/CO[3]
                         net (fo=1, routed)           0.000    15.092    u_cpu/u_alu/pc_reg[3]_i_1_n_0
    SLICE_X5Y44          CARRY4 (Prop_carry4_CI_CO[3])
                                                      0.114    15.206 r  u_cpu/u_alu/pc_reg[7]_i_1/CO[3]
                         net (fo=1, routed)           0.000    15.206    u_cpu/u_alu/pc_reg[7]_i_1_n_0
    SLICE_X5Y45          CARRY4 (Prop_carry4_CI_CO[3])
                                                      0.114    15.320 r  u_cpu/u_alu/pc_reg[11]_i_1/CO[3]
                         net (fo=1, routed)           0.000    15.320    u_cpu/u_alu/pc_reg[11]_i_1_n_0
    SLICE_X5Y46          CARRY4 (Prop_carry4_CI_CO[3])
                                                      0.114    15.434 r  u_cpu/u_alu/pc_reg[15]_i_1/CO[3]
                         net (fo=1, routed)           0.000    15.434    u_cpu/u_alu/pc_reg[15]_i_1_n_0
    SLICE_X5Y47          CARRY4 (Prop_carry4_CI_CO[3])
                                                      0.114    15.548 r  u_cpu/u_alu/pc_reg[19]_i_1/CO[3]
                         net (fo=1, routed)           0.000    15.548    u_cpu/u_alu/pc_reg[19]_i_1_n_0
    SLICE_X5Y48          CARRY4 (Prop_carry4_CI_CO[3])
                                                      0.114    15.662 r  u_cpu/u_alu/pc_reg[23]_i_1/CO[3]
                         net (fo=1, routed)           0.000    15.662    u_cpu/u_alu/pc_reg[23]_i_1_n_0
    SLICE_X5Y49          CARRY4 (Prop_carry4_CI_CO[3])
                                                      0.114    15.776 r  u_cpu/u_alu/pc_reg[27]_i_1/CO[3]
                         net (fo=1, routed)           0.001    15.776    u_cpu/u_alu/pc_reg[27]_i_1_n_0
    SLICE_X5Y50          CARRY4 (Prop_carry4_CI_O[0])
                                                      0.223    15.999 r  u_cpu/u_alu/pc_reg[31]_i_2/O[0]
                         net (fo=1, routed)           0.000    15.999    u_cpu/u_alu_n_88
    SLICE_X5Y50          FDRE                                         r  u_cpu/pc_reg[28]/D
  -------------------------------------------------------------------    -------------------

                         (clock perf_clk rise edge)
                                                      2.000     2.000 r  
    N15                                               0.000     2.000 r  clk (IN)
                         net (fo=0)                   0.000     2.000    clk
    N15                  IBUF (Prop_ibuf_I_O)         0.828     2.828 r  clk_IBUF_inst/O
                         net (fo=1, routed)           1.868     4.696    clk_IBUF
    BUFGCTRL_X0Y0        BUFG (Prop_bufg_I_O)         0.091     4.787 r  clk_IBUF_BUFG_inst/O
                         net (fo=480, routed)         1.508     6.295    u_cpu/clk
    SLICE_X5Y50          FDRE                                         r  u_cpu/pc_reg[28]/C
                         clock pessimism              0.242     6.537    
                         clock uncertainty           -0.035     6.502    
    SLICE_X5Y50          FDRE (Setup_fdre_C_D)        0.062     6.564    u_cpu/pc_reg[28]
  -------------------------------------------------------------------
                         required time                          6.564    
                         arrival time                         -15.999    
  -------------------------------------------------------------------
                         slack                                 -9.436    

Slack (VIOLATED) :        -9.328ns  (required time - arrival time)
  Source:                 u_cpu/pc_reg[8]/C
                            (rising edge-triggered cell FDRE clocked by perf_clk  {rise@0.000ns fall@1.000ns period=2.000ns})
  Destination:            u_cpu/pc_reg[25]/D
                            (rising edge-triggered cell FDRE clocked by perf_clk  {rise@0.000ns fall@1.000ns period=2.000ns})
  Path Group:             perf_clk
  Path Type:              Setup (Max at Slow Process Corner)
  Requirement:            2.000ns  (perf_clk rise@2.000ns - perf_clk rise@0.000ns)
  Data Path Delay:        11.332ns  (logic 5.361ns (47.308%)  route 5.971ns (52.692%))
  Logic Levels:           25  (CARRY4=15 LUT3=1 LUT4=2 LUT6=4 MUXF7=2 MUXF8=1)
  Clock Path Skew:        -0.023ns (DCD - SCD + CPR)
    Destination Clock Delay (DCD):    4.306ns = ( 6.306 - 2.000 ) 
    Source Clock Delay      (SCD):    4.664ns
    Clock Pessimism Removal (CPR):    0.335ns
  Clock Uncertainty:      0.035ns  ((TSJ^2 + TIJ^2)^1/2 + DJ) / 2 + PE
    Total System Jitter     (TSJ):    0.071ns
    Total Input Jitter      (TIJ):    0.000ns
    Discrete Jitter          (DJ):    0.000ns
    Phase Error              (PE):    0.000ns

    Location             Delay type                Incr(ns)  Path(ns)    Netlist Resource(s)
  -------------------------------------------------------------------    -------------------
                         (clock perf_clk rise edge)
                                                      0.000     0.000 r  
    N15                                               0.000     0.000 r  clk (IN)
                         net (fo=0)                   0.000     0.000    clk
    N15                  IBUF (Prop_ibuf_I_O)         0.962     0.962 r  clk_IBUF_inst/O
                         net (fo=1, routed)           1.972     2.933    clk_IBUF
    BUFGCTRL_X0Y0        BUFG (Prop_bufg_I_O)         0.096     3.029 r  clk_IBUF_BUFG_inst/O
                         net (fo=480, routed)         1.634     4.664    u_cpu/clk
    SLICE_X4Y41          FDRE                                         r  u_cpu/pc_reg[8]/C
  -------------------------------------------------------------------    -------------------
    SLICE_X4Y41          FDRE (Prop_fdre_C_Q)         0.456     5.120 f  u_cpu/pc_reg[8]/Q
                         net (fo=5, routed)           0.724     5.844    u_cpu/u_alu/pc_reg[11]_0
    SLICE_X3Y44          LUT3 (Prop_lut3_I2_O)        0.124     5.968 f  u_cpu/u_alu/dbg_instr[26]_INST_0_i_1/O
                         net (fo=32, routed)          0.775     6.743    u_cpu/u_alu/pc_reg[7]
    SLICE_X4Y44          LUT6 (Prop_lut6_I2_O)        0.124     6.867 r  u_cpu/u_alu/dbg_instr[21]_INST_0/O
                         net (fo=68, routed)          1.043     7.909    u_cpu/u_rf/dbg_instr[13]
    SLICE_X8Y38          MUXF7 (Prop_muxf7_S_O)       0.314     8.223 r  u_cpu/u_rf/dbg_mem_wdata[0]_INST_0_i_1/O
                         net (fo=2, routed)           0.000     8.223    u_cpu/u_rf/dbg_mem_wdata[0]_INST_0_i_1_n_0
    SLICE_X8Y38          MUXF8 (Prop_muxf8_I0_O)      0.098     8.321 r  u_cpu/u_rf/dbg_mem_wdata[0]_INST_0/O
                         net (fo=7, routed)           0.852     9.173    u_cpu/u_rf/pc_reg[6]_28
    SLICE_X6Y39          LUT6 (Prop_lut6_I1_O)        0.319     9.492 r  u_cpu/u_rf/i__carry_i_4/O
                         net (fo=1, routed)           0.000     9.492    u_cpu/u_alu/dbg_mem_addr[0]_INST_0[0]
    SLICE_X6Y39          CARRY4 (Prop_carry4_S[0]_CO[3])
                                                      0.513    10.005 r  u_cpu/u_alu/y0_inferred__1/i__carry/CO[3]
                         net (fo=1, routed)           0.000    10.005    u_cpu/u_alu/y0_inferred__1/i__carry_n_0
    SLICE_X6Y40          CARRY4 (Prop_carry4_CI_CO[3])
                                                      0.117    10.122 r  u_cpu/u_alu/y0_inferred__1/i__carry__0/CO[3]
                         net (fo=1, routed)           0.000    10.122    u_cpu/u_alu/y0_inferred__1/i__carry__0_n_0
    SLICE_X6Y41          CARRY4 (Prop_carry4_CI_CO[3])
                                                      0.117    10.239 r  u_cpu/u_alu/y0_inferred__1/i__carry__1/CO[3]
                         net (fo=1, routed)           0.000    10.239    u_cpu/u_alu/y0_inferred__1/i__carry__1_n_0
    SLICE_X6Y42          CARRY4 (Prop_carry4_CI_CO[3])
                                                      0.117    10.356 r  u_cpu/u_alu/y0_inferred__1/i__carry__2/CO[3]
                         net (fo=1, routed)           0.000    10.356    u_cpu/u_alu/y0_inferred__1/i__carry__2_n_0
    SLICE_X6Y43          CARRY4 (Prop_carry4_CI_CO[3])
                                                      0.117    10.473 r  u_cpu/u_alu/y0_inferred__1/i__carry__3/CO[3]
                         net (fo=1, routed)           0.000    10.473    u_cpu/u_alu/y0_inferred__1/i__carry__3_n_0
    SLICE_X6Y44          CARRY4 (Prop_carry4_CI_CO[3])
                                                      0.117    10.590 r  u_cpu/u_alu/y0_inferred__1/i__carry__4/CO[3]
                         net (fo=1, routed)           0.000    10.590    u_cpu/u_alu/y0_inferred__1/i__carry__4_n_0
    SLICE_X6Y45          CARRY4 (Prop_carry4_CI_CO[3])
                                                      0.117    10.707 r  u_cpu/u_alu/y0_inferred__1/i__carry__5/CO[3]
                         net (fo=1, routed)           0.000    10.707    u_cpu/u_alu/y0_inferred__1/i__carry__5_n_0
    SLICE_X6Y46          CARRY4 (Prop_carry4_CI_O[3])
                                                      0.315    11.022 f  u_cpu/u_alu/y0_inferred__1/i__carry__6/O[3]
                         net (fo=1, routed)           0.639    11.661    u_cpu/u_rf/dbg_mem_addr[31]_INST_0_0[1]
    SLICE_X7Y50          LUT6 (Prop_lut6_I5_O)        0.307    11.968 f  u_cpu/u_rf/dbg_mem_addr[31]_INST_0_i_2/O
                         net (fo=1, routed)           0.000    11.968    u_cpu/u_rf/dbg_mem_addr[31]_INST_0_i_2_n_0
    SLICE_X7Y50          MUXF7 (Prop_muxf7_I0_O)      0.238    12.206 f  u_cpu/u_rf/dbg_mem_addr[31]_INST_0/O
                         net (fo=3, routed)           0.672    12.878    u_cpu/u_alu/pc[31]_i_7_0[1]
    SLICE_X7Y47          LUT4 (Prop_lut4_I1_O)        0.298    13.176 r  u_cpu/u_alu/pc[31]_i_11/O
                         net (fo=1, routed)           0.435    13.611    u_cpu/u_alu/pc[31]_i_11_n_0
    SLICE_X1Y47          LUT4 (Prop_lut4_I1_O)        0.124    13.735 r  u_cpu/u_alu/pc[31]_i_7/O
                         net (fo=30, routed)          0.832    14.567    u_cpu/u_alu/pc[31]_i_7_n_0
    SLICE_X5Y43          LUT6 (Prop_lut6_I2_O)        0.124    14.691 r  u_cpu/u_alu/pc[3]_i_2/O
                         net (fo=1, routed)           0.000    14.691    u_cpu/u_alu/pc[3]_i_2_n_0
    SLICE_X5Y43          CARRY4 (Prop_carry4_S[3]_CO[3])
                                                      0.401    15.092 r  u_cpu/u_alu/pc_reg[3]_i_1/CO[3]
                         net (fo=1, routed)           0.000    15.092    u_cpu/u_alu/pc_reg[3]_i_1_n_0
    SLICE_X5Y44          CARRY4 (Prop_carry4_CI_CO[3])
                                                      0.114    15.206 r  u_cpu/u_alu/pc_reg[7]_i_1/CO[3]
                         net (fo=1, routed)           0.000    15.206    u_cpu/u_alu/pc_reg[7]_i_1_n_0
    SLICE_X5Y45          CARRY4 (Prop_carry4_CI_CO[3])
                                                      0.114    15.320 r  u_cpu/u_alu/pc_reg[11]_i_1/CO[3]
                         net (fo=1, routed)           0.000    15.320    u_cpu/u_alu/pc_reg[11]_i_1_n_0
    SLICE_X5Y46          CARRY4 (Prop_carry4_CI_CO[3])
                                                      0.114    15.434 r  u_cpu/u_alu/pc_reg[15]_i_1/CO[3]
                         net (fo=1, routed)           0.000    15.434    u_cpu/u_alu/pc_reg[15]_i_1_n_0
    SLICE_X5Y47          CARRY4 (Prop_carry4_CI_CO[3])
                                                      0.114    15.548 r  u_cpu/u_alu/pc_reg[19]_i_1/CO[3]
                         net (fo=1, routed)           0.000    15.548    u_cpu/u_alu/pc_reg[19]_i_1_n_0
    SLICE_X5Y48          CARRY4 (Prop_carry4_CI_CO[3])
                                                      0.114    15.662 r  u_cpu/u_alu/pc_reg[23]_i_1/CO[3]
                         net (fo=1, routed)           0.000    15.662    u_cpu/u_alu/pc_reg[23]_i_1_n_0
    SLICE_X5Y49          CARRY4 (Prop_carry4_CI_O[1])
                                                      0.334    15.996 r  u_cpu/u_alu/pc_reg[27]_i_1/O[1]
                         net (fo=1, routed)           0.000    15.996    u_cpu/u_alu_n_83
    SLICE_X5Y49          FDRE                                         r  u_cpu/pc_reg[25]/D
  -------------------------------------------------------------------    -------------------

                         (clock perf_clk rise edge)
                                                      2.000     2.000 r  
    N15                                               0.000     2.000 r  clk (IN)
                         net (fo=0)                   0.000     2.000    clk
    N15                  IBUF (Prop_ibuf_I_O)         0.828     2.828 r  clk_IBUF_inst/O
                         net (fo=1, routed)           1.868     4.696    clk_IBUF
    BUFGCTRL_X0Y0        BUFG (Prop_bufg_I_O)         0.091     4.787 r  clk_IBUF_BUFG_inst/O
                         net (fo=480, routed)         1.518     6.306    u_cpu/clk
    SLICE_X5Y49          FDRE                                         r  u_cpu/pc_reg[25]/C
                         clock pessimism              0.335     6.641    
                         clock uncertainty           -0.035     6.605    
    SLICE_X5Y49          FDRE (Setup_fdre_C_D)        0.062     6.667    u_cpu/pc_reg[25]
  -------------------------------------------------------------------
                         required time                          6.667    
                         arrival time                         -15.996    
  -------------------------------------------------------------------
                         slack                                 -9.328    

Slack (VIOLATED) :        -9.307ns  (required time - arrival time)
  Source:                 u_cpu/pc_reg[8]/C
                            (rising edge-triggered cell FDRE clocked by perf_clk  {rise@0.000ns fall@1.000ns period=2.000ns})
  Destination:            u_cpu/pc_reg[27]/D
                            (rising edge-triggered cell FDRE clocked by perf_clk  {rise@0.000ns fall@1.000ns period=2.000ns})
  Path Group:             perf_clk
  Path Type:              Setup (Max at Slow Process Corner)
  Requirement:            2.000ns  (perf_clk rise@2.000ns - perf_clk rise@0.000ns)
  Data Path Delay:        11.311ns  (logic 5.340ns (47.210%)  route 5.971ns (52.790%))
  Logic Levels:           25  (CARRY4=15 LUT3=1 LUT4=2 LUT6=4 MUXF7=2 MUXF8=1)
  Clock Path Skew:        -0.023ns (DCD - SCD + CPR)
    Destination Clock Delay (DCD):    4.306ns = ( 6.306 - 2.000 ) 
    Source Clock Delay      (SCD):    4.664ns
    Clock Pessimism Removal (CPR):    0.335ns
  Clock Uncertainty:      0.035ns  ((TSJ^2 + TIJ^2)^1/2 + DJ) / 2 + PE
    Total System Jitter     (TSJ):    0.071ns
    Total Input Jitter      (TIJ):    0.000ns
    Discrete Jitter          (DJ):    0.000ns
    Phase Error              (PE):    0.000ns

    Location             Delay type                Incr(ns)  Path(ns)    Netlist Resource(s)
  -------------------------------------------------------------------    -------------------
                         (clock perf_clk rise edge)
                                                      0.000     0.000 r  
    N15                                               0.000     0.000 r  clk (IN)
                         net (fo=0)                   0.000     0.000    clk
    N15                  IBUF (Prop_ibuf_I_O)         0.962     0.962 r  clk_IBUF_inst/O
                         net (fo=1, routed)           1.972     2.933    clk_IBUF
    BUFGCTRL_X0Y0        BUFG (Prop_bufg_I_O)         0.096     3.029 r  clk_IBUF_BUFG_inst/O
                         net (fo=480, routed)         1.634     4.664    u_cpu/clk
    SLICE_X4Y41          FDRE                                         r  u_cpu/pc_reg[8]/C
  -------------------------------------------------------------------    -------------------
    SLICE_X4Y41          FDRE (Prop_fdre_C_Q)         0.456     5.120 f  u_cpu/pc_reg[8]/Q
                         net (fo=5, routed)           0.724     5.844    u_cpu/u_alu/pc_reg[11]_0
    SLICE_X3Y44          LUT3 (Prop_lut3_I2_O)        0.124     5.968 f  u_cpu/u_alu/dbg_instr[26]_INST_0_i_1/O
                         net (fo=32, routed)          0.775     6.743    u_cpu/u_alu/pc_reg[7]
    SLICE_X4Y44          LUT6 (Prop_lut6_I2_O)        0.124     6.867 r  u_cpu/u_alu/dbg_instr[21]_INST_0/O
                         net (fo=68, routed)          1.043     7.909    u_cpu/u_rf/dbg_instr[13]
    SLICE_X8Y38          MUXF7 (Prop_muxf7_S_O)       0.314     8.223 r  u_cpu/u_rf/dbg_mem_wdata[0]_INST_0_i_1/O
                         net (fo=2, routed)           0.000     8.223    u_cpu/u_rf/dbg_mem_wdata[0]_INST_0_i_1_n_0
    SLICE_X8Y38          MUXF8 (Prop_muxf8_I0_O)      0.098     8.321 r  u_cpu/u_rf/dbg_mem_wdata[0]_INST_0/O
                         net (fo=7, routed)           0.852     9.173    u_cpu/u_rf/pc_reg[6]_28
    SLICE_X6Y39          LUT6 (Prop_lut6_I1_O)        0.319     9.492 r  u_cpu/u_rf/i__carry_i_4/O
                         net (fo=1, routed)           0.000     9.492    u_cpu/u_alu/dbg_mem_addr[0]_INST_0[0]
    SLICE_X6Y39          CARRY4 (Prop_carry4_S[0]_CO[3])
                                                      0.513    10.005 r  u_cpu/u_alu/y0_inferred__1/i__carry/CO[3]
                         net (fo=1, routed)           0.000    10.005    u_cpu/u_alu/y0_inferred__1/i__carry_n_0
    SLICE_X6Y40          CARRY4 (Prop_carry4_CI_CO[3])
                                                      0.117    10.122 r  u_cpu/u_alu/y0_inferred__1/i__carry__0/CO[3]
                         net (fo=1, routed)           0.000    10.122    u_cpu/u_alu/y0_inferred__1/i__carry__0_n_0
    SLICE_X6Y41          CARRY4 (Prop_carry4_CI_CO[3])
                                                      0.117    10.239 r  u_cpu/u_alu/y0_inferred__1/i__carry__1/CO[3]
                         net (fo=1, routed)           0.000    10.239    u_cpu/u_alu/y0_inferred__1/i__carry__1_n_0
    SLICE_X6Y42          CARRY4 (Prop_carry4_CI_CO[3])
                                                      0.117    10.356 r  u_cpu/u_alu/y0_inferred__1/i__carry__2/CO[3]
                         net (fo=1, routed)           0.000    10.356    u_cpu/u_alu/y0_inferred__1/i__carry__2_n_0
    SLICE_X6Y43          CARRY4 (Prop_carry4_CI_CO[3])
                                                      0.117    10.473 r  u_cpu/u_alu/y0_inferred__1/i__carry__3/CO[3]
                         net (fo=1, routed)           0.000    10.473    u_cpu/u_alu/y0_inferred__1/i__carry__3_n_0
    SLICE_X6Y44          CARRY4 (Prop_carry4_CI_CO[3])
                                                      0.117    10.590 r  u_cpu/u_alu/y0_inferred__1/i__carry__4/CO[3]
                         net (fo=1, routed)           0.000    10.590    u_cpu/u_alu/y0_inferred__1/i__carry__4_n_0
    SLICE_X6Y45          CARRY4 (Prop_carry4_CI_CO[3])
                                                      0.117    10.707 r  u_cpu/u_alu/y0_inferred__1/i__carry__5/CO[3]
                         net (fo=1, routed)           0.000    10.707    u_cpu/u_alu/y0_inferred__1/i__carry__5_n_0
    SLICE_X6Y46          CARRY4 (Prop_carry4_CI_O[3])
                                                      0.315    11.022 f  u_cpu/u_alu/y0_inferred__1/i__carry__6/O[3]
                         net (fo=1, routed)           0.639    11.661    u_cpu/u_rf/dbg_mem_addr[31]_INST_0_0[1]
    SLICE_X7Y50          LUT6 (Prop_lut6_I5_O)        0.307    11.968 f  u_cpu/u_rf/dbg_mem_addr[31]_INST_0_i_2/O
                         net (fo=1, routed)           0.000    11.968    u_cpu/u_rf/dbg_mem_addr[31]_INST_0_i_2_n_0
    SLICE_X7Y50          MUXF7 (Prop_muxf7_I0_O)      0.238    12.206 f  u_cpu/u_rf/dbg_mem_addr[31]_INST_0/O
                         net (fo=3, routed)           0.672    12.878    u_cpu/u_alu/pc[31]_i_7_0[1]
    SLICE_X7Y47          LUT4 (Prop_lut4_I1_O)        0.298    13.176 r  u_cpu/u_alu/pc[31]_i_11/O
                         net (fo=1, routed)           0.435    13.611    u_cpu/u_alu/pc[31]_i_11_n_0
    SLICE_X1Y47          LUT4 (Prop_lut4_I1_O)        0.124    13.735 r  u_cpu/u_alu/pc[31]_i_7/O
                         net (fo=30, routed)          0.832    14.567    u_cpu/u_alu/pc[31]_i_7_n_0
    SLICE_X5Y43          LUT6 (Prop_lut6_I2_O)        0.124    14.691 r  u_cpu/u_alu/pc[3]_i_2/O
                         net (fo=1, routed)           0.000    14.691    u_cpu/u_alu/pc[3]_i_2_n_0
    SLICE_X5Y43          CARRY4 (Prop_carry4_S[3]_CO[3])
                                                      0.401    15.092 r  u_cpu/u_alu/pc_reg[3]_i_1/CO[3]
                         net (fo=1, routed)           0.000    15.092    u_cpu/u_alu/pc_reg[3]_i_1_n_0
    SLICE_X5Y44          CARRY4 (Prop_carry4_CI_CO[3])
                                                      0.114    15.206 r  u_cpu/u_alu/pc_reg[7]_i_1/CO[3]
                         net (fo=1, routed)           0.000    15.206    u_cpu/u_alu/pc_reg[7]_i_1_n_0
    SLICE_X5Y45          CARRY4 (Prop_carry4_CI_CO[3])
                                                      0.114    15.320 r  u_cpu/u_alu/pc_reg[11]_i_1/CO[3]
                         net (fo=1, routed)           0.000    15.320    u_cpu/u_alu/pc_reg[11]_i_1_n_0
    SLICE_X5Y46          CARRY4 (Prop_carry4_CI_CO[3])
                                                      0.114    15.434 r  u_cpu/u_alu/pc_reg[15]_i_1/CO[3]
                         net (fo=1, routed)           0.000    15.434    u_cpu/u_alu/pc_reg[15]_i_1_n_0
    SLICE_X5Y47          CARRY4 (Prop_carry4_CI_CO[3])
                                                      0.114    15.548 r  u_cpu/u_alu/pc_reg[19]_i_1/CO[3]
                         net (fo=1, routed)           0.000    15.548    u_cpu/u_alu/pc_reg[19]_i_1_n_0
    SLICE_X5Y48          CARRY4 (Prop_carry4_CI_CO[3])
                                                      0.114    15.662 r  u_cpu/u_alu/pc_reg[23]_i_1/CO[3]
                         net (fo=1, routed)           0.000    15.662    u_cpu/u_alu/pc_reg[23]_i_1_n_0
    SLICE_X5Y49          CARRY4 (Prop_carry4_CI_O[3])
                                                      0.313    15.975 r  u_cpu/u_alu/pc_reg[27]_i_1/O[3]
                         net (fo=1, routed)           0.000    15.975    u_cpu/u_alu_n_81
    SLICE_X5Y49          FDRE                                         r  u_cpu/pc_reg[27]/D
  -------------------------------------------------------------------    -------------------

                         (clock perf_clk rise edge)
                                                      2.000     2.000 r  
    N15                                               0.000     2.000 r  clk (IN)
                         net (fo=0)                   0.000     2.000    clk
    N15                  IBUF (Prop_ibuf_I_O)         0.828     2.828 r  clk_IBUF_inst/O
                         net (fo=1, routed)           1.868     4.696    clk_IBUF
    BUFGCTRL_X0Y0        BUFG (Prop_bufg_I_O)         0.091     4.787 r  clk_IBUF_BUFG_inst/O
                         net (fo=480, routed)         1.518     6.306    u_cpu/clk
    SLICE_X5Y49          FDRE                                         r  u_cpu/pc_reg[27]/C
                         clock pessimism              0.335     6.641    
                         clock uncertainty           -0.035     6.605    
    SLICE_X5Y49          FDRE (Setup_fdre_C_D)        0.062     6.667    u_cpu/pc_reg[27]
  -------------------------------------------------------------------
                         required time                          6.667    
                         arrival time                         -15.975    
  -------------------------------------------------------------------
                         slack                                 -9.307    

Slack (VIOLATED) :        -9.233ns  (required time - arrival time)
  Source:                 u_cpu/pc_reg[8]/C
                            (rising edge-triggered cell FDRE clocked by perf_clk  {rise@0.000ns fall@1.000ns period=2.000ns})
  Destination:            u_cpu/pc_reg[26]/D
                            (rising edge-triggered cell FDRE clocked by perf_clk  {rise@0.000ns fall@1.000ns period=2.000ns})
  Path Group:             perf_clk
  Path Type:              Setup (Max at Slow Process Corner)
  Requirement:            2.000ns  (perf_clk rise@2.000ns - perf_clk rise@0.000ns)
  Data Path Delay:        11.237ns  (logic 5.266ns (46.863%)  route 5.971ns (53.137%))
  Logic Levels:           25  (CARRY4=15 LUT3=1 LUT4=2 LUT6=4 MUXF7=2 MUXF8=1)
  Clock Path Skew:        -0.023ns (DCD - SCD + CPR)
    Destination Clock Delay (DCD):    4.306ns = ( 6.306 - 2.000 ) 
    Source Clock Delay      (SCD):    4.664ns
    Clock Pessimism Removal (CPR):    0.335ns
  Clock Uncertainty:      0.035ns  ((TSJ^2 + TIJ^2)^1/2 + DJ) / 2 + PE
    Total System Jitter     (TSJ):    0.071ns
    Total Input Jitter      (TIJ):    0.000ns
    Discrete Jitter          (DJ):    0.000ns
    Phase Error              (PE):    0.000ns

    Location             Delay type                Incr(ns)  Path(ns)    Netlist Resource(s)
  -------------------------------------------------------------------    -------------------
                         (clock perf_clk rise edge)
                                                      0.000     0.000 r  
    N15                                               0.000     0.000 r  clk (IN)
                         net (fo=0)                   0.000     0.000    clk
    N15                  IBUF (Prop_ibuf_I_O)         0.962     0.962 r  clk_IBUF_inst/O
                         net (fo=1, routed)           1.972     2.933    clk_IBUF
    BUFGCTRL_X0Y0        BUFG (Prop_bufg_I_O)         0.096     3.029 r  clk_IBUF_BUFG_inst/O
                         net (fo=480, routed)         1.634     4.664    u_cpu/clk
    SLICE_X4Y41          FDRE                                         r  u_cpu/pc_reg[8]/C
  -------------------------------------------------------------------    -------------------
    SLICE_X4Y41          FDRE (Prop_fdre_C_Q)         0.456     5.120 f  u_cpu/pc_reg[8]/Q
                         net (fo=5, routed)           0.724     5.844    u_cpu/u_alu/pc_reg[11]_0
    SLICE_X3Y44          LUT3 (Prop_lut3_I2_O)        0.124     5.968 f  u_cpu/u_alu/dbg_instr[26]_INST_0_i_1/O
                         net (fo=32, routed)          0.775     6.743    u_cpu/u_alu/pc_reg[7]
    SLICE_X4Y44          LUT6 (Prop_lut6_I2_O)        0.124     6.867 r  u_cpu/u_alu/dbg_instr[21]_INST_0/O
                         net (fo=68, routed)          1.043     7.909    u_cpu/u_rf/dbg_instr[13]
    SLICE_X8Y38          MUXF7 (Prop_muxf7_S_O)       0.314     8.223 r  u_cpu/u_rf/dbg_mem_wdata[0]_INST_0_i_1/O
                         net (fo=2, routed)           0.000     8.223    u_cpu/u_rf/dbg_mem_wdata[0]_INST_0_i_1_n_0
    SLICE_X8Y38          MUXF8 (Prop_muxf8_I0_O)      0.098     8.321 r  u_cpu/u_rf/dbg_mem_wdata[0]_INST_0/O
                         net (fo=7, routed)           0.852     9.173    u_cpu/u_rf/pc_reg[6]_28
    SLICE_X6Y39          LUT6 (Prop_lut6_I1_O)        0.319     9.492 r  u_cpu/u_rf/i__carry_i_4/O
                         net (fo=1, routed)           0.000     9.492    u_cpu/u_alu/dbg_mem_addr[0]_INST_0[0]
    SLICE_X6Y39          CARRY4 (Prop_carry4_S[0]_CO[3])
                                                      0.513    10.005 r  u_cpu/u_alu/y0_inferred__1/i__carry/CO[3]
                         net (fo=1, routed)           0.000    10.005    u_cpu/u_alu/y0_inferred__1/i__carry_n_0
    SLICE_X6Y40          CARRY4 (Prop_carry4_CI_CO[3])
                                                      0.117    10.122 r  u_cpu/u_alu/y0_inferred__1/i__carry__0/CO[3]
                         net (fo=1, routed)           0.000    10.122    u_cpu/u_alu/y0_inferred__1/i__carry__0_n_0
    SLICE_X6Y41          CARRY4 (Prop_carry4_CI_CO[3])
                                                      0.117    10.239 r  u_cpu/u_alu/y0_inferred__1/i__carry__1/CO[3]
                         net (fo=1, routed)           0.000    10.239    u_cpu/u_alu/y0_inferred__1/i__carry__1_n_0
    SLICE_X6Y42          CARRY4 (Prop_carry4_CI_CO[3])
                                                      0.117    10.356 r  u_cpu/u_alu/y0_inferred__1/i__carry__2/CO[3]
                         net (fo=1, routed)           0.000    10.356    u_cpu/u_alu/y0_inferred__1/i__carry__2_n_0
    SLICE_X6Y43          CARRY4 (Prop_carry4_CI_CO[3])
                                                      0.117    10.473 r  u_cpu/u_alu/y0_inferred__1/i__carry__3/CO[3]
                         net (fo=1, routed)           0.000    10.473    u_cpu/u_alu/y0_inferred__1/i__carry__3_n_0
    SLICE_X6Y44          CARRY4 (Prop_carry4_CI_CO[3])
                                                      0.117    10.590 r  u_cpu/u_alu/y0_inferred__1/i__carry__4/CO[3]
                         net (fo=1, routed)           0.000    10.590    u_cpu/u_alu/y0_inferred__1/i__carry__4_n_0
    SLICE_X6Y45          CARRY4 (Prop_carry4_CI_CO[3])
                                                      0.117    10.707 r  u_cpu/u_alu/y0_inferred__1/i__carry__5/CO[3]
                         net (fo=1, routed)           0.000    10.707    u_cpu/u_alu/y0_inferred__1/i__carry__5_n_0
    SLICE_X6Y46          CARRY4 (Prop_carry4_CI_O[3])
                                                      0.315    11.022 f  u_cpu/u_alu/y0_inferred__1/i__carry__6/O[3]
                         net (fo=1, routed)           0.639    11.661    u_cpu/u_rf/dbg_mem_addr[31]_INST_0_0[1]
    SLICE_X7Y50          LUT6 (Prop_lut6_I5_O)        0.307    11.968 f  u_cpu/u_rf/dbg_mem_addr[31]_INST_0_i_2/O
                         net (fo=1, routed)           0.000    11.968    u_cpu/u_rf/dbg_mem_addr[31]_INST_0_i_2_n_0
    SLICE_X7Y50          MUXF7 (Prop_muxf7_I0_O)      0.238    12.206 f  u_cpu/u_rf/dbg_mem_addr[31]_INST_0/O
                         net (fo=3, routed)           0.672    12.878    u_cpu/u_alu/pc[31]_i_7_0[1]
    SLICE_X7Y47          LUT4 (Prop_lut4_I1_O)        0.298    13.176 r  u_cpu/u_alu/pc[31]_i_11/O
                         net (fo=1, routed)           0.435    13.611    u_cpu/u_alu/pc[31]_i_11_n_0
    SLICE_X1Y47          LUT4 (Prop_lut4_I1_O)        0.124    13.735 r  u_cpu/u_alu/pc[31]_i_7/O
                         net (fo=30, routed)          0.832    14.567    u_cpu/u_alu/pc[31]_i_7_n_0
    SLICE_X5Y43          LUT6 (Prop_lut6_I2_O)        0.124    14.691 r  u_cpu/u_alu/pc[3]_i_2/O
                         net (fo=1, routed)           0.000    14.691    u_cpu/u_alu/pc[3]_i_2_n_0
    SLICE_X5Y43          CARRY4 (Prop_carry4_S[3]_CO[3])
                                                      0.401    15.092 r  u_cpu/u_alu/pc_reg[3]_i_1/CO[3]
                         net (fo=1, routed)           0.000    15.092    u_cpu/u_alu/pc_reg[3]_i_1_n_0
    SLICE_X5Y44          CARRY4 (Prop_carry4_CI_CO[3])
                                                      0.114    15.206 r  u_cpu/u_alu/pc_reg[7]_i_1/CO[3]
                         net (fo=1, routed)           0.000    15.206    u_cpu/u_alu/pc_reg[7]_i_1_n_0
    SLICE_X5Y45          CARRY4 (Prop_carry4_CI_CO[3])
                                                      0.114    15.320 r  u_cpu/u_alu/pc_reg[11]_i_1/CO[3]
                         net (fo=1, routed)           0.000    15.320    u_cpu/u_alu/pc_reg[11]_i_1_n_0
    SLICE_X5Y46          CARRY4 (Prop_carry4_CI_CO[3])
                                                      0.114    15.434 r  u_cpu/u_alu/pc_reg[15]_i_1/CO[3]
                         net (fo=1, routed)           0.000    15.434    u_cpu/u_alu/pc_reg[15]_i_1_n_0
    SLICE_X5Y47          CARRY4 (Prop_carry4_CI_CO[3])
                                                      0.114    15.548 r  u_cpu/u_alu/pc_reg[19]_i_1/CO[3]
                         net (fo=1, routed)           0.000    15.548    u_cpu/u_alu/pc_reg[19]_i_1_n_0
    SLICE_X5Y48          CARRY4 (Prop_carry4_CI_CO[3])
                                                      0.114    15.662 r  u_cpu/u_alu/pc_reg[23]_i_1/CO[3]
                         net (fo=1, routed)           0.000    15.662    u_cpu/u_alu/pc_reg[23]_i_1_n_0
    SLICE_X5Y49          CARRY4 (Prop_carry4_CI_O[2])
                                                      0.239    15.901 r  u_cpu/u_alu/pc_reg[27]_i_1/O[2]
                         net (fo=1, routed)           0.000    15.901    u_cpu/u_alu_n_82
    SLICE_X5Y49          FDRE                                         r  u_cpu/pc_reg[26]/D
  -------------------------------------------------------------------    -------------------

                         (clock perf_clk rise edge)
                                                      2.000     2.000 r  
    N15                                               0.000     2.000 r  clk (IN)
                         net (fo=0)                   0.000     2.000    clk
    N15                  IBUF (Prop_ibuf_I_O)         0.828     2.828 r  clk_IBUF_inst/O
                         net (fo=1, routed)           1.868     4.696    clk_IBUF
    BUFGCTRL_X0Y0        BUFG (Prop_bufg_I_O)         0.091     4.787 r  clk_IBUF_BUFG_inst/O
                         net (fo=480, routed)         1.518     6.306    u_cpu/clk
    SLICE_X5Y49          FDRE                                         r  u_cpu/pc_reg[26]/C
                         clock pessimism              0.335     6.641    
                         clock uncertainty           -0.035     6.605    
    SLICE_X5Y49          FDRE (Setup_fdre_C_D)        0.062     6.667    u_cpu/pc_reg[26]
  -------------------------------------------------------------------
                         required time                          6.667    
                         arrival time                         -15.901    
  -------------------------------------------------------------------
                         slack                                 -9.233    

Slack (VIOLATED) :        -9.217ns  (required time - arrival time)
  Source:                 u_cpu/pc_reg[8]/C
                            (rising edge-triggered cell FDRE clocked by perf_clk  {rise@0.000ns fall@1.000ns period=2.000ns})
  Destination:            u_cpu/pc_reg[24]/D
                            (rising edge-triggered cell FDRE clocked by perf_clk  {rise@0.000ns fall@1.000ns period=2.000ns})
  Path Group:             perf_clk
  Path Type:              Setup (Max at Slow Process Corner)
  Requirement:            2.000ns  (perf_clk rise@2.000ns - perf_clk rise@0.000ns)
  Data Path Delay:        11.221ns  (logic 5.250ns (46.787%)  route 5.971ns (53.213%))
  Logic Levels:           25  (CARRY4=15 LUT3=1 LUT4=2 LUT6=4 MUXF7=2 MUXF8=1)
  Clock Path Skew:        -0.023ns (DCD - SCD + CPR)
    Destination Clock Delay (DCD):    4.306ns = ( 6.306 - 2.000 ) 
    Source Clock Delay      (SCD):    4.664ns
    Clock Pessimism Removal (CPR):    0.335ns
  Clock Uncertainty:      0.035ns  ((TSJ^2 + TIJ^2)^1/2 + DJ) / 2 + PE
    Total System Jitter     (TSJ):    0.071ns
    Total Input Jitter      (TIJ):    0.000ns
    Discrete Jitter          (DJ):    0.000ns
    Phase Error              (PE):    0.000ns

    Location             Delay type                Incr(ns)  Path(ns)    Netlist Resource(s)
  -------------------------------------------------------------------    -------------------
                         (clock perf_clk rise edge)
                                                      0.000     0.000 r  
    N15                                               0.000     0.000 r  clk (IN)
                         net (fo=0)                   0.000     0.000    clk
    N15                  IBUF (Prop_ibuf_I_O)         0.962     0.962 r  clk_IBUF_inst/O
                         net (fo=1, routed)           1.972     2.933    clk_IBUF
    BUFGCTRL_X0Y0        BUFG (Prop_bufg_I_O)         0.096     3.029 r  clk_IBUF_BUFG_inst/O
                         net (fo=480, routed)         1.634     4.664    u_cpu/clk
    SLICE_X4Y41          FDRE                                         r  u_cpu/pc_reg[8]/C
  -------------------------------------------------------------------    -------------------
    SLICE_X4Y41          FDRE (Prop_fdre_C_Q)         0.456     5.120 f  u_cpu/pc_reg[8]/Q
                         net (fo=5, routed)           0.724     5.844    u_cpu/u_alu/pc_reg[11]_0
    SLICE_X3Y44          LUT3 (Prop_lut3_I2_O)        0.124     5.968 f  u_cpu/u_alu/dbg_instr[26]_INST_0_i_1/O
                         net (fo=32, routed)          0.775     6.743    u_cpu/u_alu/pc_reg[7]
    SLICE_X4Y44          LUT6 (Prop_lut6_I2_O)        0.124     6.867 r  u_cpu/u_alu/dbg_instr[21]_INST_0/O
                         net (fo=68, routed)          1.043     7.909    u_cpu/u_rf/dbg_instr[13]
    SLICE_X8Y38          MUXF7 (Prop_muxf7_S_O)       0.314     8.223 r  u_cpu/u_rf/dbg_mem_wdata[0]_INST_0_i_1/O
                         net (fo=2, routed)           0.000     8.223    u_cpu/u_rf/dbg_mem_wdata[0]_INST_0_i_1_n_0
    SLICE_X8Y38          MUXF8 (Prop_muxf8_I0_O)      0.098     8.321 r  u_cpu/u_rf/dbg_mem_wdata[0]_INST_0/O
                         net (fo=7, routed)           0.852     9.173    u_cpu/u_rf/pc_reg[6]_28
    SLICE_X6Y39          LUT6 (Prop_lut6_I1_O)        0.319     9.492 r  u_cpu/u_rf/i__carry_i_4/O
                         net (fo=1, routed)           0.000     9.492    u_cpu/u_alu/dbg_mem_addr[0]_INST_0[0]
    SLICE_X6Y39          CARRY4 (Prop_carry4_S[0]_CO[3])
                                                      0.513    10.005 r  u_cpu/u_alu/y0_inferred__1/i__carry/CO[3]
                         net (fo=1, routed)           0.000    10.005    u_cpu/u_alu/y0_inferred__1/i__carry_n_0
    SLICE_X6Y40          CARRY4 (Prop_carry4_CI_CO[3])
                                                      0.117    10.122 r  u_cpu/u_alu/y0_inferred__1/i__carry__0/CO[3]
                         net (fo=1, routed)           0.000    10.122    u_cpu/u_alu/y0_inferred__1/i__carry__0_n_0
    SLICE_X6Y41          CARRY4 (Prop_carry4_CI_CO[3])
                                                      0.117    10.239 r  u_cpu/u_alu/y0_inferred__1/i__carry__1/CO[3]
                         net (fo=1, routed)           0.000    10.239    u_cpu/u_alu/y0_inferred__1/i__carry__1_n_0
    SLICE_X6Y42          CARRY4 (Prop_carry4_CI_CO[3])
                                                      0.117    10.356 r  u_cpu/u_alu/y0_inferred__1/i__carry__2/CO[3]
                         net (fo=1, routed)           0.000    10.356    u_cpu/u_alu/y0_inferred__1/i__carry__2_n_0
    SLICE_X6Y43          CARRY4 (Prop_carry4_CI_CO[3])
                                                      0.117    10.473 r  u_cpu/u_alu/y0_inferred__1/i__carry__3/CO[3]
                         net (fo=1, routed)           0.000    10.473    u_cpu/u_alu/y0_inferred__1/i__carry__3_n_0
    SLICE_X6Y44          CARRY4 (Prop_carry4_CI_CO[3])
                                                      0.117    10.590 r  u_cpu/u_alu/y0_inferred__1/i__carry__4/CO[3]
                         net (fo=1, routed)           0.000    10.590    u_cpu/u_alu/y0_inferred__1/i__carry__4_n_0
    SLICE_X6Y45          CARRY4 (Prop_carry4_CI_CO[3])
                                                      0.117    10.707 r  u_cpu/u_alu/y0_inferred__1/i__carry__5/CO[3]
                         net (fo=1, routed)           0.000    10.707    u_cpu/u_alu/y0_inferred__1/i__carry__5_n_0
    SLICE_X6Y46          CARRY4 (Prop_carry4_CI_O[3])
                                                      0.315    11.022 f  u_cpu/u_alu/y0_inferred__1/i__carry__6/O[3]
                         net (fo=1, routed)           0.639    11.661    u_cpu/u_rf/dbg_mem_addr[31]_INST_0_0[1]
    SLICE_X7Y50          LUT6 (Prop_lut6_I5_O)        0.307    11.968 f  u_cpu/u_rf/dbg_mem_addr[31]_INST_0_i_2/O
                         net (fo=1, routed)           0.000    11.968    u_cpu/u_rf/dbg_mem_addr[31]_INST_0_i_2_n_0
    SLICE_X7Y50          MUXF7 (Prop_muxf7_I0_O)      0.238    12.206 f  u_cpu/u_rf/dbg_mem_addr[31]_INST_0/O
                         net (fo=3, routed)           0.672    12.878    u_cpu/u_alu/pc[31]_i_7_0[1]
    SLICE_X7Y47          LUT4 (Prop_lut4_I1_O)        0.298    13.176 r  u_cpu/u_alu/pc[31]_i_11/O
                         net (fo=1, routed)           0.435    13.611    u_cpu/u_alu/pc[31]_i_11_n_0
    SLICE_X1Y47          LUT4 (Prop_lut4_I1_O)        0.124    13.735 r  u_cpu/u_alu/pc[31]_i_7/O
                         net (fo=30, routed)          0.832    14.567    u_cpu/u_alu/pc[31]_i_7_n_0
    SLICE_X5Y43          LUT6 (Prop_lut6_I2_O)        0.124    14.691 r  u_cpu/u_alu/pc[3]_i_2/O
                         net (fo=1, routed)           0.000    14.691    u_cpu/u_alu/pc[3]_i_2_n_0
    SLICE_X5Y43          CARRY4 (Prop_carry4_S[3]_CO[3])
                                                      0.401    15.092 r  u_cpu/u_alu/pc_reg[3]_i_1/CO[3]
                         net (fo=1, routed)           0.000    15.092    u_cpu/u_alu/pc_reg[3]_i_1_n_0
    SLICE_X5Y44          CARRY4 (Prop_carry4_CI_CO[3])
                                                      0.114    15.206 r  u_cpu/u_alu/pc_reg[7]_i_1/CO[3]
                         net (fo=1, routed)           0.000    15.206    u_cpu/u_alu/pc_reg[7]_i_1_n_0
    SLICE_X5Y45          CARRY4 (Prop_carry4_CI_CO[3])
                                                      0.114    15.320 r  u_cpu/u_alu/pc_reg[11]_i_1/CO[3]
                         net (fo=1, routed)           0.000    15.320    u_cpu/u_alu/pc_reg[11]_i_1_n_0
    SLICE_X5Y46          CARRY4 (Prop_carry4_CI_CO[3])
                                                      0.114    15.434 r  u_cpu/u_alu/pc_reg[15]_i_1/CO[3]
                         net (fo=1, routed)           0.000    15.434    u_cpu/u_alu/pc_reg[15]_i_1_n_0
    SLICE_X5Y47          CARRY4 (Prop_carry4_CI_CO[3])
                                                      0.114    15.548 r  u_cpu/u_alu/pc_reg[19]_i_1/CO[3]
                         net (fo=1, routed)           0.000    15.548    u_cpu/u_alu/pc_reg[19]_i_1_n_0
    SLICE_X5Y48          CARRY4 (Prop_carry4_CI_CO[3])
                                                      0.114    15.662 r  u_cpu/u_alu/pc_reg[23]_i_1/CO[3]
                         net (fo=1, routed)           0.000    15.662    u_cpu/u_alu/pc_reg[23]_i_1_n_0
    SLICE_X5Y49          CARRY4 (Prop_carry4_CI_O[0])
                                                      0.223    15.885 r  u_cpu/u_alu/pc_reg[27]_i_1/O[0]
                         net (fo=1, routed)           0.000    15.885    u_cpu/u_alu_n_84
    SLICE_X5Y49          FDRE                                         r  u_cpu/pc_reg[24]/D
  -------------------------------------------------------------------    -------------------

                         (clock perf_clk rise edge)
                                                      2.000     2.000 r  
    N15                                               0.000     2.000 r  clk (IN)
                         net (fo=0)                   0.000     2.000    clk
    N15                  IBUF (Prop_ibuf_I_O)         0.828     2.828 r  clk_IBUF_inst/O
                         net (fo=1, routed)           1.868     4.696    clk_IBUF
    BUFGCTRL_X0Y0        BUFG (Prop_bufg_I_O)         0.091     4.787 r  clk_IBUF_BUFG_inst/O
                         net (fo=480, routed)         1.518     6.306    u_cpu/clk
    SLICE_X5Y49          FDRE                                         r  u_cpu/pc_reg[24]/C
                         clock pessimism              0.335     6.641    
                         clock uncertainty           -0.035     6.605    
    SLICE_X5Y49          FDRE (Setup_fdre_C_D)        0.062     6.667    u_cpu/pc_reg[24]
  -------------------------------------------------------------------
                         required time                          6.667    
                         arrival time                         -15.885    
  -------------------------------------------------------------------
                         slack                                 -9.217    

Slack (VIOLATED) :        -9.214ns  (required time - arrival time)
  Source:                 u_cpu/pc_reg[8]/C
                            (rising edge-triggered cell FDRE clocked by perf_clk  {rise@0.000ns fall@1.000ns period=2.000ns})
  Destination:            u_cpu/pc_reg[21]/D
                            (rising edge-triggered cell FDRE clocked by perf_clk  {rise@0.000ns fall@1.000ns period=2.000ns})
  Path Group:             perf_clk
  Path Type:              Setup (Max at Slow Process Corner)
  Requirement:            2.000ns  (perf_clk rise@2.000ns - perf_clk rise@0.000ns)
  Data Path Delay:        11.218ns  (logic 5.247ns (46.773%)  route 5.971ns (53.227%))
  Logic Levels:           24  (CARRY4=14 LUT3=1 LUT4=2 LUT6=4 MUXF7=2 MUXF8=1)
  Clock Path Skew:        -0.023ns (DCD - SCD + CPR)
    Destination Clock Delay (DCD):    4.306ns = ( 6.306 - 2.000 ) 
    Source Clock Delay      (SCD):    4.664ns
    Clock Pessimism Removal (CPR):    0.335ns
  Clock Uncertainty:      0.035ns  ((TSJ^2 + TIJ^2)^1/2 + DJ) / 2 + PE
    Total System Jitter     (TSJ):    0.071ns
    Total Input Jitter      (TIJ):    0.000ns
    Discrete Jitter          (DJ):    0.000ns
    Phase Error              (PE):    0.000ns

    Location             Delay type                Incr(ns)  Path(ns)    Netlist Resource(s)
  -------------------------------------------------------------------    -------------------
                         (clock perf_clk rise edge)
                                                      0.000     0.000 r  
    N15                                               0.000     0.000 r  clk (IN)
                         net (fo=0)                   0.000     0.000    clk
    N15                  IBUF (Prop_ibuf_I_O)         0.962     0.962 r  clk_IBUF_inst/O
                         net (fo=1, routed)           1.972     2.933    clk_IBUF
    BUFGCTRL_X0Y0        BUFG (Prop_bufg_I_O)         0.096     3.029 r  clk_IBUF_BUFG_inst/O
                         net (fo=480, routed)         1.634     4.664    u_cpu/clk
    SLICE_X4Y41          FDRE                                         r  u_cpu/pc_reg[8]/C
  -------------------------------------------------------------------    -------------------
    SLICE_X4Y41          FDRE (Prop_fdre_C_Q)         0.456     5.120 f  u_cpu/pc_reg[8]/Q
                         net (fo=5, routed)           0.724     5.844    u_cpu/u_alu/pc_reg[11]_0
    SLICE_X3Y44          LUT3 (Prop_lut3_I2_O)        0.124     5.968 f  u_cpu/u_alu/dbg_instr[26]_INST_0_i_1/O
                         net (fo=32, routed)          0.775     6.743    u_cpu/u_alu/pc_reg[7]
    SLICE_X4Y44          LUT6 (Prop_lut6_I2_O)        0.124     6.867 r  u_cpu/u_alu/dbg_instr[21]_INST_0/O
                         net (fo=68, routed)          1.043     7.909    u_cpu/u_rf/dbg_instr[13]
    SLICE_X8Y38          MUXF7 (Prop_muxf7_S_O)       0.314     8.223 r  u_cpu/u_rf/dbg_mem_wdata[0]_INST_0_i_1/O
                         net (fo=2, routed)           0.000     8.223    u_cpu/u_rf/dbg_mem_wdata[0]_INST_0_i_1_n_0
    SLICE_X8Y38          MUXF8 (Prop_muxf8_I0_O)      0.098     8.321 r  u_cpu/u_rf/dbg_mem_wdata[0]_INST_0/O
                         net (fo=7, routed)           0.852     9.173    u_cpu/u_rf/pc_reg[6]_28
    SLICE_X6Y39          LUT6 (Prop_lut6_I1_O)        0.319     9.492 r  u_cpu/u_rf/i__carry_i_4/O
                         net (fo=1, routed)           0.000     9.492    u_cpu/u_alu/dbg_mem_addr[0]_INST_0[0]
    SLICE_X6Y39          CARRY4 (Prop_carry4_S[0]_CO[3])
                                                      0.513    10.005 r  u_cpu/u_alu/y0_inferred__1/i__carry/CO[3]
                         net (fo=1, routed)           0.000    10.005    u_cpu/u_alu/y0_inferred__1/i__carry_n_0
    SLICE_X6Y40          CARRY4 (Prop_carry4_CI_CO[3])
                                                      0.117    10.122 r  u_cpu/u_alu/y0_inferred__1/i__carry__0/CO[3]
                         net (fo=1, routed)           0.000    10.122    u_cpu/u_alu/y0_inferred__1/i__carry__0_n_0
    SLICE_X6Y41          CARRY4 (Prop_carry4_CI_CO[3])
                                                      0.117    10.239 r  u_cpu/u_alu/y0_inferred__1/i__carry__1/CO[3]
                         net (fo=1, routed)           0.000    10.239    u_cpu/u_alu/y0_inferred__1/i__carry__1_n_0
    SLICE_X6Y42          CARRY4 (Prop_carry4_CI_CO[3])
                                                      0.117    10.356 r  u_cpu/u_alu/y0_inferred__1/i__carry__2/CO[3]
                         net (fo=1, routed)           0.000    10.356    u_cpu/u_alu/y0_inferred__1/i__carry__2_n_0
    SLICE_X6Y43          CARRY4 (Prop_carry4_CI_CO[3])
                                                      0.117    10.473 r  u_cpu/u_alu/y0_inferred__1/i__carry__3/CO[3]
                         net (fo=1, routed)           0.000    10.473    u_cpu/u_alu/y0_inferred__1/i__carry__3_n_0
    SLICE_X6Y44          CARRY4 (Prop_carry4_CI_CO[3])
                                                      0.117    10.590 r  u_cpu/u_alu/y0_inferred__1/i__carry__4/CO[3]
                         net (fo=1, routed)           0.000    10.590    u_cpu/u_alu/y0_inferred__1/i__carry__4_n_0
    SLICE_X6Y45          CARRY4 (Prop_carry4_CI_CO[3])
                                                      0.117    10.707 r  u_cpu/u_alu/y0_inferred__1/i__carry__5/CO[3]
                         net (fo=1, routed)           0.000    10.707    u_cpu/u_alu/y0_inferred__1/i__carry__5_n_0
    SLICE_X6Y46          CARRY4 (Prop_carry4_CI_O[3])
                                                      0.315    11.022 f  u_cpu/u_alu/y0_inferred__1/i__carry__6/O[3]
                         net (fo=1, routed)           0.639    11.661    u_cpu/u_rf/dbg_mem_addr[31]_INST_0_0[1]
    SLICE_X7Y50          LUT6 (Prop_lut6_I5_O)        0.307    11.968 f  u_cpu/u_rf/dbg_mem_addr[31]_INST_0_i_2/O
                         net (fo=1, routed)           0.000    11.968    u_cpu/u_rf/dbg_mem_addr[31]_INST_0_i_2_n_0
    SLICE_X7Y50          MUXF7 (Prop_muxf7_I0_O)      0.238    12.206 f  u_cpu/u_rf/dbg_mem_addr[31]_INST_0/O
                         net (fo=3, routed)           0.672    12.878    u_cpu/u_alu/pc[31]_i_7_0[1]
    SLICE_X7Y47          LUT4 (Prop_lut4_I1_O)        0.298    13.176 r  u_cpu/u_alu/pc[31]_i_11/O
                         net (fo=1, routed)           0.435    13.611    u_cpu/u_alu/pc[31]_i_11_n_0
    SLICE_X1Y47          LUT4 (Prop_lut4_I1_O)        0.124    13.735 r  u_cpu/u_alu/pc[31]_i_7/O
                         net (fo=30, routed)          0.832    14.567    u_cpu/u_alu/pc[31]_i_7_n_0
    SLICE_X5Y43          LUT6 (Prop_lut6_I2_O)        0.124    14.691 r  u_cpu/u_alu/pc[3]_i_2/O
                         net (fo=1, routed)           0.000    14.691    u_cpu/u_alu/pc[3]_i_2_n_0
    SLICE_X5Y43          CARRY4 (Prop_carry4_S[3]_CO[3])
                                                      0.401    15.092 r  u_cpu/u_alu/pc_reg[3]_i_1/CO[3]
                         net (fo=1, routed)           0.000    15.092    u_cpu/u_alu/pc_reg[3]_i_1_n_0
    SLICE_X5Y44          CARRY4 (Prop_carry4_CI_CO[3])
                                                      0.114    15.206 r  u_cpu/u_alu/pc_reg[7]_i_1/CO[3]
                         net (fo=1, routed)           0.000    15.206    u_cpu/u_alu/pc_reg[7]_i_1_n_0
    SLICE_X5Y45          CARRY4 (Prop_carry4_CI_CO[3])
                                                      0.114    15.320 r  u_cpu/u_alu/pc_reg[11]_i_1/CO[3]
                         net (fo=1, routed)           0.000    15.320    u_cpu/u_alu/pc_reg[11]_i_1_n_0
    SLICE_X5Y46          CARRY4 (Prop_carry4_CI_CO[3])
                                                      0.114    15.434 r  u_cpu/u_alu/pc_reg[15]_i_1/CO[3]
                         net (fo=1, routed)           0.000    15.434    u_cpu/u_alu/pc_reg[15]_i_1_n_0
    SLICE_X5Y47          CARRY4 (Prop_carry4_CI_CO[3])
                                                      0.114    15.548 r  u_cpu/u_alu/pc_reg[19]_i_1/CO[3]
                         net (fo=1, routed)           0.000    15.548    u_cpu/u_alu/pc_reg[19]_i_1_n_0
    SLICE_X5Y48          CARRY4 (Prop_carry4_CI_O[1])
                                                      0.334    15.882 r  u_cpu/u_alu/pc_reg[23]_i_1/O[1]
                         net (fo=1, routed)           0.000    15.882    u_cpu/u_alu_n_79
    SLICE_X5Y48          FDRE                                         r  u_cpu/pc_reg[21]/D
  -------------------------------------------------------------------    -------------------

                         (clock perf_clk rise edge)
                                                      2.000     2.000 r  
    N15                                               0.000     2.000 r  clk (IN)
                         net (fo=0)                   0.000     2.000    clk
    N15                  IBUF (Prop_ibuf_I_O)         0.828     2.828 r  clk_IBUF_inst/O
                         net (fo=1, routed)           1.868     4.696    clk_IBUF
    BUFGCTRL_X0Y0        BUFG (Prop_bufg_I_O)         0.091     4.787 r  clk_IBUF_BUFG_inst/O
                         net (fo=480, routed)         1.518     6.306    u_cpu/clk
    SLICE_X5Y48          FDRE                                         r  u_cpu/pc_reg[21]/C
                         clock pessimism              0.335     6.641    
                         clock uncertainty           -0.035     6.605    
    SLICE_X5Y48          FDRE (Setup_fdre_C_D)        0.062     6.667    u_cpu/pc_reg[21]
  -------------------------------------------------------------------
                         required time                          6.667    
                         arrival time                         -15.882    
  -------------------------------------------------------------------
                         slack                                 -9.214    

Slack (VIOLATED) :        -9.193ns  (required time - arrival time)
  Source:                 u_cpu/pc_reg[8]/C
                            (rising edge-triggered cell FDRE clocked by perf_clk  {rise@0.000ns fall@1.000ns period=2.000ns})
  Destination:            u_cpu/pc_reg[23]/D
                            (rising edge-triggered cell FDRE clocked by perf_clk  {rise@0.000ns fall@1.000ns period=2.000ns})
  Path Group:             perf_clk
  Path Type:              Setup (Max at Slow Process Corner)
  Requirement:            2.000ns  (perf_clk rise@2.000ns - perf_clk rise@0.000ns)
  Data Path Delay:        11.197ns  (logic 5.226ns (46.673%)  route 5.971ns (53.327%))
  Logic Levels:           24  (CARRY4=14 LUT3=1 LUT4=2 LUT6=4 MUXF7=2 MUXF8=1)
  Clock Path Skew:        -0.023ns (DCD - SCD + CPR)
    Destination Clock Delay (DCD):    4.306ns = ( 6.306 - 2.000 ) 
    Source Clock Delay      (SCD):    4.664ns
    Clock Pessimism Removal (CPR):    0.335ns
  Clock Uncertainty:      0.035ns  ((TSJ^2 + TIJ^2)^1/2 + DJ) / 2 + PE
    Total System Jitter     (TSJ):    0.071ns
    Total Input Jitter      (TIJ):    0.000ns
    Discrete Jitter          (DJ):    0.000ns
    Phase Error              (PE):    0.000ns

    Location             Delay type                Incr(ns)  Path(ns)    Netlist Resource(s)
  -------------------------------------------------------------------    -------------------
                         (clock perf_clk rise edge)
                                                      0.000     0.000 r  
    N15                                               0.000     0.000 r  clk (IN)
                         net (fo=0)                   0.000     0.000    clk
    N15                  IBUF (Prop_ibuf_I_O)         0.962     0.962 r  clk_IBUF_inst/O
                         net (fo=1, routed)           1.972     2.933    clk_IBUF
    BUFGCTRL_X0Y0        BUFG (Prop_bufg_I_O)         0.096     3.029 r  clk_IBUF_BUFG_inst/O
                         net (fo=480, routed)         1.634     4.664    u_cpu/clk
    SLICE_X4Y41          FDRE                                         r  u_cpu/pc_reg[8]/C
  -------------------------------------------------------------------    -------------------
    SLICE_X4Y41          FDRE (Prop_fdre_C_Q)         0.456     5.120 f  u_cpu/pc_reg[8]/Q
                         net (fo=5, routed)           0.724     5.844    u_cpu/u_alu/pc_reg[11]_0
    SLICE_X3Y44          LUT3 (Prop_lut3_I2_O)        0.124     5.968 f  u_cpu/u_alu/dbg_instr[26]_INST_0_i_1/O
                         net (fo=32, routed)          0.775     6.743    u_cpu/u_alu/pc_reg[7]
    SLICE_X4Y44          LUT6 (Prop_lut6_I2_O)        0.124     6.867 r  u_cpu/u_alu/dbg_instr[21]_INST_0/O
                         net (fo=68, routed)          1.043     7.909    u_cpu/u_rf/dbg_instr[13]
    SLICE_X8Y38          MUXF7 (Prop_muxf7_S_O)       0.314     8.223 r  u_cpu/u_rf/dbg_mem_wdata[0]_INST_0_i_1/O
                         net (fo=2, routed)           0.000     8.223    u_cpu/u_rf/dbg_mem_wdata[0]_INST_0_i_1_n_0
    SLICE_X8Y38          MUXF8 (Prop_muxf8_I0_O)      0.098     8.321 r  u_cpu/u_rf/dbg_mem_wdata[0]_INST_0/O
                         net (fo=7, routed)           0.852     9.173    u_cpu/u_rf/pc_reg[6]_28
    SLICE_X6Y39          LUT6 (Prop_lut6_I1_O)        0.319     9.492 r  u_cpu/u_rf/i__carry_i_4/O
                         net (fo=1, routed)           0.000     9.492    u_cpu/u_alu/dbg_mem_addr[0]_INST_0[0]
    SLICE_X6Y39          CARRY4 (Prop_carry4_S[0]_CO[3])
                                                      0.513    10.005 r  u_cpu/u_alu/y0_inferred__1/i__carry/CO[3]
                         net (fo=1, routed)           0.000    10.005    u_cpu/u_alu/y0_inferred__1/i__carry_n_0
    SLICE_X6Y40          CARRY4 (Prop_carry4_CI_CO[3])
                                                      0.117    10.122 r  u_cpu/u_alu/y0_inferred__1/i__carry__0/CO[3]
                         net (fo=1, routed)           0.000    10.122    u_cpu/u_alu/y0_inferred__1/i__carry__0_n_0
    SLICE_X6Y41          CARRY4 (Prop_carry4_CI_CO[3])
                                                      0.117    10.239 r  u_cpu/u_alu/y0_inferred__1/i__carry__1/CO[3]
                         net (fo=1, routed)           0.000    10.239    u_cpu/u_alu/y0_inferred__1/i__carry__1_n_0
    SLICE_X6Y42          CARRY4 (Prop_carry4_CI_CO[3])
                                                      0.117    10.356 r  u_cpu/u_alu/y0_inferred__1/i__carry__2/CO[3]
                         net (fo=1, routed)           0.000    10.356    u_cpu/u_alu/y0_inferred__1/i__carry__2_n_0
    SLICE_X6Y43          CARRY4 (Prop_carry4_CI_CO[3])
                                                      0.117    10.473 r  u_cpu/u_alu/y0_inferred__1/i__carry__3/CO[3]
                         net (fo=1, routed)           0.000    10.473    u_cpu/u_alu/y0_inferred__1/i__carry__3_n_0
    SLICE_X6Y44          CARRY4 (Prop_carry4_CI_CO[3])
                                                      0.117    10.590 r  u_cpu/u_alu/y0_inferred__1/i__carry__4/CO[3]
                         net (fo=1, routed)           0.000    10.590    u_cpu/u_alu/y0_inferred__1/i__carry__4_n_0
    SLICE_X6Y45          CARRY4 (Prop_carry4_CI_CO[3])
                                                      0.117    10.707 r  u_cpu/u_alu/y0_inferred__1/i__carry__5/CO[3]
                         net (fo=1, routed)           0.000    10.707    u_cpu/u_alu/y0_inferred__1/i__carry__5_n_0
    SLICE_X6Y46          CARRY4 (Prop_carry4_CI_O[3])
                                                      0.315    11.022 f  u_cpu/u_alu/y0_inferred__1/i__carry__6/O[3]
                         net (fo=1, routed)           0.639    11.661    u_cpu/u_rf/dbg_mem_addr[31]_INST_0_0[1]
    SLICE_X7Y50          LUT6 (Prop_lut6_I5_O)        0.307    11.968 f  u_cpu/u_rf/dbg_mem_addr[31]_INST_0_i_2/O
                         net (fo=1, routed)           0.000    11.968    u_cpu/u_rf/dbg_mem_addr[31]_INST_0_i_2_n_0
    SLICE_X7Y50          MUXF7 (Prop_muxf7_I0_O)      0.238    12.206 f  u_cpu/u_rf/dbg_mem_addr[31]_INST_0/O
                         net (fo=3, routed)           0.672    12.878    u_cpu/u_alu/pc[31]_i_7_0[1]
    SLICE_X7Y47          LUT4 (Prop_lut4_I1_O)        0.298    13.176 r  u_cpu/u_alu/pc[31]_i_11/O
                         net (fo=1, routed)           0.435    13.611    u_cpu/u_alu/pc[31]_i_11_n_0
    SLICE_X1Y47          LUT4 (Prop_lut4_I1_O)        0.124    13.735 r  u_cpu/u_alu/pc[31]_i_7/O
                         net (fo=30, routed)          0.832    14.567    u_cpu/u_alu/pc[31]_i_7_n_0
    SLICE_X5Y43          LUT6 (Prop_lut6_I2_O)        0.124    14.691 r  u_cpu/u_alu/pc[3]_i_2/O
                         net (fo=1, routed)           0.000    14.691    u_cpu/u_alu/pc[3]_i_2_n_0
    SLICE_X5Y43          CARRY4 (Prop_carry4_S[3]_CO[3])
                                                      0.401    15.092 r  u_cpu/u_alu/pc_reg[3]_i_1/CO[3]
                         net (fo=1, routed)           0.000    15.092    u_cpu/u_alu/pc_reg[3]_i_1_n_0
    SLICE_X5Y44          CARRY4 (Prop_carry4_CI_CO[3])
                                                      0.114    15.206 r  u_cpu/u_alu/pc_reg[7]_i_1/CO[3]
                         net (fo=1, routed)           0.000    15.206    u_cpu/u_alu/pc_reg[7]_i_1_n_0
    SLICE_X5Y45          CARRY4 (Prop_carry4_CI_CO[3])
                                                      0.114    15.320 r  u_cpu/u_alu/pc_reg[11]_i_1/CO[3]
                         net (fo=1, routed)           0.000    15.320    u_cpu/u_alu/pc_reg[11]_i_1_n_0
    SLICE_X5Y46          CARRY4 (Prop_carry4_CI_CO[3])
                                                      0.114    15.434 r  u_cpu/u_alu/pc_reg[15]_i_1/CO[3]
                         net (fo=1, routed)           0.000    15.434    u_cpu/u_alu/pc_reg[15]_i_1_n_0
    SLICE_X5Y47          CARRY4 (Prop_carry4_CI_CO[3])
                                                      0.114    15.548 r  u_cpu/u_alu/pc_reg[19]_i_1/CO[3]
                         net (fo=1, routed)           0.000    15.548    u_cpu/u_alu/pc_reg[19]_i_1_n_0
    SLICE_X5Y48          CARRY4 (Prop_carry4_CI_O[3])
                                                      0.313    15.861 r  u_cpu/u_alu/pc_reg[23]_i_1/O[3]
                         net (fo=1, routed)           0.000    15.861    u_cpu/u_alu_n_77
    SLICE_X5Y48          FDRE                                         r  u_cpu/pc_reg[23]/D
  -------------------------------------------------------------------    -------------------

                         (clock perf_clk rise edge)
                                                      2.000     2.000 r  
    N15                                               0.000     2.000 r  clk (IN)
                         net (fo=0)                   0.000     2.000    clk
    N15                  IBUF (Prop_ibuf_I_O)         0.828     2.828 r  clk_IBUF_inst/O
                         net (fo=1, routed)           1.868     4.696    clk_IBUF
    BUFGCTRL_X0Y0        BUFG (Prop_bufg_I_O)         0.091     4.787 r  clk_IBUF_BUFG_inst/O
                         net (fo=480, routed)         1.518     6.306    u_cpu/clk
    SLICE_X5Y48          FDRE                                         r  u_cpu/pc_reg[23]/C
                         clock pessimism              0.335     6.641    
                         clock uncertainty           -0.035     6.605    
    SLICE_X5Y48          FDRE (Setup_fdre_C_D)        0.062     6.667    u_cpu/pc_reg[23]
  -------------------------------------------------------------------
                         required time                          6.667    
                         arrival time                         -15.861    
  -------------------------------------------------------------------
                         slack                                 -9.193    

Slack (VIOLATED) :        -9.119ns  (required time - arrival time)
  Source:                 u_cpu/pc_reg[8]/C
                            (rising edge-triggered cell FDRE clocked by perf_clk  {rise@0.000ns fall@1.000ns period=2.000ns})
  Destination:            u_cpu/pc_reg[22]/D
                            (rising edge-triggered cell FDRE clocked by perf_clk  {rise@0.000ns fall@1.000ns period=2.000ns})
  Path Group:             perf_clk
  Path Type:              Setup (Max at Slow Process Corner)
  Requirement:            2.000ns  (perf_clk rise@2.000ns - perf_clk rise@0.000ns)
  Data Path Delay:        11.123ns  (logic 5.152ns (46.318%)  route 5.971ns (53.682%))
  Logic Levels:           24  (CARRY4=14 LUT3=1 LUT4=2 LUT6=4 MUXF7=2 MUXF8=1)
  Clock Path Skew:        -0.023ns (DCD - SCD + CPR)
    Destination Clock Delay (DCD):    4.306ns = ( 6.306 - 2.000 ) 
    Source Clock Delay      (SCD):    4.664ns
    Clock Pessimism Removal (CPR):    0.335ns
  Clock Uncertainty:      0.035ns  ((TSJ^2 + TIJ^2)^1/2 + DJ) / 2 + PE
    Total System Jitter     (TSJ):    0.071ns
    Total Input Jitter      (TIJ):    0.000ns
    Discrete Jitter          (DJ):    0.000ns
    Phase Error              (PE):    0.000ns

    Location             Delay type                Incr(ns)  Path(ns)    Netlist Resource(s)
  -------------------------------------------------------------------    -------------------
                         (clock perf_clk rise edge)
                                                      0.000     0.000 r  
    N15                                               0.000     0.000 r  clk (IN)
                         net (fo=0)                   0.000     0.000    clk
    N15                  IBUF (Prop_ibuf_I_O)         0.962     0.962 r  clk_IBUF_inst/O
                         net (fo=1, routed)           1.972     2.933    clk_IBUF
    BUFGCTRL_X0Y0        BUFG (Prop_bufg_I_O)         0.096     3.029 r  clk_IBUF_BUFG_inst/O
                         net (fo=480, routed)         1.634     4.664    u_cpu/clk
    SLICE_X4Y41          FDRE                                         r  u_cpu/pc_reg[8]/C
  -------------------------------------------------------------------    -------------------
    SLICE_X4Y41          FDRE (Prop_fdre_C_Q)         0.456     5.120 f  u_cpu/pc_reg[8]/Q
                         net (fo=5, routed)           0.724     5.844    u_cpu/u_alu/pc_reg[11]_0
    SLICE_X3Y44          LUT3 (Prop_lut3_I2_O)        0.124     5.968 f  u_cpu/u_alu/dbg_instr[26]_INST_0_i_1/O
                         net (fo=32, routed)          0.775     6.743    u_cpu/u_alu/pc_reg[7]
    SLICE_X4Y44          LUT6 (Prop_lut6_I2_O)        0.124     6.867 r  u_cpu/u_alu/dbg_instr[21]_INST_0/O
                         net (fo=68, routed)          1.043     7.909    u_cpu/u_rf/dbg_instr[13]
    SLICE_X8Y38          MUXF7 (Prop_muxf7_S_O)       0.314     8.223 r  u_cpu/u_rf/dbg_mem_wdata[0]_INST_0_i_1/O
                         net (fo=2, routed)           0.000     8.223    u_cpu/u_rf/dbg_mem_wdata[0]_INST_0_i_1_n_0
    SLICE_X8Y38          MUXF8 (Prop_muxf8_I0_O)      0.098     8.321 r  u_cpu/u_rf/dbg_mem_wdata[0]_INST_0/O
                         net (fo=7, routed)           0.852     9.173    u_cpu/u_rf/pc_reg[6]_28
    SLICE_X6Y39          LUT6 (Prop_lut6_I1_O)        0.319     9.492 r  u_cpu/u_rf/i__carry_i_4/O
                         net (fo=1, routed)           0.000     9.492    u_cpu/u_alu/dbg_mem_addr[0]_INST_0[0]
    SLICE_X6Y39          CARRY4 (Prop_carry4_S[0]_CO[3])
                                                      0.513    10.005 r  u_cpu/u_alu/y0_inferred__1/i__carry/CO[3]
                         net (fo=1, routed)           0.000    10.005    u_cpu/u_alu/y0_inferred__1/i__carry_n_0
    SLICE_X6Y40          CARRY4 (Prop_carry4_CI_CO[3])
                                                      0.117    10.122 r  u_cpu/u_alu/y0_inferred__1/i__carry__0/CO[3]
                         net (fo=1, routed)           0.000    10.122    u_cpu/u_alu/y0_inferred__1/i__carry__0_n_0
    SLICE_X6Y41          CARRY4 (Prop_carry4_CI_CO[3])
                                                      0.117    10.239 r  u_cpu/u_alu/y0_inferred__1/i__carry__1/CO[3]
                         net (fo=1, routed)           0.000    10.239    u_cpu/u_alu/y0_inferred__1/i__carry__1_n_0
    SLICE_X6Y42          CARRY4 (Prop_carry4_CI_CO[3])
                                                      0.117    10.356 r  u_cpu/u_alu/y0_inferred__1/i__carry__2/CO[3]
                         net (fo=1, routed)           0.000    10.356    u_cpu/u_alu/y0_inferred__1/i__carry__2_n_0
    SLICE_X6Y43          CARRY4 (Prop_carry4_CI_CO[3])
                                                      0.117    10.473 r  u_cpu/u_alu/y0_inferred__1/i__carry__3/CO[3]
                         net (fo=1, routed)           0.000    10.473    u_cpu/u_alu/y0_inferred__1/i__carry__3_n_0
    SLICE_X6Y44          CARRY4 (Prop_carry4_CI_CO[3])
                                                      0.117    10.590 r  u_cpu/u_alu/y0_inferred__1/i__carry__4/CO[3]
                         net (fo=1, routed)           0.000    10.590    u_cpu/u_alu/y0_inferred__1/i__carry__4_n_0
    SLICE_X6Y45          CARRY4 (Prop_carry4_CI_CO[3])
                                                      0.117    10.707 r  u_cpu/u_alu/y0_inferred__1/i__carry__5/CO[3]
                         net (fo=1, routed)           0.000    10.707    u_cpu/u_alu/y0_inferred__1/i__carry__5_n_0
    SLICE_X6Y46          CARRY4 (Prop_carry4_CI_O[3])
                                                      0.315    11.022 f  u_cpu/u_alu/y0_inferred__1/i__carry__6/O[3]
                         net (fo=1, routed)           0.639    11.661    u_cpu/u_rf/dbg_mem_addr[31]_INST_0_0[1]
    SLICE_X7Y50          LUT6 (Prop_lut6_I5_O)        0.307    11.968 f  u_cpu/u_rf/dbg_mem_addr[31]_INST_0_i_2/O
                         net (fo=1, routed)           0.000    11.968    u_cpu/u_rf/dbg_mem_addr[31]_INST_0_i_2_n_0
    SLICE_X7Y50          MUXF7 (Prop_muxf7_I0_O)      0.238    12.206 f  u_cpu/u_rf/dbg_mem_addr[31]_INST_0/O
                         net (fo=3, routed)           0.672    12.878    u_cpu/u_alu/pc[31]_i_7_0[1]
    SLICE_X7Y47          LUT4 (Prop_lut4_I1_O)        0.298    13.176 r  u_cpu/u_alu/pc[31]_i_11/O
                         net (fo=1, routed)           0.435    13.611    u_cpu/u_alu/pc[31]_i_11_n_0
    SLICE_X1Y47          LUT4 (Prop_lut4_I1_O)        0.124    13.735 r  u_cpu/u_alu/pc[31]_i_7/O
                         net (fo=30, routed)          0.832    14.567    u_cpu/u_alu/pc[31]_i_7_n_0
    SLICE_X5Y43          LUT6 (Prop_lut6_I2_O)        0.124    14.691 r  u_cpu/u_alu/pc[3]_i_2/O
                         net (fo=1, routed)           0.000    14.691    u_cpu/u_alu/pc[3]_i_2_n_0
    SLICE_X5Y43          CARRY4 (Prop_carry4_S[3]_CO[3])
                                                      0.401    15.092 r  u_cpu/u_alu/pc_reg[3]_i_1/CO[3]
                         net (fo=1, routed)           0.000    15.092    u_cpu/u_alu/pc_reg[3]_i_1_n_0
    SLICE_X5Y44          CARRY4 (Prop_carry4_CI_CO[3])
                                                      0.114    15.206 r  u_cpu/u_alu/pc_reg[7]_i_1/CO[3]
                         net (fo=1, routed)           0.000    15.206    u_cpu/u_alu/pc_reg[7]_i_1_n_0
    SLICE_X5Y45          CARRY4 (Prop_carry4_CI_CO[3])
                                                      0.114    15.320 r  u_cpu/u_alu/pc_reg[11]_i_1/CO[3]
                         net (fo=1, routed)           0.000    15.320    u_cpu/u_alu/pc_reg[11]_i_1_n_0
    SLICE_X5Y46          CARRY4 (Prop_carry4_CI_CO[3])
                                                      0.114    15.434 r  u_cpu/u_alu/pc_reg[15]_i_1/CO[3]
                         net (fo=1, routed)           0.000    15.434    u_cpu/u_alu/pc_reg[15]_i_1_n_0
    SLICE_X5Y47          CARRY4 (Prop_carry4_CI_CO[3])
                                                      0.114    15.548 r  u_cpu/u_alu/pc_reg[19]_i_1/CO[3]
                         net (fo=1, routed)           0.000    15.548    u_cpu/u_alu/pc_reg[19]_i_1_n_0
    SLICE_X5Y48          CARRY4 (Prop_carry4_CI_O[2])
                                                      0.239    15.787 r  u_cpu/u_alu/pc_reg[23]_i_1/O[2]
                         net (fo=1, routed)           0.000    15.787    u_cpu/u_alu_n_78
    SLICE_X5Y48          FDRE                                         r  u_cpu/pc_reg[22]/D
  -------------------------------------------------------------------    -------------------

                         (clock perf_clk rise edge)
                                                      2.000     2.000 r  
    N15                                               0.000     2.000 r  clk (IN)
                         net (fo=0)                   0.000     2.000    clk
    N15                  IBUF (Prop_ibuf_I_O)         0.828     2.828 r  clk_IBUF_inst/O
                         net (fo=1, routed)           1.868     4.696    clk_IBUF
    BUFGCTRL_X0Y0        BUFG (Prop_bufg_I_O)         0.091     4.787 r  clk_IBUF_BUFG_inst/O
                         net (fo=480, routed)         1.518     6.306    u_cpu/clk
    SLICE_X5Y48          FDRE                                         r  u_cpu/pc_reg[22]/C
                         clock pessimism              0.335     6.641    
                         clock uncertainty           -0.035     6.605    
    SLICE_X5Y48          FDRE (Setup_fdre_C_D)        0.062     6.667    u_cpu/pc_reg[22]
  -------------------------------------------------------------------
                         required time                          6.667    
                         arrival time                         -15.787    
  -------------------------------------------------------------------
                         slack                                 -9.119    

Slack (VIOLATED) :        -9.103ns  (required time - arrival time)
  Source:                 u_cpu/pc_reg[8]/C
                            (rising edge-triggered cell FDRE clocked by perf_clk  {rise@0.000ns fall@1.000ns period=2.000ns})
  Destination:            u_cpu/pc_reg[20]/D
                            (rising edge-triggered cell FDRE clocked by perf_clk  {rise@0.000ns fall@1.000ns period=2.000ns})
  Path Group:             perf_clk
  Path Type:              Setup (Max at Slow Process Corner)
  Requirement:            2.000ns  (perf_clk rise@2.000ns - perf_clk rise@0.000ns)
  Data Path Delay:        11.107ns  (logic 5.136ns (46.241%)  route 5.971ns (53.759%))
  Logic Levels:           24  (CARRY4=14 LUT3=1 LUT4=2 LUT6=4 MUXF7=2 MUXF8=1)
  Clock Path Skew:        -0.023ns (DCD - SCD + CPR)
    Destination Clock Delay (DCD):    4.306ns = ( 6.306 - 2.000 ) 
    Source Clock Delay      (SCD):    4.664ns
    Clock Pessimism Removal (CPR):    0.335ns
  Clock Uncertainty:      0.035ns  ((TSJ^2 + TIJ^2)^1/2 + DJ) / 2 + PE
    Total System Jitter     (TSJ):    0.071ns
    Total Input Jitter      (TIJ):    0.000ns
    Discrete Jitter          (DJ):    0.000ns
    Phase Error              (PE):    0.000ns

    Location             Delay type                Incr(ns)  Path(ns)    Netlist Resource(s)
  -------------------------------------------------------------------    -------------------
                         (clock perf_clk rise edge)
                                                      0.000     0.000 r  
    N15                                               0.000     0.000 r  clk (IN)
                         net (fo=0)                   0.000     0.000    clk
    N15                  IBUF (Prop_ibuf_I_O)         0.962     0.962 r  clk_IBUF_inst/O
                         net (fo=1, routed)           1.972     2.933    clk_IBUF
    BUFGCTRL_X0Y0        BUFG (Prop_bufg_I_O)         0.096     3.029 r  clk_IBUF_BUFG_inst/O
                         net (fo=480, routed)         1.634     4.664    u_cpu/clk
    SLICE_X4Y41          FDRE                                         r  u_cpu/pc_reg[8]/C
  -------------------------------------------------------------------    -------------------
    SLICE_X4Y41          FDRE (Prop_fdre_C_Q)         0.456     5.120 f  u_cpu/pc_reg[8]/Q
                         net (fo=5, routed)           0.724     5.844    u_cpu/u_alu/pc_reg[11]_0
    SLICE_X3Y44          LUT3 (Prop_lut3_I2_O)        0.124     5.968 f  u_cpu/u_alu/dbg_instr[26]_INST_0_i_1/O
                         net (fo=32, routed)          0.775     6.743    u_cpu/u_alu/pc_reg[7]
    SLICE_X4Y44          LUT6 (Prop_lut6_I2_O)        0.124     6.867 r  u_cpu/u_alu/dbg_instr[21]_INST_0/O
                         net (fo=68, routed)          1.043     7.909    u_cpu/u_rf/dbg_instr[13]
    SLICE_X8Y38          MUXF7 (Prop_muxf7_S_O)       0.314     8.223 r  u_cpu/u_rf/dbg_mem_wdata[0]_INST_0_i_1/O
                         net (fo=2, routed)           0.000     8.223    u_cpu/u_rf/dbg_mem_wdata[0]_INST_0_i_1_n_0
    SLICE_X8Y38          MUXF8 (Prop_muxf8_I0_O)      0.098     8.321 r  u_cpu/u_rf/dbg_mem_wdata[0]_INST_0/O
                         net (fo=7, routed)           0.852     9.173    u_cpu/u_rf/pc_reg[6]_28
    SLICE_X6Y39          LUT6 (Prop_lut6_I1_O)        0.319     9.492 r  u_cpu/u_rf/i__carry_i_4/O
                         net (fo=1, routed)           0.000     9.492    u_cpu/u_alu/dbg_mem_addr[0]_INST_0[0]
    SLICE_X6Y39          CARRY4 (Prop_carry4_S[0]_CO[3])
                                                      0.513    10.005 r  u_cpu/u_alu/y0_inferred__1/i__carry/CO[3]
                         net (fo=1, routed)           0.000    10.005    u_cpu/u_alu/y0_inferred__1/i__carry_n_0
    SLICE_X6Y40          CARRY4 (Prop_carry4_CI_CO[3])
                                                      0.117    10.122 r  u_cpu/u_alu/y0_inferred__1/i__carry__0/CO[3]
                         net (fo=1, routed)           0.000    10.122    u_cpu/u_alu/y0_inferred__1/i__carry__0_n_0
    SLICE_X6Y41          CARRY4 (Prop_carry4_CI_CO[3])
                                                      0.117    10.239 r  u_cpu/u_alu/y0_inferred__1/i__carry__1/CO[3]
                         net (fo=1, routed)           0.000    10.239    u_cpu/u_alu/y0_inferred__1/i__carry__1_n_0
    SLICE_X6Y42          CARRY4 (Prop_carry4_CI_CO[3])
                                                      0.117    10.356 r  u_cpu/u_alu/y0_inferred__1/i__carry__2/CO[3]
                         net (fo=1, routed)           0.000    10.356    u_cpu/u_alu/y0_inferred__1/i__carry__2_n_0
    SLICE_X6Y43          CARRY4 (Prop_carry4_CI_CO[3])
                                                      0.117    10.473 r  u_cpu/u_alu/y0_inferred__1/i__carry__3/CO[3]
                         net (fo=1, routed)           0.000    10.473    u_cpu/u_alu/y0_inferred__1/i__carry__3_n_0
    SLICE_X6Y44          CARRY4 (Prop_carry4_CI_CO[3])
                                                      0.117    10.590 r  u_cpu/u_alu/y0_inferred__1/i__carry__4/CO[3]
                         net (fo=1, routed)           0.000    10.590    u_cpu/u_alu/y0_inferred__1/i__carry__4_n_0
    SLICE_X6Y45          CARRY4 (Prop_carry4_CI_CO[3])
                                                      0.117    10.707 r  u_cpu/u_alu/y0_inferred__1/i__carry__5/CO[3]
                         net (fo=1, routed)           0.000    10.707    u_cpu/u_alu/y0_inferred__1/i__carry__5_n_0
    SLICE_X6Y46          CARRY4 (Prop_carry4_CI_O[3])
                                                      0.315    11.022 f  u_cpu/u_alu/y0_inferred__1/i__carry__6/O[3]
                         net (fo=1, routed)           0.639    11.661    u_cpu/u_rf/dbg_mem_addr[31]_INST_0_0[1]
    SLICE_X7Y50          LUT6 (Prop_lut6_I5_O)        0.307    11.968 f  u_cpu/u_rf/dbg_mem_addr[31]_INST_0_i_2/O
                         net (fo=1, routed)           0.000    11.968    u_cpu/u_rf/dbg_mem_addr[31]_INST_0_i_2_n_0
    SLICE_X7Y50          MUXF7 (Prop_muxf7_I0_O)      0.238    12.206 f  u_cpu/u_rf/dbg_mem_addr[31]_INST_0/O
                         net (fo=3, routed)           0.672    12.878    u_cpu/u_alu/pc[31]_i_7_0[1]
    SLICE_X7Y47          LUT4 (Prop_lut4_I1_O)        0.298    13.176 r  u_cpu/u_alu/pc[31]_i_11/O
                         net (fo=1, routed)           0.435    13.611    u_cpu/u_alu/pc[31]_i_11_n_0
    SLICE_X1Y47          LUT4 (Prop_lut4_I1_O)        0.124    13.735 r  u_cpu/u_alu/pc[31]_i_7/O
                         net (fo=30, routed)          0.832    14.567    u_cpu/u_alu/pc[31]_i_7_n_0
    SLICE_X5Y43          LUT6 (Prop_lut6_I2_O)        0.124    14.691 r  u_cpu/u_alu/pc[3]_i_2/O
                         net (fo=1, routed)           0.000    14.691    u_cpu/u_alu/pc[3]_i_2_n_0
    SLICE_X5Y43          CARRY4 (Prop_carry4_S[3]_CO[3])
                                                      0.401    15.092 r  u_cpu/u_alu/pc_reg[3]_i_1/CO[3]
                         net (fo=1, routed)           0.000    15.092    u_cpu/u_alu/pc_reg[3]_i_1_n_0
    SLICE_X5Y44          CARRY4 (Prop_carry4_CI_CO[3])
                                                      0.114    15.206 r  u_cpu/u_alu/pc_reg[7]_i_1/CO[3]
                         net (fo=1, routed)           0.000    15.206    u_cpu/u_alu/pc_reg[7]_i_1_n_0
    SLICE_X5Y45          CARRY4 (Prop_carry4_CI_CO[3])
                                                      0.114    15.320 r  u_cpu/u_alu/pc_reg[11]_i_1/CO[3]
                         net (fo=1, routed)           0.000    15.320    u_cpu/u_alu/pc_reg[11]_i_1_n_0
    SLICE_X5Y46          CARRY4 (Prop_carry4_CI_CO[3])
                                                      0.114    15.434 r  u_cpu/u_alu/pc_reg[15]_i_1/CO[3]
                         net (fo=1, routed)           0.000    15.434    u_cpu/u_alu/pc_reg[15]_i_1_n_0
    SLICE_X5Y47          CARRY4 (Prop_carry4_CI_CO[3])
                                                      0.114    15.548 r  u_cpu/u_alu/pc_reg[19]_i_1/CO[3]
                         net (fo=1, routed)           0.000    15.548    u_cpu/u_alu/pc_reg[19]_i_1_n_0
    SLICE_X5Y48          CARRY4 (Prop_carry4_CI_O[0])
                                                      0.223    15.771 r  u_cpu/u_alu/pc_reg[23]_i_1/O[0]
                         net (fo=1, routed)           0.000    15.771    u_cpu/u_alu_n_80
    SLICE_X5Y48          FDRE                                         r  u_cpu/pc_reg[20]/D
  -------------------------------------------------------------------    -------------------

                         (clock perf_clk rise edge)
                                                      2.000     2.000 r  
    N15                                               0.000     2.000 r  clk (IN)
                         net (fo=0)                   0.000     2.000    clk
    N15                  IBUF (Prop_ibuf_I_O)         0.828     2.828 r  clk_IBUF_inst/O
                         net (fo=1, routed)           1.868     4.696    clk_IBUF
    BUFGCTRL_X0Y0        BUFG (Prop_bufg_I_O)         0.091     4.787 r  clk_IBUF_BUFG_inst/O
                         net (fo=480, routed)         1.518     6.306    u_cpu/clk
    SLICE_X5Y48          FDRE                                         r  u_cpu/pc_reg[20]/C
                         clock pessimism              0.335     6.641    
                         clock uncertainty           -0.035     6.605    
    SLICE_X5Y48          FDRE (Setup_fdre_C_D)        0.062     6.667    u_cpu/pc_reg[20]
  -------------------------------------------------------------------
                         required time                          6.667    
                         arrival time                         -15.771    
  -------------------------------------------------------------------
                         slack                                 -9.103    

Slack (VIOLATED) :        -9.100ns  (required time - arrival time)
  Source:                 u_cpu/pc_reg[8]/C
                            (rising edge-triggered cell FDRE clocked by perf_clk  {rise@0.000ns fall@1.000ns period=2.000ns})
  Destination:            u_cpu/pc_reg[17]/D
                            (rising edge-triggered cell FDRE clocked by perf_clk  {rise@0.000ns fall@1.000ns period=2.000ns})
  Path Group:             perf_clk
  Path Type:              Setup (Max at Slow Process Corner)
  Requirement:            2.000ns  (perf_clk rise@2.000ns - perf_clk rise@0.000ns)
  Data Path Delay:        11.104ns  (logic 5.133ns (46.226%)  route 5.971ns (53.774%))
  Logic Levels:           23  (CARRY4=13 LUT3=1 LUT4=2 LUT6=4 MUXF7=2 MUXF8=1)
  Clock Path Skew:        -0.023ns (DCD - SCD + CPR)
    Destination Clock Delay (DCD):    4.306ns = ( 6.306 - 2.000 ) 
    Source Clock Delay      (SCD):    4.664ns
    Clock Pessimism Removal (CPR):    0.335ns
  Clock Uncertainty:      0.035ns  ((TSJ^2 + TIJ^2)^1/2 + DJ) / 2 + PE
    Total System Jitter     (TSJ):    0.071ns
    Total Input Jitter      (TIJ):    0.000ns
    Discrete Jitter          (DJ):    0.000ns
    Phase Error              (PE):    0.000ns

    Location             Delay type                Incr(ns)  Path(ns)    Netlist Resource(s)
  -------------------------------------------------------------------    -------------------
                         (clock perf_clk rise edge)
                                                      0.000     0.000 r  
    N15                                               0.000     0.000 r  clk (IN)
                         net (fo=0)                   0.000     0.000    clk
    N15                  IBUF (Prop_ibuf_I_O)         0.962     0.962 r  clk_IBUF_inst/O
                         net (fo=1, routed)           1.972     2.933    clk_IBUF
    BUFGCTRL_X0Y0        BUFG (Prop_bufg_I_O)         0.096     3.029 r  clk_IBUF_BUFG_inst/O
                         net (fo=480, routed)         1.634     4.664    u_cpu/clk
    SLICE_X4Y41          FDRE                                         r  u_cpu/pc_reg[8]/C
  -------------------------------------------------------------------    -------------------
    SLICE_X4Y41          FDRE (Prop_fdre_C_Q)         0.456     5.120 f  u_cpu/pc_reg[8]/Q
                         net (fo=5, routed)           0.724     5.844    u_cpu/u_alu/pc_reg[11]_0
    SLICE_X3Y44          LUT3 (Prop_lut3_I2_O)        0.124     5.968 f  u_cpu/u_alu/dbg_instr[26]_INST_0_i_1/O
                         net (fo=32, routed)          0.775     6.743    u_cpu/u_alu/pc_reg[7]
    SLICE_X4Y44          LUT6 (Prop_lut6_I2_O)        0.124     6.867 r  u_cpu/u_alu/dbg_instr[21]_INST_0/O
                         net (fo=68, routed)          1.043     7.909    u_cpu/u_rf/dbg_instr[13]
    SLICE_X8Y38          MUXF7 (Prop_muxf7_S_O)       0.314     8.223 r  u_cpu/u_rf/dbg_mem_wdata[0]_INST_0_i_1/O
                         net (fo=2, routed)           0.000     8.223    u_cpu/u_rf/dbg_mem_wdata[0]_INST_0_i_1_n_0
    SLICE_X8Y38          MUXF8 (Prop_muxf8_I0_O)      0.098     8.321 r  u_cpu/u_rf/dbg_mem_wdata[0]_INST_0/O
                         net (fo=7, routed)           0.852     9.173    u_cpu/u_rf/pc_reg[6]_28
    SLICE_X6Y39          LUT6 (Prop_lut6_I1_O)        0.319     9.492 r  u_cpu/u_rf/i__carry_i_4/O
                         net (fo=1, routed)           0.000     9.492    u_cpu/u_alu/dbg_mem_addr[0]_INST_0[0]
    SLICE_X6Y39          CARRY4 (Prop_carry4_S[0]_CO[3])
                                                      0.513    10.005 r  u_cpu/u_alu/y0_inferred__1/i__carry/CO[3]
                         net (fo=1, routed)           0.000    10.005    u_cpu/u_alu/y0_inferred__1/i__carry_n_0
    SLICE_X6Y40          CARRY4 (Prop_carry4_CI_CO[3])
                                                      0.117    10.122 r  u_cpu/u_alu/y0_inferred__1/i__carry__0/CO[3]
                         net (fo=1, routed)           0.000    10.122    u_cpu/u_alu/y0_inferred__1/i__carry__0_n_0
    SLICE_X6Y41          CARRY4 (Prop_carry4_CI_CO[3])
                                                      0.117    10.239 r  u_cpu/u_alu/y0_inferred__1/i__carry__1/CO[3]
                         net (fo=1, routed)           0.000    10.239    u_cpu/u_alu/y0_inferred__1/i__carry__1_n_0
    SLICE_X6Y42          CARRY4 (Prop_carry4_CI_CO[3])
                                                      0.117    10.356 r  u_cpu/u_alu/y0_inferred__1/i__carry__2/CO[3]
                         net (fo=1, routed)           0.000    10.356    u_cpu/u_alu/y0_inferred__1/i__carry__2_n_0
    SLICE_X6Y43          CARRY4 (Prop_carry4_CI_CO[3])
                                                      0.117    10.473 r  u_cpu/u_alu/y0_inferred__1/i__carry__3/CO[3]
                         net (fo=1, routed)           0.000    10.473    u_cpu/u_alu/y0_inferred__1/i__carry__3_n_0
    SLICE_X6Y44          CARRY4 (Prop_carry4_CI_CO[3])
                                                      0.117    10.590 r  u_cpu/u_alu/y0_inferred__1/i__carry__4/CO[3]
                         net (fo=1, routed)           0.000    10.590    u_cpu/u_alu/y0_inferred__1/i__carry__4_n_0
    SLICE_X6Y45          CARRY4 (Prop_carry4_CI_CO[3])
                                                      0.117    10.707 r  u_cpu/u_alu/y0_inferred__1/i__carry__5/CO[3]
                         net (fo=1, routed)           0.000    10.707    u_cpu/u_alu/y0_inferred__1/i__carry__5_n_0
    SLICE_X6Y46          CARRY4 (Prop_carry4_CI_O[3])
                                                      0.315    11.022 f  u_cpu/u_alu/y0_inferred__1/i__carry__6/O[3]
                         net (fo=1, routed)           0.639    11.661    u_cpu/u_rf/dbg_mem_addr[31]_INST_0_0[1]
    SLICE_X7Y50          LUT6 (Prop_lut6_I5_O)        0.307    11.968 f  u_cpu/u_rf/dbg_mem_addr[31]_INST_0_i_2/O
                         net (fo=1, routed)           0.000    11.968    u_cpu/u_rf/dbg_mem_addr[31]_INST_0_i_2_n_0
    SLICE_X7Y50          MUXF7 (Prop_muxf7_I0_O)      0.238    12.206 f  u_cpu/u_rf/dbg_mem_addr[31]_INST_0/O
                         net (fo=3, routed)           0.672    12.878    u_cpu/u_alu/pc[31]_i_7_0[1]
    SLICE_X7Y47          LUT4 (Prop_lut4_I1_O)        0.298    13.176 r  u_cpu/u_alu/pc[31]_i_11/O
                         net (fo=1, routed)           0.435    13.611    u_cpu/u_alu/pc[31]_i_11_n_0
    SLICE_X1Y47          LUT4 (Prop_lut4_I1_O)        0.124    13.735 r  u_cpu/u_alu/pc[31]_i_7/O
                         net (fo=30, routed)          0.832    14.567    u_cpu/u_alu/pc[31]_i_7_n_0
    SLICE_X5Y43          LUT6 (Prop_lut6_I2_O)        0.124    14.691 r  u_cpu/u_alu/pc[3]_i_2/O
                         net (fo=1, routed)           0.000    14.691    u_cpu/u_alu/pc[3]_i_2_n_0
    SLICE_X5Y43          CARRY4 (Prop_carry4_S[3]_CO[3])
                                                      0.401    15.092 r  u_cpu/u_alu/pc_reg[3]_i_1/CO[3]
                         net (fo=1, routed)           0.000    15.092    u_cpu/u_alu/pc_reg[3]_i_1_n_0
    SLICE_X5Y44          CARRY4 (Prop_carry4_CI_CO[3])
                                                      0.114    15.206 r  u_cpu/u_alu/pc_reg[7]_i_1/CO[3]
                         net (fo=1, routed)           0.000    15.206    u_cpu/u_alu/pc_reg[7]_i_1_n_0
    SLICE_X5Y45          CARRY4 (Prop_carry4_CI_CO[3])
                                                      0.114    15.320 r  u_cpu/u_alu/pc_reg[11]_i_1/CO[3]
                         net (fo=1, routed)           0.000    15.320    u_cpu/u_alu/pc_reg[11]_i_1_n_0
    SLICE_X5Y46          CARRY4 (Prop_carry4_CI_CO[3])
                                                      0.114    15.434 r  u_cpu/u_alu/pc_reg[15]_i_1/CO[3]
                         net (fo=1, routed)           0.000    15.434    u_cpu/u_alu/pc_reg[15]_i_1_n_0
    SLICE_X5Y47          CARRY4 (Prop_carry4_CI_O[1])
                                                      0.334    15.768 r  u_cpu/u_alu/pc_reg[19]_i_1/O[1]
                         net (fo=1, routed)           0.000    15.768    u_cpu/u_alu_n_75
    SLICE_X5Y47          FDRE                                         r  u_cpu/pc_reg[17]/D
  -------------------------------------------------------------------    -------------------

                         (clock perf_clk rise edge)
                                                      2.000     2.000 r  
    N15                                               0.000     2.000 r  clk (IN)
                         net (fo=0)                   0.000     2.000    clk
    N15                  IBUF (Prop_ibuf_I_O)         0.828     2.828 r  clk_IBUF_inst/O
                         net (fo=1, routed)           1.868     4.696    clk_IBUF
    BUFGCTRL_X0Y0        BUFG (Prop_bufg_I_O)         0.091     4.787 r  clk_IBUF_BUFG_inst/O
                         net (fo=480, routed)         1.518     6.306    u_cpu/clk
    SLICE_X5Y47          FDRE                                         r  u_cpu/pc_reg[17]/C
                         clock pessimism              0.335     6.641    
                         clock uncertainty           -0.035     6.605    
    SLICE_X5Y47          FDRE (Setup_fdre_C_D)        0.062     6.667    u_cpu/pc_reg[17]
  -------------------------------------------------------------------
                         required time                          6.667    
                         arrival time                         -15.768    
  -------------------------------------------------------------------
                         slack                                 -9.100    

Slack (VIOLATED) :        -9.079ns  (required time - arrival time)
  Source:                 u_cpu/pc_reg[8]/C
                            (rising edge-triggered cell FDRE clocked by perf_clk  {rise@0.000ns fall@1.000ns period=2.000ns})
  Destination:            u_cpu/pc_reg[19]/D
                            (rising edge-triggered cell FDRE clocked by perf_clk  {rise@0.000ns fall@1.000ns period=2.000ns})
  Path Group:             perf_clk
  Path Type:              Setup (Max at Slow Process Corner)
  Requirement:            2.000ns  (perf_clk rise@2.000ns - perf_clk rise@0.000ns)
  Data Path Delay:        11.083ns  (logic 5.112ns (46.124%)  route 5.971ns (53.876%))
  Logic Levels:           23  (CARRY4=13 LUT3=1 LUT4=2 LUT6=4 MUXF7=2 MUXF8=1)
  Clock Path Skew:        -0.023ns (DCD - SCD + CPR)
    Destination Clock Delay (DCD):    4.306ns = ( 6.306 - 2.000 ) 
    Source Clock Delay      (SCD):    4.664ns
    Clock Pessimism Removal (CPR):    0.335ns
  Clock Uncertainty:      0.035ns  ((TSJ^2 + TIJ^2)^1/2 + DJ) / 2 + PE
    Total System Jitter     (TSJ):    0.071ns
    Total Input Jitter      (TIJ):    0.000ns
    Discrete Jitter          (DJ):    0.000ns
    Phase Error              (PE):    0.000ns

    Location             Delay type                Incr(ns)  Path(ns)    Netlist Resource(s)
  -------------------------------------------------------------------    -------------------
                         (clock perf_clk rise edge)
                                                      0.000     0.000 r  
    N15                                               0.000     0.000 r  clk (IN)
                         net (fo=0)                   0.000     0.000    clk
    N15                  IBUF (Prop_ibuf_I_O)         0.962     0.962 r  clk_IBUF_inst/O
                         net (fo=1, routed)           1.972     2.933    clk_IBUF
    BUFGCTRL_X0Y0        BUFG (Prop_bufg_I_O)         0.096     3.029 r  clk_IBUF_BUFG_inst/O
                         net (fo=480, routed)         1.634     4.664    u_cpu/clk
    SLICE_X4Y41          FDRE                                         r  u_cpu/pc_reg[8]/C
  -------------------------------------------------------------------    -------------------
    SLICE_X4Y41          FDRE (Prop_fdre_C_Q)         0.456     5.120 f  u_cpu/pc_reg[8]/Q
                         net (fo=5, routed)           0.724     5.844    u_cpu/u_alu/pc_reg[11]_0
    SLICE_X3Y44          LUT3 (Prop_lut3_I2_O)        0.124     5.968 f  u_cpu/u_alu/dbg_instr[26]_INST_0_i_1/O
                         net (fo=32, routed)          0.775     6.743    u_cpu/u_alu/pc_reg[7]
    SLICE_X4Y44          LUT6 (Prop_lut6_I2_O)        0.124     6.867 r  u_cpu/u_alu/dbg_instr[21]_INST_0/O
                         net (fo=68, routed)          1.043     7.909    u_cpu/u_rf/dbg_instr[13]
    SLICE_X8Y38          MUXF7 (Prop_muxf7_S_O)       0.314     8.223 r  u_cpu/u_rf/dbg_mem_wdata[0]_INST_0_i_1/O
                         net (fo=2, routed)           0.000     8.223    u_cpu/u_rf/dbg_mem_wdata[0]_INST_0_i_1_n_0
    SLICE_X8Y38          MUXF8 (Prop_muxf8_I0_O)      0.098     8.321 r  u_cpu/u_rf/dbg_mem_wdata[0]_INST_0/O
                         net (fo=7, routed)           0.852     9.173    u_cpu/u_rf/pc_reg[6]_28
    SLICE_X6Y39          LUT6 (Prop_lut6_I1_O)        0.319     9.492 r  u_cpu/u_rf/i__carry_i_4/O
                         net (fo=1, routed)           0.000     9.492    u_cpu/u_alu/dbg_mem_addr[0]_INST_0[0]
    SLICE_X6Y39          CARRY4 (Prop_carry4_S[0]_CO[3])
                                                      0.513    10.005 r  u_cpu/u_alu/y0_inferred__1/i__carry/CO[3]
                         net (fo=1, routed)           0.000    10.005    u_cpu/u_alu/y0_inferred__1/i__carry_n_0
    SLICE_X6Y40          CARRY4 (Prop_carry4_CI_CO[3])
                                                      0.117    10.122 r  u_cpu/u_alu/y0_inferred__1/i__carry__0/CO[3]
                         net (fo=1, routed)           0.000    10.122    u_cpu/u_alu/y0_inferred__1/i__carry__0_n_0
    SLICE_X6Y41          CARRY4 (Prop_carry4_CI_CO[3])
                                                      0.117    10.239 r  u_cpu/u_alu/y0_inferred__1/i__carry__1/CO[3]
                         net (fo=1, routed)           0.000    10.239    u_cpu/u_alu/y0_inferred__1/i__carry__1_n_0
    SLICE_X6Y42          CARRY4 (Prop_carry4_CI_CO[3])
                                                      0.117    10.356 r  u_cpu/u_alu/y0_inferred__1/i__carry__2/CO[3]
                         net (fo=1, routed)           0.000    10.356    u_cpu/u_alu/y0_inferred__1/i__carry__2_n_0
    SLICE_X6Y43          CARRY4 (Prop_carry4_CI_CO[3])
                                                      0.117    10.473 r  u_cpu/u_alu/y0_inferred__1/i__carry__3/CO[3]
                         net (fo=1, routed)           0.000    10.473    u_cpu/u_alu/y0_inferred__1/i__carry__3_n_0
    SLICE_X6Y44          CARRY4 (Prop_carry4_CI_CO[3])
                                                      0.117    10.590 r  u_cpu/u_alu/y0_inferred__1/i__carry__4/CO[3]
                         net (fo=1, routed)           0.000    10.590    u_cpu/u_alu/y0_inferred__1/i__carry__4_n_0
    SLICE_X6Y45          CARRY4 (Prop_carry4_CI_CO[3])
                                                      0.117    10.707 r  u_cpu/u_alu/y0_inferred__1/i__carry__5/CO[3]
                         net (fo=1, routed)           0.000    10.707    u_cpu/u_alu/y0_inferred__1/i__carry__5_n_0
    SLICE_X6Y46          CARRY4 (Prop_carry4_CI_O[3])
                                                      0.315    11.022 f  u_cpu/u_alu/y0_inferred__1/i__carry__6/O[3]
                         net (fo=1, routed)           0.639    11.661    u_cpu/u_rf/dbg_mem_addr[31]_INST_0_0[1]
    SLICE_X7Y50          LUT6 (Prop_lut6_I5_O)        0.307    11.968 f  u_cpu/u_rf/dbg_mem_addr[31]_INST_0_i_2/O
                         net (fo=1, routed)           0.000    11.968    u_cpu/u_rf/dbg_mem_addr[31]_INST_0_i_2_n_0
    SLICE_X7Y50          MUXF7 (Prop_muxf7_I0_O)      0.238    12.206 f  u_cpu/u_rf/dbg_mem_addr[31]_INST_0/O
                         net (fo=3, routed)           0.672    12.878    u_cpu/u_alu/pc[31]_i_7_0[1]
    SLICE_X7Y47          LUT4 (Prop_lut4_I1_O)        0.298    13.176 r  u_cpu/u_alu/pc[31]_i_11/O
                         net (fo=1, routed)           0.435    13.611    u_cpu/u_alu/pc[31]_i_11_n_0
    SLICE_X1Y47          LUT4 (Prop_lut4_I1_O)        0.124    13.735 r  u_cpu/u_alu/pc[31]_i_7/O
                         net (fo=30, routed)          0.832    14.567    u_cpu/u_alu/pc[31]_i_7_n_0
    SLICE_X5Y43          LUT6 (Prop_lut6_I2_O)        0.124    14.691 r  u_cpu/u_alu/pc[3]_i_2/O
                         net (fo=1, routed)           0.000    14.691    u_cpu/u_alu/pc[3]_i_2_n_0
    SLICE_X5Y43          CARRY4 (Prop_carry4_S[3]_CO[3])
                                                      0.401    15.092 r  u_cpu/u_alu/pc_reg[3]_i_1/CO[3]
                         net (fo=1, routed)           0.000    15.092    u_cpu/u_alu/pc_reg[3]_i_1_n_0
    SLICE_X5Y44          CARRY4 (Prop_carry4_CI_CO[3])
                                                      0.114    15.206 r  u_cpu/u_alu/pc_reg[7]_i_1/CO[3]
                         net (fo=1, routed)           0.000    15.206    u_cpu/u_alu/pc_reg[7]_i_1_n_0
    SLICE_X5Y45          CARRY4 (Prop_carry4_CI_CO[3])
                                                      0.114    15.320 r  u_cpu/u_alu/pc_reg[11]_i_1/CO[3]
                         net (fo=1, routed)           0.000    15.320    u_cpu/u_alu/pc_reg[11]_i_1_n_0
    SLICE_X5Y46          CARRY4 (Prop_carry4_CI_CO[3])
                                                      0.114    15.434 r  u_cpu/u_alu/pc_reg[15]_i_1/CO[3]
                         net (fo=1, routed)           0.000    15.434    u_cpu/u_alu/pc_reg[15]_i_1_n_0
    SLICE_X5Y47          CARRY4 (Prop_carry4_CI_O[3])
                                                      0.313    15.747 r  u_cpu/u_alu/pc_reg[19]_i_1/O[3]
                         net (fo=1, routed)           0.000    15.747    u_cpu/u_alu_n_73
    SLICE_X5Y47          FDRE                                         r  u_cpu/pc_reg[19]/D
  -------------------------------------------------------------------    -------------------

                         (clock perf_clk rise edge)
                                                      2.000     2.000 r  
    N15                                               0.000     2.000 r  clk (IN)
                         net (fo=0)                   0.000     2.000    clk
    N15                  IBUF (Prop_ibuf_I_O)         0.828     2.828 r  clk_IBUF_inst/O
                         net (fo=1, routed)           1.868     4.696    clk_IBUF
    BUFGCTRL_X0Y0        BUFG (Prop_bufg_I_O)         0.091     4.787 r  clk_IBUF_BUFG_inst/O
                         net (fo=480, routed)         1.518     6.306    u_cpu/clk
    SLICE_X5Y47          FDRE                                         r  u_cpu/pc_reg[19]/C
                         clock pessimism              0.335     6.641    
                         clock uncertainty           -0.035     6.605    
    SLICE_X5Y47          FDRE (Setup_fdre_C_D)        0.062     6.667    u_cpu/pc_reg[19]
  -------------------------------------------------------------------
                         required time                          6.667    
                         arrival time                         -15.747    
  -------------------------------------------------------------------
                         slack                                 -9.079    

Slack (VIOLATED) :        -9.005ns  (required time - arrival time)
  Source:                 u_cpu/pc_reg[8]/C
                            (rising edge-triggered cell FDRE clocked by perf_clk  {rise@0.000ns fall@1.000ns period=2.000ns})
  Destination:            u_cpu/pc_reg[18]/D
                            (rising edge-triggered cell FDRE clocked by perf_clk  {rise@0.000ns fall@1.000ns period=2.000ns})
  Path Group:             perf_clk
  Path Type:              Setup (Max at Slow Process Corner)
  Requirement:            2.000ns  (perf_clk rise@2.000ns - perf_clk rise@0.000ns)
  Data Path Delay:        11.009ns  (logic 5.038ns (45.762%)  route 5.971ns (54.238%))
  Logic Levels:           23  (CARRY4=13 LUT3=1 LUT4=2 LUT6=4 MUXF7=2 MUXF8=1)
  Clock Path Skew:        -0.023ns (DCD - SCD + CPR)
    Destination Clock Delay (DCD):    4.306ns = ( 6.306 - 2.000 ) 
    Source Clock Delay      (SCD):    4.664ns
    Clock Pessimism Removal (CPR):    0.335ns
  Clock Uncertainty:      0.035ns  ((TSJ^2 + TIJ^2)^1/2 + DJ) / 2 + PE
    Total System Jitter     (TSJ):    0.071ns
    Total Input Jitter      (TIJ):    0.000ns
    Discrete Jitter          (DJ):    0.000ns
    Phase Error              (PE):    0.000ns

    Location             Delay type                Incr(ns)  Path(ns)    Netlist Resource(s)
  -------------------------------------------------------------------    -------------------
                         (clock perf_clk rise edge)
                                                      0.000     0.000 r  
    N15                                               0.000     0.000 r  clk (IN)
                         net (fo=0)                   0.000     0.000    clk
    N15                  IBUF (Prop_ibuf_I_O)         0.962     0.962 r  clk_IBUF_inst/O
                         net (fo=1, routed)           1.972     2.933    clk_IBUF
    BUFGCTRL_X0Y0        BUFG (Prop_bufg_I_O)         0.096     3.029 r  clk_IBUF_BUFG_inst/O
                         net (fo=480, routed)         1.634     4.664    u_cpu/clk
    SLICE_X4Y41          FDRE                                         r  u_cpu/pc_reg[8]/C
  -------------------------------------------------------------------    -------------------
    SLICE_X4Y41          FDRE (Prop_fdre_C_Q)         0.456     5.120 f  u_cpu/pc_reg[8]/Q
                         net (fo=5, routed)           0.724     5.844    u_cpu/u_alu/pc_reg[11]_0
    SLICE_X3Y44          LUT3 (Prop_lut3_I2_O)        0.124     5.968 f  u_cpu/u_alu/dbg_instr[26]_INST_0_i_1/O
                         net (fo=32, routed)          0.775     6.743    u_cpu/u_alu/pc_reg[7]
    SLICE_X4Y44          LUT6 (Prop_lut6_I2_O)        0.124     6.867 r  u_cpu/u_alu/dbg_instr[21]_INST_0/O
                         net (fo=68, routed)          1.043     7.909    u_cpu/u_rf/dbg_instr[13]
    SLICE_X8Y38          MUXF7 (Prop_muxf7_S_O)       0.314     8.223 r  u_cpu/u_rf/dbg_mem_wdata[0]_INST_0_i_1/O
                         net (fo=2, routed)           0.000     8.223    u_cpu/u_rf/dbg_mem_wdata[0]_INST_0_i_1_n_0
    SLICE_X8Y38          MUXF8 (Prop_muxf8_I0_O)      0.098     8.321 r  u_cpu/u_rf/dbg_mem_wdata[0]_INST_0/O
                         net (fo=7, routed)           0.852     9.173    u_cpu/u_rf/pc_reg[6]_28
    SLICE_X6Y39          LUT6 (Prop_lut6_I1_O)        0.319     9.492 r  u_cpu/u_rf/i__carry_i_4/O
                         net (fo=1, routed)           0.000     9.492    u_cpu/u_alu/dbg_mem_addr[0]_INST_0[0]
    SLICE_X6Y39          CARRY4 (Prop_carry4_S[0]_CO[3])
                                                      0.513    10.005 r  u_cpu/u_alu/y0_inferred__1/i__carry/CO[3]
                         net (fo=1, routed)           0.000    10.005    u_cpu/u_alu/y0_inferred__1/i__carry_n_0
    SLICE_X6Y40          CARRY4 (Prop_carry4_CI_CO[3])
                                                      0.117    10.122 r  u_cpu/u_alu/y0_inferred__1/i__carry__0/CO[3]
                         net (fo=1, routed)           0.000    10.122    u_cpu/u_alu/y0_inferred__1/i__carry__0_n_0
    SLICE_X6Y41          CARRY4 (Prop_carry4_CI_CO[3])
                                                      0.117    10.239 r  u_cpu/u_alu/y0_inferred__1/i__carry__1/CO[3]
                         net (fo=1, routed)           0.000    10.239    u_cpu/u_alu/y0_inferred__1/i__carry__1_n_0
    SLICE_X6Y42          CARRY4 (Prop_carry4_CI_CO[3])
                                                      0.117    10.356 r  u_cpu/u_alu/y0_inferred__1/i__carry__2/CO[3]
                         net (fo=1, routed)           0.000    10.356    u_cpu/u_alu/y0_inferred__1/i__carry__2_n_0
    SLICE_X6Y43          CARRY4 (Prop_carry4_CI_CO[3])
                                                      0.117    10.473 r  u_cpu/u_alu/y0_inferred__1/i__carry__3/CO[3]
                         net (fo=1, routed)           0.000    10.473    u_cpu/u_alu/y0_inferred__1/i__carry__3_n_0
    SLICE_X6Y44          CARRY4 (Prop_carry4_CI_CO[3])
                                                      0.117    10.590 r  u_cpu/u_alu/y0_inferred__1/i__carry__4/CO[3]
                         net (fo=1, routed)           0.000    10.590    u_cpu/u_alu/y0_inferred__1/i__carry__4_n_0
    SLICE_X6Y45          CARRY4 (Prop_carry4_CI_CO[3])
                                                      0.117    10.707 r  u_cpu/u_alu/y0_inferred__1/i__carry__5/CO[3]
                         net (fo=1, routed)           0.000    10.707    u_cpu/u_alu/y0_inferred__1/i__carry__5_n_0
    SLICE_X6Y46          CARRY4 (Prop_carry4_CI_O[3])
                                                      0.315    11.022 f  u_cpu/u_alu/y0_inferred__1/i__carry__6/O[3]
                         net (fo=1, routed)           0.639    11.661    u_cpu/u_rf/dbg_mem_addr[31]_INST_0_0[1]
    SLICE_X7Y50          LUT6 (Prop_lut6_I5_O)        0.307    11.968 f  u_cpu/u_rf/dbg_mem_addr[31]_INST_0_i_2/O
                         net (fo=1, routed)           0.000    11.968    u_cpu/u_rf/dbg_mem_addr[31]_INST_0_i_2_n_0
    SLICE_X7Y50          MUXF7 (Prop_muxf7_I0_O)      0.238    12.206 f  u_cpu/u_rf/dbg_mem_addr[31]_INST_0/O
                         net (fo=3, routed)           0.672    12.878    u_cpu/u_alu/pc[31]_i_7_0[1]
    SLICE_X7Y47          LUT4 (Prop_lut4_I1_O)        0.298    13.176 r  u_cpu/u_alu/pc[31]_i_11/O
                         net (fo=1, routed)           0.435    13.611    u_cpu/u_alu/pc[31]_i_11_n_0
    SLICE_X1Y47          LUT4 (Prop_lut4_I1_O)        0.124    13.735 r  u_cpu/u_alu/pc[31]_i_7/O
                         net (fo=30, routed)          0.832    14.567    u_cpu/u_alu/pc[31]_i_7_n_0
    SLICE_X5Y43          LUT6 (Prop_lut6_I2_O)        0.124    14.691 r  u_cpu/u_alu/pc[3]_i_2/O
                         net (fo=1, routed)           0.000    14.691    u_cpu/u_alu/pc[3]_i_2_n_0
    SLICE_X5Y43          CARRY4 (Prop_carry4_S[3]_CO[3])
                                                      0.401    15.092 r  u_cpu/u_alu/pc_reg[3]_i_1/CO[3]
                         net (fo=1, routed)           0.000    15.092    u_cpu/u_alu/pc_reg[3]_i_1_n_0
    SLICE_X5Y44          CARRY4 (Prop_carry4_CI_CO[3])
                                                      0.114    15.206 r  u_cpu/u_alu/pc_reg[7]_i_1/CO[3]
                         net (fo=1, routed)           0.000    15.206    u_cpu/u_alu/pc_reg[7]_i_1_n_0
    SLICE_X5Y45          CARRY4 (Prop_carry4_CI_CO[3])
                                                      0.114    15.320 r  u_cpu/u_alu/pc_reg[11]_i_1/CO[3]
                         net (fo=1, routed)           0.000    15.320    u_cpu/u_alu/pc_reg[11]_i_1_n_0
    SLICE_X5Y46          CARRY4 (Prop_carry4_CI_CO[3])
                                                      0.114    15.434 r  u_cpu/u_alu/pc_reg[15]_i_1/CO[3]
                         net (fo=1, routed)           0.000    15.434    u_cpu/u_alu/pc_reg[15]_i_1_n_0
    SLICE_X5Y47          CARRY4 (Prop_carry4_CI_O[2])
                                                      0.239    15.673 r  u_cpu/u_alu/pc_reg[19]_i_1/O[2]
                         net (fo=1, routed)           0.000    15.673    u_cpu/u_alu_n_74
    SLICE_X5Y47          FDRE                                         r  u_cpu/pc_reg[18]/D
  -------------------------------------------------------------------    -------------------

                         (clock perf_clk rise edge)
                                                      2.000     2.000 r  
    N15                                               0.000     2.000 r  clk (IN)
                         net (fo=0)                   0.000     2.000    clk
    N15                  IBUF (Prop_ibuf_I_O)         0.828     2.828 r  clk_IBUF_inst/O
                         net (fo=1, routed)           1.868     4.696    clk_IBUF
    BUFGCTRL_X0Y0        BUFG (Prop_bufg_I_O)         0.091     4.787 r  clk_IBUF_BUFG_inst/O
                         net (fo=480, routed)         1.518     6.306    u_cpu/clk
    SLICE_X5Y47          FDRE                                         r  u_cpu/pc_reg[18]/C
                         clock pessimism              0.335     6.641    
                         clock uncertainty           -0.035     6.605    
    SLICE_X5Y47          FDRE (Setup_fdre_C_D)        0.062     6.667    u_cpu/pc_reg[18]
  -------------------------------------------------------------------
                         required time                          6.667    
                         arrival time                         -15.673    
  -------------------------------------------------------------------
                         slack                                 -9.005    

Slack (VIOLATED) :        -8.989ns  (required time - arrival time)
  Source:                 u_cpu/pc_reg[8]/C
                            (rising edge-triggered cell FDRE clocked by perf_clk  {rise@0.000ns fall@1.000ns period=2.000ns})
  Destination:            u_cpu/pc_reg[16]/D
                            (rising edge-triggered cell FDRE clocked by perf_clk  {rise@0.000ns fall@1.000ns period=2.000ns})
  Path Group:             perf_clk
  Path Type:              Setup (Max at Slow Process Corner)
  Requirement:            2.000ns  (perf_clk rise@2.000ns - perf_clk rise@0.000ns)
  Data Path Delay:        10.993ns  (logic 5.022ns (45.683%)  route 5.971ns (54.317%))
  Logic Levels:           23  (CARRY4=13 LUT3=1 LUT4=2 LUT6=4 MUXF7=2 MUXF8=1)
  Clock Path Skew:        -0.023ns (DCD - SCD + CPR)
    Destination Clock Delay (DCD):    4.306ns = ( 6.306 - 2.000 ) 
    Source Clock Delay      (SCD):    4.664ns
    Clock Pessimism Removal (CPR):    0.335ns
  Clock Uncertainty:      0.035ns  ((TSJ^2 + TIJ^2)^1/2 + DJ) / 2 + PE
    Total System Jitter     (TSJ):    0.071ns
    Total Input Jitter      (TIJ):    0.000ns
    Discrete Jitter          (DJ):    0.000ns
    Phase Error              (PE):    0.000ns

    Location             Delay type                Incr(ns)  Path(ns)    Netlist Resource(s)
  -------------------------------------------------------------------    -------------------
                         (clock perf_clk rise edge)
                                                      0.000     0.000 r  
    N15                                               0.000     0.000 r  clk (IN)
                         net (fo=0)                   0.000     0.000    clk
    N15                  IBUF (Prop_ibuf_I_O)         0.962     0.962 r  clk_IBUF_inst/O
                         net (fo=1, routed)           1.972     2.933    clk_IBUF
    BUFGCTRL_X0Y0        BUFG (Prop_bufg_I_O)         0.096     3.029 r  clk_IBUF_BUFG_inst/O
                         net (fo=480, routed)         1.634     4.664    u_cpu/clk
    SLICE_X4Y41          FDRE                                         r  u_cpu/pc_reg[8]/C
  -------------------------------------------------------------------    -------------------
    SLICE_X4Y41          FDRE (Prop_fdre_C_Q)         0.456     5.120 f  u_cpu/pc_reg[8]/Q
                         net (fo=5, routed)           0.724     5.844    u_cpu/u_alu/pc_reg[11]_0
    SLICE_X3Y44          LUT3 (Prop_lut3_I2_O)        0.124     5.968 f  u_cpu/u_alu/dbg_instr[26]_INST_0_i_1/O
                         net (fo=32, routed)          0.775     6.743    u_cpu/u_alu/pc_reg[7]
    SLICE_X4Y44          LUT6 (Prop_lut6_I2_O)        0.124     6.867 r  u_cpu/u_alu/dbg_instr[21]_INST_0/O
                         net (fo=68, routed)          1.043     7.909    u_cpu/u_rf/dbg_instr[13]
    SLICE_X8Y38          MUXF7 (Prop_muxf7_S_O)       0.314     8.223 r  u_cpu/u_rf/dbg_mem_wdata[0]_INST_0_i_1/O
                         net (fo=2, routed)           0.000     8.223    u_cpu/u_rf/dbg_mem_wdata[0]_INST_0_i_1_n_0
    SLICE_X8Y38          MUXF8 (Prop_muxf8_I0_O)      0.098     8.321 r  u_cpu/u_rf/dbg_mem_wdata[0]_INST_0/O
                         net (fo=7, routed)           0.852     9.173    u_cpu/u_rf/pc_reg[6]_28
    SLICE_X6Y39          LUT6 (Prop_lut6_I1_O)        0.319     9.492 r  u_cpu/u_rf/i__carry_i_4/O
                         net (fo=1, routed)           0.000     9.492    u_cpu/u_alu/dbg_mem_addr[0]_INST_0[0]
    SLICE_X6Y39          CARRY4 (Prop_carry4_S[0]_CO[3])
                                                      0.513    10.005 r  u_cpu/u_alu/y0_inferred__1/i__carry/CO[3]
                         net (fo=1, routed)           0.000    10.005    u_cpu/u_alu/y0_inferred__1/i__carry_n_0
    SLICE_X6Y40          CARRY4 (Prop_carry4_CI_CO[3])
                                                      0.117    10.122 r  u_cpu/u_alu/y0_inferred__1/i__carry__0/CO[3]
                         net (fo=1, routed)           0.000    10.122    u_cpu/u_alu/y0_inferred__1/i__carry__0_n_0
    SLICE_X6Y41          CARRY4 (Prop_carry4_CI_CO[3])
                                                      0.117    10.239 r  u_cpu/u_alu/y0_inferred__1/i__carry__1/CO[3]
                         net (fo=1, routed)           0.000    10.239    u_cpu/u_alu/y0_inferred__1/i__carry__1_n_0
    SLICE_X6Y42          CARRY4 (Prop_carry4_CI_CO[3])
                                                      0.117    10.356 r  u_cpu/u_alu/y0_inferred__1/i__carry__2/CO[3]
                         net (fo=1, routed)           0.000    10.356    u_cpu/u_alu/y0_inferred__1/i__carry__2_n_0
    SLICE_X6Y43          CARRY4 (Prop_carry4_CI_CO[3])
                                                      0.117    10.473 r  u_cpu/u_alu/y0_inferred__1/i__carry__3/CO[3]
                         net (fo=1, routed)           0.000    10.473    u_cpu/u_alu/y0_inferred__1/i__carry__3_n_0
    SLICE_X6Y44          CARRY4 (Prop_carry4_CI_CO[3])
                                                      0.117    10.590 r  u_cpu/u_alu/y0_inferred__1/i__carry__4/CO[3]
                         net (fo=1, routed)           0.000    10.590    u_cpu/u_alu/y0_inferred__1/i__carry__4_n_0
    SLICE_X6Y45          CARRY4 (Prop_carry4_CI_CO[3])
                                                      0.117    10.707 r  u_cpu/u_alu/y0_inferred__1/i__carry__5/CO[3]
                         net (fo=1, routed)           0.000    10.707    u_cpu/u_alu/y0_inferred__1/i__carry__5_n_0
    SLICE_X6Y46          CARRY4 (Prop_carry4_CI_O[3])
                                                      0.315    11.022 f  u_cpu/u_alu/y0_inferred__1/i__carry__6/O[3]
                         net (fo=1, routed)           0.639    11.661    u_cpu/u_rf/dbg_mem_addr[31]_INST_0_0[1]
    SLICE_X7Y50          LUT6 (Prop_lut6_I5_O)        0.307    11.968 f  u_cpu/u_rf/dbg_mem_addr[31]_INST_0_i_2/O
                         net (fo=1, routed)           0.000    11.968    u_cpu/u_rf/dbg_mem_addr[31]_INST_0_i_2_n_0
    SLICE_X7Y50          MUXF7 (Prop_muxf7_I0_O)      0.238    12.206 f  u_cpu/u_rf/dbg_mem_addr[31]_INST_0/O
                         net (fo=3, routed)           0.672    12.878    u_cpu/u_alu/pc[31]_i_7_0[1]
    SLICE_X7Y47          LUT4 (Prop_lut4_I1_O)        0.298    13.176 r  u_cpu/u_alu/pc[31]_i_11/O
                         net (fo=1, routed)           0.435    13.611    u_cpu/u_alu/pc[31]_i_11_n_0
    SLICE_X1Y47          LUT4 (Prop_lut4_I1_O)        0.124    13.735 r  u_cpu/u_alu/pc[31]_i_7/O
                         net (fo=30, routed)          0.832    14.567    u_cpu/u_alu/pc[31]_i_7_n_0
    SLICE_X5Y43          LUT6 (Prop_lut6_I2_O)        0.124    14.691 r  u_cpu/u_alu/pc[3]_i_2/O
                         net (fo=1, routed)           0.000    14.691    u_cpu/u_alu/pc[3]_i_2_n_0
    SLICE_X5Y43          CARRY4 (Prop_carry4_S[3]_CO[3])
                                                      0.401    15.092 r  u_cpu/u_alu/pc_reg[3]_i_1/CO[3]
                         net (fo=1, routed)           0.000    15.092    u_cpu/u_alu/pc_reg[3]_i_1_n_0
    SLICE_X5Y44          CARRY4 (Prop_carry4_CI_CO[3])
                                                      0.114    15.206 r  u_cpu/u_alu/pc_reg[7]_i_1/CO[3]
                         net (fo=1, routed)           0.000    15.206    u_cpu/u_alu/pc_reg[7]_i_1_n_0
    SLICE_X5Y45          CARRY4 (Prop_carry4_CI_CO[3])
                                                      0.114    15.320 r  u_cpu/u_alu/pc_reg[11]_i_1/CO[3]
                         net (fo=1, routed)           0.000    15.320    u_cpu/u_alu/pc_reg[11]_i_1_n_0
    SLICE_X5Y46          CARRY4 (Prop_carry4_CI_CO[3])
                                                      0.114    15.434 r  u_cpu/u_alu/pc_reg[15]_i_1/CO[3]
                         net (fo=1, routed)           0.000    15.434    u_cpu/u_alu/pc_reg[15]_i_1_n_0
    SLICE_X5Y47          CARRY4 (Prop_carry4_CI_O[0])
                                                      0.223    15.657 r  u_cpu/u_alu/pc_reg[19]_i_1/O[0]
                         net (fo=1, routed)           0.000    15.657    u_cpu/u_alu_n_76
    SLICE_X5Y47          FDRE                                         r  u_cpu/pc_reg[16]/D
  -------------------------------------------------------------------    -------------------

                         (clock perf_clk rise edge)
                                                      2.000     2.000 r  
    N15                                               0.000     2.000 r  clk (IN)
                         net (fo=0)                   0.000     2.000    clk
    N15                  IBUF (Prop_ibuf_I_O)         0.828     2.828 r  clk_IBUF_inst/O
                         net (fo=1, routed)           1.868     4.696    clk_IBUF
    BUFGCTRL_X0Y0        BUFG (Prop_bufg_I_O)         0.091     4.787 r  clk_IBUF_BUFG_inst/O
                         net (fo=480, routed)         1.518     6.306    u_cpu/clk
    SLICE_X5Y47          FDRE                                         r  u_cpu/pc_reg[16]/C
                         clock pessimism              0.335     6.641    
                         clock uncertainty           -0.035     6.605    
    SLICE_X5Y47          FDRE (Setup_fdre_C_D)        0.062     6.667    u_cpu/pc_reg[16]
  -------------------------------------------------------------------
                         required time                          6.667    
                         arrival time                         -15.657    
  -------------------------------------------------------------------
                         slack                                 -8.989    

Slack (VIOLATED) :        -8.989ns  (required time - arrival time)
  Source:                 u_cpu/pc_reg[8]/C
                            (rising edge-triggered cell FDRE clocked by perf_clk  {rise@0.000ns fall@1.000ns period=2.000ns})
  Destination:            u_cpu/u_rf/regs_reg[7][31]/D
                            (rising edge-triggered cell FDRE clocked by perf_clk  {rise@0.000ns fall@1.000ns period=2.000ns})
  Path Group:             perf_clk
  Path Type:              Setup (Max at Slow Process Corner)
  Requirement:            2.000ns  (perf_clk rise@2.000ns - perf_clk rise@0.000ns)
  Data Path Delay:        10.680ns  (logic 3.118ns (29.196%)  route 7.562ns (70.804%))
  Logic Levels:           11  (CARRY4=1 LUT3=2 LUT6=3 MUXF7=2 MUXF8=2 RAMS64E=1)
  Clock Path Skew:        -0.193ns (DCD - SCD + CPR)
    Destination Clock Delay (DCD):    4.229ns = ( 6.229 - 2.000 ) 
    Source Clock Delay      (SCD):    4.664ns
    Clock Pessimism Removal (CPR):    0.242ns
  Clock Uncertainty:      0.035ns  ((TSJ^2 + TIJ^2)^1/2 + DJ) / 2 + PE
    Total System Jitter     (TSJ):    0.071ns
    Total Input Jitter      (TIJ):    0.000ns
    Discrete Jitter          (DJ):    0.000ns
    Phase Error              (PE):    0.000ns

    Location             Delay type                Incr(ns)  Path(ns)    Netlist Resource(s)
  -------------------------------------------------------------------    -------------------
                         (clock perf_clk rise edge)
                                                      0.000     0.000 r  
    N15                                               0.000     0.000 r  clk (IN)
                         net (fo=0)                   0.000     0.000    clk
    N15                  IBUF (Prop_ibuf_I_O)         0.962     0.962 r  clk_IBUF_inst/O
                         net (fo=1, routed)           1.972     2.933    clk_IBUF
    BUFGCTRL_X0Y0        BUFG (Prop_bufg_I_O)         0.096     3.029 r  clk_IBUF_BUFG_inst/O
                         net (fo=480, routed)         1.634     4.664    u_cpu/clk
    SLICE_X4Y41          FDRE                                         r  u_cpu/pc_reg[8]/C
  -------------------------------------------------------------------    -------------------
    SLICE_X4Y41          FDRE (Prop_fdre_C_Q)         0.456     5.120 f  u_cpu/pc_reg[8]/Q
                         net (fo=5, routed)           0.724     5.844    u_cpu/u_alu/pc_reg[11]_0
    SLICE_X3Y44          LUT3 (Prop_lut3_I2_O)        0.124     5.968 f  u_cpu/u_alu/dbg_instr[26]_INST_0_i_1/O
                         net (fo=32, routed)          0.775     6.743    u_cpu/u_alu/pc_reg[7]
    SLICE_X4Y44          LUT6 (Prop_lut6_I2_O)        0.124     6.867 r  u_cpu/u_alu/dbg_instr[21]_INST_0/O
                         net (fo=68, routed)          1.069     7.936    u_cpu/u_rf/dbg_instr[13]
    SLICE_X5Y35          MUXF7 (Prop_muxf7_S_O)       0.276     8.212 r  u_cpu/u_rf/dbg_mem_wdata[1]_INST_0_i_2/O
                         net (fo=2, routed)           0.000     8.212    u_cpu/u_rf/dbg_mem_wdata[1]_INST_0_i_2_n_0
    SLICE_X5Y35          MUXF8 (Prop_muxf8_I1_O)      0.094     8.306 r  u_cpu/u_rf/dbg_mem_wdata[1]_INST_0/O
                         net (fo=7, routed)           0.945     9.251    u_cpu/u_rf/pc_reg[6]_29
    SLICE_X7Y39          LUT6 (Prop_lut6_I1_O)        0.316     9.567 r  u_cpu/u_rf/y2_carry_i_13/O
                         net (fo=2, routed)           0.000     9.567    u_cpu/u_alu/dbg_mem_addr[0]_INST_0_i_1_1[1]
    SLICE_X7Y39          CARRY4 (Prop_carry4_S[1]_O[3])
                                                      0.640    10.207 r  u_cpu/u_alu/y0_inferred__0/i__carry/O[3]
                         net (fo=1, routed)           0.810    11.017    u_cpu/u_alu/y01_in[3]
    SLICE_X7Y37          LUT6 (Prop_lut6_I0_O)        0.306    11.323 r  u_cpu/u_alu/dbg_mem_addr[3]_INST_0/O
                         net (fo=131, routed)         1.863    13.186    u_cpu/u_dmem/mem_reg_0_255_31_31/A1
    SLICE_X8Y48          RAMS64E (Prop_rams64e_ADR1_O)
                                                      0.124    13.310 r  u_cpu/u_dmem/mem_reg_0_255_31_31/RAMS64E_D/O
                         net (fo=1, routed)           0.000    13.310    u_cpu/u_dmem/mem_reg_0_255_31_31/OD
    SLICE_X8Y48          MUXF7 (Prop_muxf7_I0_O)      0.241    13.551 r  u_cpu/u_dmem/mem_reg_0_255_31_31/F7.B/O
                         net (fo=1, routed)           0.000    13.551    u_cpu/u_dmem/mem_reg_0_255_31_31/O0
    SLICE_X8Y48          MUXF8 (Prop_muxf8_I0_O)      0.098    13.649 r  u_cpu/u_dmem/mem_reg_0_255_31_31/F8/O
                         net (fo=1, routed)           0.765    14.414    u_cpu/u_dmem/rdata[31]
    SLICE_X9Y49          LUT3 (Prop_lut3_I0_O)        0.319    14.733 r  u_cpu/u_dmem/regs[10][31]_i_2/O
                         net (fo=10, routed)          0.610    15.343    u_cpu/u_rf/D[31]
    SLICE_X11Y50         FDRE                                         r  u_cpu/u_rf/regs_reg[7][31]/D
  -------------------------------------------------------------------    -------------------

                         (clock perf_clk rise edge)
                                                      2.000     2.000 r  
    N15                                               0.000     2.000 r  clk (IN)
                         net (fo=0)                   0.000     2.000    clk
    N15                  IBUF (Prop_ibuf_I_O)         0.828     2.828 r  clk_IBUF_inst/O
                         net (fo=1, routed)           1.868     4.696    clk_IBUF
    BUFGCTRL_X0Y0        BUFG (Prop_bufg_I_O)         0.091     4.787 r  clk_IBUF_BUFG_inst/O
                         net (fo=480, routed)         1.442     6.229    u_cpu/u_rf/clk
    SLICE_X11Y50         FDRE                                         r  u_cpu/u_rf/regs_reg[7][31]/C
                         clock pessimism              0.242     6.471    
                         clock uncertainty           -0.035     6.436    
    SLICE_X11Y50         FDRE (Setup_fdre_C_D)       -0.081     6.355    u_cpu/u_rf/regs_reg[7][31]
  -------------------------------------------------------------------
                         required time                          6.355    
                         arrival time                         -15.343    
  -------------------------------------------------------------------
                         slack                                 -8.989    

Slack (VIOLATED) :        -8.987ns  (required time - arrival time)
  Source:                 u_cpu/pc_reg[8]/C
                            (rising edge-triggered cell FDRE clocked by perf_clk  {rise@0.000ns fall@1.000ns period=2.000ns})
  Destination:            u_cpu/pc_reg[13]/D
                            (rising edge-triggered cell FDRE clocked by perf_clk  {rise@0.000ns fall@1.000ns period=2.000ns})
  Path Group:             perf_clk
  Path Type:              Setup (Max at Slow Process Corner)
  Requirement:            2.000ns  (perf_clk rise@2.000ns - perf_clk rise@0.000ns)
  Data Path Delay:        10.990ns  (logic 5.019ns (45.669%)  route 5.971ns (54.331%))
  Logic Levels:           22  (CARRY4=12 LUT3=1 LUT4=2 LUT6=4 MUXF7=2 MUXF8=1)
  Clock Path Skew:        -0.024ns (DCD - SCD + CPR)
    Destination Clock Delay (DCD):    4.305ns = ( 6.305 - 2.000 ) 
    Source Clock Delay      (SCD):    4.664ns
    Clock Pessimism Removal (CPR):    0.335ns
  Clock Uncertainty:      0.035ns  ((TSJ^2 + TIJ^2)^1/2 + DJ) / 2 + PE
    Total System Jitter     (TSJ):    0.071ns
    Total Input Jitter      (TIJ):    0.000ns
    Discrete Jitter          (DJ):    0.000ns
    Phase Error              (PE):    0.000ns

    Location             Delay type                Incr(ns)  Path(ns)    Netlist Resource(s)
  -------------------------------------------------------------------    -------------------
                         (clock perf_clk rise edge)
                                                      0.000     0.000 r  
    N15                                               0.000     0.000 r  clk (IN)
                         net (fo=0)                   0.000     0.000    clk
    N15                  IBUF (Prop_ibuf_I_O)         0.962     0.962 r  clk_IBUF_inst/O
                         net (fo=1, routed)           1.972     2.933    clk_IBUF
    BUFGCTRL_X0Y0        BUFG (Prop_bufg_I_O)         0.096     3.029 r  clk_IBUF_BUFG_inst/O
                         net (fo=480, routed)         1.634     4.664    u_cpu/clk
    SLICE_X4Y41          FDRE                                         r  u_cpu/pc_reg[8]/C
  -------------------------------------------------------------------    -------------------
    SLICE_X4Y41          FDRE (Prop_fdre_C_Q)         0.456     5.120 f  u_cpu/pc_reg[8]/Q
                         net (fo=5, routed)           0.724     5.844    u_cpu/u_alu/pc_reg[11]_0
    SLICE_X3Y44          LUT3 (Prop_lut3_I2_O)        0.124     5.968 f  u_cpu/u_alu/dbg_instr[26]_INST_0_i_1/O
                         net (fo=32, routed)          0.775     6.743    u_cpu/u_alu/pc_reg[7]
    SLICE_X4Y44          LUT6 (Prop_lut6_I2_O)        0.124     6.867 r  u_cpu/u_alu/dbg_instr[21]_INST_0/O
                         net (fo=68, routed)          1.043     7.909    u_cpu/u_rf/dbg_instr[13]
    SLICE_X8Y38          MUXF7 (Prop_muxf7_S_O)       0.314     8.223 r  u_cpu/u_rf/dbg_mem_wdata[0]_INST_0_i_1/O
                         net (fo=2, routed)           0.000     8.223    u_cpu/u_rf/dbg_mem_wdata[0]_INST_0_i_1_n_0
    SLICE_X8Y38          MUXF8 (Prop_muxf8_I0_O)      0.098     8.321 r  u_cpu/u_rf/dbg_mem_wdata[0]_INST_0/O
                         net (fo=7, routed)           0.852     9.173    u_cpu/u_rf/pc_reg[6]_28
    SLICE_X6Y39          LUT6 (Prop_lut6_I1_O)        0.319     9.492 r  u_cpu/u_rf/i__carry_i_4/O
                         net (fo=1, routed)           0.000     9.492    u_cpu/u_alu/dbg_mem_addr[0]_INST_0[0]
    SLICE_X6Y39          CARRY4 (Prop_carry4_S[0]_CO[3])
                                                      0.513    10.005 r  u_cpu/u_alu/y0_inferred__1/i__carry/CO[3]
                         net (fo=1, routed)           0.000    10.005    u_cpu/u_alu/y0_inferred__1/i__carry_n_0
    SLICE_X6Y40          CARRY4 (Prop_carry4_CI_CO[3])
                                                      0.117    10.122 r  u_cpu/u_alu/y0_inferred__1/i__carry__0/CO[3]
                         net (fo=1, routed)           0.000    10.122    u_cpu/u_alu/y0_inferred__1/i__carry__0_n_0
    SLICE_X6Y41          CARRY4 (Prop_carry4_CI_CO[3])
                                                      0.117    10.239 r  u_cpu/u_alu/y0_inferred__1/i__carry__1/CO[3]
                         net (fo=1, routed)           0.000    10.239    u_cpu/u_alu/y0_inferred__1/i__carry__1_n_0
    SLICE_X6Y42          CARRY4 (Prop_carry4_CI_CO[3])
                                                      0.117    10.356 r  u_cpu/u_alu/y0_inferred__1/i__carry__2/CO[3]
                         net (fo=1, routed)           0.000    10.356    u_cpu/u_alu/y0_inferred__1/i__carry__2_n_0
    SLICE_X6Y43          CARRY4 (Prop_carry4_CI_CO[3])
                                                      0.117    10.473 r  u_cpu/u_alu/y0_inferred__1/i__carry__3/CO[3]
                         net (fo=1, routed)           0.000    10.473    u_cpu/u_alu/y0_inferred__1/i__carry__3_n_0
    SLICE_X6Y44          CARRY4 (Prop_carry4_CI_CO[3])
                                                      0.117    10.590 r  u_cpu/u_alu/y0_inferred__1/i__carry__4/CO[3]
                         net (fo=1, routed)           0.000    10.590    u_cpu/u_alu/y0_inferred__1/i__carry__4_n_0
    SLICE_X6Y45          CARRY4 (Prop_carry4_CI_CO[3])
                                                      0.117    10.707 r  u_cpu/u_alu/y0_inferred__1/i__carry__5/CO[3]
                         net (fo=1, routed)           0.000    10.707    u_cpu/u_alu/y0_inferred__1/i__carry__5_n_0
    SLICE_X6Y46          CARRY4 (Prop_carry4_CI_O[3])
                                                      0.315    11.022 f  u_cpu/u_alu/y0_inferred__1/i__carry__6/O[3]
                         net (fo=1, routed)           0.639    11.661    u_cpu/u_rf/dbg_mem_addr[31]_INST_0_0[1]
    SLICE_X7Y50          LUT6 (Prop_lut6_I5_O)        0.307    11.968 f  u_cpu/u_rf/dbg_mem_addr[31]_INST_0_i_2/O
                         net (fo=1, routed)           0.000    11.968    u_cpu/u_rf/dbg_mem_addr[31]_INST_0_i_2_n_0
    SLICE_X7Y50          MUXF7 (Prop_muxf7_I0_O)      0.238    12.206 f  u_cpu/u_rf/dbg_mem_addr[31]_INST_0/O
                         net (fo=3, routed)           0.672    12.878    u_cpu/u_alu/pc[31]_i_7_0[1]
    SLICE_X7Y47          LUT4 (Prop_lut4_I1_O)        0.298    13.176 r  u_cpu/u_alu/pc[31]_i_11/O
                         net (fo=1, routed)           0.435    13.611    u_cpu/u_alu/pc[31]_i_11_n_0
    SLICE_X1Y47          LUT4 (Prop_lut4_I1_O)        0.124    13.735 r  u_cpu/u_alu/pc[31]_i_7/O
                         net (fo=30, routed)          0.832    14.567    u_cpu/u_alu/pc[31]_i_7_n_0
    SLICE_X5Y43          LUT6 (Prop_lut6_I2_O)        0.124    14.691 r  u_cpu/u_alu/pc[3]_i_2/O
                         net (fo=1, routed)           0.000    14.691    u_cpu/u_alu/pc[3]_i_2_n_0
    SLICE_X5Y43          CARRY4 (Prop_carry4_S[3]_CO[3])
                                                      0.401    15.092 r  u_cpu/u_alu/pc_reg[3]_i_1/CO[3]
                         net (fo=1, routed)           0.000    15.092    u_cpu/u_alu/pc_reg[3]_i_1_n_0
    SLICE_X5Y44          CARRY4 (Prop_carry4_CI_CO[3])
                                                      0.114    15.206 r  u_cpu/u_alu/pc_reg[7]_i_1/CO[3]
                         net (fo=1, routed)           0.000    15.206    u_cpu/u_alu/pc_reg[7]_i_1_n_0
    SLICE_X5Y45          CARRY4 (Prop_carry4_CI_CO[3])
                                                      0.114    15.320 r  u_cpu/u_alu/pc_reg[11]_i_1/CO[3]
                         net (fo=1, routed)           0.000    15.320    u_cpu/u_alu/pc_reg[11]_i_1_n_0
    SLICE_X5Y46          CARRY4 (Prop_carry4_CI_O[1])
                                                      0.334    15.654 r  u_cpu/u_alu/pc_reg[15]_i_1/O[1]
                         net (fo=1, routed)           0.000    15.654    u_cpu/u_alu_n_71
    SLICE_X5Y46          FDRE                                         r  u_cpu/pc_reg[13]/D
  -------------------------------------------------------------------    -------------------

                         (clock perf_clk rise edge)
                                                      2.000     2.000 r  
    N15                                               0.000     2.000 r  clk (IN)
                         net (fo=0)                   0.000     2.000    clk
    N15                  IBUF (Prop_ibuf_I_O)         0.828     2.828 r  clk_IBUF_inst/O
                         net (fo=1, routed)           1.868     4.696    clk_IBUF
    BUFGCTRL_X0Y0        BUFG (Prop_bufg_I_O)         0.091     4.787 r  clk_IBUF_BUFG_inst/O
                         net (fo=480, routed)         1.517     6.305    u_cpu/clk
    SLICE_X5Y46          FDRE                                         r  u_cpu/pc_reg[13]/C
                         clock pessimism              0.335     6.640    
                         clock uncertainty           -0.035     6.604    
    SLICE_X5Y46          FDRE (Setup_fdre_C_D)        0.062     6.666    u_cpu/pc_reg[13]
  -------------------------------------------------------------------
                         required time                          6.666    
                         arrival time                         -15.654    
  -------------------------------------------------------------------
                         slack                                 -8.987    

Slack (VIOLATED) :        -8.966ns  (required time - arrival time)
  Source:                 u_cpu/pc_reg[8]/C
                            (rising edge-triggered cell FDRE clocked by perf_clk  {rise@0.000ns fall@1.000ns period=2.000ns})
  Destination:            u_cpu/pc_reg[15]/D
                            (rising edge-triggered cell FDRE clocked by perf_clk  {rise@0.000ns fall@1.000ns period=2.000ns})
  Path Group:             perf_clk
  Path Type:              Setup (Max at Slow Process Corner)
  Requirement:            2.000ns  (perf_clk rise@2.000ns - perf_clk rise@0.000ns)
  Data Path Delay:        10.969ns  (logic 4.998ns (45.565%)  route 5.971ns (54.435%))
  Logic Levels:           22  (CARRY4=12 LUT3=1 LUT4=2 LUT6=4 MUXF7=2 MUXF8=1)
  Clock Path Skew:        -0.024ns (DCD - SCD + CPR)
    Destination Clock Delay (DCD):    4.305ns = ( 6.305 - 2.000 ) 
    Source Clock Delay      (SCD):    4.664ns
    Clock Pessimism Removal (CPR):    0.335ns
  Clock Uncertainty:      0.035ns  ((TSJ^2 + TIJ^2)^1/2 + DJ) / 2 + PE
    Total System Jitter     (TSJ):    0.071ns
    Total Input Jitter      (TIJ):    0.000ns
    Discrete Jitter          (DJ):    0.000ns
    Phase Error              (PE):    0.000ns

    Location             Delay type                Incr(ns)  Path(ns)    Netlist Resource(s)
  -------------------------------------------------------------------    -------------------
                         (clock perf_clk rise edge)
                                                      0.000     0.000 r  
    N15                                               0.000     0.000 r  clk (IN)
                         net (fo=0)                   0.000     0.000    clk
    N15                  IBUF (Prop_ibuf_I_O)         0.962     0.962 r  clk_IBUF_inst/O
                         net (fo=1, routed)           1.972     2.933    clk_IBUF
    BUFGCTRL_X0Y0        BUFG (Prop_bufg_I_O)         0.096     3.029 r  clk_IBUF_BUFG_inst/O
                         net (fo=480, routed)         1.634     4.664    u_cpu/clk
    SLICE_X4Y41          FDRE                                         r  u_cpu/pc_reg[8]/C
  -------------------------------------------------------------------    -------------------
    SLICE_X4Y41          FDRE (Prop_fdre_C_Q)         0.456     5.120 f  u_cpu/pc_reg[8]/Q
                         net (fo=5, routed)           0.724     5.844    u_cpu/u_alu/pc_reg[11]_0
    SLICE_X3Y44          LUT3 (Prop_lut3_I2_O)        0.124     5.968 f  u_cpu/u_alu/dbg_instr[26]_INST_0_i_1/O
                         net (fo=32, routed)          0.775     6.743    u_cpu/u_alu/pc_reg[7]
    SLICE_X4Y44          LUT6 (Prop_lut6_I2_O)        0.124     6.867 r  u_cpu/u_alu/dbg_instr[21]_INST_0/O
                         net (fo=68, routed)          1.043     7.909    u_cpu/u_rf/dbg_instr[13]
    SLICE_X8Y38          MUXF7 (Prop_muxf7_S_O)       0.314     8.223 r  u_cpu/u_rf/dbg_mem_wdata[0]_INST_0_i_1/O
                         net (fo=2, routed)           0.000     8.223    u_cpu/u_rf/dbg_mem_wdata[0]_INST_0_i_1_n_0
    SLICE_X8Y38          MUXF8 (Prop_muxf8_I0_O)      0.098     8.321 r  u_cpu/u_rf/dbg_mem_wdata[0]_INST_0/O
                         net (fo=7, routed)           0.852     9.173    u_cpu/u_rf/pc_reg[6]_28
    SLICE_X6Y39          LUT6 (Prop_lut6_I1_O)        0.319     9.492 r  u_cpu/u_rf/i__carry_i_4/O
                         net (fo=1, routed)           0.000     9.492    u_cpu/u_alu/dbg_mem_addr[0]_INST_0[0]
    SLICE_X6Y39          CARRY4 (Prop_carry4_S[0]_CO[3])
                                                      0.513    10.005 r  u_cpu/u_alu/y0_inferred__1/i__carry/CO[3]
                         net (fo=1, routed)           0.000    10.005    u_cpu/u_alu/y0_inferred__1/i__carry_n_0
    SLICE_X6Y40          CARRY4 (Prop_carry4_CI_CO[3])
                                                      0.117    10.122 r  u_cpu/u_alu/y0_inferred__1/i__carry__0/CO[3]
                         net (fo=1, routed)           0.000    10.122    u_cpu/u_alu/y0_inferred__1/i__carry__0_n_0
    SLICE_X6Y41          CARRY4 (Prop_carry4_CI_CO[3])
                                                      0.117    10.239 r  u_cpu/u_alu/y0_inferred__1/i__carry__1/CO[3]
                         net (fo=1, routed)           0.000    10.239    u_cpu/u_alu/y0_inferred__1/i__carry__1_n_0
    SLICE_X6Y42          CARRY4 (Prop_carry4_CI_CO[3])
                                                      0.117    10.356 r  u_cpu/u_alu/y0_inferred__1/i__carry__2/CO[3]
                         net (fo=1, routed)           0.000    10.356    u_cpu/u_alu/y0_inferred__1/i__carry__2_n_0
    SLICE_X6Y43          CARRY4 (Prop_carry4_CI_CO[3])
                                                      0.117    10.473 r  u_cpu/u_alu/y0_inferred__1/i__carry__3/CO[3]
                         net (fo=1, routed)           0.000    10.473    u_cpu/u_alu/y0_inferred__1/i__carry__3_n_0
    SLICE_X6Y44          CARRY4 (Prop_carry4_CI_CO[3])
                                                      0.117    10.590 r  u_cpu/u_alu/y0_inferred__1/i__carry__4/CO[3]
                         net (fo=1, routed)           0.000    10.590    u_cpu/u_alu/y0_inferred__1/i__carry__4_n_0
    SLICE_X6Y45          CARRY4 (Prop_carry4_CI_CO[3])
                                                      0.117    10.707 r  u_cpu/u_alu/y0_inferred__1/i__carry__5/CO[3]
                         net (fo=1, routed)           0.000    10.707    u_cpu/u_alu/y0_inferred__1/i__carry__5_n_0
    SLICE_X6Y46          CARRY4 (Prop_carry4_CI_O[3])
                                                      0.315    11.022 f  u_cpu/u_alu/y0_inferred__1/i__carry__6/O[3]
                         net (fo=1, routed)           0.639    11.661    u_cpu/u_rf/dbg_mem_addr[31]_INST_0_0[1]
    SLICE_X7Y50          LUT6 (Prop_lut6_I5_O)        0.307    11.968 f  u_cpu/u_rf/dbg_mem_addr[31]_INST_0_i_2/O
                         net (fo=1, routed)           0.000    11.968    u_cpu/u_rf/dbg_mem_addr[31]_INST_0_i_2_n_0
    SLICE_X7Y50          MUXF7 (Prop_muxf7_I0_O)      0.238    12.206 f  u_cpu/u_rf/dbg_mem_addr[31]_INST_0/O
                         net (fo=3, routed)           0.672    12.878    u_cpu/u_alu/pc[31]_i_7_0[1]
    SLICE_X7Y47          LUT4 (Prop_lut4_I1_O)        0.298    13.176 r  u_cpu/u_alu/pc[31]_i_11/O
                         net (fo=1, routed)           0.435    13.611    u_cpu/u_alu/pc[31]_i_11_n_0
    SLICE_X1Y47          LUT4 (Prop_lut4_I1_O)        0.124    13.735 r  u_cpu/u_alu/pc[31]_i_7/O
                         net (fo=30, routed)          0.832    14.567    u_cpu/u_alu/pc[31]_i_7_n_0
    SLICE_X5Y43          LUT6 (Prop_lut6_I2_O)        0.124    14.691 r  u_cpu/u_alu/pc[3]_i_2/O
                         net (fo=1, routed)           0.000    14.691    u_cpu/u_alu/pc[3]_i_2_n_0
    SLICE_X5Y43          CARRY4 (Prop_carry4_S[3]_CO[3])
                                                      0.401    15.092 r  u_cpu/u_alu/pc_reg[3]_i_1/CO[3]
                         net (fo=1, routed)           0.000    15.092    u_cpu/u_alu/pc_reg[3]_i_1_n_0
    SLICE_X5Y44          CARRY4 (Prop_carry4_CI_CO[3])
                                                      0.114    15.206 r  u_cpu/u_alu/pc_reg[7]_i_1/CO[3]
                         net (fo=1, routed)           0.000    15.206    u_cpu/u_alu/pc_reg[7]_i_1_n_0
    SLICE_X5Y45          CARRY4 (Prop_carry4_CI_CO[3])
                                                      0.114    15.320 r  u_cpu/u_alu/pc_reg[11]_i_1/CO[3]
                         net (fo=1, routed)           0.000    15.320    u_cpu/u_alu/pc_reg[11]_i_1_n_0
    SLICE_X5Y46          CARRY4 (Prop_carry4_CI_O[3])
                                                      0.313    15.633 r  u_cpu/u_alu/pc_reg[15]_i_1/O[3]
                         net (fo=1, routed)           0.000    15.633    u_cpu/u_alu_n_69
    SLICE_X5Y46          FDRE                                         r  u_cpu/pc_reg[15]/D
  -------------------------------------------------------------------    -------------------

                         (clock perf_clk rise edge)
                                                      2.000     2.000 r  
    N15                                               0.000     2.000 r  clk (IN)
                         net (fo=0)                   0.000     2.000    clk
    N15                  IBUF (Prop_ibuf_I_O)         0.828     2.828 r  clk_IBUF_inst/O
                         net (fo=1, routed)           1.868     4.696    clk_IBUF
    BUFGCTRL_X0Y0        BUFG (Prop_bufg_I_O)         0.091     4.787 r  clk_IBUF_BUFG_inst/O
                         net (fo=480, routed)         1.517     6.305    u_cpu/clk
    SLICE_X5Y46          FDRE                                         r  u_cpu/pc_reg[15]/C
                         clock pessimism              0.335     6.640    
                         clock uncertainty           -0.035     6.604    
    SLICE_X5Y46          FDRE (Setup_fdre_C_D)        0.062     6.666    u_cpu/pc_reg[15]
  -------------------------------------------------------------------
                         required time                          6.666    
                         arrival time                         -15.633    
  -------------------------------------------------------------------
                         slack                                 -8.966    





Min Delay Paths
--------------------------------------------------------------------------------------
Slack (MET) :             0.048ns  (arrival time - required time)
  Source:                 u_cpu/pc_reg[25]/C
                            (rising edge-triggered cell FDRE clocked by perf_clk  {rise@0.000ns fall@1.000ns period=2.000ns})
  Destination:            u_cpu/pc_reg[28]/D
                            (rising edge-triggered cell FDRE clocked by perf_clk  {rise@0.000ns fall@1.000ns period=2.000ns})
  Path Group:             perf_clk
  Path Type:              Hold (Min at Fast Process Corner)
  Requirement:            0.000ns  (perf_clk rise@0.000ns - perf_clk rise@0.000ns)
  Data Path Delay:        0.422ns  (logic 0.342ns (81.103%)  route 0.080ns (18.897%))
  Logic Levels:           2  (CARRY4=2)
  Clock Path Skew:        0.269ns (DCD - SCD - CPR)
    Destination Clock Delay (DCD):    1.960ns
    Source Clock Delay      (SCD):    1.444ns
    Clock Pessimism Removal (CPR):    0.246ns

    Location             Delay type                Incr(ns)  Path(ns)    Netlist Resource(s)
  -------------------------------------------------------------------    -------------------
                         (clock perf_clk rise edge)
                                                      0.000     0.000 r  
    N15                                               0.000     0.000 r  clk (IN)
                         net (fo=0)                   0.000     0.000    clk
    N15                  IBUF (Prop_ibuf_I_O)         0.191     0.191 r  clk_IBUF_inst/O
                         net (fo=1, routed)           0.634     0.825    clk_IBUF
    BUFGCTRL_X0Y0        BUFG (Prop_bufg_I_O)         0.026     0.851 r  clk_IBUF_BUFG_inst/O
                         net (fo=480, routed)         0.594     1.444    u_cpu/clk
    SLICE_X5Y49          FDRE                                         r  u_cpu/pc_reg[25]/C
  -------------------------------------------------------------------    -------------------
    SLICE_X5Y49          FDRE (Prop_fdre_C_Q)         0.141     1.585 r  u_cpu/pc_reg[25]/Q
                         net (fo=3, routed)           0.079     1.664    u_cpu/u_alu/dbg_pc[17]
    SLICE_X5Y49          CARRY4 (Prop_carry4_DI[1]_CO[3])
                                                      0.147     1.811 r  u_cpu/u_alu/pc_reg[27]_i_1/CO[3]
                         net (fo=1, routed)           0.001     1.812    u_cpu/u_alu/pc_reg[27]_i_1_n_0
    SLICE_X5Y50          CARRY4 (Prop_carry4_CI_O[0])
                                                      0.054     1.866 r  u_cpu/u_alu/pc_reg[31]_i_2/O[0]
                         net (fo=1, routed)           0.000     1.866    u_cpu/u_alu_n_88
    SLICE_X5Y50          FDRE                                         r  u_cpu/pc_reg[28]/D
  -------------------------------------------------------------------    -------------------

                         (clock perf_clk rise edge)
                                                      0.000     0.000 r  
    N15                                               0.000     0.000 r  clk (IN)
                         net (fo=0)                   0.000     0.000    clk
    N15                  IBUF (Prop_ibuf_I_O)         0.380     0.380 r  clk_IBUF_inst/O
                         net (fo=1, routed)           0.689     1.068    clk_IBUF
    BUFGCTRL_X0Y0        BUFG (Prop_bufg_I_O)         0.029     1.097 r  clk_IBUF_BUFG_inst/O
                         net (fo=480, routed)         0.863     1.960    u_cpu/clk
    SLICE_X5Y50          FDRE                                         r  u_cpu/pc_reg[28]/C
                         clock pessimism             -0.246     1.713    
    SLICE_X5Y50          FDRE (Hold_fdre_C_D)         0.105     1.818    u_cpu/pc_reg[28]
  -------------------------------------------------------------------
                         required time                         -1.818    
                         arrival time                           1.866    
  -------------------------------------------------------------------
                         slack                                  0.048    

Slack (MET) :             0.059ns  (arrival time - required time)
  Source:                 u_cpu/pc_reg[25]/C
                            (rising edge-triggered cell FDRE clocked by perf_clk  {rise@0.000ns fall@1.000ns period=2.000ns})
  Destination:            u_cpu/pc_reg[30]/D
                            (rising edge-triggered cell FDRE clocked by perf_clk  {rise@0.000ns fall@1.000ns period=2.000ns})
  Path Group:             perf_clk
  Path Type:              Hold (Min at Fast Process Corner)
  Requirement:            0.000ns  (perf_clk rise@0.000ns - perf_clk rise@0.000ns)
  Data Path Delay:        0.433ns  (logic 0.353ns (81.583%)  route 0.080ns (18.417%))
  Logic Levels:           2  (CARRY4=2)
  Clock Path Skew:        0.269ns (DCD - SCD - CPR)
    Destination Clock Delay (DCD):    1.960ns
    Source Clock Delay      (SCD):    1.444ns
    Clock Pessimism Removal (CPR):    0.246ns

    Location             Delay type                Incr(ns)  Path(ns)    Netlist Resource(s)
  -------------------------------------------------------------------    -------------------
                         (clock perf_clk rise edge)
                                                      0.000     0.000 r  
    N15                                               0.000     0.000 r  clk (IN)
                         net (fo=0)                   0.000     0.000    clk
    N15                  IBUF (Prop_ibuf_I_O)         0.191     0.191 r  clk_IBUF_inst/O
                         net (fo=1, routed)           0.634     0.825    clk_IBUF
    BUFGCTRL_X0Y0        BUFG (Prop_bufg_I_O)         0.026     0.851 r  clk_IBUF_BUFG_inst/O
                         net (fo=480, routed)         0.594     1.444    u_cpu/clk
    SLICE_X5Y49          FDRE                                         r  u_cpu/pc_reg[25]/C
  -------------------------------------------------------------------    -------------------
    SLICE_X5Y49          FDRE (Prop_fdre_C_Q)         0.141     1.585 r  u_cpu/pc_reg[25]/Q
                         net (fo=3, routed)           0.079     1.664    u_cpu/u_alu/dbg_pc[17]
    SLICE_X5Y49          CARRY4 (Prop_carry4_DI[1]_CO[3])
                                                      0.147     1.811 r  u_cpu/u_alu/pc_reg[27]_i_1/CO[3]
                         net (fo=1, routed)           0.001     1.812    u_cpu/u_alu/pc_reg[27]_i_1_n_0
    SLICE_X5Y50          CARRY4 (Prop_carry4_CI_O[2])
                                                      0.065     1.877 r  u_cpu/u_alu/pc_reg[31]_i_2/O[2]
                         net (fo=1, routed)           0.000     1.877    u_cpu/u_alu_n_86
    SLICE_X5Y50          FDRE                                         r  u_cpu/pc_reg[30]/D
  -------------------------------------------------------------------    -------------------

                         (clock perf_clk rise edge)
                                                      0.000     0.000 r  
    N15                                               0.000     0.000 r  clk (IN)
                         net (fo=0)                   0.000     0.000    clk
    N15                  IBUF (Prop_ibuf_I_O)         0.380     0.380 r  clk_IBUF_inst/O
                         net (fo=1, routed)           0.689     1.068    clk_IBUF
    BUFGCTRL_X0Y0        BUFG (Prop_bufg_I_O)         0.029     1.097 r  clk_IBUF_BUFG_inst/O
                         net (fo=480, routed)         0.863     1.960    u_cpu/clk
    SLICE_X5Y50          FDRE                                         r  u_cpu/pc_reg[30]/C
                         clock pessimism             -0.246     1.713    
    SLICE_X5Y50          FDRE (Hold_fdre_C_D)         0.105     1.818    u_cpu/pc_reg[30]
  -------------------------------------------------------------------
                         required time                         -1.818    
                         arrival time                           1.877    
  -------------------------------------------------------------------
                         slack                                  0.059    

Slack (MET) :             0.084ns  (arrival time - required time)
  Source:                 u_cpu/pc_reg[25]/C
                            (rising edge-triggered cell FDRE clocked by perf_clk  {rise@0.000ns fall@1.000ns period=2.000ns})
  Destination:            u_cpu/pc_reg[29]/D
                            (rising edge-triggered cell FDRE clocked by perf_clk  {rise@0.000ns fall@1.000ns period=2.000ns})
  Path Group:             perf_clk
  Path Type:              Hold (Min at Fast Process Corner)
  Requirement:            0.000ns  (perf_clk rise@0.000ns - perf_clk rise@0.000ns)
  Data Path Delay:        0.458ns  (logic 0.378ns (82.589%)  route 0.080ns (17.411%))
  Logic Levels:           2  (CARRY4=2)
  Clock Path Skew:        0.269ns (DCD - SCD - CPR)
    Destination Clock Delay (DCD):    1.960ns
    Source Clock Delay      (SCD):    1.444ns
    Clock Pessimism Removal (CPR):    0.246ns

    Location             Delay type                Incr(ns)  Path(ns)    Netlist Resource(s)
  -------------------------------------------------------------------    -------------------
                         (clock perf_clk rise edge)
                                                      0.000     0.000 r  
    N15                                               0.000     0.000 r  clk (IN)
                         net (fo=0)                   0.000     0.000    clk
    N15                  IBUF (Prop_ibuf_I_O)         0.191     0.191 r  clk_IBUF_inst/O
                         net (fo=1, routed)           0.634     0.825    clk_IBUF
    BUFGCTRL_X0Y0        BUFG (Prop_bufg_I_O)         0.026     0.851 r  clk_IBUF_BUFG_inst/O
                         net (fo=480, routed)         0.594     1.444    u_cpu/clk
    SLICE_X5Y49          FDRE                                         r  u_cpu/pc_reg[25]/C
  -------------------------------------------------------------------    -------------------
    SLICE_X5Y49          FDRE (Prop_fdre_C_Q)         0.141     1.585 r  u_cpu/pc_reg[25]/Q
                         net (fo=3, routed)           0.079     1.664    u_cpu/u_alu/dbg_pc[17]
    SLICE_X5Y49          CARRY4 (Prop_carry4_DI[1]_CO[3])
                                                      0.147     1.811 r  u_cpu/u_alu/pc_reg[27]_i_1/CO[3]
                         net (fo=1, routed)           0.001     1.812    u_cpu/u_alu/pc_reg[27]_i_1_n_0
    SLICE_X5Y50          CARRY4 (Prop_carry4_CI_O[1])
                                                      0.090     1.902 r  u_cpu/u_alu/pc_reg[31]_i_2/O[1]
                         net (fo=1, routed)           0.000     1.902    u_cpu/u_alu_n_87
    SLICE_X5Y50          FDRE                                         r  u_cpu/pc_reg[29]/D
  -------------------------------------------------------------------    -------------------

                         (clock perf_clk rise edge)
                                                      0.000     0.000 r  
    N15                                               0.000     0.000 r  clk (IN)
                         net (fo=0)                   0.000     0.000    clk
    N15                  IBUF (Prop_ibuf_I_O)         0.380     0.380 r  clk_IBUF_inst/O
                         net (fo=1, routed)           0.689     1.068    clk_IBUF
    BUFGCTRL_X0Y0        BUFG (Prop_bufg_I_O)         0.029     1.097 r  clk_IBUF_BUFG_inst/O
                         net (fo=480, routed)         0.863     1.960    u_cpu/clk
    SLICE_X5Y50          FDRE                                         r  u_cpu/pc_reg[29]/C
                         clock pessimism             -0.246     1.713    
    SLICE_X5Y50          FDRE (Hold_fdre_C_D)         0.105     1.818    u_cpu/pc_reg[29]
  -------------------------------------------------------------------
                         required time                         -1.818    
                         arrival time                           1.902    
  -------------------------------------------------------------------
                         slack                                  0.084    

Slack (MET) :             0.084ns  (arrival time - required time)
  Source:                 u_cpu/pc_reg[25]/C
                            (rising edge-triggered cell FDRE clocked by perf_clk  {rise@0.000ns fall@1.000ns period=2.000ns})
  Destination:            u_cpu/pc_reg[31]/D
                            (rising edge-triggered cell FDRE clocked by perf_clk  {rise@0.000ns fall@1.000ns period=2.000ns})
  Path Group:             perf_clk
  Path Type:              Hold (Min at Fast Process Corner)
  Requirement:            0.000ns  (perf_clk rise@0.000ns - perf_clk rise@0.000ns)
  Data Path Delay:        0.458ns  (logic 0.378ns (82.589%)  route 0.080ns (17.411%))
  Logic Levels:           2  (CARRY4=2)
  Clock Path Skew:        0.269ns (DCD - SCD - CPR)
    Destination Clock Delay (DCD):    1.960ns
    Source Clock Delay      (SCD):    1.444ns
    Clock Pessimism Removal (CPR):    0.246ns

    Location             Delay type                Incr(ns)  Path(ns)    Netlist Resource(s)
  -------------------------------------------------------------------    -------------------
                         (clock perf_clk rise edge)
                                                      0.000     0.000 r  
    N15                                               0.000     0.000 r  clk (IN)
                         net (fo=0)                   0.000     0.000    clk
    N15                  IBUF (Prop_ibuf_I_O)         0.191     0.191 r  clk_IBUF_inst/O
                         net (fo=1, routed)           0.634     0.825    clk_IBUF
    BUFGCTRL_X0Y0        BUFG (Prop_bufg_I_O)         0.026     0.851 r  clk_IBUF_BUFG_inst/O
                         net (fo=480, routed)         0.594     1.444    u_cpu/clk
    SLICE_X5Y49          FDRE                                         r  u_cpu/pc_reg[25]/C
  -------------------------------------------------------------------    -------------------
    SLICE_X5Y49          FDRE (Prop_fdre_C_Q)         0.141     1.585 r  u_cpu/pc_reg[25]/Q
                         net (fo=3, routed)           0.079     1.664    u_cpu/u_alu/dbg_pc[17]
    SLICE_X5Y49          CARRY4 (Prop_carry4_DI[1]_CO[3])
                                                      0.147     1.811 r  u_cpu/u_alu/pc_reg[27]_i_1/CO[3]
                         net (fo=1, routed)           0.001     1.812    u_cpu/u_alu/pc_reg[27]_i_1_n_0
    SLICE_X5Y50          CARRY4 (Prop_carry4_CI_O[3])
                                                      0.090     1.902 r  u_cpu/u_alu/pc_reg[31]_i_2/O[3]
                         net (fo=1, routed)           0.000     1.902    u_cpu/u_alu_n_85
    SLICE_X5Y50          FDRE                                         r  u_cpu/pc_reg[31]/D
  -------------------------------------------------------------------    -------------------

                         (clock perf_clk rise edge)
                                                      0.000     0.000 r  
    N15                                               0.000     0.000 r  clk (IN)
                         net (fo=0)                   0.000     0.000    clk
    N15                  IBUF (Prop_ibuf_I_O)         0.380     0.380 r  clk_IBUF_inst/O
                         net (fo=1, routed)           0.689     1.068    clk_IBUF
    BUFGCTRL_X0Y0        BUFG (Prop_bufg_I_O)         0.029     1.097 r  clk_IBUF_BUFG_inst/O
                         net (fo=480, routed)         0.863     1.960    u_cpu/clk
    SLICE_X5Y50          FDRE                                         r  u_cpu/pc_reg[31]/C
                         clock pessimism             -0.246     1.713    
    SLICE_X5Y50          FDRE (Hold_fdre_C_D)         0.105     1.818    u_cpu/pc_reg[31]
  -------------------------------------------------------------------
                         required time                         -1.818    
                         arrival time                           1.902    
  -------------------------------------------------------------------
                         slack                                  0.084    

Slack (MET) :             0.228ns  (arrival time - required time)
  Source:                 u_cpu/pc_reg[20]/C
                            (rising edge-triggered cell FDRE clocked by perf_clk  {rise@0.000ns fall@1.000ns period=2.000ns})
  Destination:            u_cpu/pc_reg[21]/D
                            (rising edge-triggered cell FDRE clocked by perf_clk  {rise@0.000ns fall@1.000ns period=2.000ns})
  Path Group:             perf_clk
  Path Type:              Hold (Min at Fast Process Corner)
  Requirement:            0.000ns  (perf_clk rise@0.000ns - perf_clk rise@0.000ns)
  Data Path Delay:        0.333ns  (logic 0.265ns (79.572%)  route 0.068ns (20.428%))
  Logic Levels:           1  (CARRY4=1)
  Clock Path Skew:        0.000ns (DCD - SCD - CPR)
    Destination Clock Delay (DCD):    1.962ns
    Source Clock Delay      (SCD):    1.444ns
    Clock Pessimism Removal (CPR):    0.517ns

    Location             Delay type                Incr(ns)  Path(ns)    Netlist Resource(s)
  -------------------------------------------------------------------    -------------------
                         (clock perf_clk rise edge)
                                                      0.000     0.000 r  
    N15                                               0.000     0.000 r  clk (IN)
                         net (fo=0)                   0.000     0.000    clk
    N15                  IBUF (Prop_ibuf_I_O)         0.191     0.191 r  clk_IBUF_inst/O
                         net (fo=1, routed)           0.634     0.825    clk_IBUF
    BUFGCTRL_X0Y0        BUFG (Prop_bufg_I_O)         0.026     0.851 r  clk_IBUF_BUFG_inst/O
                         net (fo=480, routed)         0.594     1.444    u_cpu/clk
    SLICE_X5Y48          FDRE                                         r  u_cpu/pc_reg[20]/C
  -------------------------------------------------------------------    -------------------
    SLICE_X5Y48          FDRE (Prop_fdre_C_Q)         0.141     1.585 r  u_cpu/pc_reg[20]/Q
                         net (fo=3, routed)           0.068     1.653    u_cpu/u_alu/dbg_pc[12]
    SLICE_X5Y48          CARRY4 (Prop_carry4_DI[0]_O[1])
                                                      0.124     1.777 r  u_cpu/u_alu/pc_reg[23]_i_1/O[1]
                         net (fo=1, routed)           0.000     1.777    u_cpu/u_alu_n_79
    SLICE_X5Y48          FDRE                                         r  u_cpu/pc_reg[21]/D
  -------------------------------------------------------------------    -------------------

                         (clock perf_clk rise edge)
                                                      0.000     0.000 r  
    N15                                               0.000     0.000 r  clk (IN)
                         net (fo=0)                   0.000     0.000    clk
    N15                  IBUF (Prop_ibuf_I_O)         0.380     0.380 r  clk_IBUF_inst/O
                         net (fo=1, routed)           0.689     1.068    clk_IBUF
    BUFGCTRL_X0Y0        BUFG (Prop_bufg_I_O)         0.029     1.097 r  clk_IBUF_BUFG_inst/O
                         net (fo=480, routed)         0.865     1.962    u_cpu/clk
    SLICE_X5Y48          FDRE                                         r  u_cpu/pc_reg[21]/C
                         clock pessimism             -0.517     1.444    
    SLICE_X5Y48          FDRE (Hold_fdre_C_D)         0.105     1.549    u_cpu/pc_reg[21]
  -------------------------------------------------------------------
                         required time                         -1.549    
                         arrival time                           1.777    
  -------------------------------------------------------------------
                         slack                                  0.228    

Slack (MET) :             0.239ns  (arrival time - required time)
  Source:                 u_cpu/pc_reg[16]/C
                            (rising edge-triggered cell FDRE clocked by perf_clk  {rise@0.000ns fall@1.000ns period=2.000ns})
  Destination:            u_cpu/pc_reg[17]/D
                            (rising edge-triggered cell FDRE clocked by perf_clk  {rise@0.000ns fall@1.000ns period=2.000ns})
  Path Group:             perf_clk
  Path Type:              Hold (Min at Fast Process Corner)
  Requirement:            0.000ns  (perf_clk rise@0.000ns - perf_clk rise@0.000ns)
  Data Path Delay:        0.344ns  (logic 0.265ns (76.990%)  route 0.079ns (23.010%))
  Logic Levels:           1  (CARRY4=1)
  Clock Path Skew:        0.000ns (DCD - SCD - CPR)
    Destination Clock Delay (DCD):    1.962ns
    Source Clock Delay      (SCD):    1.444ns
    Clock Pessimism Removal (CPR):    0.517ns

    Location             Delay type                Incr(ns)  Path(ns)    Netlist Resource(s)
  -------------------------------------------------------------------    -------------------
                         (clock perf_clk rise edge)
                                                      0.000     0.000 r  
    N15                                               0.000     0.000 r  clk (IN)
                         net (fo=0)                   0.000     0.000    clk
    N15                  IBUF (Prop_ibuf_I_O)         0.191     0.191 r  clk_IBUF_inst/O
                         net (fo=1, routed)           0.634     0.825    clk_IBUF
    BUFGCTRL_X0Y0        BUFG (Prop_bufg_I_O)         0.026     0.851 r  clk_IBUF_BUFG_inst/O
                         net (fo=480, routed)         0.594     1.444    u_cpu/clk
    SLICE_X5Y47          FDRE                                         r  u_cpu/pc_reg[16]/C
  -------------------------------------------------------------------    -------------------
    SLICE_X5Y47          FDRE (Prop_fdre_C_Q)         0.141     1.585 r  u_cpu/pc_reg[16]/Q
                         net (fo=3, routed)           0.079     1.665    u_cpu/u_alu/dbg_pc[8]
    SLICE_X5Y47          CARRY4 (Prop_carry4_DI[0]_O[1])
                                                      0.124     1.789 r  u_cpu/u_alu/pc_reg[19]_i_1/O[1]
                         net (fo=1, routed)           0.000     1.789    u_cpu/u_alu_n_75
    SLICE_X5Y47          FDRE                                         r  u_cpu/pc_reg[17]/D
  -------------------------------------------------------------------    -------------------

                         (clock perf_clk rise edge)
                                                      0.000     0.000 r  
    N15                                               0.000     0.000 r  clk (IN)
                         net (fo=0)                   0.000     0.000    clk
    N15                  IBUF (Prop_ibuf_I_O)         0.380     0.380 r  clk_IBUF_inst/O
                         net (fo=1, routed)           0.689     1.068    clk_IBUF
    BUFGCTRL_X0Y0        BUFG (Prop_bufg_I_O)         0.029     1.097 r  clk_IBUF_BUFG_inst/O
                         net (fo=480, routed)         0.865     1.962    u_cpu/clk
    SLICE_X5Y47          FDRE                                         r  u_cpu/pc_reg[17]/C
                         clock pessimism             -0.517     1.444    
    SLICE_X5Y47          FDRE (Hold_fdre_C_D)         0.105     1.549    u_cpu/pc_reg[17]
  -------------------------------------------------------------------
                         required time                         -1.549    
                         arrival time                           1.789    
  -------------------------------------------------------------------
                         slack                                  0.239    

Slack (MET) :             0.239ns  (arrival time - required time)
  Source:                 u_cpu/pc_reg[24]/C
                            (rising edge-triggered cell FDRE clocked by perf_clk  {rise@0.000ns fall@1.000ns period=2.000ns})
  Destination:            u_cpu/pc_reg[25]/D
                            (rising edge-triggered cell FDRE clocked by perf_clk  {rise@0.000ns fall@1.000ns period=2.000ns})
  Path Group:             perf_clk
  Path Type:              Hold (Min at Fast Process Corner)
  Requirement:            0.000ns  (perf_clk rise@0.000ns - perf_clk rise@0.000ns)
  Data Path Delay:        0.344ns  (logic 0.265ns (76.990%)  route 0.079ns (23.010%))
  Logic Levels:           1  (CARRY4=1)
  Clock Path Skew:        0.000ns (DCD - SCD - CPR)
    Destination Clock Delay (DCD):    1.962ns
    Source Clock Delay      (SCD):    1.444ns
    Clock Pessimism Removal (CPR):    0.517ns

    Location             Delay type                Incr(ns)  Path(ns)    Netlist Resource(s)
  -------------------------------------------------------------------    -------------------
                         (clock perf_clk rise edge)
                                                      0.000     0.000 r  
    N15                                               0.000     0.000 r  clk (IN)
                         net (fo=0)                   0.000     0.000    clk
    N15                  IBUF (Prop_ibuf_I_O)         0.191     0.191 r  clk_IBUF_inst/O
                         net (fo=1, routed)           0.634     0.825    clk_IBUF
    BUFGCTRL_X0Y0        BUFG (Prop_bufg_I_O)         0.026     0.851 r  clk_IBUF_BUFG_inst/O
                         net (fo=480, routed)         0.594     1.444    u_cpu/clk
    SLICE_X5Y49          FDRE                                         r  u_cpu/pc_reg[24]/C
  -------------------------------------------------------------------    -------------------
    SLICE_X5Y49          FDRE (Prop_fdre_C_Q)         0.141     1.585 r  u_cpu/pc_reg[24]/Q
                         net (fo=3, routed)           0.079     1.665    u_cpu/u_alu/dbg_pc[16]
    SLICE_X5Y49          CARRY4 (Prop_carry4_DI[0]_O[1])
                                                      0.124     1.789 r  u_cpu/u_alu/pc_reg[27]_i_1/O[1]
                         net (fo=1, routed)           0.000     1.789    u_cpu/u_alu_n_83
    SLICE_X5Y49          FDRE                                         r  u_cpu/pc_reg[25]/D
  -------------------------------------------------------------------    -------------------

                         (clock perf_clk rise edge)
                                                      0.000     0.000 r  
    N15                                               0.000     0.000 r  clk (IN)
                         net (fo=0)                   0.000     0.000    clk
    N15                  IBUF (Prop_ibuf_I_O)         0.380     0.380 r  clk_IBUF_inst/O
                         net (fo=1, routed)           0.689     1.068    clk_IBUF
    BUFGCTRL_X0Y0        BUFG (Prop_bufg_I_O)         0.029     1.097 r  clk_IBUF_BUFG_inst/O
                         net (fo=480, routed)         0.865     1.962    u_cpu/clk
    SLICE_X5Y49          FDRE                                         r  u_cpu/pc_reg[25]/C
                         clock pessimism             -0.517     1.444    
    SLICE_X5Y49          FDRE (Hold_fdre_C_D)         0.105     1.549    u_cpu/pc_reg[25]
  -------------------------------------------------------------------
                         required time                         -1.549    
                         arrival time                           1.789    
  -------------------------------------------------------------------
                         slack                                  0.239    

Slack (MET) :             0.241ns  (arrival time - required time)
  Source:                 u_cpu/pc_reg[12]/C
                            (rising edge-triggered cell FDRE clocked by perf_clk  {rise@0.000ns fall@1.000ns period=2.000ns})
  Destination:            u_cpu/pc_reg[13]/D
                            (rising edge-triggered cell FDRE clocked by perf_clk  {rise@0.000ns fall@1.000ns period=2.000ns})
  Path Group:             perf_clk
  Path Type:              Hold (Min at Fast Process Corner)
  Requirement:            0.000ns  (perf_clk rise@0.000ns - perf_clk rise@0.000ns)
  Data Path Delay:        0.346ns  (logic 0.265ns (76.508%)  route 0.081ns (23.492%))
  Logic Levels:           1  (CARRY4=1)
  Clock Path Skew:        0.000ns (DCD - SCD - CPR)
    Destination Clock Delay (DCD):    1.961ns
    Source Clock Delay      (SCD):    1.443ns
    Clock Pessimism Removal (CPR):    0.517ns

    Location             Delay type                Incr(ns)  Path(ns)    Netlist Resource(s)
  -------------------------------------------------------------------    -------------------
                         (clock perf_clk rise edge)
                                                      0.000     0.000 r  
    N15                                               0.000     0.000 r  clk (IN)
                         net (fo=0)                   0.000     0.000    clk
    N15                  IBUF (Prop_ibuf_I_O)         0.191     0.191 r  clk_IBUF_inst/O
                         net (fo=1, routed)           0.634     0.825    clk_IBUF
    BUFGCTRL_X0Y0        BUFG (Prop_bufg_I_O)         0.026     0.851 r  clk_IBUF_BUFG_inst/O
                         net (fo=480, routed)         0.593     1.443    u_cpu/clk
    SLICE_X5Y46          FDRE                                         r  u_cpu/pc_reg[12]/C
  -------------------------------------------------------------------    -------------------
    SLICE_X5Y46          FDRE (Prop_fdre_C_Q)         0.141     1.584 r  u_cpu/pc_reg[12]/Q
                         net (fo=3, routed)           0.081     1.666    u_cpu/u_alu/dbg_pc[4]
    SLICE_X5Y46          CARRY4 (Prop_carry4_DI[0]_O[1])
                                                      0.124     1.790 r  u_cpu/u_alu/pc_reg[15]_i_1/O[1]
                         net (fo=1, routed)           0.000     1.790    u_cpu/u_alu_n_71
    SLICE_X5Y46          FDRE                                         r  u_cpu/pc_reg[13]/D
  -------------------------------------------------------------------    -------------------

                         (clock perf_clk rise edge)
                                                      0.000     0.000 r  
    N15                                               0.000     0.000 r  clk (IN)
                         net (fo=0)                   0.000     0.000    clk
    N15                  IBUF (Prop_ibuf_I_O)         0.380     0.380 r  clk_IBUF_inst/O
                         net (fo=1, routed)           0.689     1.068    clk_IBUF
    BUFGCTRL_X0Y0        BUFG (Prop_bufg_I_O)         0.029     1.097 r  clk_IBUF_BUFG_inst/O
                         net (fo=480, routed)         0.864     1.961    u_cpu/clk
    SLICE_X5Y46          FDRE                                         r  u_cpu/pc_reg[13]/C
                         clock pessimism             -0.517     1.443    
    SLICE_X5Y46          FDRE (Hold_fdre_C_D)         0.105     1.548    u_cpu/pc_reg[13]
  -------------------------------------------------------------------
                         required time                         -1.548    
                         arrival time                           1.790    
  -------------------------------------------------------------------
                         slack                                  0.241    

Slack (MET) :             0.244ns  (arrival time - required time)
  Source:                 u_cpu/pc_reg[10]/C
                            (rising edge-triggered cell FDRE clocked by perf_clk  {rise@0.000ns fall@1.000ns period=2.000ns})
  Destination:            u_cpu/pc_reg[11]/D
                            (rising edge-triggered cell FDRE clocked by perf_clk  {rise@0.000ns fall@1.000ns period=2.000ns})
  Path Group:             perf_clk
  Path Type:              Hold (Min at Fast Process Corner)
  Requirement:            0.000ns  (perf_clk rise@0.000ns - perf_clk rise@0.000ns)
  Data Path Delay:        0.349ns  (logic 0.268ns (76.892%)  route 0.081ns (23.108%))
  Logic Levels:           1  (CARRY4=1)
  Clock Path Skew:        0.000ns (DCD - SCD - CPR)
    Destination Clock Delay (DCD):    1.961ns
    Source Clock Delay      (SCD):    1.443ns
    Clock Pessimism Removal (CPR):    0.517ns

    Location             Delay type                Incr(ns)  Path(ns)    Netlist Resource(s)
  -------------------------------------------------------------------    -------------------
                         (clock perf_clk rise edge)
                                                      0.000     0.000 r  
    N15                                               0.000     0.000 r  clk (IN)
                         net (fo=0)                   0.000     0.000    clk
    N15                  IBUF (Prop_ibuf_I_O)         0.191     0.191 r  clk_IBUF_inst/O
                         net (fo=1, routed)           0.634     0.825    clk_IBUF
    BUFGCTRL_X0Y0        BUFG (Prop_bufg_I_O)         0.026     0.851 r  clk_IBUF_BUFG_inst/O
                         net (fo=480, routed)         0.593     1.443    u_cpu/clk
    SLICE_X5Y45          FDRE                                         r  u_cpu/pc_reg[10]/C
  -------------------------------------------------------------------    -------------------
    SLICE_X5Y45          FDRE (Prop_fdre_C_Q)         0.141     1.584 r  u_cpu/pc_reg[10]/Q
                         net (fo=3, routed)           0.081     1.665    u_cpu/u_alu/dbg_pc[2]
    SLICE_X5Y45          CARRY4 (Prop_carry4_DI[2]_O[3])
                                                      0.127     1.792 r  u_cpu/u_alu/pc_reg[11]_i_1/O[3]
                         net (fo=1, routed)           0.000     1.792    u_cpu/u_alu_n_65
    SLICE_X5Y45          FDRE                                         r  u_cpu/pc_reg[11]/D
  -------------------------------------------------------------------    -------------------

                         (clock perf_clk rise edge)
                                                      0.000     0.000 r  
    N15                                               0.000     0.000 r  clk (IN)
                         net (fo=0)                   0.000     0.000    clk
    N15                  IBUF (Prop_ibuf_I_O)         0.380     0.380 r  clk_IBUF_inst/O
                         net (fo=1, routed)           0.689     1.068    clk_IBUF
    BUFGCTRL_X0Y0        BUFG (Prop_bufg_I_O)         0.029     1.097 r  clk_IBUF_BUFG_inst/O
                         net (fo=480, routed)         0.864     1.961    u_cpu/clk
    SLICE_X5Y45          FDRE                                         r  u_cpu/pc_reg[11]/C
                         clock pessimism             -0.517     1.443    
    SLICE_X5Y45          FDRE (Hold_fdre_C_D)         0.105     1.548    u_cpu/pc_reg[11]
  -------------------------------------------------------------------
                         required time                         -1.548    
                         arrival time                           1.792    
  -------------------------------------------------------------------
                         slack                                  0.244    

Slack (MET) :             0.244ns  (arrival time - required time)
  Source:                 u_cpu/pc_reg[22]/C
                            (rising edge-triggered cell FDRE clocked by perf_clk  {rise@0.000ns fall@1.000ns period=2.000ns})
  Destination:            u_cpu/pc_reg[23]/D
                            (rising edge-triggered cell FDRE clocked by perf_clk  {rise@0.000ns fall@1.000ns period=2.000ns})
  Path Group:             perf_clk
  Path Type:              Hold (Min at Fast Process Corner)
  Requirement:            0.000ns  (perf_clk rise@0.000ns - perf_clk rise@0.000ns)
  Data Path Delay:        0.349ns  (logic 0.268ns (76.710%)  route 0.081ns (23.290%))
  Logic Levels:           1  (CARRY4=1)
  Clock Path Skew:        0.000ns (DCD - SCD - CPR)
    Destination Clock Delay (DCD):    1.962ns
    Source Clock Delay      (SCD):    1.444ns
    Clock Pessimism Removal (CPR):    0.517ns

    Location             Delay type                Incr(ns)  Path(ns)    Netlist Resource(s)
  -------------------------------------------------------------------    -------------------
                         (clock perf_clk rise edge)
                                                      0.000     0.000 r  
    N15                                               0.000     0.000 r  clk (IN)
                         net (fo=0)                   0.000     0.000    clk
    N15                  IBUF (Prop_ibuf_I_O)         0.191     0.191 r  clk_IBUF_inst/O
                         net (fo=1, routed)           0.634     0.825    clk_IBUF
    BUFGCTRL_X0Y0        BUFG (Prop_bufg_I_O)         0.026     0.851 r  clk_IBUF_BUFG_inst/O
                         net (fo=480, routed)         0.594     1.444    u_cpu/clk
    SLICE_X5Y48          FDRE                                         r  u_cpu/pc_reg[22]/C
  -------------------------------------------------------------------    -------------------
    SLICE_X5Y48          FDRE (Prop_fdre_C_Q)         0.141     1.585 r  u_cpu/pc_reg[22]/Q
                         net (fo=3, routed)           0.081     1.667    u_cpu/u_alu/dbg_pc[14]
    SLICE_X5Y48          CARRY4 (Prop_carry4_DI[2]_O[3])
                                                      0.127     1.794 r  u_cpu/u_alu/pc_reg[23]_i_1/O[3]
                         net (fo=1, routed)           0.000     1.794    u_cpu/u_alu_n_77
    SLICE_X5Y48          FDRE                                         r  u_cpu/pc_reg[23]/D
  -------------------------------------------------------------------    -------------------

                         (clock perf_clk rise edge)
                                                      0.000     0.000 r  
    N15                                               0.000     0.000 r  clk (IN)
                         net (fo=0)                   0.000     0.000    clk
    N15                  IBUF (Prop_ibuf_I_O)         0.380     0.380 r  clk_IBUF_inst/O
                         net (fo=1, routed)           0.689     1.068    clk_IBUF
    BUFGCTRL_X0Y0        BUFG (Prop_bufg_I_O)         0.029     1.097 r  clk_IBUF_BUFG_inst/O
                         net (fo=480, routed)         0.865     1.962    u_cpu/clk
    SLICE_X5Y48          FDRE                                         r  u_cpu/pc_reg[23]/C
                         clock pessimism             -0.517     1.444    
    SLICE_X5Y48          FDRE (Hold_fdre_C_D)         0.105     1.549    u_cpu/pc_reg[23]
  -------------------------------------------------------------------
                         required time                         -1.549    
                         arrival time                           1.794    
  -------------------------------------------------------------------
                         slack                                  0.244    

Slack (MET) :             0.245ns  (arrival time - required time)
  Source:                 u_cpu/pc_reg[14]/C
                            (rising edge-triggered cell FDRE clocked by perf_clk  {rise@0.000ns fall@1.000ns period=2.000ns})
  Destination:            u_cpu/pc_reg[15]/D
                            (rising edge-triggered cell FDRE clocked by perf_clk  {rise@0.000ns fall@1.000ns period=2.000ns})
  Path Group:             perf_clk
  Path Type:              Hold (Min at Fast Process Corner)
  Requirement:            0.000ns  (perf_clk rise@0.000ns - perf_clk rise@0.000ns)
  Data Path Delay:        0.350ns  (logic 0.268ns (76.484%)  route 0.082ns (23.516%))
  Logic Levels:           1  (CARRY4=1)
  Clock Path Skew:        0.000ns (DCD - SCD - CPR)
    Destination Clock Delay (DCD):    1.961ns
    Source Clock Delay      (SCD):    1.443ns
    Clock Pessimism Removal (CPR):    0.517ns

    Location             Delay type                Incr(ns)  Path(ns)    Netlist Resource(s)
  -------------------------------------------------------------------    -------------------
                         (clock perf_clk rise edge)
                                                      0.000     0.000 r  
    N15                                               0.000     0.000 r  clk (IN)
                         net (fo=0)                   0.000     0.000    clk
    N15                  IBUF (Prop_ibuf_I_O)         0.191     0.191 r  clk_IBUF_inst/O
                         net (fo=1, routed)           0.634     0.825    clk_IBUF
    BUFGCTRL_X0Y0        BUFG (Prop_bufg_I_O)         0.026     0.851 r  clk_IBUF_BUFG_inst/O
                         net (fo=480, routed)         0.593     1.443    u_cpu/clk
    SLICE_X5Y46          FDRE                                         r  u_cpu/pc_reg[14]/C
  -------------------------------------------------------------------    -------------------
    SLICE_X5Y46          FDRE (Prop_fdre_C_Q)         0.141     1.584 r  u_cpu/pc_reg[14]/Q
                         net (fo=3, routed)           0.082     1.667    u_cpu/u_alu/dbg_pc[6]
    SLICE_X5Y46          CARRY4 (Prop_carry4_DI[2]_O[3])
                                                      0.127     1.794 r  u_cpu/u_alu/pc_reg[15]_i_1/O[3]
                         net (fo=1, routed)           0.000     1.794    u_cpu/u_alu_n_69
    SLICE_X5Y46          FDRE                                         r  u_cpu/pc_reg[15]/D
  -------------------------------------------------------------------    -------------------

                         (clock perf_clk rise edge)
                                                      0.000     0.000 r  
    N15                                               0.000     0.000 r  clk (IN)
                         net (fo=0)                   0.000     0.000    clk
    N15                  IBUF (Prop_ibuf_I_O)         0.380     0.380 r  clk_IBUF_inst/O
                         net (fo=1, routed)           0.689     1.068    clk_IBUF
    BUFGCTRL_X0Y0        BUFG (Prop_bufg_I_O)         0.029     1.097 r  clk_IBUF_BUFG_inst/O
                         net (fo=480, routed)         0.864     1.961    u_cpu/clk
    SLICE_X5Y46          FDRE                                         r  u_cpu/pc_reg[15]/C
                         clock pessimism             -0.517     1.443    
    SLICE_X5Y46          FDRE (Hold_fdre_C_D)         0.105     1.548    u_cpu/pc_reg[15]
  -------------------------------------------------------------------
                         required time                         -1.548    
                         arrival time                           1.794    
  -------------------------------------------------------------------
                         slack                                  0.245    

Slack (MET) :             0.245ns  (arrival time - required time)
  Source:                 u_cpu/pc_reg[18]/C
                            (rising edge-triggered cell FDRE clocked by perf_clk  {rise@0.000ns fall@1.000ns period=2.000ns})
  Destination:            u_cpu/pc_reg[19]/D
                            (rising edge-triggered cell FDRE clocked by perf_clk  {rise@0.000ns fall@1.000ns period=2.000ns})
  Path Group:             perf_clk
  Path Type:              Hold (Min at Fast Process Corner)
  Requirement:            0.000ns  (perf_clk rise@0.000ns - perf_clk rise@0.000ns)
  Data Path Delay:        0.350ns  (logic 0.268ns (76.484%)  route 0.082ns (23.516%))
  Logic Levels:           1  (CARRY4=1)
  Clock Path Skew:        0.000ns (DCD - SCD - CPR)
    Destination Clock Delay (DCD):    1.962ns
    Source Clock Delay      (SCD):    1.444ns
    Clock Pessimism Removal (CPR):    0.517ns

    Location             Delay type                Incr(ns)  Path(ns)    Netlist Resource(s)
  -------------------------------------------------------------------    -------------------
                         (clock perf_clk rise edge)
                                                      0.000     0.000 r  
    N15                                               0.000     0.000 r  clk (IN)
                         net (fo=0)                   0.000     0.000    clk
    N15                  IBUF (Prop_ibuf_I_O)         0.191     0.191 r  clk_IBUF_inst/O
                         net (fo=1, routed)           0.634     0.825    clk_IBUF
    BUFGCTRL_X0Y0        BUFG (Prop_bufg_I_O)         0.026     0.851 r  clk_IBUF_BUFG_inst/O
                         net (fo=480, routed)         0.594     1.444    u_cpu/clk
    SLICE_X5Y47          FDRE                                         r  u_cpu/pc_reg[18]/C
  -------------------------------------------------------------------    -------------------
    SLICE_X5Y47          FDRE (Prop_fdre_C_Q)         0.141     1.585 r  u_cpu/pc_reg[18]/Q
                         net (fo=3, routed)           0.082     1.668    u_cpu/u_alu/dbg_pc[10]
    SLICE_X5Y47          CARRY4 (Prop_carry4_DI[2]_O[3])
                                                      0.127     1.795 r  u_cpu/u_alu/pc_reg[19]_i_1/O[3]
                         net (fo=1, routed)           0.000     1.795    u_cpu/u_alu_n_73
    SLICE_X5Y47          FDRE                                         r  u_cpu/pc_reg[19]/D
  -------------------------------------------------------------------    -------------------

                         (clock perf_clk rise edge)
                                                      0.000     0.000 r  
    N15                                               0.000     0.000 r  clk (IN)
                         net (fo=0)                   0.000     0.000    clk
    N15                  IBUF (Prop_ibuf_I_O)         0.380     0.380 r  clk_IBUF_inst/O
                         net (fo=1, routed)           0.689     1.068    clk_IBUF
    BUFGCTRL_X0Y0        BUFG (Prop_bufg_I_O)         0.029     1.097 r  clk_IBUF_BUFG_inst/O
                         net (fo=480, routed)         0.865     1.962    u_cpu/clk
    SLICE_X5Y47          FDRE                                         r  u_cpu/pc_reg[19]/C
                         clock pessimism             -0.517     1.444    
    SLICE_X5Y47          FDRE (Hold_fdre_C_D)         0.105     1.549    u_cpu/pc_reg[19]
  -------------------------------------------------------------------
                         required time                         -1.549    
                         arrival time                           1.795    
  -------------------------------------------------------------------
                         slack                                  0.245    

Slack (MET) :             0.261ns  (arrival time - required time)
  Source:                 u_cpu/pc_reg[25]/C
                            (rising edge-triggered cell FDRE clocked by perf_clk  {rise@0.000ns fall@1.000ns period=2.000ns})
  Destination:            u_cpu/pc_reg[26]/D
                            (rising edge-triggered cell FDRE clocked by perf_clk  {rise@0.000ns fall@1.000ns period=2.000ns})
  Path Group:             perf_clk
  Path Type:              Hold (Min at Fast Process Corner)
  Requirement:            0.000ns  (perf_clk rise@0.000ns - perf_clk rise@0.000ns)
  Data Path Delay:        0.366ns  (logic 0.287ns (78.417%)  route 0.079ns (21.583%))
  Logic Levels:           1  (CARRY4=1)
  Clock Path Skew:        0.000ns (DCD - SCD - CPR)
    Destination Clock Delay (DCD):    1.962ns
    Source Clock Delay      (SCD):    1.444ns
    Clock Pessimism Removal (CPR):    0.517ns

    Location             Delay type                Incr(ns)  Path(ns)    Netlist Resource(s)
  -------------------------------------------------------------------    -------------------
                         (clock perf_clk rise edge)
                                                      0.000     0.000 r  
    N15                                               0.000     0.000 r  clk (IN)
                         net (fo=0)                   0.000     0.000    clk
    N15                  IBUF (Prop_ibuf_I_O)         0.191     0.191 r  clk_IBUF_inst/O
                         net (fo=1, routed)           0.634     0.825    clk_IBUF
    BUFGCTRL_X0Y0        BUFG (Prop_bufg_I_O)         0.026     0.851 r  clk_IBUF_BUFG_inst/O
                         net (fo=480, routed)         0.594     1.444    u_cpu/clk
    SLICE_X5Y49          FDRE                                         r  u_cpu/pc_reg[25]/C
  -------------------------------------------------------------------    -------------------
    SLICE_X5Y49          FDRE (Prop_fdre_C_Q)         0.141     1.585 r  u_cpu/pc_reg[25]/Q
                         net (fo=3, routed)           0.079     1.664    u_cpu/u_alu/dbg_pc[17]
    SLICE_X5Y49          CARRY4 (Prop_carry4_DI[1]_O[2])
                                                      0.146     1.810 r  u_cpu/u_alu/pc_reg[27]_i_1/O[2]
                         net (fo=1, routed)           0.000     1.810    u_cpu/u_alu_n_82
    SLICE_X5Y49          FDRE                                         r  u_cpu/pc_reg[26]/D
  -------------------------------------------------------------------    -------------------

                         (clock perf_clk rise edge)
                                                      0.000     0.000 r  
    N15                                               0.000     0.000 r  clk (IN)
                         net (fo=0)                   0.000     0.000    clk
    N15                  IBUF (Prop_ibuf_I_O)         0.380     0.380 r  clk_IBUF_inst/O
                         net (fo=1, routed)           0.689     1.068    clk_IBUF
    BUFGCTRL_X0Y0        BUFG (Prop_bufg_I_O)         0.029     1.097 r  clk_IBUF_BUFG_inst/O
                         net (fo=480, routed)         0.865     1.962    u_cpu/clk
    SLICE_X5Y49          FDRE                                         r  u_cpu/pc_reg[26]/C
                         clock pessimism             -0.517     1.444    
    SLICE_X5Y49          FDRE (Hold_fdre_C_D)         0.105     1.549    u_cpu/pc_reg[26]
  -------------------------------------------------------------------
                         required time                         -1.549    
                         arrival time                           1.810    
  -------------------------------------------------------------------
                         slack                                  0.261    

Slack (MET) :             0.261ns  (arrival time - required time)
  Source:                 u_cpu/pc_reg[20]/C
                            (rising edge-triggered cell FDRE clocked by perf_clk  {rise@0.000ns fall@1.000ns period=2.000ns})
  Destination:            u_cpu/pc_reg[22]/D
                            (rising edge-triggered cell FDRE clocked by perf_clk  {rise@0.000ns fall@1.000ns period=2.000ns})
  Path Group:             perf_clk
  Path Type:              Hold (Min at Fast Process Corner)
  Requirement:            0.000ns  (perf_clk rise@0.000ns - perf_clk rise@0.000ns)
  Data Path Delay:        0.366ns  (logic 0.298ns (81.413%)  route 0.068ns (18.587%))
  Logic Levels:           1  (CARRY4=1)
  Clock Path Skew:        0.000ns (DCD - SCD - CPR)
    Destination Clock Delay (DCD):    1.962ns
    Source Clock Delay      (SCD):    1.444ns
    Clock Pessimism Removal (CPR):    0.517ns

    Location             Delay type                Incr(ns)  Path(ns)    Netlist Resource(s)
  -------------------------------------------------------------------    -------------------
                         (clock perf_clk rise edge)
                                                      0.000     0.000 r  
    N15                                               0.000     0.000 r  clk (IN)
                         net (fo=0)                   0.000     0.000    clk
    N15                  IBUF (Prop_ibuf_I_O)         0.191     0.191 r  clk_IBUF_inst/O
                         net (fo=1, routed)           0.634     0.825    clk_IBUF
    BUFGCTRL_X0Y0        BUFG (Prop_bufg_I_O)         0.026     0.851 r  clk_IBUF_BUFG_inst/O
                         net (fo=480, routed)         0.594     1.444    u_cpu/clk
    SLICE_X5Y48          FDRE                                         r  u_cpu/pc_reg[20]/C
  -------------------------------------------------------------------    -------------------
    SLICE_X5Y48          FDRE (Prop_fdre_C_Q)         0.141     1.585 r  u_cpu/pc_reg[20]/Q
                         net (fo=3, routed)           0.068     1.653    u_cpu/u_alu/dbg_pc[12]
    SLICE_X5Y48          CARRY4 (Prop_carry4_DI[0]_O[2])
                                                      0.157     1.810 r  u_cpu/u_alu/pc_reg[23]_i_1/O[2]
                         net (fo=1, routed)           0.000     1.810    u_cpu/u_alu_n_78
    SLICE_X5Y48          FDRE                                         r  u_cpu/pc_reg[22]/D
  -------------------------------------------------------------------    -------------------

                         (clock perf_clk rise edge)
                                                      0.000     0.000 r  
    N15                                               0.000     0.000 r  clk (IN)
                         net (fo=0)                   0.000     0.000    clk
    N15                  IBUF (Prop_ibuf_I_O)         0.380     0.380 r  clk_IBUF_inst/O
                         net (fo=1, routed)           0.689     1.068    clk_IBUF
    BUFGCTRL_X0Y0        BUFG (Prop_bufg_I_O)         0.029     1.097 r  clk_IBUF_BUFG_inst/O
                         net (fo=480, routed)         0.865     1.962    u_cpu/clk
    SLICE_X5Y48          FDRE                                         r  u_cpu/pc_reg[22]/C
                         clock pessimism             -0.517     1.444    
    SLICE_X5Y48          FDRE (Hold_fdre_C_D)         0.105     1.549    u_cpu/pc_reg[22]
  -------------------------------------------------------------------
                         required time                         -1.549    
                         arrival time                           1.810    
  -------------------------------------------------------------------
                         slack                                  0.261    

Slack (MET) :             0.262ns  (arrival time - required time)
  Source:                 u_cpu/pc_reg[17]/C
                            (rising edge-triggered cell FDRE clocked by perf_clk  {rise@0.000ns fall@1.000ns period=2.000ns})
  Destination:            u_cpu/pc_reg[18]/D
                            (rising edge-triggered cell FDRE clocked by perf_clk  {rise@0.000ns fall@1.000ns period=2.000ns})
  Path Group:             perf_clk
  Path Type:              Hold (Min at Fast Process Corner)
  Requirement:            0.000ns  (perf_clk rise@0.000ns - perf_clk rise@0.000ns)
  Data Path Delay:        0.367ns  (logic 0.287ns (78.130%)  route 0.080ns (21.870%))
  Logic Levels:           1  (CARRY4=1)
  Clock Path Skew:        0.000ns (DCD - SCD - CPR)
    Destination Clock Delay (DCD):    1.962ns
    Source Clock Delay      (SCD):    1.444ns
    Clock Pessimism Removal (CPR):    0.517ns

    Location             Delay type                Incr(ns)  Path(ns)    Netlist Resource(s)
  -------------------------------------------------------------------    -------------------
                         (clock perf_clk rise edge)
                                                      0.000     0.000 r  
    N15                                               0.000     0.000 r  clk (IN)
                         net (fo=0)                   0.000     0.000    clk
    N15                  IBUF (Prop_ibuf_I_O)         0.191     0.191 r  clk_IBUF_inst/O
                         net (fo=1, routed)           0.634     0.825    clk_IBUF
    BUFGCTRL_X0Y0        BUFG (Prop_bufg_I_O)         0.026     0.851 r  clk_IBUF_BUFG_inst/O
                         net (fo=480, routed)         0.594     1.444    u_cpu/clk
    SLICE_X5Y47          FDRE                                         r  u_cpu/pc_reg[17]/C
  -------------------------------------------------------------------    -------------------
    SLICE_X5Y47          FDRE (Prop_fdre_C_Q)         0.141     1.585 r  u_cpu/pc_reg[17]/Q
                         net (fo=3, routed)           0.080     1.666    u_cpu/u_alu/dbg_pc[9]
    SLICE_X5Y47          CARRY4 (Prop_carry4_DI[1]_O[2])
                                                      0.146     1.812 r  u_cpu/u_alu/pc_reg[19]_i_1/O[2]
                         net (fo=1, routed)           0.000     1.812    u_cpu/u_alu_n_74
    SLICE_X5Y47          FDRE                                         r  u_cpu/pc_reg[18]/D
  -------------------------------------------------------------------    -------------------

                         (clock perf_clk rise edge)
                                                      0.000     0.000 r  
    N15                                               0.000     0.000 r  clk (IN)
                         net (fo=0)                   0.000     0.000    clk
    N15                  IBUF (Prop_ibuf_I_O)         0.380     0.380 r  clk_IBUF_inst/O
                         net (fo=1, routed)           0.689     1.068    clk_IBUF
    BUFGCTRL_X0Y0        BUFG (Prop_bufg_I_O)         0.029     1.097 r  clk_IBUF_BUFG_inst/O
                         net (fo=480, routed)         0.865     1.962    u_cpu/clk
    SLICE_X5Y47          FDRE                                         r  u_cpu/pc_reg[18]/C
                         clock pessimism             -0.517     1.444    
    SLICE_X5Y47          FDRE (Hold_fdre_C_D)         0.105     1.549    u_cpu/pc_reg[18]
  -------------------------------------------------------------------
                         required time                         -1.549    
                         arrival time                           1.812    
  -------------------------------------------------------------------
                         slack                                  0.262    

Slack (MET) :             0.263ns  (arrival time - required time)
  Source:                 u_cpu/pc_reg[13]/C
                            (rising edge-triggered cell FDRE clocked by perf_clk  {rise@0.000ns fall@1.000ns period=2.000ns})
  Destination:            u_cpu/pc_reg[14]/D
                            (rising edge-triggered cell FDRE clocked by perf_clk  {rise@0.000ns fall@1.000ns period=2.000ns})
  Path Group:             perf_clk
  Path Type:              Hold (Min at Fast Process Corner)
  Requirement:            0.000ns  (perf_clk rise@0.000ns - perf_clk rise@0.000ns)
  Data Path Delay:        0.368ns  (logic 0.287ns (77.911%)  route 0.081ns (22.089%))
  Logic Levels:           1  (CARRY4=1)
  Clock Path Skew:        0.000ns (DCD - SCD - CPR)
    Destination Clock Delay (DCD):    1.961ns
    Source Clock Delay      (SCD):    1.443ns
    Clock Pessimism Removal (CPR):    0.517ns

    Location             Delay type                Incr(ns)  Path(ns)    Netlist Resource(s)
  -------------------------------------------------------------------    -------------------
                         (clock perf_clk rise edge)
                                                      0.000     0.000 r  
    N15                                               0.000     0.000 r  clk (IN)
                         net (fo=0)                   0.000     0.000    clk
    N15                  IBUF (Prop_ibuf_I_O)         0.191     0.191 r  clk_IBUF_inst/O
                         net (fo=1, routed)           0.634     0.825    clk_IBUF
    BUFGCTRL_X0Y0        BUFG (Prop_bufg_I_O)         0.026     0.851 r  clk_IBUF_BUFG_inst/O
                         net (fo=480, routed)         0.593     1.443    u_cpu/clk
    SLICE_X5Y46          FDRE                                         r  u_cpu/pc_reg[13]/C
  -------------------------------------------------------------------    -------------------
    SLICE_X5Y46          FDRE (Prop_fdre_C_Q)         0.141     1.584 r  u_cpu/pc_reg[13]/Q
                         net (fo=3, routed)           0.081     1.666    u_cpu/u_alu/dbg_pc[5]
    SLICE_X5Y46          CARRY4 (Prop_carry4_DI[1]_O[2])
                                                      0.146     1.812 r  u_cpu/u_alu/pc_reg[15]_i_1/O[2]
                         net (fo=1, routed)           0.000     1.812    u_cpu/u_alu_n_70
    SLICE_X5Y46          FDRE                                         r  u_cpu/pc_reg[14]/D
  -------------------------------------------------------------------    -------------------

                         (clock perf_clk rise edge)
                                                      0.000     0.000 r  
    N15                                               0.000     0.000 r  clk (IN)
                         net (fo=0)                   0.000     0.000    clk
    N15                  IBUF (Prop_ibuf_I_O)         0.380     0.380 r  clk_IBUF_inst/O
                         net (fo=1, routed)           0.689     1.068    clk_IBUF
    BUFGCTRL_X0Y0        BUFG (Prop_bufg_I_O)         0.029     1.097 r  clk_IBUF_BUFG_inst/O
                         net (fo=480, routed)         0.864     1.961    u_cpu/clk
    SLICE_X5Y46          FDRE                                         r  u_cpu/pc_reg[14]/C
                         clock pessimism             -0.517     1.443    
    SLICE_X5Y46          FDRE (Hold_fdre_C_D)         0.105     1.548    u_cpu/pc_reg[14]
  -------------------------------------------------------------------
                         required time                         -1.548    
                         arrival time                           1.812    
  -------------------------------------------------------------------
                         slack                                  0.263    

Slack (MET) :             0.263ns  (arrival time - required time)
  Source:                 u_cpu/pc_reg[1]/C
                            (rising edge-triggered cell FDRE clocked by perf_clk  {rise@0.000ns fall@1.000ns period=2.000ns})
  Destination:            u_cpu/pc_reg[2]/D
                            (rising edge-triggered cell FDRE clocked by perf_clk  {rise@0.000ns fall@1.000ns period=2.000ns})
  Path Group:             perf_clk
  Path Type:              Hold (Min at Fast Process Corner)
  Requirement:            0.000ns  (perf_clk rise@0.000ns - perf_clk rise@0.000ns)
  Data Path Delay:        0.368ns  (logic 0.287ns (77.911%)  route 0.081ns (22.089%))
  Logic Levels:           1  (CARRY4=1)
  Clock Path Skew:        0.000ns (DCD - SCD - CPR)
    Destination Clock Delay (DCD):    1.961ns
    Source Clock Delay      (SCD):    1.443ns
    Clock Pessimism Removal (CPR):    0.517ns

    Location             Delay type                Incr(ns)  Path(ns)    Netlist Resource(s)
  -------------------------------------------------------------------    -------------------
                         (clock perf_clk rise edge)
                                                      0.000     0.000 r  
    N15                                               0.000     0.000 r  clk (IN)
                         net (fo=0)                   0.000     0.000    clk
    N15                  IBUF (Prop_ibuf_I_O)         0.191     0.191 r  clk_IBUF_inst/O
                         net (fo=1, routed)           0.634     0.825    clk_IBUF
    BUFGCTRL_X0Y0        BUFG (Prop_bufg_I_O)         0.026     0.851 r  clk_IBUF_BUFG_inst/O
                         net (fo=480, routed)         0.593     1.443    u_cpu/clk
    SLICE_X5Y43          FDRE                                         r  u_cpu/pc_reg[1]/C
  -------------------------------------------------------------------    -------------------
    SLICE_X5Y43          FDRE (Prop_fdre_C_Q)         0.141     1.584 r  u_cpu/pc_reg[1]/Q
                         net (fo=3, routed)           0.081     1.666    u_cpu/u_alu/dbg_pc[1]
    SLICE_X5Y43          CARRY4 (Prop_carry4_DI[1]_O[2])
                                                      0.146     1.812 r  u_cpu/u_alu/pc_reg[3]_i_1/O[2]
                         net (fo=1, routed)           0.000     1.812    u_cpu/u_alu_n_58
    SLICE_X5Y43          FDRE                                         r  u_cpu/pc_reg[2]/D
  -------------------------------------------------------------------    -------------------

                         (clock perf_clk rise edge)
                                                      0.000     0.000 r  
    N15                                               0.000     0.000 r  clk (IN)
                         net (fo=0)                   0.000     0.000    clk
    N15                  IBUF (Prop_ibuf_I_O)         0.380     0.380 r  clk_IBUF_inst/O
                         net (fo=1, routed)           0.689     1.068    clk_IBUF
    BUFGCTRL_X0Y0        BUFG (Prop_bufg_I_O)         0.029     1.097 r  clk_IBUF_BUFG_inst/O
                         net (fo=480, routed)         0.864     1.961    u_cpu/clk
    SLICE_X5Y43          FDRE                                         r  u_cpu/pc_reg[2]/C
                         clock pessimism             -0.517     1.443    
    SLICE_X5Y43          FDRE (Hold_fdre_C_D)         0.105     1.548    u_cpu/pc_reg[2]
  -------------------------------------------------------------------
                         required time                         -1.548    
                         arrival time                           1.812    
  -------------------------------------------------------------------
                         slack                                  0.263    

Slack (MET) :             0.265ns  (arrival time - required time)
  Source:                 u_cpu/pc_reg[15]/C
                            (rising edge-triggered cell FDRE clocked by perf_clk  {rise@0.000ns fall@1.000ns period=2.000ns})
  Destination:            u_cpu/pc_reg[16]/D
                            (rising edge-triggered cell FDRE clocked by perf_clk  {rise@0.000ns fall@1.000ns period=2.000ns})
  Path Group:             perf_clk
  Path Type:              Hold (Min at Fast Process Corner)
  Requirement:            0.000ns  (perf_clk rise@0.000ns - perf_clk rise@0.000ns)
  Data Path Delay:        0.387ns  (logic 0.308ns (79.588%)  route 0.079ns (20.412%))
  Logic Levels:           2  (CARRY4=2)
  Clock Path Skew:        0.017ns (DCD - SCD - CPR)
    Destination Clock Delay (DCD):    1.962ns
    Source Clock Delay      (SCD):    1.443ns
    Clock Pessimism Removal (CPR):    0.501ns

    Location             Delay type                Incr(ns)  Path(ns)    Netlist Resource(s)
  -------------------------------------------------------------------    -------------------
                         (clock perf_clk rise edge)
                                                      0.000     0.000 r  
    N15                                               0.000     0.000 r  clk (IN)
                         net (fo=0)                   0.000     0.000    clk
    N15                  IBUF (Prop_ibuf_I_O)         0.191     0.191 r  clk_IBUF_inst/O
                         net (fo=1, routed)           0.634     0.825    clk_IBUF
    BUFGCTRL_X0Y0        BUFG (Prop_bufg_I_O)         0.026     0.851 r  clk_IBUF_BUFG_inst/O
                         net (fo=480, routed)         0.593     1.443    u_cpu/clk
    SLICE_X5Y46          FDRE                                         r  u_cpu/pc_reg[15]/C
  -------------------------------------------------------------------    -------------------
    SLICE_X5Y46          FDRE (Prop_fdre_C_Q)         0.141     1.584 r  u_cpu/pc_reg[15]/Q
                         net (fo=3, routed)           0.079     1.663    u_cpu/u_alu/dbg_pc[7]
    SLICE_X5Y46          CARRY4 (Prop_carry4_DI[3]_CO[3])
                                                      0.113     1.776 r  u_cpu/u_alu/pc_reg[15]_i_1/CO[3]
                         net (fo=1, routed)           0.000     1.776    u_cpu/u_alu/pc_reg[15]_i_1_n_0
    SLICE_X5Y47          CARRY4 (Prop_carry4_CI_O[0])
                                                      0.054     1.830 r  u_cpu/u_alu/pc_reg[19]_i_1/O[0]
                         net (fo=1, routed)           0.000     1.830    u_cpu/u_alu_n_76
    SLICE_X5Y47          FDRE                                         r  u_cpu/pc_reg[16]/D
  -------------------------------------------------------------------    -------------------

                         (clock perf_clk rise edge)
                                                      0.000     0.000 r  
    N15                                               0.000     0.000 r  clk (IN)
                         net (fo=0)                   0.000     0.000    clk
    N15                  IBUF (Prop_ibuf_I_O)         0.380     0.380 r  clk_IBUF_inst/O
                         net (fo=1, routed)           0.689     1.068    clk_IBUF
    BUFGCTRL_X0Y0        BUFG (Prop_bufg_I_O)         0.029     1.097 r  clk_IBUF_BUFG_inst/O
                         net (fo=480, routed)         0.865     1.962    u_cpu/clk
    SLICE_X5Y47          FDRE                                         r  u_cpu/pc_reg[16]/C
                         clock pessimism             -0.501     1.460    
    SLICE_X5Y47          FDRE (Hold_fdre_C_D)         0.105     1.565    u_cpu/pc_reg[16]
  -------------------------------------------------------------------
                         required time                         -1.565    
                         arrival time                           1.830    
  -------------------------------------------------------------------
                         slack                                  0.265    

Slack (MET) :             0.267ns  (arrival time - required time)
  Source:                 u_cpu/pc_reg[11]/C
                            (rising edge-triggered cell FDRE clocked by perf_clk  {rise@0.000ns fall@1.000ns period=2.000ns})
  Destination:            u_cpu/pc_reg[12]/D
                            (rising edge-triggered cell FDRE clocked by perf_clk  {rise@0.000ns fall@1.000ns period=2.000ns})
  Path Group:             perf_clk
  Path Type:              Hold (Min at Fast Process Corner)
  Requirement:            0.000ns  (perf_clk rise@0.000ns - perf_clk rise@0.000ns)
  Data Path Delay:        0.388ns  (logic 0.308ns (79.313%)  route 0.080ns (20.687%))
  Logic Levels:           2  (CARRY4=2)
  Clock Path Skew:        0.016ns (DCD - SCD - CPR)
    Destination Clock Delay (DCD):    1.961ns
    Source Clock Delay      (SCD):    1.443ns
    Clock Pessimism Removal (CPR):    0.501ns

    Location             Delay type                Incr(ns)  Path(ns)    Netlist Resource(s)
  -------------------------------------------------------------------    -------------------
                         (clock perf_clk rise edge)
                                                      0.000     0.000 r  
    N15                                               0.000     0.000 r  clk (IN)
                         net (fo=0)                   0.000     0.000    clk
    N15                  IBUF (Prop_ibuf_I_O)         0.191     0.191 r  clk_IBUF_inst/O
                         net (fo=1, routed)           0.634     0.825    clk_IBUF
    BUFGCTRL_X0Y0        BUFG (Prop_bufg_I_O)         0.026     0.851 r  clk_IBUF_BUFG_inst/O
                         net (fo=480, routed)         0.593     1.443    u_cpu/clk
    SLICE_X5Y45          FDRE                                         r  u_cpu/pc_reg[11]/C
  -------------------------------------------------------------------    -------------------
    SLICE_X5Y45          FDRE (Prop_fdre_C_Q)         0.141     1.584 r  u_cpu/pc_reg[11]/Q
                         net (fo=3, routed)           0.080     1.665    u_cpu/u_alu/dbg_pc[3]
    SLICE_X5Y45          CARRY4 (Prop_carry4_DI[3]_CO[3])
                                                      0.113     1.778 r  u_cpu/u_alu/pc_reg[11]_i_1/CO[3]
                         net (fo=1, routed)           0.000     1.778    u_cpu/u_alu/pc_reg[11]_i_1_n_0
    SLICE_X5Y46          CARRY4 (Prop_carry4_CI_O[0])
                                                      0.054     1.832 r  u_cpu/u_alu/pc_reg[15]_i_1/O[0]
                         net (fo=1, routed)           0.000     1.832    u_cpu/u_alu_n_72
    SLICE_X5Y46          FDRE                                         r  u_cpu/pc_reg[12]/D
  -------------------------------------------------------------------    -------------------

                         (clock perf_clk rise edge)
                                                      0.000     0.000 r  
    N15                                               0.000     0.000 r  clk (IN)
                         net (fo=0)                   0.000     0.000    clk
    N15                  IBUF (Prop_ibuf_I_O)         0.380     0.380 r  clk_IBUF_inst/O
                         net (fo=1, routed)           0.689     1.068    clk_IBUF
    BUFGCTRL_X0Y0        BUFG (Prop_bufg_I_O)         0.029     1.097 r  clk_IBUF_BUFG_inst/O
                         net (fo=480, routed)         0.864     1.961    u_cpu/clk
    SLICE_X5Y46          FDRE                                         r  u_cpu/pc_reg[12]/C
                         clock pessimism             -0.501     1.459    
    SLICE_X5Y46          FDRE (Hold_fdre_C_D)         0.105     1.564    u_cpu/pc_reg[12]
  -------------------------------------------------------------------
                         required time                         -1.564    
                         arrival time                           1.832    
  -------------------------------------------------------------------
                         slack                                  0.267    

Slack (MET) :             0.268ns  (arrival time - required time)
  Source:                 u_cpu/pc_reg[19]/C
                            (rising edge-triggered cell FDRE clocked by perf_clk  {rise@0.000ns fall@1.000ns period=2.000ns})
  Destination:            u_cpu/pc_reg[20]/D
                            (rising edge-triggered cell FDRE clocked by perf_clk  {rise@0.000ns fall@1.000ns period=2.000ns})
  Path Group:             perf_clk
  Path Type:              Hold (Min at Fast Process Corner)
  Requirement:            0.000ns  (perf_clk rise@0.000ns - perf_clk rise@0.000ns)
  Data Path Delay:        0.389ns  (logic 0.308ns (79.103%)  route 0.081ns (20.897%))
  Logic Levels:           2  (CARRY4=2)
  Clock Path Skew:        0.016ns (DCD - SCD - CPR)
    Destination Clock Delay (DCD):    1.962ns
    Source Clock Delay      (SCD):    1.444ns
    Clock Pessimism Removal (CPR):    0.501ns

    Location             Delay type                Incr(ns)  Path(ns)    Netlist Resource(s)
  -------------------------------------------------------------------    -------------------
                         (clock perf_clk rise edge)
                                                      0.000     0.000 r  
    N15                                               0.000     0.000 r  clk (IN)
                         net (fo=0)                   0.000     0.000    clk
    N15                  IBUF (Prop_ibuf_I_O)         0.191     0.191 r  clk_IBUF_inst/O
                         net (fo=1, routed)           0.634     0.825    clk_IBUF
    BUFGCTRL_X0Y0        BUFG (Prop_bufg_I_O)         0.026     0.851 r  clk_IBUF_BUFG_inst/O
                         net (fo=480, routed)         0.594     1.444    u_cpu/clk
    SLICE_X5Y47          FDRE                                         r  u_cpu/pc_reg[19]/C
  -------------------------------------------------------------------    -------------------
    SLICE_X5Y47          FDRE (Prop_fdre_C_Q)         0.141     1.585 r  u_cpu/pc_reg[19]/Q
                         net (fo=3, routed)           0.081     1.667    u_cpu/u_alu/dbg_pc[11]
    SLICE_X5Y47          CARRY4 (Prop_carry4_DI[3]_CO[3])
                                                      0.113     1.780 r  u_cpu/u_alu/pc_reg[19]_i_1/CO[3]
                         net (fo=1, routed)           0.000     1.780    u_cpu/u_alu/pc_reg[19]_i_1_n_0
    SLICE_X5Y48          CARRY4 (Prop_carry4_CI_O[0])
                                                      0.054     1.834 r  u_cpu/u_alu/pc_reg[23]_i_1/O[0]
                         net (fo=1, routed)           0.000     1.834    u_cpu/u_alu_n_80
    SLICE_X5Y48          FDRE                                         r  u_cpu/pc_reg[20]/D
  -------------------------------------------------------------------    -------------------

                         (clock perf_clk rise edge)
                                                      0.000     0.000 r  
    N15                                               0.000     0.000 r  clk (IN)
                         net (fo=0)                   0.000     0.000    clk
    N15                  IBUF (Prop_ibuf_I_O)         0.380     0.380 r  clk_IBUF_inst/O
                         net (fo=1, routed)           0.689     1.068    clk_IBUF
    BUFGCTRL_X0Y0        BUFG (Prop_bufg_I_O)         0.029     1.097 r  clk_IBUF_BUFG_inst/O
                         net (fo=480, routed)         0.865     1.962    u_cpu/clk
    SLICE_X5Y48          FDRE                                         r  u_cpu/pc_reg[20]/C
                         clock pessimism             -0.501     1.460    
    SLICE_X5Y48          FDRE (Hold_fdre_C_D)         0.105     1.565    u_cpu/pc_reg[20]
  -------------------------------------------------------------------
                         required time                         -1.565    
                         arrival time                           1.834    
  -------------------------------------------------------------------
                         slack                                  0.268    





Pulse Width Checks
--------------------------------------------------------------------------------------
Clock Name:         perf_clk
Waveform(ns):       { 0.000 1.000 }
Period(ns):         2.000
Sources:            { clk }

Check Type        Corner  Lib Pin      Reference Pin  Required(ns)  Actual(ns)  Slack(ns)  Location       Pin
Min Period        n/a     BUFG/I       n/a            2.155         2.000       -0.155     BUFGCTRL_X0Y0  clk_IBUF_BUFG_inst/I
Min Period        n/a     FDRE/C       n/a            1.000         2.000       1.000      SLICE_X3Y37    u_cpu/u_rf/regs_reg[10][0]/C
Min Period        n/a     FDRE/C       n/a            1.000         2.000       1.000      SLICE_X10Y43   u_cpu/u_rf/regs_reg[10][10]/C
Min Period        n/a     FDRE/C       n/a            1.000         2.000       1.000      SLICE_X12Y42   u_cpu/u_rf/regs_reg[10][11]/C
Min Period        n/a     FDRE/C       n/a            1.000         2.000       1.000      SLICE_X1Y35    u_cpu/u_rf/regs_reg[10][12]/C
Min Period        n/a     FDRE/C       n/a            1.000         2.000       1.000      SLICE_X3Y42    u_cpu/u_rf/regs_reg[10][13]/C
Min Period        n/a     FDRE/C       n/a            1.000         2.000       1.000      SLICE_X1Y44    u_cpu/u_rf/regs_reg[10][14]/C
Min Period        n/a     FDRE/C       n/a            1.000         2.000       1.000      SLICE_X3Y42    u_cpu/u_rf/regs_reg[10][15]/C
Min Period        n/a     FDRE/C       n/a            1.000         2.000       1.000      SLICE_X2Y47    u_cpu/u_rf/regs_reg[10][16]/C
Min Period        n/a     FDRE/C       n/a            1.000         2.000       1.000      SLICE_X1Y44    u_cpu/u_rf/regs_reg[10][17]/C
Min Period        n/a     FDRE/C       n/a            1.000         2.000       1.000      SLICE_X1Y41    u_cpu/u_rf/regs_reg[10][18]/C
Min Period        n/a     FDRE/C       n/a            1.000         2.000       1.000      SLICE_X3Y37    u_cpu/u_rf/regs_reg[10][19]/C
Min Period        n/a     FDRE/C       n/a            1.000         2.000       1.000      SLICE_X2Y37    u_cpu/u_rf/regs_reg[2][5]/C
Min Period        n/a     FDRE/C       n/a            1.000         2.000       1.000      SLICE_X11Y40   u_cpu/u_rf/regs_reg[2][6]/C
Min Period        n/a     FDRE/C       n/a            1.000         2.000       1.000      SLICE_X14Y40   u_cpu/u_rf/regs_reg[2][7]/C
Min Period        n/a     FDRE/C       n/a            1.000         2.000       1.000      SLICE_X13Y43   u_cpu/u_rf/regs_reg[2][8]/C
Min Period        n/a     FDRE/C       n/a            1.000         2.000       1.000      SLICE_X13Y43   u_cpu/u_rf/regs_reg[2][9]/C
Min Period        n/a     FDRE/C       n/a            1.000         2.000       1.000      SLICE_X5Y35    u_cpu/u_rf/regs_reg[3][0]/C
Min Period        n/a     FDRE/C       n/a            1.000         2.000       1.000      SLICE_X13Y44   u_cpu/u_rf/regs_reg[3][10]/C
Min Period        n/a     FDRE/C       n/a            1.000         2.000       1.000      SLICE_X8Y43    u_cpu/u_rf/regs_reg[3][11]/C
Low Pulse Width   Slow    RAMS64E/CLK  n/a            1.250         1.000       -0.250     SLICE_X2Y39    u_cpu/u_dmem/mem_reg_0_255_23_23/RAMS64E_C/CLK
Low Pulse Width   Slow    RAMS64E/CLK  n/a            1.250         1.000       -0.250     SLICE_X2Y39    u_cpu/u_dmem/mem_reg_0_255_23_23/RAMS64E_D/CLK
Low Pulse Width   Slow    RAMS64E/CLK  n/a            1.250         1.000       -0.250     SLICE_X10Y36   u_cpu/u_dmem/mem_reg_0_255_2_2/RAMS64E_A/CLK
Low Pulse Width   Slow    RAMS64E/CLK  n/a            1.250         1.000       -0.250     SLICE_X10Y36   u_cpu/u_dmem/mem_reg_0_255_2_2/RAMS64E_B/CLK
Low Pulse Width   Slow    RAMS64E/CLK  n/a            1.250         1.000       -0.250     SLICE_X10Y36   u_cpu/u_dmem/mem_reg_0_255_2_2/RAMS64E_C/CLK
Low Pulse Width   Slow    RAMS64E/CLK  n/a            1.250         1.000       -0.250     SLICE_X10Y36   u_cpu/u_dmem/mem_reg_0_255_2_2/RAMS64E_D/CLK
Low Pulse Width   Slow    RAMS64E/CLK  n/a            1.250         1.000       -0.250     SLICE_X2Y38    u_cpu/u_dmem/mem_reg_0_255_5_5/RAMS64E_C/CLK
Low Pulse Width   Slow    RAMS64E/CLK  n/a            1.250         1.000       -0.250     SLICE_X2Y38    u_cpu/u_dmem/mem_reg_0_255_5_5/RAMS64E_D/CLK
Low Pulse Width   Slow    RAMS64E/CLK  n/a            1.250         1.000       -0.250     SLICE_X14Y37   u_cpu/u_dmem/mem_reg_0_255_6_6/RAMS64E_A/CLK
Low Pulse Width   Slow    RAMS64E/CLK  n/a            1.250         1.000       -0.250     SLICE_X14Y37   u_cpu/u_dmem/mem_reg_0_255_6_6/RAMS64E_B/CLK
Low Pulse Width   Slow    RAMS64E/CLK  n/a            1.250         1.000       -0.250     SLICE_X14Y37   u_cpu/u_dmem/mem_reg_0_255_6_6/RAMS64E_C/CLK
Low Pulse Width   Slow    RAMS64E/CLK  n/a            1.250         1.000       -0.250     SLICE_X14Y37   u_cpu/u_dmem/mem_reg_0_255_6_6/RAMS64E_D/CLK
Low Pulse Width   Slow    RAMS64E/CLK  n/a            1.250         1.000       -0.250     SLICE_X2Y40    u_cpu/u_dmem/mem_reg_0_255_17_17/RAMS64E_A/CLK
Low Pulse Width   Slow    RAMS64E/CLK  n/a            1.250         1.000       -0.250     SLICE_X2Y40    u_cpu/u_dmem/mem_reg_0_255_17_17/RAMS64E_B/CLK
Low Pulse Width   Slow    RAMS64E/CLK  n/a            1.250         1.000       -0.250     SLICE_X10Y35   u_cpu/u_dmem/mem_reg_0_255_3_3/RAMS64E_A/CLK
Low Pulse Width   Slow    RAMS64E/CLK  n/a            1.250         1.000       -0.250     SLICE_X10Y35   u_cpu/u_dmem/mem_reg_0_255_3_3/RAMS64E_B/CLK
Low Pulse Width   Slow    RAMS64E/CLK  n/a            1.250         1.000       -0.250     SLICE_X10Y35   u_cpu/u_dmem/mem_reg_0_255_3_3/RAMS64E_C/CLK
Low Pulse Width   Slow    RAMS64E/CLK  n/a            1.250         1.000       -0.250     SLICE_X10Y35   u_cpu/u_dmem/mem_reg_0_255_3_3/RAMS64E_D/CLK
Low Pulse Width   Slow    RAMS64E/CLK  n/a            1.250         1.000       -0.250     SLICE_X10Y37   u_cpu/u_dmem/mem_reg_0_255_4_4/RAMS64E_A/CLK
Low Pulse Width   Slow    RAMS64E/CLK  n/a            1.250         1.000       -0.250     SLICE_X10Y37   u_cpu/u_dmem/mem_reg_0_255_4_4/RAMS64E_B/CLK
High Pulse Width  Fast    RAMS64E/CLK  n/a            1.250         1.000       -0.250     SLICE_X2Y35    u_cpu/u_dmem/mem_reg_0_255_12_12/RAMS64E_C/CLK
High Pulse Width  Fast    RAMS64E/CLK  n/a            1.250         1.000       -0.250     SLICE_X2Y35    u_cpu/u_dmem/mem_reg_0_255_12_12/RAMS64E_D/CLK
High Pulse Width  Fast    RAMS64E/CLK  n/a            1.250         1.000       -0.250     SLICE_X2Y43    u_cpu/u_dmem/mem_reg_0_255_13_13/RAMS64E_A/CLK
High Pulse Width  Fast    RAMS64E/CLK  n/a            1.250         1.000       -0.250     SLICE_X2Y43    u_cpu/u_dmem/mem_reg_0_255_13_13/RAMS64E_B/CLK
High Pulse Width  Fast    RAMS64E/CLK  n/a            1.250         1.000       -0.250     SLICE_X2Y43    u_cpu/u_dmem/mem_reg_0_255_13_13/RAMS64E_C/CLK
High Pulse Width  Fast    RAMS64E/CLK  n/a            1.250         1.000       -0.250     SLICE_X2Y43    u_cpu/u_dmem/mem_reg_0_255_13_13/RAMS64E_D/CLK
High Pulse Width  Fast    RAMS64E/CLK  n/a            1.250         1.000       -0.250     SLICE_X2Y36    u_cpu/u_dmem/mem_reg_0_255_18_18/RAMS64E_C/CLK
High Pulse Width  Fast    RAMS64E/CLK  n/a            1.250         1.000       -0.250     SLICE_X2Y36    u_cpu/u_dmem/mem_reg_0_255_18_18/RAMS64E_D/CLK
High Pulse Width  Fast    RAMS64E/CLK  n/a            1.250         1.000       -0.250     SLICE_X10Y36   u_cpu/u_dmem/mem_reg_0_255_2_2/RAMS64E_A/CLK
High Pulse Width  Fast    RAMS64E/CLK  n/a            1.250         1.000       -0.250     SLICE_X10Y36   u_cpu/u_dmem/mem_reg_0_255_2_2/RAMS64E_B/CLK
High Pulse Width  Fast    RAMS64E/CLK  n/a            1.250         1.000       -0.250     SLICE_X10Y36   u_cpu/u_dmem/mem_reg_0_255_2_2/RAMS64E_C/CLK
High Pulse Width  Fast    RAMS64E/CLK  n/a            1.250         1.000       -0.250     SLICE_X10Y36   u_cpu/u_dmem/mem_reg_0_255_2_2/RAMS64E_D/CLK
High Pulse Width  Fast    RAMS64E/CLK  n/a            1.250         1.000       -0.250     SLICE_X6Y37    u_cpu/u_dmem/mem_reg_0_255_0_0/RAMS64E_A/CLK
High Pulse Width  Fast    RAMS64E/CLK  n/a            1.250         1.000       -0.250     SLICE_X6Y37    u_cpu/u_dmem/mem_reg_0_255_0_0/RAMS64E_B/CLK
High Pulse Width  Fast    RAMS64E/CLK  n/a            1.250         1.000       -0.250     SLICE_X6Y37    u_cpu/u_dmem/mem_reg_0_255_0_0/RAMS64E_C/CLK
High Pulse Width  Fast    RAMS64E/CLK  n/a            1.250         1.000       -0.250     SLICE_X6Y37    u_cpu/u_dmem/mem_reg_0_255_0_0/RAMS64E_D/CLK
High Pulse Width  Fast    RAMS64E/CLK  n/a            1.250         1.000       -0.250     SLICE_X14Y43   u_cpu/u_dmem/mem_reg_0_255_11_11/RAMS64E_A/CLK
High Pulse Width  Fast    RAMS64E/CLK  n/a            1.250         1.000       -0.250     SLICE_X14Y43   u_cpu/u_dmem/mem_reg_0_255_11_11/RAMS64E_B/CLK
High Pulse Width  Fast    RAMS64E/CLK  n/a            1.250         1.000       -0.250     SLICE_X14Y43   u_cpu/u_dmem/mem_reg_0_255_11_11/RAMS64E_C/CLK
High Pulse Width  Fast    RAMS64E/CLK  n/a            1.250         1.000       -0.250     SLICE_X14Y43   u_cpu/u_dmem/mem_reg_0_255_11_11/RAMS64E_D/CLK



