cycle,index,pc,instruction,rd,value
5,0,00000000,00000093,1,00000000
6,1,00000004,7d000113,2,000007d0
7,2,00000008,00108093,1,00000001
8,3,0000000c,00208463,0,00000000
9,4,00000010,fe000ce3,0,00000000
12,5,00000008,00108093,1,00000002
13,6,0000000c,00208463,0,00000000
14,7,00000010,fe000ce3,0,00000000
17,8,00000008,00108093,1,00000003
18,9,0000000c,00208463,0,00000000
19,10,00000010,fe000ce3,0,00000000
22,11,00000008,00108093,1,00000004
23,12,0000000c,00208463,0,00000000
24,13,00000010,fe000ce3,0,00000000
27,14,00000008,00108093,1,00000005
28,15,0000000c,00208463,0,00000000
29,16,00000010,fe000ce3,0,00000000
32,17,00000008,00108093,1,00000006
33,18,0000000c,00208463,0,00000000
34,19,00000010,fe000ce3,0,00000000
37,20,00000008,00108093,1,00000007
38,21,0000000c,00208463,0,00000000
39,22,00000010,fe000ce3,0,00000000
42,23,00000008,00108093,1,00000008
43,24,0000000c,00208463,0,00000000
44,25,00000010,fe000ce3,0,00000000
47,26,00000008,00108093,1,00000009
48,27,0000000c,00208463,0,00000000
49,28,00000010,fe000ce3,0,00000000
52,29,00000008,00108093,1,0000000a
53,30,0000000c,00208463,0,00000000
54,31,00000010,fe000ce3,0,00000000
57,32,00000008,00108093,1,0000000b
58,33,0000000c,00208463,0,00000000
59,34,00000010,fe000ce3,0,00000000
62,35,00000008,00108093,1,0000000c
63,36,0000000c,00208463,0,00000000
64,37,00000010,fe000ce3,0,00000000
67,38,00000008,00108093,1,0000000d
68,39,0000000c,00208463,0,00000000
69,40,00000010,fe000ce3,0,00000000
72,41,00000008,00108093,1,0000000e
73,42,0000000c,00208463,0,00000000
74,43,00000010,fe000ce3,0,00000000
77,44,00000008,00108093,1,0000000f
78,45,0000000c,00208463,0,00000000
79,46,00000010,fe000ce3,0,00000000
82,47,00000008,00108093,1,00000010
83,48,0000000c,00208463,0,00000000
84,49,00000010,fe000ce3,0,00000000
87,50,00000008,00108093,1,00000011
88,51,0000000c,00208463,0,00000000
89,52,00000010,fe000ce3,0,00000000
92,53,00000008,00108093,1,00000012
93,54,0000000c,00208463,0,00000000
94,55,00000010,fe000ce3,0,00000000
97,56,00000008,00108093,1,00000013
98,57,0000000c,00208463,0,00000000
99,58,00000010,fe000ce3,0,00000000
102,59,00000008,00108093,1,00000014
103,60,0000000c,00208463,0,00000000
104,61,00000010,fe000ce3,0,00000000
107,62,00000008,00108093,1,00000015
108,63,0000000c,00208463,0,00000000
109,64,00000010,fe000ce3,0,00000000
112,65,00000008,00108093,1,00000016
113,66,0000000c,00208463,0,00000000
114,67,00000010,fe000ce3,0,00000000
117,68,00000008,00108093,1,00000017
118,69,0000000c,00208463,0,00000000
119,70,00000010,fe000ce3,0,00000000
122,71,00000008,00108093,1,00000018
123,72,0000000c,00208463,0,00000000
124,73,00000010,fe000ce3,0,00000000
127,74,00000008,00108093,1,00000019
128,75,0000000c,00208463,0,00000000
129,76,00000010,fe000ce3,0,00000000
132,77,00000008,00108093,1,0000001a
133,78,0000000c,00208463,0,00000000
134,79,00000010,fe000ce3,0,00000000
137,80,00000008,00108093,1,0000001b
138,81,0000000c,00208463,0,00000000
139,82,00000010,fe000ce3,0,00000000
142,83,00000008,00108093,1,0000001c
143,84,0000000c,00208463,0,00000000
144,85,00000010,fe000ce3,0,00000000
147,86,00000008,00108093,1,0000001d
148,87,0000000c,00208463,0,00000000
149,88,00000010,fe000ce3,0,00000000
152,89,00000008,00108093,1,0000001e
153,90,0000000c,00208463,0,00000000
154,91,00000010,fe000ce3,0,00000000
157,92,00000008,00108093,1,0000001f
158,93,0000000c,00208463,0,00000000
159,94,00000010,fe000ce3,0,00000000
162,95,00000008,00108093,1,00000020
163,96,0000000c,00208463,0,00000000
164,97,00000010,fe000ce3,0,00000000
167,98,00000008,00108093,1,00000021
168,99,0000000c,00208463,0,00000000
169,100,00000010,fe000ce3,0,00000000
172,101,00000008,00108093,1,00000022
173,102,0000000c,00208463,0,00000000
174,103,00000010,fe000ce3,0,00000000
177,104,00000008,00108093,1,00000023
178,105,0000000c,00208463,0,00000000
179,106,00000010,fe000ce3,0,00000000
182,107,00000008,00108093,1,00000024
183,108,0000000c,00208463,0,00000000
184,109,00000010,fe000ce3,0,00000000
187,110,00000008,00108093,1,00000025
188,111,0000000c,00208463,0,00000000
189,112,00000010,fe000ce3,0,00000000
192,113,00000008,00108093,1,00000026
193,114,0000000c,00208463,0,00000000
194,115,00000010,fe000ce3,0,00000000
197,116,00000008,00108093,1,00000027
198,117,0000000c,00208463,0,00000000
199,118,00000010,fe000ce3,0,00000000
202,119,00000008,00108093,1,00000028
203,120,0000000c,00208463,0,00000000
204,121,00000010,fe000ce3,0,00000000
207,122,00000008,00108093,1,00000029
208,123,0000000c,00208463,0,00000000
209,124,00000010,fe000ce3,0,00000000
212,125,00000008,00108093,1,0000002a
213,126,0000000c,00208463,0,00000000
214,127,00000010,fe000ce3,0,00000000
217,128,00000008,00108093,1,0000002b
218,129,0000000c,00208463,0,00000000
219,130,00000010,fe000ce3,0,00000000
222,131,00000008,00108093,1,0000002c
223,132,0000000c,00208463,0,00000000
224,133,00000010,fe000ce3,0,00000000
227,134,00000008,00108093,1,0000002d
228,135,0000000c,00208463,0,00000000
229,136,00000010,fe000ce3,0,00000000
232,137,00000008,00108093,1,0000002e
233,138,0000000c,00208463,0,00000000
234,139,00000010,fe000ce3,0,00000000
237,140,00000008,00108093,1,0000002f
238,141,0000000c,00208463,0,00000000
239,142,00000010,fe000ce3,0,00000000
242,143,00000008,00108093,1,00000030
243,144,0000000c,00208463,0,00000000
244,145,00000010,fe000ce3,0,00000000
247,146,00000008,00108093,1,00000031
248,147,0000000c,00208463,0,00000000
249,148,00000010,fe000ce3,0,00000000
252,149,00000008,00108093,1,00000032
253,150,0000000c,00208463,0,00000000
254,151,00000010,fe000ce3,0,00000000
257,152,00000008,00108093,1,00000033
258,153,0000000c,00208463,0,00000000
259,154,00000010,fe000ce3,0,00000000
262,155,00000008,00108093,1,00000034
263,156,0000000c,00208463,0,00000000
264,157,00000010,fe000ce3,0,00000000
267,158,00000008,00108093,1,00000035
268,159,0000000c,00208463,0,00000000
269,160,00000010,fe000ce3,0,00000000
272,161,00000008,00108093,1,00000036
273,162,0000000c,00208463,0,00000000
274,163,00000010,fe000ce3,0,00000000
277,164,00000008,00108093,1,00000037
278,165,0000000c,00208463,0,00000000
279,166,00000010,fe000ce3,0,00000000
282,167,00000008,00108093,1,00000038
283,168,0000000c,00208463,0,00000000
284,169,00000010,fe000ce3,0,00000000
287,170,00000008,00108093,1,00000039
288,171,0000000c,00208463,0,00000000
289,172,00000010,fe000ce3,0,00000000
292,173,00000008,00108093,1,0000003a
293,174,0000000c,00208463,0,00000000
294,175,00000010,fe000ce3,0,00000000
297,176,00000008,00108093,1,0000003b
298,177,0000000c,00208463,0,00000000
299,178,00000010,fe000ce3,0,00000000
302,179,00000008,00108093,1,0000003c
303,180,0000000c,00208463,0,00000000
304,181,00000010,fe000ce3,0,00000000
307,182,00000008,00108093,1,0000003d
308,183,0000000c,00208463,0,00000000
309,184,00000010,fe000ce3,0,00000000
312,185,00000008,00108093,1,0000003e
313,186,0000000c,00208463,0,00000000
314,187,00000010,fe000ce3,0,00000000
317,188,00000008,00108093,1,0000003f
318,189,0000000c,00208463,0,00000000
319,190,00000010,fe000ce3,0,00000000
322,191,00000008,00108093,1,00000040
323,192,0000000c,00208463,0,00000000
324,193,00000010,fe000ce3,0,00000000
327,194,00000008,00108093,1,00000041
328,195,0000000c,00208463,0,00000000
329,196,00000010,fe000ce3,0,00000000
332,197,00000008,00108093,1,00000042
333,198,0000000c,00208463,0,00000000
334,199,00000010,fe000ce3,0,00000000
337,200,00000008,00108093,1,00000043
338,201,0000000c,00208463,0,00000000
339,202,00000010,fe000ce3,0,00000000
342,203,00000008,00108093,1,00000044
343,204,0000000c,00208463,0,00000000
344,205,00000010,fe000ce3,0,00000000
347,206,00000008,00108093,1,00000045
348,207,0000000c,00208463,0,00000000
349,208,00000010,fe000ce3,0,00000000
352,209,00000008,00108093,1,00000046
353,210,0000000c,00208463,0,00000000
354,211,00000010,fe000ce3,0,00000000
357,212,00000008,00108093,1,00000047
358,213,0000000c,00208463,0,00000000
359,214,00000010,fe000ce3,0,00000000
362,215,00000008,00108093,1,00000048
363,216,0000000c,00208463,0,00000000
364,217,00000010,fe000ce3,0,00000000
367,218,00000008,00108093,1,00000049
368,219,0000000c,00208463,0,00000000
369,220,00000010,fe000ce3,0,00000000
372,221,00000008,00108093,1,0000004a
373,222,0000000c,00208463,0,00000000
374,223,00000010,fe000ce3,0,00000000
377,224,00000008,00108093,1,0000004b
378,225,0000000c,00208463,0,00000000
379,226,00000010,fe000ce3,0,00000000
382,227,00000008,00108093,1,0000004c
383,228,0000000c,00208463,0,00000000
384,229,00000010,fe000ce3,0,00000000
387,230,00000008,00108093,1,0000004d
388,231,0000000c,00208463,0,00000000
389,232,00000010,fe000ce3,0,00000000
392,233,00000008,00108093,1,0000004e
393,234,0000000c,00208463,0,00000000
394,235,00000010,fe000ce3,0,00000000
397,236,00000008,00108093,1,0000004f
398,237,0000000c,00208463,0,00000000
399,238,00000010,fe000ce3,0,00000000
402,239,00000008,00108093,1,00000050
403,240,0000000c,00208463,0,00000000
404,241,00000010,fe000ce3,0,00000000
407,242,00000008,00108093,1,00000051
408,243,0000000c,00208463,0,00000000
409,244,00000010,fe000ce3,0,00000000
412,245,00000008,00108093,1,00000052
413,246,0000000c,00208463,0,00000000
414,247,00000010,fe000ce3,0,00000000
417,248,00000008,00108093,1,00000053
418,249,0000000c,00208463,0,00000000
419,250,00000010,fe000ce3,0,00000000
422,251,00000008,00108093,1,00000054
423,252,0000000c,00208463,0,00000000
424,253,00000010,fe000ce3,0,00000000
427,254,00000008,00108093,1,00000055
428,255,0000000c,00208463,0,00000000
429,256,00000010,fe000ce3,0,00000000
432,257,00000008,00108093,1,00000056
433,258,0000000c,00208463,0,00000000
434,259,00000010,fe000ce3,0,00000000
437,260,00000008,00108093,1,00000057
438,261,0000000c,00208463,0,00000000
439,262,00000010,fe000ce3,0,00000000
442,263,00000008,00108093,1,00000058
443,264,0000000c,00208463,0,00000000
444,265,00000010,fe000ce3,0,00000000
447,266,00000008,00108093,1,00000059
448,267,0000000c,00208463,0,00000000
449,268,00000010,fe000ce3,0,00000000
452,269,00000008,00108093,1,0000005a
453,270,0000000c,00208463,0,00000000
454,271,00000010,fe000ce3,0,00000000
457,272,00000008,00108093,1,0000005b
458,273,0000000c,00208463,0,00000000
459,274,00000010,fe000ce3,0,00000000
462,275,00000008,00108093,1,0000005c
463,276,0000000c,00208463,0,00000000
464,277,00000010,fe000ce3,0,00000000
467,278,00000008,00108093,1,0000005d
468,279,0000000c,00208463,0,00000000
469,280,00000010,fe000ce3,0,00000000
472,281,00000008,00108093,1,0000005e
473,282,0000000c,00208463,0,00000000
474,283,00000010,fe000ce3,0,00000000
477,284,00000008,00108093,1,0000005f
478,285,0000000c,00208463,0,00000000
479,286,00000010,fe000ce3,0,00000000
482,287,00000008,00108093,1,00000060
483,288,0000000c,00208463,0,00000000
484,289,00000010,fe000ce3,0,00000000
487,290,00000008,00108093,1,00000061
488,291,0000000c,00208463,0,00000000
489,292,00000010,fe000ce3,0,00000000
492,293,00000008,00108093,1,00000062
493,294,0000000c,00208463,0,00000000
494,295,00000010,fe000ce3,0,00000000
497,296,00000008,00108093,1,00000063
498,297,0000000c,00208463,0,00000000
499,298,00000010,fe000ce3,0,00000000
502,299,00000008,00108093,1,00000064
503,300,0000000c,00208463,0,00000000
504,301,00000010,fe000ce3,0,00000000
507,302,00000008,00108093,1,00000065
508,303,0000000c,00208463,0,00000000
509,304,00000010,fe000ce3,0,00000000
512,305,00000008,00108093,1,00000066
513,306,0000000c,00208463,0,00000000
514,307,00000010,fe000ce3,0,00000000
517,308,00000008,00108093,1,00000067
518,309,0000000c,00208463,0,00000000
519,310,00000010,fe000ce3,0,00000000
522,311,00000008,00108093,1,00000068
523,312,0000000c,00208463,0,00000000
524,313,00000010,fe000ce3,0,00000000
527,314,00000008,00108093,1,00000069
528,315,0000000c,00208463,0,00000000
529,316,00000010,fe000ce3,0,00000000
532,317,00000008,00108093,1,0000006a
533,318,0000000c,00208463,0,00000000
534,319,00000010,fe000ce3,0,00000000
537,320,00000008,00108093,1,0000006b
538,321,0000000c,00208463,0,00000000
539,322,00000010,fe000ce3,0,00000000
542,323,00000008,00108093,1,0000006c
543,324,0000000c,00208463,0,00000000
544,325,00000010,fe000ce3,0,00000000
547,326,00000008,00108093,1,0000006d
548,327,0000000c,00208463,0,00000000
549,328,00000010,fe000ce3,0,00000000
552,329,00000008,00108093,1,0000006e
553,330,0000000c,00208463,0,00000000
554,331,00000010,fe000ce3,0,00000000
557,332,00000008,00108093,1,0000006f
558,333,0000000c,00208463,0,00000000
559,334,00000010,fe000ce3,0,00000000
562,335,00000008,00108093,1,00000070
563,336,0000000c,00208463,0,00000000
564,337,00000010,fe000ce3,0,00000000
567,338,00000008,00108093,1,00000071
568,339,0000000c,00208463,0,00000000
569,340,00000010,fe000ce3,0,00000000
572,341,00000008,00108093,1,00000072
573,342,0000000c,00208463,0,00000000
574,343,00000010,fe000ce3,0,00000000
577,344,00000008,00108093,1,00000073
578,345,0000000c,00208463,0,00000000
579,346,00000010,fe000ce3,0,00000000
582,347,00000008,00108093,1,00000074
583,348,0000000c,00208463,0,00000000
584,349,00000010,fe000ce3,0,00000000
587,350,00000008,00108093,1,00000075
588,351,0000000c,00208463,0,00000000
589,352,00000010,fe000ce3,0,00000000
592,353,00000008,00108093,1,00000076
593,354,0000000c,00208463,0,00000000
594,355,00000010,fe000ce3,0,00000000
597,356,00000008,00108093,1,00000077
598,357,0000000c,00208463,0,00000000
599,358,00000010,fe000ce3,0,00000000
602,359,00000008,00108093,1,00000078
603,360,0000000c,00208463,0,00000000
604,361,00000010,fe000ce3,0,00000000
607,362,00000008,00108093,1,00000079
608,363,0000000c,00208463,0,00000000
609,364,00000010,fe000ce3,0,00000000
612,365,00000008,00108093,1,0000007a
613,366,0000000c,00208463,0,00000000
614,367,00000010,fe000ce3,0,00000000
617,368,00000008,00108093,1,0000007b
618,369,0000000c,00208463,0,00000000
619,370,00000010,fe000ce3,0,00000000
622,371,00000008,00108093,1,0000007c
623,372,0000000c,00208463,0,00000000
624,373,00000010,fe000ce3,0,00000000
627,374,00000008,00108093,1,0000007d
628,375,0000000c,00208463,0,00000000
629,376,00000010,fe000ce3,0,00000000
632,377,00000008,00108093,1,0000007e
633,378,0000000c,00208463,0,00000000
634,379,00000010,fe000ce3,0,00000000
637,380,00000008,00108093,1,0000007f
638,381,0000000c,00208463,0,00000000
639,382,00000010,fe000ce3,0,00000000
642,383,00000008,00108093,1,00000080
643,384,0000000c,00208463,0,00000000
644,385,00000010,fe000ce3,0,00000000
647,386,00000008,00108093,1,00000081
648,387,0000000c,00208463,0,00000000
649,388,00000010,fe000ce3,0,00000000
652,389,00000008,00108093,1,00000082
653,390,0000000c,00208463,0,00000000
654,391,00000010,fe000ce3,0,00000000
657,392,00000008,00108093,1,00000083
658,393,0000000c,00208463,0,00000000
659,394,00000010,fe000ce3,0,00000000
662,395,00000008,00108093,1,00000084
663,396,0000000c,00208463,0,00000000
664,397,00000010,fe000ce3,0,00000000
667,398,00000008,00108093,1,00000085
668,399,0000000c,00208463,0,00000000
669,400,00000010,fe000ce3,0,00000000
672,401,00000008,00108093,1,00000086
673,402,0000000c,00208463,0,00000000
674,403,00000010,fe000ce3,0,00000000
677,404,00000008,00108093,1,00000087
678,405,0000000c,00208463,0,00000000
679,406,00000010,fe000ce3,0,00000000
682,407,00000008,00108093,1,00000088
683,408,0000000c,00208463,0,00000000
684,409,00000010,fe000ce3,0,00000000
687,410,00000008,00108093,1,00000089
688,411,0000000c,00208463,0,00000000
689,412,00000010,fe000ce3,0,00000000
692,413,00000008,00108093,1,0000008a
693,414,0000000c,00208463,0,00000000
694,415,00000010,fe000ce3,0,00000000
697,416,00000008,00108093,1,0000008b
698,417,0000000c,00208463,0,00000000
699,418,00000010,fe000ce3,0,00000000
702,419,00000008,00108093,1,0000008c
703,420,0000000c,00208463,0,00000000
704,421,00000010,fe000ce3,0,00000000
707,422,00000008,00108093,1,0000008d
708,423,0000000c,00208463,0,00000000
709,424,00000010,fe000ce3,0,00000000
712,425,00000008,00108093,1,0000008e
713,426,0000000c,00208463,0,00000000
714,427,00000010,fe000ce3,0,00000000
717,428,00000008,00108093,1,0000008f
718,429,0000000c,00208463,0,00000000
719,430,00000010,fe000ce3,0,00000000
722,431,00000008,00108093,1,00000090
723,432,0000000c,00208463,0,00000000
724,433,00000010,fe000ce3,0,00000000
727,434,00000008,00108093,1,00000091
728,435,0000000c,00208463,0,00000000
729,436,00000010,fe000ce3,0,00000000
732,437,00000008,00108093,1,00000092
733,438,0000000c,00208463,0,00000000
734,439,00000010,fe000ce3,0,00000000
737,440,00000008,00108093,1,00000093
738,441,0000000c,00208463,0,00000000
739,442,00000010,fe000ce3,0,00000000
742,443,00000008,00108093,1,00000094
743,444,0000000c,00208463,0,00000000
744,445,00000010,fe000ce3,0,00000000
747,446,00000008,00108093,1,00000095
748,447,0000000c,00208463,0,00000000
749,448,00000010,fe000ce3,0,00000000
752,449,00000008,00108093,1,00000096
753,450,0000000c,00208463,0,00000000
754,451,00000010,fe000ce3,0,00000000
757,452,00000008,00108093,1,00000097
758,453,0000000c,00208463,0,00000000
759,454,00000010,fe000ce3,0,00000000
762,455,00000008,00108093,1,00000098
763,456,0000000c,00208463,0,00000000
764,457,00000010,fe000ce3,0,00000000
767,458,00000008,00108093,1,00000099
768,459,0000000c,00208463,0,00000000
769,460,00000010,fe000ce3,0,00000000
772,461,00000008,00108093,1,0000009a
773,462,0000000c,00208463,0,00000000
774,463,00000010,fe000ce3,0,00000000
777,464,00000008,00108093,1,0000009b
778,465,0000000c,00208463,0,00000000
779,466,00000010,fe000ce3,0,00000000
782,467,00000008,00108093,1,0000009c
783,468,0000000c,00208463,0,00000000
784,469,00000010,fe000ce3,0,00000000
787,470,00000008,00108093,1,0000009d
788,471,0000000c,00208463,0,00000000
789,472,00000010,fe000ce3,0,00000000
792,473,00000008,00108093,1,0000009e
793,474,0000000c,00208463,0,00000000
794,475,00000010,fe000ce3,0,00000000
797,476,00000008,00108093,1,0000009f
798,477,0000000c,00208463,0,00000000
799,478,00000010,fe000ce3,0,00000000
802,479,00000008,00108093,1,000000a0
803,480,0000000c,00208463,0,00000000
804,481,00000010,fe000ce3,0,00000000
807,482,00000008,00108093,1,000000a1
808,483,0000000c,00208463,0,00000000
809,484,00000010,fe000ce3,0,00000000
812,485,00000008,00108093,1,000000a2
813,486,0000000c,00208463,0,00000000
814,487,00000010,fe000ce3,0,00000000
817,488,00000008,00108093,1,000000a3
818,489,0000000c,00208463,0,00000000
819,490,00000010,fe000ce3,0,00000000
822,491,00000008,00108093,1,000000a4
823,492,0000000c,00208463,0,00000000
824,493,00000010,fe000ce3,0,00000000
827,494,00000008,00108093,1,000000a5
828,495,0000000c,00208463,0,00000000
829,496,00000010,fe000ce3,0,00000000
832,497,00000008,00108093,1,000000a6
833,498,0000000c,00208463,0,00000000
834,499,00000010,fe000ce3,0,00000000
837,500,00000008,00108093,1,000000a7
838,501,0000000c,00208463,0,00000000
839,502,00000010,fe000ce3,0,00000000
842,503,00000008,00108093,1,000000a8
843,504,0000000c,00208463,0,00000000
844,505,00000010,fe000ce3,0,00000000
847,506,00000008,00108093,1,000000a9
848,507,0000000c,00208463,0,00000000
849,508,00000010,fe000ce3,0,00000000
852,509,00000008,00108093,1,000000aa
853,510,0000000c,00208463,0,00000000
854,511,00000010,fe000ce3,0,00000000
857,512,00000008,00108093,1,000000ab
858,513,0000000c,00208463,0,00000000
859,514,00000010,fe000ce3,0,00000000
862,515,00000008,00108093,1,000000ac
863,516,0000000c,00208463,0,00000000
864,517,00000010,fe000ce3,0,00000000
867,518,00000008,00108093,1,000000ad
868,519,0000000c,00208463,0,00000000
869,520,00000010,fe000ce3,0,00000000
872,521,00000008,00108093,1,000000ae
873,522,0000000c,00208463,0,00000000
874,523,00000010,fe000ce3,0,00000000
877,524,00000008,00108093,1,000000af
878,525,0000000c,00208463,0,00000000
879,526,00000010,fe000ce3,0,00000000
882,527,00000008,00108093,1,000000b0
883,528,0000000c,00208463,0,00000000
884,529,00000010,fe000ce3,0,00000000
887,530,00000008,00108093,1,000000b1
888,531,0000000c,00208463,0,00000000
889,532,00000010,fe000ce3,0,00000000
892,533,00000008,00108093,1,000000b2
893,534,0000000c,00208463,0,00000000
894,535,00000010,fe000ce3,0,00000000
897,536,00000008,00108093,1,000000b3
898,537,0000000c,00208463,0,00000000
899,538,00000010,fe000ce3,0,00000000
902,539,00000008,00108093,1,000000b4
903,540,0000000c,00208463,0,00000000
904,541,00000010,fe000ce3,0,00000000
907,542,00000008,00108093,1,000000b5
908,543,0000000c,00208463,0,00000000
909,544,00000010,fe000ce3,0,00000000
912,545,00000008,00108093,1,000000b6
913,546,0000000c,00208463,0,00000000
914,547,00000010,fe000ce3,0,00000000
917,548,00000008,00108093,1,000000b7
918,549,0000000c,00208463,0,00000000
919,550,00000010,fe000ce3,0,00000000
922,551,00000008,00108093,1,000000b8
923,552,0000000c,00208463,0,00000000
924,553,00000010,fe000ce3,0,00000000
927,554,00000008,00108093,1,000000b9
928,555,0000000c,00208463,0,00000000
929,556,00000010,fe000ce3,0,00000000
932,557,00000008,00108093,1,000000ba
933,558,0000000c,00208463,0,00000000
934,559,00000010,fe000ce3,0,00000000
937,560,00000008,00108093,1,000000bb
938,561,0000000c,00208463,0,00000000
939,562,00000010,fe000ce3,0,00000000
942,563,00000008,00108093,1,000000bc
943,564,0000000c,00208463,0,00000000
944,565,00000010,fe000ce3,0,00000000
947,566,00000008,00108093,1,000000bd
948,567,0000000c,00208463,0,00000000
949,568,00000010,fe000ce3,0,00000000
952,569,00000008,00108093,1,000000be
953,570,0000000c,00208463,0,00000000
954,571,00000010,fe000ce3,0,00000000
957,572,00000008,00108093,1,000000bf
958,573,0000000c,00208463,0,00000000
959,574,00000010,fe000ce3,0,00000000
962,575,00000008,00108093,1,000000c0
963,576,0000000c,00208463,0,00000000
964,577,00000010,fe000ce3,0,00000000
967,578,00000008,00108093,1,000000c1
968,579,0000000c,00208463,0,00000000
969,580,00000010,fe000ce3,0,00000000
972,581,00000008,00108093,1,000000c2
973,582,0000000c,00208463,0,00000000
974,583,00000010,fe000ce3,0,00000000
977,584,00000008,00108093,1,000000c3
978,585,0000000c,00208463,0,00000000
979,586,00000010,fe000ce3,0,00000000
982,587,00000008,00108093,1,000000c4
983,588,0000000c,00208463,0,00000000
984,589,00000010,fe000ce3,0,00000000
987,590,00000008,00108093,1,000000c5
988,591,0000000c,00208463,0,00000000
989,592,00000010,fe000ce3,0,00000000
992,593,00000008,00108093,1,000000c6
993,594,0000000c,00208463,0,00000000
994,595,00000010,fe000ce3,0,00000000
997,596,00000008,00108093,1,000000c7
998,597,0000000c,00208463,0,00000000
999,598,00000010,fe000ce3,0,00000000
1002,599,00000008,00108093,1,000000c8
1003,600,0000000c,00208463,0,00000000
1004,601,00000010,fe000ce3,0,00000000
1007,602,00000008,00108093,1,000000c9
1008,603,0000000c,00208463,0,00000000
1009,604,00000010,fe000ce3,0,00000000
1012,605,00000008,00108093,1,000000ca
1013,606,0000000c,00208463,0,00000000
1014,607,00000010,fe000ce3,0,00000000
1017,608,00000008,00108093,1,000000cb
1018,609,0000000c,00208463,0,00000000
1019,610,00000010,fe000ce3,0,00000000
1022,611,00000008,00108093,1,000000cc
1023,612,0000000c,00208463,0,00000000
1024,613,00000010,fe000ce3,0,00000000
1027,614,00000008,00108093,1,000000cd
1028,615,0000000c,00208463,0,00000000
1029,616,00000010,fe000ce3,0,00000000
1032,617,00000008,00108093,1,000000ce
1033,618,0000000c,00208463,0,00000000
1034,619,00000010,fe000ce3,0,00000000
1037,620,00000008,00108093,1,000000cf
1038,621,0000000c,00208463,0,00000000
1039,622,00000010,fe000ce3,0,00000000
1042,623,00000008,00108093,1,000000d0
1043,624,0000000c,00208463,0,00000000
1044,625,00000010,fe000ce3,0,00000000
1047,626,00000008,00108093,1,000000d1
1048,627,0000000c,00208463,0,00000000
1049,628,00000010,fe000ce3,0,00000000
1052,629,00000008,00108093,1,000000d2
1053,630,0000000c,00208463,0,00000000
1054,631,00000010,fe000ce3,0,00000000
1057,632,00000008,00108093,1,000000d3
1058,633,0000000c,00208463,0,00000000
1059,634,00000010,fe000ce3,0,00000000
1062,635,00000008,00108093,1,000000d4
1063,636,0000000c,00208463,0,00000000
1064,637,00000010,fe000ce3,0,00000000
1067,638,00000008,00108093,1,000000d5
1068,639,0000000c,00208463,0,00000000
1069,640,00000010,fe000ce3,0,00000000
1072,641,00000008,00108093,1,000000d6
1073,642,0000000c,00208463,0,00000000
1074,643,00000010,fe000ce3,0,00000000
1077,644,00000008,00108093,1,000000d7
1078,645,0000000c,00208463,0,00000000
1079,646,00000010,fe000ce3,0,00000000
1082,647,00000008,00108093,1,000000d8
1083,648,0000000c,00208463,0,00000000
1084,649,00000010,fe000ce3,0,00000000
1087,650,00000008,00108093,1,000000d9
1088,651,0000000c,00208463,0,00000000
1089,652,00000010,fe000ce3,0,00000000
1092,653,00000008,00108093,1,000000da
1093,654,0000000c,00208463,0,00000000
1094,655,00000010,fe000ce3,0,00000000
1097,656,00000008,00108093,1,000000db
1098,657,0000000c,00208463,0,00000000
1099,658,00000010,fe000ce3,0,00000000
1102,659,00000008,00108093,1,000000dc
1103,660,0000000c,00208463,0,00000000
1104,661,00000010,fe000ce3,0,00000000
1107,662,00000008,00108093,1,000000dd
1108,663,0000000c,00208463,0,00000000
1109,664,00000010,fe000ce3,0,00000000
1112,665,00000008,00108093,1,000000de
1113,666,0000000c,00208463,0,00000000
1114,667,00000010,fe000ce3,0,00000000
1117,668,00000008,00108093,1,000000df
1118,669,0000000c,00208463,0,00000000
1119,670,00000010,fe000ce3,0,00000000
1122,671,00000008,00108093,1,000000e0
1123,672,0000000c,00208463,0,00000000
1124,673,00000010,fe000ce3,0,00000000
1127,674,00000008,00108093,1,000000e1
1128,675,0000000c,00208463,0,00000000
1129,676,00000010,fe000ce3,0,00000000
1132,677,00000008,00108093,1,000000e2
1133,678,0000000c,00208463,0,00000000
1134,679,00000010,fe000ce3,0,00000000
1137,680,00000008,00108093,1,000000e3
1138,681,0000000c,00208463,0,00000000
1139,682,00000010,fe000ce3,0,00000000
1142,683,00000008,00108093,1,000000e4
1143,684,0000000c,00208463,0,00000000
1144,685,00000010,fe000ce3,0,00000000
1147,686,00000008,00108093,1,000000e5
1148,687,0000000c,00208463,0,00000000
1149,688,00000010,fe000ce3,0,00000000
1152,689,00000008,00108093,1,000000e6
1153,690,0000000c,00208463,0,00000000
1154,691,00000010,fe000ce3,0,00000000
1157,692,00000008,00108093,1,000000e7
1158,693,0000000c,00208463,0,00000000
1159,694,00000010,fe000ce3,0,00000000
1162,695,00000008,00108093,1,000000e8
1163,696,0000000c,00208463,0,00000000
1164,697,00000010,fe000ce3,0,00000000
1167,698,00000008,00108093,1,000000e9
1168,699,0000000c,00208463,0,00000000
1169,700,00000010,fe000ce3,0,00000000
1172,701,00000008,00108093,1,000000ea
1173,702,0000000c,00208463,0,00000000
1174,703,00000010,fe000ce3,0,00000000
1177,704,00000008,00108093,1,000000eb
1178,705,0000000c,00208463,0,00000000
1179,706,00000010,fe000ce3,0,00000000
1182,707,00000008,00108093,1,000000ec
1183,708,0000000c,00208463,0,00000000
1184,709,00000010,fe000ce3,0,00000000
1187,710,00000008,00108093,1,000000ed
1188,711,0000000c,00208463,0,00000000
1189,712,00000010,fe000ce3,0,00000000
1192,713,00000008,00108093,1,000000ee
1193,714,0000000c,00208463,0,00000000
1194,715,00000010,fe000ce3,0,00000000
1197,716,00000008,00108093,1,000000ef
1198,717,0000000c,00208463,0,00000000
1199,718,00000010,fe000ce3,0,00000000
1202,719,00000008,00108093,1,000000f0
1203,720,0000000c,00208463,0,00000000
1204,721,00000010,fe000ce3,0,00000000
1207,722,00000008,00108093,1,000000f1
1208,723,0000000c,00208463,0,00000000
1209,724,00000010,fe000ce3,0,00000000
1212,725,00000008,00108093,1,000000f2
1213,726,0000000c,00208463,0,00000000
1214,727,00000010,fe000ce3,0,00000000
1217,728,00000008,00108093,1,000000f3
1218,729,0000000c,00208463,0,00000000
1219,730,00000010,fe000ce3,0,00000000
1222,731,00000008,00108093,1,000000f4
1223,732,0000000c,00208463,0,00000000
1224,733,00000010,fe000ce3,0,00000000
1227,734,00000008,00108093,1,000000f5
1228,735,0000000c,00208463,0,00000000
1229,736,00000010,fe000ce3,0,00000000
1232,737,00000008,00108093,1,000000f6
1233,738,0000000c,00208463,0,00000000
1234,739,00000010,fe000ce3,0,00000000
1237,740,00000008,00108093,1,000000f7
1238,741,0000000c,00208463,0,00000000
1239,742,00000010,fe000ce3,0,00000000
1242,743,00000008,00108093,1,000000f8
1243,744,0000000c,00208463,0,00000000
1244,745,00000010,fe000ce3,0,00000000
1247,746,00000008,00108093,1,000000f9
1248,747,0000000c,00208463,0,00000000
1249,748,00000010,fe000ce3,0,00000000
1252,749,00000008,00108093,1,000000fa
1253,750,0000000c,00208463,0,00000000
1254,751,00000010,fe000ce3,0,00000000
1257,752,00000008,00108093,1,000000fb
1258,753,0000000c,00208463,0,00000000
1259,754,00000010,fe000ce3,0,00000000
1262,755,00000008,00108093,1,000000fc
1263,756,0000000c,00208463,0,00000000
1264,757,00000010,fe000ce3,0,00000000
1267,758,00000008,00108093,1,000000fd
1268,759,0000000c,00208463,0,00000000
1269,760,00000010,fe000ce3,0,00000000
1272,761,00000008,00108093,1,000000fe
1273,762,0000000c,00208463,0,00000000
1274,763,00000010,fe000ce3,0,00000000
1277,764,00000008,00108093,1,000000ff
1278,765,0000000c,00208463,0,00000000
1279,766,00000010,fe000ce3,0,00000000
1282,767,00000008,00108093,1,00000100
1283,768,0000000c,00208463,0,00000000
1284,769,00000010,fe000ce3,0,00000000
1287,770,00000008,00108093,1,00000101
1288,771,0000000c,00208463,0,00000000
1289,772,00000010,fe000ce3,0,00000000
1292,773,00000008,00108093,1,00000102
1293,774,0000000c,00208463,0,00000000
1294,775,00000010,fe000ce3,0,00000000
1297,776,00000008,00108093,1,00000103
1298,777,0000000c,00208463,0,00000000
1299,778,00000010,fe000ce3,0,00000000
1302,779,00000008,00108093,1,00000104
1303,780,0000000c,00208463,0,00000000
1304,781,00000010,fe000ce3,0,00000000
1307,782,00000008,00108093,1,00000105
1308,783,0000000c,00208463,0,00000000
1309,784,00000010,fe000ce3,0,00000000
1312,785,00000008,00108093,1,00000106
1313,786,0000000c,00208463,0,00000000
1314,787,00000010,fe000ce3,0,00000000
1317,788,00000008,00108093,1,00000107
1318,789,0000000c,00208463,0,00000000
1319,790,00000010,fe000ce3,0,00000000
1322,791,00000008,00108093,1,00000108
1323,792,0000000c,00208463,0,00000000
1324,793,00000010,fe000ce3,0,00000000
1327,794,00000008,00108093,1,00000109
1328,795,0000000c,00208463,0,00000000
1329,796,00000010,fe000ce3,0,00000000
1332,797,00000008,00108093,1,0000010a
1333,798,0000000c,00208463,0,00000000
1334,799,00000010,fe000ce3,0,00000000
1337,800,00000008,00108093,1,0000010b
1338,801,0000000c,00208463,0,00000000
1339,802,00000010,fe000ce3,0,00000000
1342,803,00000008,00108093,1,0000010c
1343,804,0000000c,00208463,0,00000000
1344,805,00000010,fe000ce3,0,00000000
1347,806,00000008,00108093,1,0000010d
1348,807,0000000c,00208463,0,00000000
1349,808,00000010,fe000ce3,0,00000000
1352,809,00000008,00108093,1,0000010e
1353,810,0000000c,00208463,0,00000000
1354,811,00000010,fe000ce3,0,00000000
1357,812,00000008,00108093,1,0000010f
1358,813,0000000c,00208463,0,00000000
1359,814,00000010,fe000ce3,0,00000000
1362,815,00000008,00108093,1,00000110
1363,816,0000000c,00208463,0,00000000
1364,817,00000010,fe000ce3,0,00000000
1367,818,00000008,00108093,1,00000111
1368,819,0000000c,00208463,0,00000000
1369,820,00000010,fe000ce3,0,00000000
1372,821,00000008,00108093,1,00000112
1373,822,0000000c,00208463,0,00000000
1374,823,00000010,fe000ce3,0,00000000
1377,824,00000008,00108093,1,00000113
1378,825,0000000c,00208463,0,00000000
1379,826,00000010,fe000ce3,0,00000000
1382,827,00000008,00108093,1,00000114
1383,828,0000000c,00208463,0,00000000
1384,829,00000010,fe000ce3,0,00000000
1387,830,00000008,00108093,1,00000115
1388,831,0000000c,00208463,0,00000000
1389,832,00000010,fe000ce3,0,00000000
1392,833,00000008,00108093,1,00000116
1393,834,0000000c,00208463,0,00000000
1394,835,00000010,fe000ce3,0,00000000
1397,836,00000008,00108093,1,00000117
1398,837,0000000c,00208463,0,00000000
1399,838,00000010,fe000ce3,0,00000000
1402,839,00000008,00108093,1,00000118
1403,840,0000000c,00208463,0,00000000
1404,841,00000010,fe000ce3,0,00000000
1407,842,00000008,00108093,1,00000119
1408,843,0000000c,00208463,0,00000000
1409,844,00000010,fe000ce3,0,00000000
1412,845,00000008,00108093,1,0000011a
1413,846,0000000c,00208463,0,00000000
1414,847,00000010,fe000ce3,0,00000000
1417,848,00000008,00108093,1,0000011b
1418,849,0000000c,00208463,0,00000000
1419,850,00000010,fe000ce3,0,00000000
1422,851,00000008,00108093,1,0000011c
1423,852,0000000c,00208463,0,00000000
1424,853,00000010,fe000ce3,0,00000000
1427,854,00000008,00108093,1,0000011d
1428,855,0000000c,00208463,0,00000000
1429,856,00000010,fe000ce3,0,00000000
1432,857,00000008,00108093,1,0000011e
1433,858,0000000c,00208463,0,00000000
1434,859,00000010,fe000ce3,0,00000000
1437,860,00000008,00108093,1,0000011f
1438,861,0000000c,00208463,0,00000000
1439,862,00000010,fe000ce3,0,00000000
1442,863,00000008,00108093,1,00000120
1443,864,0000000c,00208463,0,00000000
1444,865,00000010,fe000ce3,0,00000000
1447,866,00000008,00108093,1,00000121
1448,867,0000000c,00208463,0,00000000
1449,868,00000010,fe000ce3,0,00000000
1452,869,00000008,00108093,1,00000122
1453,870,0000000c,00208463,0,00000000
1454,871,00000010,fe000ce3,0,00000000
1457,872,00000008,00108093,1,00000123
1458,873,0000000c,00208463,0,00000000
1459,874,00000010,fe000ce3,0,00000000
1462,875,00000008,00108093,1,00000124
1463,876,0000000c,00208463,0,00000000
1464,877,00000010,fe000ce3,0,00000000
1467,878,00000008,00108093,1,00000125
1468,879,0000000c,00208463,0,00000000
1469,880,00000010,fe000ce3,0,00000000
1472,881,00000008,00108093,1,00000126
1473,882,0000000c,00208463,0,00000000
1474,883,00000010,fe000ce3,0,00000000
1477,884,00000008,00108093,1,00000127
1478,885,0000000c,00208463,0,00000000
1479,886,00000010,fe000ce3,0,00000000
1482,887,00000008,00108093,1,00000128
1483,888,0000000c,00208463,0,00000000
1484,889,00000010,fe000ce3,0,00000000
1487,890,00000008,00108093,1,00000129
1488,891,0000000c,00208463,0,00000000
1489,892,00000010,fe000ce3,0,00000000
1492,893,00000008,00108093,1,0000012a
1493,894,0000000c,00208463,0,00000000
1494,895,00000010,fe000ce3,0,00000000
1497,896,00000008,00108093,1,0000012b
1498,897,0000000c,00208463,0,00000000
1499,898,00000010,fe000ce3,0,00000000
1502,899,00000008,00108093,1,0000012c
1503,900,0000000c,00208463,0,00000000
1504,901,00000010,fe000ce3,0,00000000
1507,902,00000008,00108093,1,0000012d
1508,903,0000000c,00208463,0,00000000
1509,904,00000010,fe000ce3,0,00000000
1512,905,00000008,00108093,1,0000012e
1513,906,0000000c,00208463,0,00000000
1514,907,00000010,fe000ce3,0,00000000
1517,908,00000008,00108093,1,0000012f
1518,909,0000000c,00208463,0,00000000
1519,910,00000010,fe000ce3,0,00000000
1522,911,00000008,00108093,1,00000130
1523,912,0000000c,00208463,0,00000000
1524,913,00000010,fe000ce3,0,00000000
1527,914,00000008,00108093,1,00000131
1528,915,0000000c,00208463,0,00000000
1529,916,00000010,fe000ce3,0,00000000
1532,917,00000008,00108093,1,00000132
1533,918,0000000c,00208463,0,00000000
1534,919,00000010,fe000ce3,0,00000000
1537,920,00000008,00108093,1,00000133
1538,921,0000000c,00208463,0,00000000
1539,922,00000010,fe000ce3,0,00000000
1542,923,00000008,00108093,1,00000134
1543,924,0000000c,00208463,0,00000000
1544,925,00000010,fe000ce3,0,00000000
1547,926,00000008,00108093,1,00000135
1548,927,0000000c,00208463,0,00000000
1549,928,00000010,fe000ce3,0,00000000
1552,929,00000008,00108093,1,00000136
1553,930,0000000c,00208463,0,00000000
1554,931,00000010,fe000ce3,0,00000000
1557,932,00000008,00108093,1,00000137
1558,933,0000000c,00208463,0,00000000
1559,934,00000010,fe000ce3,0,00000000
1562,935,00000008,00108093,1,00000138
1563,936,0000000c,00208463,0,00000000
1564,937,00000010,fe000ce3,0,00000000
1567,938,00000008,00108093,1,00000139
1568,939,0000000c,00208463,0,00000000
1569,940,00000010,fe000ce3,0,00000000
1572,941,00000008,00108093,1,0000013a
1573,942,0000000c,00208463,0,00000000
1574,943,00000010,fe000ce3,0,00000000
1577,944,00000008,00108093,1,0000013b
1578,945,0000000c,00208463,0,00000000
1579,946,00000010,fe000ce3,0,00000000
1582,947,00000008,00108093,1,0000013c
1583,948,0000000c,00208463,0,00000000
1584,949,00000010,fe000ce3,0,00000000
1587,950,00000008,00108093,1,0000013d
1588,951,0000000c,00208463,0,00000000
1589,952,00000010,fe000ce3,0,00000000
1592,953,00000008,00108093,1,0000013e
1593,954,0000000c,00208463,0,00000000
1594,955,00000010,fe000ce3,0,00000000
1597,956,00000008,00108093,1,0000013f
1598,957,0000000c,00208463,0,00000000
1599,958,00000010,fe000ce3,0,00000000
1602,959,00000008,00108093,1,00000140
1603,960,0000000c,00208463,0,00000000
1604,961,00000010,fe000ce3,0,00000000
1607,962,00000008,00108093,1,00000141
1608,963,0000000c,00208463,0,00000000
1609,964,00000010,fe000ce3,0,00000000
1612,965,00000008,00108093,1,00000142
1613,966,0000000c,00208463,0,00000000
1614,967,00000010,fe000ce3,0,00000000
1617,968,00000008,00108093,1,00000143
1618,969,0000000c,00208463,0,00000000
1619,970,00000010,fe000ce3,0,00000000
1622,971,00000008,00108093,1,00000144
1623,972,0000000c,00208463,0,00000000
1624,973,00000010,fe000ce3,0,00000000
1627,974,00000008,00108093,1,00000145
1628,975,0000000c,00208463,0,00000000
1629,976,00000010,fe000ce3,0,00000000
1632,977,00000008,00108093,1,00000146
1633,978,0000000c,00208463,0,00000000
1634,979,00000010,fe000ce3,0,00000000
1637,980,00000008,00108093,1,00000147
1638,981,0000000c,00208463,0,00000000
1639,982,00000010,fe000ce3,0,00000000
1642,983,00000008,00108093,1,00000148
1643,984,0000000c,00208463,0,00000000
1644,985,00000010,fe000ce3,0,00000000
1647,986,00000008,00108093,1,00000149
1648,987,0000000c,00208463,0,00000000
1649,988,00000010,fe000ce3,0,00000000
1652,989,00000008,00108093,1,0000014a
1653,990,0000000c,00208463,0,00000000
1654,991,00000010,fe000ce3,0,00000000
1657,992,00000008,00108093,1,0000014b
1658,993,0000000c,00208463,0,00000000
1659,994,00000010,fe000ce3,0,00000000
1662,995,00000008,00108093,1,0000014c
1663,996,0000000c,00208463,0,00000000
1664,997,00000010,fe000ce3,0,00000000
1667,998,00000008,00108093,1,0000014d
1668,999,0000000c,00208463,0,00000000
1669,1000,00000010,fe000ce3,0,00000000
1672,1001,00000008,00108093,1,0000014e
1673,1002,0000000c,00208463,0,00000000
1674,1003,00000010,fe000ce3,0,00000000
1677,1004,00000008,00108093,1,0000014f
1678,1005,0000000c,00208463,0,00000000
1679,1006,00000010,fe000ce3,0,00000000
1682,1007,00000008,00108093,1,00000150
1683,1008,0000000c,00208463,0,00000000
1684,1009,00000010,fe000ce3,0,00000000
1687,1010,00000008,00108093,1,00000151
1688,1011,0000000c,00208463,0,00000000
1689,1012,00000010,fe000ce3,0,00000000
1692,1013,00000008,00108093,1,00000152
1693,1014,0000000c,00208463,0,00000000
1694,1015,00000010,fe000ce3,0,00000000
1697,1016,00000008,00108093,1,00000153
1698,1017,0000000c,00208463,0,00000000
1699,1018,00000010,fe000ce3,0,00000000
1702,1019,00000008,00108093,1,00000154
1703,1020,0000000c,00208463,0,00000000
1704,1021,00000010,fe000ce3,0,00000000
1707,1022,00000008,00108093,1,00000155
1708,1023,0000000c,00208463,0,00000000
1709,1024,00000010,fe000ce3,0,00000000
1712,1025,00000008,00108093,1,00000156
1713,1026,0000000c,00208463,0,00000000
1714,1027,00000010,fe000ce3,0,00000000
1717,1028,00000008,00108093,1,00000157
1718,1029,0000000c,00208463,0,00000000
1719,1030,00000010,fe000ce3,0,00000000
1722,1031,00000008,00108093,1,00000158
1723,1032,0000000c,00208463,0,00000000
1724,1033,00000010,fe000ce3,0,00000000
1727,1034,00000008,00108093,1,00000159
1728,1035,0000000c,00208463,0,00000000
1729,1036,00000010,fe000ce3,0,00000000
1732,1037,00000008,00108093,1,0000015a
1733,1038,0000000c,00208463,0,00000000
1734,1039,00000010,fe000ce3,0,00000000
1737,1040,00000008,00108093,1,0000015b
1738,1041,0000000c,00208463,0,00000000
1739,1042,00000010,fe000ce3,0,00000000
1742,1043,00000008,00108093,1,0000015c
1743,1044,0000000c,00208463,0,00000000
1744,1045,00000010,fe000ce3,0,00000000
1747,1046,00000008,00108093,1,0000015d
1748,1047,0000000c,00208463,0,00000000
1749,1048,00000010,fe000ce3,0,00000000
1752,1049,00000008,00108093,1,0000015e
1753,1050,0000000c,00208463,0,00000000
1754,1051,00000010,fe000ce3,0,00000000
1757,1052,00000008,00108093,1,0000015f
1758,1053,0000000c,00208463,0,00000000
1759,1054,00000010,fe000ce3,0,00000000
1762,1055,00000008,00108093,1,00000160
1763,1056,0000000c,00208463,0,00000000
1764,1057,00000010,fe000ce3,0,00000000
1767,1058,00000008,00108093,1,00000161
1768,1059,0000000c,00208463,0,00000000
1769,1060,00000010,fe000ce3,0,00000000
1772,1061,00000008,00108093,1,00000162
1773,1062,0000000c,00208463,0,00000000
1774,1063,00000010,fe000ce3,0,00000000
1777,1064,00000008,00108093,1,00000163
1778,1065,0000000c,00208463,0,00000000
1779,1066,00000010,fe000ce3,0,00000000
1782,1067,00000008,00108093,1,00000164
1783,1068,0000000c,00208463,0,00000000
1784,1069,00000010,fe000ce3,0,00000000
1787,1070,00000008,00108093,1,00000165
1788,1071,0000000c,00208463,0,00000000
1789,1072,00000010,fe000ce3,0,00000000
1792,1073,00000008,00108093,1,00000166
1793,1074,0000000c,00208463,0,00000000
1794,1075,00000010,fe000ce3,0,00000000
1797,1076,00000008,00108093,1,00000167
1798,1077,0000000c,00208463,0,00000000
1799,1078,00000010,fe000ce3,0,00000000
1802,1079,00000008,00108093,1,00000168
1803,1080,0000000c,00208463,0,00000000
1804,1081,00000010,fe000ce3,0,00000000
1807,1082,00000008,00108093,1,00000169
1808,1083,0000000c,00208463,0,00000000
1809,1084,00000010,fe000ce3,0,00000000
1812,1085,00000008,00108093,1,0000016a
1813,1086,0000000c,00208463,0,00000000
1814,1087,00000010,fe000ce3,0,00000000
1817,1088,00000008,00108093,1,0000016b
1818,1089,0000000c,00208463,0,00000000
1819,1090,00000010,fe000ce3,0,00000000
1822,1091,00000008,00108093,1,0000016c
1823,1092,0000000c,00208463,0,00000000
1824,1093,00000010,fe000ce3,0,00000000
1827,1094,00000008,00108093,1,0000016d
1828,1095,0000000c,00208463,0,00000000
1829,1096,00000010,fe000ce3,0,00000000
1832,1097,00000008,00108093,1,0000016e
1833,1098,0000000c,00208463,0,00000000
1834,1099,00000010,fe000ce3,0,00000000
1837,1100,00000008,00108093,1,0000016f
1838,1101,0000000c,00208463,0,00000000
1839,1102,00000010,fe000ce3,0,00000000
1842,1103,00000008,00108093,1,00000170
1843,1104,0000000c,00208463,0,00000000
1844,1105,00000010,fe000ce3,0,00000000
1847,1106,00000008,00108093,1,00000171
1848,1107,0000000c,00208463,0,00000000
1849,1108,00000010,fe000ce3,0,00000000
1852,1109,00000008,00108093,1,00000172
1853,1110,0000000c,00208463,0,00000000
1854,1111,00000010,fe000ce3,0,00000000
1857,1112,00000008,00108093,1,00000173
1858,1113,0000000c,00208463,0,00000000
1859,1114,00000010,fe000ce3,0,00000000
1862,1115,00000008,00108093,1,00000174
1863,1116,0000000c,00208463,0,00000000
1864,1117,00000010,fe000ce3,0,00000000
1867,1118,00000008,00108093,1,00000175
1868,1119,0000000c,00208463,0,00000000
1869,1120,00000010,fe000ce3,0,00000000
1872,1121,00000008,00108093,1,00000176
1873,1122,0000000c,00208463,0,00000000
1874,1123,00000010,fe000ce3,0,00000000
1877,1124,00000008,00108093,1,00000177
1878,1125,0000000c,00208463,0,00000000
1879,1126,00000010,fe000ce3,0,00000000
1882,1127,00000008,00108093,1,00000178
1883,1128,0000000c,00208463,0,00000000
1884,1129,00000010,fe000ce3,0,00000000
1887,1130,00000008,00108093,1,00000179
1888,1131,0000000c,00208463,0,00000000
1889,1132,00000010,fe000ce3,0,00000000
1892,1133,00000008,00108093,1,0000017a
1893,1134,0000000c,00208463,0,00000000
1894,1135,00000010,fe000ce3,0,00000000
1897,1136,00000008,00108093,1,0000017b
1898,1137,0000000c,00208463,0,00000000
1899,1138,00000010,fe000ce3,0,00000000
1902,1139,00000008,00108093,1,0000017c
1903,1140,0000000c,00208463,0,00000000
1904,1141,00000010,fe000ce3,0,00000000
1907,1142,00000008,00108093,1,0000017d
1908,1143,0000000c,00208463,0,00000000
1909,1144,00000010,fe000ce3,0,00000000
1912,1145,00000008,00108093,1,0000017e
1913,1146,0000000c,00208463,0,00000000
1914,1147,00000010,fe000ce3,0,00000000
1917,1148,00000008,00108093,1,0000017f
1918,1149,0000000c,00208463,0,00000000
1919,1150,00000010,fe000ce3,0,00000000
1922,1151,00000008,00108093,1,00000180
1923,1152,0000000c,00208463,0,00000000
1924,1153,00000010,fe000ce3,0,00000000
1927,1154,00000008,00108093,1,00000181
1928,1155,0000000c,00208463,0,00000000
1929,1156,00000010,fe000ce3,0,00000000
1932,1157,00000008,00108093,1,00000182
1933,1158,0000000c,00208463,0,00000000
1934,1159,00000010,fe000ce3,0,00000000
1937,1160,00000008,00108093,1,00000183
1938,1161,0000000c,00208463,0,00000000
1939,1162,00000010,fe000ce3,0,00000000
1942,1163,00000008,00108093,1,00000184
1943,1164,0000000c,00208463,0,00000000
1944,1165,00000010,fe000ce3,0,00000000
1947,1166,00000008,00108093,1,00000185
1948,1167,0000000c,00208463,0,00000000
1949,1168,00000010,fe000ce3,0,00000000
1952,1169,00000008,00108093,1,00000186
1953,1170,0000000c,00208463,0,00000000
1954,1171,00000010,fe000ce3,0,00000000
1957,1172,00000008,00108093,1,00000187
1958,1173,0000000c,00208463,0,00000000
1959,1174,00000010,fe000ce3,0,00000000
1962,1175,00000008,00108093,1,00000188
1963,1176,0000000c,00208463,0,00000000
1964,1177,00000010,fe000ce3,0,00000000
1967,1178,00000008,00108093,1,00000189
1968,1179,0000000c,00208463,0,00000000
1969,1180,00000010,fe000ce3,0,00000000
1972,1181,00000008,00108093,1,0000018a
1973,1182,0000000c,00208463,0,00000000
1974,1183,00000010,fe000ce3,0,00000000
1977,1184,00000008,00108093,1,0000018b
1978,1185,0000000c,00208463,0,00000000
1979,1186,00000010,fe000ce3,0,00000000
1982,1187,00000008,00108093,1,0000018c
1983,1188,0000000c,00208463,0,00000000
1984,1189,00000010,fe000ce3,0,00000000
1987,1190,00000008,00108093,1,0000018d
1988,1191,0000000c,00208463,0,00000000
1989,1192,00000010,fe000ce3,0,00000000
1992,1193,00000008,00108093,1,0000018e
1993,1194,0000000c,00208463,0,00000000
1994,1195,00000010,fe000ce3,0,00000000
1997,1196,00000008,00108093,1,0000018f
1998,1197,0000000c,00208463,0,00000000
1999,1198,00000010,fe000ce3,0,00000000
2002,1199,00000008,00108093,1,00000190
2003,1200,0000000c,00208463,0,00000000
2004,1201,00000010,fe000ce3,0,00000000
2007,1202,00000008,00108093,1,00000191
2008,1203,0000000c,00208463,0,00000000
2009,1204,00000010,fe000ce3,0,00000000
2012,1205,00000008,00108093,1,00000192
2013,1206,0000000c,00208463,0,00000000
2014,1207,00000010,fe000ce3,0,00000000
2017,1208,00000008,00108093,1,00000193
2018,1209,0000000c,00208463,0,00000000
2019,1210,00000010,fe000ce3,0,00000000
2022,1211,00000008,00108093,1,00000194
2023,1212,0000000c,00208463,0,00000000
2024,1213,00000010,fe000ce3,0,00000000
2027,1214,00000008,00108093,1,00000195
2028,1215,0000000c,00208463,0,00000000
2029,1216,00000010,fe000ce3,0,00000000
2032,1217,00000008,00108093,1,00000196
2033,1218,0000000c,00208463,0,00000000
2034,1219,00000010,fe000ce3,0,00000000
2037,1220,00000008,00108093,1,00000197
2038,1221,0000000c,00208463,0,00000000
2039,1222,00000010,fe000ce3,0,00000000
2042,1223,00000008,00108093,1,00000198
2043,1224,0000000c,00208463,0,00000000
2044,1225,00000010,fe000ce3,0,00000000
2047,1226,00000008,00108093,1,00000199
2048,1227,0000000c,00208463,0,00000000
2049,1228,00000010,fe000ce3,0,00000000
2052,1229,00000008,00108093,1,0000019a
2053,1230,0000000c,00208463,0,00000000
2054,1231,00000010,fe000ce3,0,00000000
2057,1232,00000008,00108093,1,0000019b
2058,1233,0000000c,00208463,0,00000000
2059,1234,00000010,fe000ce3,0,00000000
2062,1235,00000008,00108093,1,0000019c
2063,1236,0000000c,00208463,0,00000000
2064,1237,00000010,fe000ce3,0,00000000
2067,1238,00000008,00108093,1,0000019d
2068,1239,0000000c,00208463,0,00000000
2069,1240,00000010,fe000ce3,0,00000000
2072,1241,00000008,00108093,1,0000019e
2073,1242,0000000c,00208463,0,00000000
2074,1243,00000010,fe000ce3,0,00000000
2077,1244,00000008,00108093,1,0000019f
2078,1245,0000000c,00208463,0,00000000
2079,1246,00000010,fe000ce3,0,00000000
2082,1247,00000008,00108093,1,000001a0
2083,1248,0000000c,00208463,0,00000000
2084,1249,00000010,fe000ce3,0,00000000
2087,1250,00000008,00108093,1,000001a1
2088,1251,0000000c,00208463,0,00000000
2089,1252,00000010,fe000ce3,0,00000000
2092,1253,00000008,00108093,1,000001a2
2093,1254,0000000c,00208463,0,00000000
2094,1255,00000010,fe000ce3,0,00000000
2097,1256,00000008,00108093,1,000001a3
2098,1257,0000000c,00208463,0,00000000
2099,1258,00000010,fe000ce3,0,00000000
2102,1259,00000008,00108093,1,000001a4
2103,1260,0000000c,00208463,0,00000000
2104,1261,00000010,fe000ce3,0,00000000
2107,1262,00000008,00108093,1,000001a5
2108,1263,0000000c,00208463,0,00000000
2109,1264,00000010,fe000ce3,0,00000000
2112,1265,00000008,00108093,1,000001a6
2113,1266,0000000c,00208463,0,00000000
2114,1267,00000010,fe000ce3,0,00000000
2117,1268,00000008,00108093,1,000001a7
2118,1269,0000000c,00208463,0,00000000
2119,1270,00000010,fe000ce3,0,00000000
2122,1271,00000008,00108093,1,000001a8
2123,1272,0000000c,00208463,0,00000000
2124,1273,00000010,fe000ce3,0,00000000
2127,1274,00000008,00108093,1,000001a9
2128,1275,0000000c,00208463,0,00000000
2129,1276,00000010,fe000ce3,0,00000000
2132,1277,00000008,00108093,1,000001aa
2133,1278,0000000c,00208463,0,00000000
2134,1279,00000010,fe000ce3,0,00000000
2137,1280,00000008,00108093,1,000001ab
2138,1281,0000000c,00208463,0,00000000
2139,1282,00000010,fe000ce3,0,00000000
2142,1283,00000008,00108093,1,000001ac
2143,1284,0000000c,00208463,0,00000000
2144,1285,00000010,fe000ce3,0,00000000
2147,1286,00000008,00108093,1,000001ad
2148,1287,0000000c,00208463,0,00000000
2149,1288,00000010,fe000ce3,0,00000000
2152,1289,00000008,00108093,1,000001ae
2153,1290,0000000c,00208463,0,00000000
2154,1291,00000010,fe000ce3,0,00000000
2157,1292,00000008,00108093,1,000001af
2158,1293,0000000c,00208463,0,00000000
2159,1294,00000010,fe000ce3,0,00000000
2162,1295,00000008,00108093,1,000001b0
2163,1296,0000000c,00208463,0,00000000
2164,1297,00000010,fe000ce3,0,00000000
2167,1298,00000008,00108093,1,000001b1
2168,1299,0000000c,00208463,0,00000000
2169,1300,00000010,fe000ce3,0,00000000
2172,1301,00000008,00108093,1,000001b2
2173,1302,0000000c,00208463,0,00000000
2174,1303,00000010,fe000ce3,0,00000000
2177,1304,00000008,00108093,1,000001b3
2178,1305,0000000c,00208463,0,00000000
2179,1306,00000010,fe000ce3,0,00000000
2182,1307,00000008,00108093,1,000001b4
2183,1308,0000000c,00208463,0,00000000
2184,1309,00000010,fe000ce3,0,00000000
2187,1310,00000008,00108093,1,000001b5
2188,1311,0000000c,00208463,0,00000000
2189,1312,00000010,fe000ce3,0,00000000
2192,1313,00000008,00108093,1,000001b6
2193,1314,0000000c,00208463,0,00000000
2194,1315,00000010,fe000ce3,0,00000000
2197,1316,00000008,00108093,1,000001b7
2198,1317,0000000c,00208463,0,00000000
2199,1318,00000010,fe000ce3,0,00000000
2202,1319,00000008,00108093,1,000001b8
2203,1320,0000000c,00208463,0,00000000
2204,1321,00000010,fe000ce3,0,00000000
2207,1322,00000008,00108093,1,000001b9
2208,1323,0000000c,00208463,0,00000000
2209,1324,00000010,fe000ce3,0,00000000
2212,1325,00000008,00108093,1,000001ba
2213,1326,0000000c,00208463,0,00000000
2214,1327,00000010,fe000ce3,0,00000000
2217,1328,00000008,00108093,1,000001bb
2218,1329,0000000c,00208463,0,00000000
2219,1330,00000010,fe000ce3,0,00000000
2222,1331,00000008,00108093,1,000001bc
2223,1332,0000000c,00208463,0,00000000
2224,1333,00000010,fe000ce3,0,00000000
2227,1334,00000008,00108093,1,000001bd
2228,1335,0000000c,00208463,0,00000000
2229,1336,00000010,fe000ce3,0,00000000
2232,1337,00000008,00108093,1,000001be
2233,1338,0000000c,00208463,0,00000000
2234,1339,00000010,fe000ce3,0,00000000
2237,1340,00000008,00108093,1,000001bf
2238,1341,0000000c,00208463,0,00000000
2239,1342,00000010,fe000ce3,0,00000000
2242,1343,00000008,00108093,1,000001c0
2243,1344,0000000c,00208463,0,00000000
2244,1345,00000010,fe000ce3,0,00000000
2247,1346,00000008,00108093,1,000001c1
2248,1347,0000000c,00208463,0,00000000
2249,1348,00000010,fe000ce3,0,00000000
2252,1349,00000008,00108093,1,000001c2
2253,1350,0000000c,00208463,0,00000000
2254,1351,00000010,fe000ce3,0,00000000
2257,1352,00000008,00108093,1,000001c3
2258,1353,0000000c,00208463,0,00000000
2259,1354,00000010,fe000ce3,0,00000000
2262,1355,00000008,00108093,1,000001c4
2263,1356,0000000c,00208463,0,00000000
2264,1357,00000010,fe000ce3,0,00000000
2267,1358,00000008,00108093,1,000001c5
2268,1359,0000000c,00208463,0,00000000
2269,1360,00000010,fe000ce3,0,00000000
2272,1361,00000008,00108093,1,000001c6
2273,1362,0000000c,00208463,0,00000000
2274,1363,00000010,fe000ce3,0,00000000
2277,1364,00000008,00108093,1,000001c7
2278,1365,0000000c,00208463,0,00000000
2279,1366,00000010,fe000ce3,0,00000000
2282,1367,00000008,00108093,1,000001c8
2283,1368,0000000c,00208463,0,00000000
2284,1369,00000010,fe000ce3,0,00000000
2287,1370,00000008,00108093,1,000001c9
2288,1371,0000000c,00208463,0,00000000
2289,1372,00000010,fe000ce3,0,00000000
2292,1373,00000008,00108093,1,000001ca
2293,1374,0000000c,00208463,0,00000000
2294,1375,00000010,fe000ce3,0,00000000
2297,1376,00000008,00108093,1,000001cb
2298,1377,0000000c,00208463,0,00000000
2299,1378,00000010,fe000ce3,0,00000000
2302,1379,00000008,00108093,1,000001cc
2303,1380,0000000c,00208463,0,00000000
2304,1381,00000010,fe000ce3,0,00000000
2307,1382,00000008,00108093,1,000001cd
2308,1383,0000000c,00208463,0,00000000
2309,1384,00000010,fe000ce3,0,00000000
2312,1385,00000008,00108093,1,000001ce
2313,1386,0000000c,00208463,0,00000000
2314,1387,00000010,fe000ce3,0,00000000
2317,1388,00000008,00108093,1,000001cf
2318,1389,0000000c,00208463,0,00000000
2319,1390,00000010,fe000ce3,0,00000000
2322,1391,00000008,00108093,1,000001d0
2323,1392,0000000c,00208463,0,00000000
2324,1393,00000010,fe000ce3,0,00000000
2327,1394,00000008,00108093,1,000001d1
2328,1395,0000000c,00208463,0,00000000
2329,1396,00000010,fe000ce3,0,00000000
2332,1397,00000008,00108093,1,000001d2
2333,1398,0000000c,00208463,0,00000000
2334,1399,00000010,fe000ce3,0,00000000
2337,1400,00000008,00108093,1,000001d3
2338,1401,0000000c,00208463,0,00000000
2339,1402,00000010,fe000ce3,0,00000000
2342,1403,00000008,00108093,1,000001d4
2343,1404,0000000c,00208463,0,00000000
2344,1405,00000010,fe000ce3,0,00000000
2347,1406,00000008,00108093,1,000001d5
2348,1407,0000000c,00208463,0,00000000
2349,1408,00000010,fe000ce3,0,00000000
2352,1409,00000008,00108093,1,000001d6
2353,1410,0000000c,00208463,0,00000000
2354,1411,00000010,fe000ce3,0,00000000
2357,1412,00000008,00108093,1,000001d7
2358,1413,0000000c,00208463,0,00000000
2359,1414,00000010,fe000ce3,0,00000000
2362,1415,00000008,00108093,1,000001d8
2363,1416,0000000c,00208463,0,00000000
2364,1417,00000010,fe000ce3,0,00000000
2367,1418,00000008,00108093,1,000001d9
2368,1419,0000000c,00208463,0,00000000
2369,1420,00000010,fe000ce3,0,00000000
2372,1421,00000008,00108093,1,000001da
2373,1422,0000000c,00208463,0,00000000
2374,1423,00000010,fe000ce3,0,00000000
2377,1424,00000008,00108093,1,000001db
2378,1425,0000000c,00208463,0,00000000
2379,1426,00000010,fe000ce3,0,00000000
2382,1427,00000008,00108093,1,000001dc
2383,1428,0000000c,00208463,0,00000000
2384,1429,00000010,fe000ce3,0,00000000
2387,1430,00000008,00108093,1,000001dd
2388,1431,0000000c,00208463,0,00000000
2389,1432,00000010,fe000ce3,0,00000000
2392,1433,00000008,00108093,1,000001de
2393,1434,0000000c,00208463,0,00000000
2394,1435,00000010,fe000ce3,0,00000000
2397,1436,00000008,00108093,1,000001df
2398,1437,0000000c,00208463,0,00000000
2399,1438,00000010,fe000ce3,0,00000000
2402,1439,00000008,00108093,1,000001e0
2403,1440,0000000c,00208463,0,00000000
2404,1441,00000010,fe000ce3,0,00000000
2407,1442,00000008,00108093,1,000001e1
2408,1443,0000000c,00208463,0,00000000
2409,1444,00000010,fe000ce3,0,00000000
2412,1445,00000008,00108093,1,000001e2
2413,1446,0000000c,00208463,0,00000000
2414,1447,00000010,fe000ce3,0,00000000
2417,1448,00000008,00108093,1,000001e3
2418,1449,0000000c,00208463,0,00000000
2419,1450,00000010,fe000ce3,0,00000000
2422,1451,00000008,00108093,1,000001e4
2423,1452,0000000c,00208463,0,00000000
2424,1453,00000010,fe000ce3,0,00000000
2427,1454,00000008,00108093,1,000001e5
2428,1455,0000000c,00208463,0,00000000
2429,1456,00000010,fe000ce3,0,00000000
2432,1457,00000008,00108093,1,000001e6
2433,1458,0000000c,00208463,0,00000000
2434,1459,00000010,fe000ce3,0,00000000
2437,1460,00000008,00108093,1,000001e7
2438,1461,0000000c,00208463,0,00000000
2439,1462,00000010,fe000ce3,0,00000000
2442,1463,00000008,00108093,1,000001e8
2443,1464,0000000c,00208463,0,00000000
2444,1465,00000010,fe000ce3,0,00000000
2447,1466,00000008,00108093,1,000001e9
2448,1467,0000000c,00208463,0,00000000
2449,1468,00000010,fe000ce3,0,00000000
2452,1469,00000008,00108093,1,000001ea
2453,1470,0000000c,00208463,0,00000000
2454,1471,00000010,fe000ce3,0,00000000
2457,1472,00000008,00108093,1,000001eb
2458,1473,0000000c,00208463,0,00000000
2459,1474,00000010,fe000ce3,0,00000000
2462,1475,00000008,00108093,1,000001ec
2463,1476,0000000c,00208463,0,00000000
2464,1477,00000010,fe000ce3,0,00000000
2467,1478,00000008,00108093,1,000001ed
2468,1479,0000000c,00208463,0,00000000
2469,1480,00000010,fe000ce3,0,00000000
2472,1481,00000008,00108093,1,000001ee
2473,1482,0000000c,00208463,0,00000000
2474,1483,00000010,fe000ce3,0,00000000
2477,1484,00000008,00108093,1,000001ef
2478,1485,0000000c,00208463,0,00000000
2479,1486,00000010,fe000ce3,0,00000000
2482,1487,00000008,00108093,1,000001f0
2483,1488,0000000c,00208463,0,00000000
2484,1489,00000010,fe000ce3,0,00000000
2487,1490,00000008,00108093,1,000001f1
2488,1491,0000000c,00208463,0,00000000
2489,1492,00000010,fe000ce3,0,00000000
2492,1493,00000008,00108093,1,000001f2
2493,1494,0000000c,00208463,0,00000000
2494,1495,00000010,fe000ce3,0,00000000
2497,1496,00000008,00108093,1,000001f3
2498,1497,0000000c,00208463,0,00000000
2499,1498,00000010,fe000ce3,0,00000000
2502,1499,00000008,00108093,1,000001f4
2503,1500,0000000c,00208463,0,00000000
2504,1501,00000010,fe000ce3,0,00000000
2507,1502,00000008,00108093,1,000001f5
2508,1503,0000000c,00208463,0,00000000
2509,1504,00000010,fe000ce3,0,00000000
2512,1505,00000008,00108093,1,000001f6
2513,1506,0000000c,00208463,0,00000000
2514,1507,00000010,fe000ce3,0,00000000
2517,1508,00000008,00108093,1,000001f7
2518,1509,0000000c,00208463,0,00000000
2519,1510,00000010,fe000ce3,0,00000000
2522,1511,00000008,00108093,1,000001f8
2523,1512,0000000c,00208463,0,00000000
2524,1513,00000010,fe000ce3,0,00000000
2527,1514,00000008,00108093,1,000001f9
2528,1515,0000000c,00208463,0,00000000
2529,1516,00000010,fe000ce3,0,00000000
2532,1517,00000008,00108093,1,000001fa
2533,1518,0000000c,00208463,0,00000000
2534,1519,00000010,fe000ce3,0,00000000
2537,1520,00000008,00108093,1,000001fb
2538,1521,0000000c,00208463,0,00000000
2539,1522,00000010,fe000ce3,0,00000000
2542,1523,00000008,00108093,1,000001fc
2543,1524,0000000c,00208463,0,00000000
2544,1525,00000010,fe000ce3,0,00000000
2547,1526,00000008,00108093,1,000001fd
2548,1527,0000000c,00208463,0,00000000
2549,1528,00000010,fe000ce3,0,00000000
2552,1529,00000008,00108093,1,000001fe
2553,1530,0000000c,00208463,0,00000000
2554,1531,00000010,fe000ce3,0,00000000
2557,1532,00000008,00108093,1,000001ff
2558,1533,0000000c,00208463,0,00000000
2559,1534,00000010,fe000ce3,0,00000000
2562,1535,00000008,00108093,1,00000200
2563,1536,0000000c,00208463,0,00000000
2564,1537,00000010,fe000ce3,0,00000000
2567,1538,00000008,00108093,1,00000201
2568,1539,0000000c,00208463,0,00000000
2569,1540,00000010,fe000ce3,0,00000000
2572,1541,00000008,00108093,1,00000202
2573,1542,0000000c,00208463,0,00000000
2574,1543,00000010,fe000ce3,0,00000000
2577,1544,00000008,00108093,1,00000203
2578,1545,0000000c,00208463,0,00000000
2579,1546,00000010,fe000ce3,0,00000000
2582,1547,00000008,00108093,1,00000204
2583,1548,0000000c,00208463,0,00000000
2584,1549,00000010,fe000ce3,0,00000000
2587,1550,00000008,00108093,1,00000205
2588,1551,0000000c,00208463,0,00000000
2589,1552,00000010,fe000ce3,0,00000000
2592,1553,00000008,00108093,1,00000206
2593,1554,0000000c,00208463,0,00000000
2594,1555,00000010,fe000ce3,0,00000000
2597,1556,00000008,00108093,1,00000207
2598,1557,0000000c,00208463,0,00000000
2599,1558,00000010,fe000ce3,0,00000000
2602,1559,00000008,00108093,1,00000208
2603,1560,0000000c,00208463,0,00000000
2604,1561,00000010,fe000ce3,0,00000000
2607,1562,00000008,00108093,1,00000209
2608,1563,0000000c,00208463,0,00000000
2609,1564,00000010,fe000ce3,0,00000000
2612,1565,00000008,00108093,1,0000020a
2613,1566,0000000c,00208463,0,00000000
2614,1567,00000010,fe000ce3,0,00000000
2617,1568,00000008,00108093,1,0000020b
2618,1569,0000000c,00208463,0,00000000
2619,1570,00000010,fe000ce3,0,00000000
2622,1571,00000008,00108093,1,0000020c
2623,1572,0000000c,00208463,0,00000000
2624,1573,00000010,fe000ce3,0,00000000
2627,1574,00000008,00108093,1,0000020d
2628,1575,0000000c,00208463,0,00000000
2629,1576,00000010,fe000ce3,0,00000000
2632,1577,00000008,00108093,1,0000020e
2633,1578,0000000c,00208463,0,00000000
2634,1579,00000010,fe000ce3,0,00000000
2637,1580,00000008,00108093,1,0000020f
2638,1581,0000000c,00208463,0,00000000
2639,1582,00000010,fe000ce3,0,00000000
2642,1583,00000008,00108093,1,00000210
2643,1584,0000000c,00208463,0,00000000
2644,1585,00000010,fe000ce3,0,00000000
2647,1586,00000008,00108093,1,00000211
2648,1587,0000000c,00208463,0,00000000
2649,1588,00000010,fe000ce3,0,00000000
2652,1589,00000008,00108093,1,00000212
2653,1590,0000000c,00208463,0,00000000
2654,1591,00000010,fe000ce3,0,00000000
2657,1592,00000008,00108093,1,00000213
2658,1593,0000000c,00208463,0,00000000
2659,1594,00000010,fe000ce3,0,00000000
2662,1595,00000008,00108093,1,00000214
2663,1596,0000000c,00208463,0,00000000
2664,1597,00000010,fe000ce3,0,00000000
2667,1598,00000008,00108093,1,00000215
2668,1599,0000000c,00208463,0,00000000
2669,1600,00000010,fe000ce3,0,00000000
2672,1601,00000008,00108093,1,00000216
2673,1602,0000000c,00208463,0,00000000
2674,1603,00000010,fe000ce3,0,00000000
2677,1604,00000008,00108093,1,00000217
2678,1605,0000000c,00208463,0,00000000
2679,1606,00000010,fe000ce3,0,00000000
2682,1607,00000008,00108093,1,00000218
2683,1608,0000000c,00208463,0,00000000
2684,1609,00000010,fe000ce3,0,00000000
2687,1610,00000008,00108093,1,00000219
2688,1611,0000000c,00208463,0,00000000
2689,1612,00000010,fe000ce3,0,00000000
2692,1613,00000008,00108093,1,0000021a
2693,1614,0000000c,00208463,0,00000000
2694,1615,00000010,fe000ce3,0,00000000
2697,1616,00000008,00108093,1,0000021b
2698,1617,0000000c,00208463,0,00000000
2699,1618,00000010,fe000ce3,0,00000000
2702,1619,00000008,00108093,1,0000021c
2703,1620,0000000c,00208463,0,00000000
2704,1621,00000010,fe000ce3,0,00000000
2707,1622,00000008,00108093,1,0000021d
2708,1623,0000000c,00208463,0,00000000
2709,1624,00000010,fe000ce3,0,00000000
2712,1625,00000008,00108093,1,0000021e
2713,1626,0000000c,00208463,0,00000000
2714,1627,00000010,fe000ce3,0,00000000
2717,1628,00000008,00108093,1,0000021f
2718,1629,0000000c,00208463,0,00000000
2719,1630,00000010,fe000ce3,0,00000000
2722,1631,00000008,00108093,1,00000220
2723,1632,0000000c,00208463,0,00000000
2724,1633,00000010,fe000ce3,0,00000000
2727,1634,00000008,00108093,1,00000221
2728,1635,0000000c,00208463,0,00000000
2729,1636,00000010,fe000ce3,0,00000000
2732,1637,00000008,00108093,1,00000222
2733,1638,0000000c,00208463,0,00000000
2734,1639,00000010,fe000ce3,0,00000000
2737,1640,00000008,00108093,1,00000223
2738,1641,0000000c,00208463,0,00000000
2739,1642,00000010,fe000ce3,0,00000000
2742,1643,00000008,00108093,1,00000224
2743,1644,0000000c,00208463,0,00000000
2744,1645,00000010,fe000ce3,0,00000000
2747,1646,00000008,00108093,1,00000225
2748,1647,0000000c,00208463,0,00000000
2749,1648,00000010,fe000ce3,0,00000000
2752,1649,00000008,00108093,1,00000226
2753,1650,0000000c,00208463,0,00000000
2754,1651,00000010,fe000ce3,0,00000000
2757,1652,00000008,00108093,1,00000227
2758,1653,0000000c,00208463,0,00000000
2759,1654,00000010,fe000ce3,0,00000000
2762,1655,00000008,00108093,1,00000228
2763,1656,0000000c,00208463,0,00000000
2764,1657,00000010,fe000ce3,0,00000000
2767,1658,00000008,00108093,1,00000229
2768,1659,0000000c,00208463,0,00000000
2769,1660,00000010,fe000ce3,0,00000000
2772,1661,00000008,00108093,1,0000022a
2773,1662,0000000c,00208463,0,00000000
2774,1663,00000010,fe000ce3,0,00000000
2777,1664,00000008,00108093,1,0000022b
2778,1665,0000000c,00208463,0,00000000
2779,1666,00000010,fe000ce3,0,00000000
2782,1667,00000008,00108093,1,0000022c
2783,1668,0000000c,00208463,0,00000000
2784,1669,00000010,fe000ce3,0,00000000
2787,1670,00000008,00108093,1,0000022d
2788,1671,0000000c,00208463,0,00000000
2789,1672,00000010,fe000ce3,0,00000000
2792,1673,00000008,00108093,1,0000022e
2793,1674,0000000c,00208463,0,00000000
2794,1675,00000010,fe000ce3,0,00000000
2797,1676,00000008,00108093,1,0000022f
2798,1677,0000000c,00208463,0,00000000
2799,1678,00000010,fe000ce3,0,00000000
2802,1679,00000008,00108093,1,00000230
2803,1680,0000000c,00208463,0,00000000
2804,1681,00000010,fe000ce3,0,00000000
2807,1682,00000008,00108093,1,00000231
2808,1683,0000000c,00208463,0,00000000
2809,1684,00000010,fe000ce3,0,00000000
2812,1685,00000008,00108093,1,00000232
2813,1686,0000000c,00208463,0,00000000
2814,1687,00000010,fe000ce3,0,00000000
2817,1688,00000008,00108093,1,00000233
2818,1689,0000000c,00208463,0,00000000
2819,1690,00000010,fe000ce3,0,00000000
2822,1691,00000008,00108093,1,00000234
2823,1692,0000000c,00208463,0,00000000
2824,1693,00000010,fe000ce3,0,00000000
2827,1694,00000008,00108093,1,00000235
2828,1695,0000000c,00208463,0,00000000
2829,1696,00000010,fe000ce3,0,00000000
2832,1697,00000008,00108093,1,00000236
2833,1698,0000000c,00208463,0,00000000
2834,1699,00000010,fe000ce3,0,00000000
2837,1700,00000008,00108093,1,00000237
2838,1701,0000000c,00208463,0,00000000
2839,1702,00000010,fe000ce3,0,00000000
2842,1703,00000008,00108093,1,00000238
2843,1704,0000000c,00208463,0,00000000
2844,1705,00000010,fe000ce3,0,00000000
2847,1706,00000008,00108093,1,00000239
2848,1707,0000000c,00208463,0,00000000
2849,1708,00000010,fe000ce3,0,00000000
2852,1709,00000008,00108093,1,0000023a
2853,1710,0000000c,00208463,0,00000000
2854,1711,00000010,fe000ce3,0,00000000
2857,1712,00000008,00108093,1,0000023b
2858,1713,0000000c,00208463,0,00000000
2859,1714,00000010,fe000ce3,0,00000000
2862,1715,00000008,00108093,1,0000023c
2863,1716,0000000c,00208463,0,00000000
2864,1717,00000010,fe000ce3,0,00000000
2867,1718,00000008,00108093,1,0000023d
2868,1719,0000000c,00208463,0,00000000
2869,1720,00000010,fe000ce3,0,00000000
2872,1721,00000008,00108093,1,0000023e
2873,1722,0000000c,00208463,0,00000000
2874,1723,00000010,fe000ce3,0,00000000
2877,1724,00000008,00108093,1,0000023f
2878,1725,0000000c,00208463,0,00000000
2879,1726,00000010,fe000ce3,0,00000000
2882,1727,00000008,00108093,1,00000240
2883,1728,0000000c,00208463,0,00000000
2884,1729,00000010,fe000ce3,0,00000000
2887,1730,00000008,00108093,1,00000241
2888,1731,0000000c,00208463,0,00000000
2889,1732,00000010,fe000ce3,0,00000000
2892,1733,00000008,00108093,1,00000242
2893,1734,0000000c,00208463,0,00000000
2894,1735,00000010,fe000ce3,0,00000000
2897,1736,00000008,00108093,1,00000243
2898,1737,0000000c,00208463,0,00000000
2899,1738,00000010,fe000ce3,0,00000000
2902,1739,00000008,00108093,1,00000244
2903,1740,0000000c,00208463,0,00000000
2904,1741,00000010,fe000ce3,0,00000000
2907,1742,00000008,00108093,1,00000245
2908,1743,0000000c,00208463,0,00000000
2909,1744,00000010,fe000ce3,0,00000000
2912,1745,00000008,00108093,1,00000246
2913,1746,0000000c,00208463,0,00000000
2914,1747,00000010,fe000ce3,0,00000000
2917,1748,00000008,00108093,1,00000247
2918,1749,0000000c,00208463,0,00000000
2919,1750,00000010,fe000ce3,0,00000000
2922,1751,00000008,00108093,1,00000248
2923,1752,0000000c,00208463,0,00000000
2924,1753,00000010,fe000ce3,0,00000000
2927,1754,00000008,00108093,1,00000249
2928,1755,0000000c,00208463,0,00000000
2929,1756,00000010,fe000ce3,0,00000000
2932,1757,00000008,00108093,1,0000024a
2933,1758,0000000c,00208463,0,00000000
2934,1759,00000010,fe000ce3,0,00000000
2937,1760,00000008,00108093,1,0000024b
2938,1761,0000000c,00208463,0,00000000
2939,1762,00000010,fe000ce3,0,00000000
2942,1763,00000008,00108093,1,0000024c
2943,1764,0000000c,00208463,0,00000000
2944,1765,00000010,fe000ce3,0,00000000
2947,1766,00000008,00108093,1,0000024d
2948,1767,0000000c,00208463,0,00000000
2949,1768,00000010,fe000ce3,0,00000000
2952,1769,00000008,00108093,1,0000024e
2953,1770,0000000c,00208463,0,00000000
2954,1771,00000010,fe000ce3,0,00000000
2957,1772,00000008,00108093,1,0000024f
2958,1773,0000000c,00208463,0,00000000
2959,1774,00000010,fe000ce3,0,00000000
2962,1775,00000008,00108093,1,00000250
2963,1776,0000000c,00208463,0,00000000
2964,1777,00000010,fe000ce3,0,00000000
2967,1778,00000008,00108093,1,00000251
2968,1779,0000000c,00208463,0,00000000
2969,1780,00000010,fe000ce3,0,00000000
2972,1781,00000008,00108093,1,00000252
2973,1782,0000000c,00208463,0,00000000
2974,1783,00000010,fe000ce3,0,00000000
2977,1784,00000008,00108093,1,00000253
2978,1785,0000000c,00208463,0,00000000
2979,1786,00000010,fe000ce3,0,00000000
2982,1787,00000008,00108093,1,00000254
2983,1788,0000000c,00208463,0,00000000
2984,1789,00000010,fe000ce3,0,00000000
2987,1790,00000008,00108093,1,00000255
2988,1791,0000000c,00208463,0,00000000
2989,1792,00000010,fe000ce3,0,00000000
2992,1793,00000008,00108093,1,00000256
2993,1794,0000000c,00208463,0,00000000
2994,1795,00000010,fe000ce3,0,00000000
2997,1796,00000008,00108093,1,00000257
2998,1797,0000000c,00208463,0,00000000
2999,1798,00000010,fe000ce3,0,00000000
3002,1799,00000008,00108093,1,00000258
3003,1800,0000000c,00208463,0,00000000
3004,1801,00000010,fe000ce3,0,00000000
3007,1802,00000008,00108093,1,00000259
3008,1803,0000000c,00208463,0,00000000
3009,1804,00000010,fe000ce3,0,00000000
3012,1805,00000008,00108093,1,0000025a
3013,1806,0000000c,00208463,0,00000000
3014,1807,00000010,fe000ce3,0,00000000
3017,1808,00000008,00108093,1,0000025b
3018,1809,0000000c,00208463,0,00000000
3019,1810,00000010,fe000ce3,0,00000000
3022,1811,00000008,00108093,1,0000025c
3023,1812,0000000c,00208463,0,00000000
3024,1813,00000010,fe000ce3,0,00000000
3027,1814,00000008,00108093,1,0000025d
3028,1815,0000000c,00208463,0,00000000
3029,1816,00000010,fe000ce3,0,00000000
3032,1817,00000008,00108093,1,0000025e
3033,1818,0000000c,00208463,0,00000000
3034,1819,00000010,fe000ce3,0,00000000
3037,1820,00000008,00108093,1,0000025f
3038,1821,0000000c,00208463,0,00000000
3039,1822,00000010,fe000ce3,0,00000000
3042,1823,00000008,00108093,1,00000260
3043,1824,0000000c,00208463,0,00000000
3044,1825,00000010,fe000ce3,0,00000000
3047,1826,00000008,00108093,1,00000261
3048,1827,0000000c,00208463,0,00000000
3049,1828,00000010,fe000ce3,0,00000000
3052,1829,00000008,00108093,1,00000262
3053,1830,0000000c,00208463,0,00000000
3054,1831,00000010,fe000ce3,0,00000000
3057,1832,00000008,00108093,1,00000263
3058,1833,0000000c,00208463,0,00000000
3059,1834,00000010,fe000ce3,0,00000000
3062,1835,00000008,00108093,1,00000264
3063,1836,0000000c,00208463,0,00000000
3064,1837,00000010,fe000ce3,0,00000000
3067,1838,00000008,00108093,1,00000265
3068,1839,0000000c,00208463,0,00000000
3069,1840,00000010,fe000ce3,0,00000000
3072,1841,00000008,00108093,1,00000266
3073,1842,0000000c,00208463,0,00000000
3074,1843,00000010,fe000ce3,0,00000000
3077,1844,00000008,00108093,1,00000267
3078,1845,0000000c,00208463,0,00000000
3079,1846,00000010,fe000ce3,0,00000000
3082,1847,00000008,00108093,1,00000268
3083,1848,0000000c,00208463,0,00000000
3084,1849,00000010,fe000ce3,0,00000000
3087,1850,00000008,00108093,1,00000269
3088,1851,0000000c,00208463,0,00000000
3089,1852,00000010,fe000ce3,0,00000000
3092,1853,00000008,00108093,1,0000026a
3093,1854,0000000c,00208463,0,00000000
3094,1855,00000010,fe000ce3,0,00000000
3097,1856,00000008,00108093,1,0000026b
3098,1857,0000000c,00208463,0,00000000
3099,1858,00000010,fe000ce3,0,00000000
3102,1859,00000008,00108093,1,0000026c
3103,1860,0000000c,00208463,0,00000000
3104,1861,00000010,fe000ce3,0,00000000
3107,1862,00000008,00108093,1,0000026d
3108,1863,0000000c,00208463,0,00000000
3109,1864,00000010,fe000ce3,0,00000000
3112,1865,00000008,00108093,1,0000026e
3113,1866,0000000c,00208463,0,00000000
3114,1867,00000010,fe000ce3,0,00000000
3117,1868,00000008,00108093,1,0000026f
3118,1869,0000000c,00208463,0,00000000
3119,1870,00000010,fe000ce3,0,00000000
3122,1871,00000008,00108093,1,00000270
3123,1872,0000000c,00208463,0,00000000
3124,1873,00000010,fe000ce3,0,00000000
3127,1874,00000008,00108093,1,00000271
3128,1875,0000000c,00208463,0,00000000
3129,1876,00000010,fe000ce3,0,00000000
3132,1877,00000008,00108093,1,00000272
3133,1878,0000000c,00208463,0,00000000
3134,1879,00000010,fe000ce3,0,00000000
3137,1880,00000008,00108093,1,00000273
3138,1881,0000000c,00208463,0,00000000
3139,1882,00000010,fe000ce3,0,00000000
3142,1883,00000008,00108093,1,00000274
3143,1884,0000000c,00208463,0,00000000
3144,1885,00000010,fe000ce3,0,00000000
3147,1886,00000008,00108093,1,00000275
3148,1887,0000000c,00208463,0,00000000
3149,1888,00000010,fe000ce3,0,00000000
3152,1889,00000008,00108093,1,00000276
3153,1890,0000000c,00208463,0,00000000
3154,1891,00000010,fe000ce3,0,00000000
3157,1892,00000008,00108093,1,00000277
3158,1893,0000000c,00208463,0,00000000
3159,1894,00000010,fe000ce3,0,00000000
3162,1895,00000008,00108093,1,00000278
3163,1896,0000000c,00208463,0,00000000
3164,1897,00000010,fe000ce3,0,00000000
3167,1898,00000008,00108093,1,00000279
3168,1899,0000000c,00208463,0,00000000
3169,1900,00000010,fe000ce3,0,00000000
3172,1901,00000008,00108093,1,0000027a
3173,1902,0000000c,00208463,0,00000000
3174,1903,00000010,fe000ce3,0,00000000
3177,1904,00000008,00108093,1,0000027b
3178,1905,0000000c,00208463,0,00000000
3179,1906,00000010,fe000ce3,0,00000000
3182,1907,00000008,00108093,1,0000027c
3183,1908,0000000c,00208463,0,00000000
3184,1909,00000010,fe000ce3,0,00000000
3187,1910,00000008,00108093,1,0000027d
3188,1911,0000000c,00208463,0,00000000
3189,1912,00000010,fe000ce3,0,00000000
3192,1913,00000008,00108093,1,0000027e
3193,1914,0000000c,00208463,0,00000000
3194,1915,00000010,fe000ce3,0,00000000
3197,1916,00000008,00108093,1,0000027f
3198,1917,0000000c,00208463,0,00000000
3199,1918,00000010,fe000ce3,0,00000000
3202,1919,00000008,00108093,1,00000280
3203,1920,0000000c,00208463,0,00000000
3204,1921,00000010,fe000ce3,0,00000000
3207,1922,00000008,00108093,1,00000281
3208,1923,0000000c,00208463,0,00000000
3209,1924,00000010,fe000ce3,0,00000000
3212,1925,00000008,00108093,1,00000282
3213,1926,0000000c,00208463,0,00000000
3214,1927,00000010,fe000ce3,0,00000000
3217,1928,00000008,00108093,1,00000283
3218,1929,0000000c,00208463,0,00000000
3219,1930,00000010,fe000ce3,0,00000000
3222,1931,00000008,00108093,1,00000284
3223,1932,0000000c,00208463,0,00000000
3224,1933,00000010,fe000ce3,0,00000000
3227,1934,00000008,00108093,1,00000285
3228,1935,0000000c,00208463,0,00000000
3229,1936,00000010,fe000ce3,0,00000000
3232,1937,00000008,00108093,1,00000286
3233,1938,0000000c,00208463,0,00000000
3234,1939,00000010,fe000ce3,0,00000000
3237,1940,00000008,00108093,1,00000287
3238,1941,0000000c,00208463,0,00000000
3239,1942,00000010,fe000ce3,0,00000000
3242,1943,00000008,00108093,1,00000288
3243,1944,0000000c,00208463,0,00000000
3244,1945,00000010,fe000ce3,0,00000000
3247,1946,00000008,00108093,1,00000289
3248,1947,0000000c,00208463,0,00000000
3249,1948,00000010,fe000ce3,0,00000000
3252,1949,00000008,00108093,1,0000028a
3253,1950,0000000c,00208463,0,00000000
3254,1951,00000010,fe000ce3,0,00000000
3257,1952,00000008,00108093,1,0000028b
3258,1953,0000000c,00208463,0,00000000
3259,1954,00000010,fe000ce3,0,00000000
3262,1955,00000008,00108093,1,0000028c
3263,1956,0000000c,00208463,0,00000000
3264,1957,00000010,fe000ce3,0,00000000
3267,1958,00000008,00108093,1,0000028d
3268,1959,0000000c,00208463,0,00000000
3269,1960,00000010,fe000ce3,0,00000000
3272,1961,00000008,00108093,1,0000028e
3273,1962,0000000c,00208463,0,00000000
3274,1963,00000010,fe000ce3,0,00000000
3277,1964,00000008,00108093,1,0000028f
3278,1965,0000000c,00208463,0,00000000
3279,1966,00000010,fe000ce3,0,00000000
3282,1967,00000008,00108093,1,00000290
3283,1968,0000000c,00208463,0,00000000
3284,1969,00000010,fe000ce3,0,00000000
3287,1970,00000008,00108093,1,00000291
3288,1971,0000000c,00208463,0,00000000
3289,1972,00000010,fe000ce3,0,00000000
3292,1973,00000008,00108093,1,00000292
3293,1974,0000000c,00208463,0,00000000
3294,1975,00000010,fe000ce3,0,00000000
3297,1976,00000008,00108093,1,00000293
3298,1977,0000000c,00208463,0,00000000
3299,1978,00000010,fe000ce3,0,00000000
3302,1979,00000008,00108093,1,00000294
3303,1980,0000000c,00208463,0,00000000
3304,1981,00000010,fe000ce3,0,00000000
3307,1982,00000008,00108093,1,00000295
3308,1983,0000000c,00208463,0,00000000
3309,1984,00000010,fe000ce3,0,00000000
3312,1985,00000008,00108093,1,00000296
3313,1986,0000000c,00208463,0,00000000
3314,1987,00000010,fe000ce3,0,00000000
3317,1988,00000008,00108093,1,00000297
3318,1989,0000000c,00208463,0,00000000
3319,1990,00000010,fe000ce3,0,00000000
3322,1991,00000008,00108093,1,00000298
3323,1992,0000000c,00208463,0,00000000
3324,1993,00000010,fe000ce3,0,00000000
3327,1994,00000008,00108093,1,00000299
3328,1995,0000000c,00208463,0,00000000
3329,1996,00000010,fe000ce3,0,00000000
3332,1997,00000008,00108093,1,0000029a
3333,1998,0000000c,00208463,0,00000000
3334,1999,00000010,fe000ce3,0,00000000
3337,2000,00000008,00108093,1,0000029b
3338,2001,0000000c,00208463,0,00000000
3339,2002,00000010,fe000ce3,0,00000000
3342,2003,00000008,00108093,1,0000029c
3343,2004,0000000c,00208463,0,00000000
3344,2005,00000010,fe000ce3,0,00000000
3347,2006,00000008,00108093,1,0000029d
3348,2007,0000000c,00208463,0,00000000
3349,2008,00000010,fe000ce3,0,00000000
3352,2009,00000008,00108093,1,0000029e
3353,2010,0000000c,00208463,0,00000000
3354,2011,00000010,fe000ce3,0,00000000
3357,2012,00000008,00108093,1,0000029f
3358,2013,0000000c,00208463,0,00000000
3359,2014,00000010,fe000ce3,0,00000000
3362,2015,00000008,00108093,1,000002a0
3363,2016,0000000c,00208463,0,00000000
3364,2017,00000010,fe000ce3,0,00000000
3367,2018,00000008,00108093,1,000002a1
3368,2019,0000000c,00208463,0,00000000
3369,2020,00000010,fe000ce3,0,00000000
3372,2021,00000008,00108093,1,000002a2
3373,2022,0000000c,00208463,0,00000000
3374,2023,00000010,fe000ce3,0,00000000
3377,2024,00000008,00108093,1,000002a3
3378,2025,0000000c,00208463,0,00000000
3379,2026,00000010,fe000ce3,0,00000000
3382,2027,00000008,00108093,1,000002a4
3383,2028,0000000c,00208463,0,00000000
3384,2029,00000010,fe000ce3,0,00000000
3387,2030,00000008,00108093,1,000002a5
3388,2031,0000000c,00208463,0,00000000
3389,2032,00000010,fe000ce3,0,00000000
3392,2033,00000008,00108093,1,000002a6
3393,2034,0000000c,00208463,0,00000000
3394,2035,00000010,fe000ce3,0,00000000
3397,2036,00000008,00108093,1,000002a7
3398,2037,0000000c,00208463,0,00000000
3399,2038,00000010,fe000ce3,0,00000000
3402,2039,00000008,00108093,1,000002a8
3403,2040,0000000c,00208463,0,00000000
3404,2041,00000010,fe000ce3,0,00000000
3407,2042,00000008,00108093,1,000002a9
3408,2043,0000000c,00208463,0,00000000
3409,2044,00000010,fe000ce3,0,00000000
3412,2045,00000008,00108093,1,000002aa
3413,2046,0000000c,00208463,0,00000000
3414,2047,00000010,fe000ce3,0,00000000
3417,2048,00000008,00108093,1,000002ab
3418,2049,0000000c,00208463,0,00000000
3419,2050,00000010,fe000ce3,0,00000000
3422,2051,00000008,00108093,1,000002ac
3423,2052,0000000c,00208463,0,00000000
3424,2053,00000010,fe000ce3,0,00000000
3427,2054,00000008,00108093,1,000002ad
3428,2055,0000000c,00208463,0,00000000
3429,2056,00000010,fe000ce3,0,00000000
3432,2057,00000008,00108093,1,000002ae
3433,2058,0000000c,00208463,0,00000000
3434,2059,00000010,fe000ce3,0,00000000
3437,2060,00000008,00108093,1,000002af
3438,2061,0000000c,00208463,0,00000000
3439,2062,00000010,fe000ce3,0,00000000
3442,2063,00000008,00108093,1,000002b0
3443,2064,0000000c,00208463,0,00000000
3444,2065,00000010,fe000ce3,0,00000000
3447,2066,00000008,00108093,1,000002b1
3448,2067,0000000c,00208463,0,00000000
3449,2068,00000010,fe000ce3,0,00000000
3452,2069,00000008,00108093,1,000002b2
3453,2070,0000000c,00208463,0,00000000
3454,2071,00000010,fe000ce3,0,00000000
3457,2072,00000008,00108093,1,000002b3
3458,2073,0000000c,00208463,0,00000000
3459,2074,00000010,fe000ce3,0,00000000
3462,2075,00000008,00108093,1,000002b4
3463,2076,0000000c,00208463,0,00000000
3464,2077,00000010,fe000ce3,0,00000000
3467,2078,00000008,00108093,1,000002b5
3468,2079,0000000c,00208463,0,00000000
3469,2080,00000010,fe000ce3,0,00000000
3472,2081,00000008,00108093,1,000002b6
3473,2082,0000000c,00208463,0,00000000
3474,2083,00000010,fe000ce3,0,00000000
3477,2084,00000008,00108093,1,000002b7
3478,2085,0000000c,00208463,0,00000000
3479,2086,00000010,fe000ce3,0,00000000
3482,2087,00000008,00108093,1,000002b8
3483,2088,0000000c,00208463,0,00000000
3484,2089,00000010,fe000ce3,0,00000000
3487,2090,00000008,00108093,1,000002b9
3488,2091,0000000c,00208463,0,00000000
3489,2092,00000010,fe000ce3,0,00000000
3492,2093,00000008,00108093,1,000002ba
3493,2094,0000000c,00208463,0,00000000
3494,2095,00000010,fe000ce3,0,00000000
3497,2096,00000008,00108093,1,000002bb
3498,2097,0000000c,00208463,0,00000000
3499,2098,00000010,fe000ce3,0,00000000
3502,2099,00000008,00108093,1,000002bc
3503,2100,0000000c,00208463,0,00000000
3504,2101,00000010,fe000ce3,0,00000000
3507,2102,00000008,00108093,1,000002bd
3508,2103,0000000c,00208463,0,00000000
3509,2104,00000010,fe000ce3,0,00000000
3512,2105,00000008,00108093,1,000002be
3513,2106,0000000c,00208463,0,00000000
3514,2107,00000010,fe000ce3,0,00000000
3517,2108,00000008,00108093,1,000002bf
3518,2109,0000000c,00208463,0,00000000
3519,2110,00000010,fe000ce3,0,00000000
3522,2111,00000008,00108093,1,000002c0
3523,2112,0000000c,00208463,0,00000000
3524,2113,00000010,fe000ce3,0,00000000
3527,2114,00000008,00108093,1,000002c1
3528,2115,0000000c,00208463,0,00000000
3529,2116,00000010,fe000ce3,0,00000000
3532,2117,00000008,00108093,1,000002c2
3533,2118,0000000c,00208463,0,00000000
3534,2119,00000010,fe000ce3,0,00000000
3537,2120,00000008,00108093,1,000002c3
3538,2121,0000000c,00208463,0,00000000
3539,2122,00000010,fe000ce3,0,00000000
3542,2123,00000008,00108093,1,000002c4
3543,2124,0000000c,00208463,0,00000000
3544,2125,00000010,fe000ce3,0,00000000
3547,2126,00000008,00108093,1,000002c5
3548,2127,0000000c,00208463,0,00000000
3549,2128,00000010,fe000ce3,0,00000000
3552,2129,00000008,00108093,1,000002c6
3553,2130,0000000c,00208463,0,00000000
3554,2131,00000010,fe000ce3,0,00000000
3557,2132,00000008,00108093,1,000002c7
3558,2133,0000000c,00208463,0,00000000
3559,2134,00000010,fe000ce3,0,00000000
3562,2135,00000008,00108093,1,000002c8
3563,2136,0000000c,00208463,0,00000000
3564,2137,00000010,fe000ce3,0,00000000
3567,2138,00000008,00108093,1,000002c9
3568,2139,0000000c,00208463,0,00000000
3569,2140,00000010,fe000ce3,0,00000000
3572,2141,00000008,00108093,1,000002ca
3573,2142,0000000c,00208463,0,00000000
3574,2143,00000010,fe000ce3,0,00000000
3577,2144,00000008,00108093,1,000002cb
3578,2145,0000000c,00208463,0,00000000
3579,2146,00000010,fe000ce3,0,00000000
3582,2147,00000008,00108093,1,000002cc
3583,2148,0000000c,00208463,0,00000000
3584,2149,00000010,fe000ce3,0,00000000
3587,2150,00000008,00108093,1,000002cd
3588,2151,0000000c,00208463,0,00000000
3589,2152,00000010,fe000ce3,0,00000000
3592,2153,00000008,00108093,1,000002ce
3593,2154,0000000c,00208463,0,00000000
3594,2155,00000010,fe000ce3,0,00000000
3597,2156,00000008,00108093,1,000002cf
3598,2157,0000000c,00208463,0,00000000
3599,2158,00000010,fe000ce3,0,00000000
3602,2159,00000008,00108093,1,000002d0
3603,2160,0000000c,00208463,0,00000000
3604,2161,00000010,fe000ce3,0,00000000
3607,2162,00000008,00108093,1,000002d1
3608,2163,0000000c,00208463,0,00000000
3609,2164,00000010,fe000ce3,0,00000000
3612,2165,00000008,00108093,1,000002d2
3613,2166,0000000c,00208463,0,00000000
3614,2167,00000010,fe000ce3,0,00000000
3617,2168,00000008,00108093,1,000002d3
3618,2169,0000000c,00208463,0,00000000
3619,2170,00000010,fe000ce3,0,00000000
3622,2171,00000008,00108093,1,000002d4
3623,2172,0000000c,00208463,0,00000000
3624,2173,00000010,fe000ce3,0,00000000
3627,2174,00000008,00108093,1,000002d5
3628,2175,0000000c,00208463,0,00000000
3629,2176,00000010,fe000ce3,0,00000000
3632,2177,00000008,00108093,1,000002d6
3633,2178,0000000c,00208463,0,00000000
3634,2179,00000010,fe000ce3,0,00000000
3637,2180,00000008,00108093,1,000002d7
3638,2181,0000000c,00208463,0,00000000
3639,2182,00000010,fe000ce3,0,00000000
3642,2183,00000008,00108093,1,000002d8
3643,2184,0000000c,00208463,0,00000000
3644,2185,00000010,fe000ce3,0,00000000
3647,2186,00000008,00108093,1,000002d9
3648,2187,0000000c,00208463,0,00000000
3649,2188,00000010,fe000ce3,0,00000000
3652,2189,00000008,00108093,1,000002da
3653,2190,0000000c,00208463,0,00000000
3654,2191,00000010,fe000ce3,0,00000000
3657,2192,00000008,00108093,1,000002db
3658,2193,0000000c,00208463,0,00000000
3659,2194,00000010,fe000ce3,0,00000000
3662,2195,00000008,00108093,1,000002dc
3663,2196,0000000c,00208463,0,00000000
3664,2197,00000010,fe000ce3,0,00000000
3667,2198,00000008,00108093,1,000002dd
3668,2199,0000000c,00208463,0,00000000
3669,2200,00000010,fe000ce3,0,00000000
3672,2201,00000008,00108093,1,000002de
3673,2202,0000000c,00208463,0,00000000
3674,2203,00000010,fe000ce3,0,00000000
3677,2204,00000008,00108093,1,000002df
3678,2205,0000000c,00208463,0,00000000
3679,2206,00000010,fe000ce3,0,00000000
3682,2207,00000008,00108093,1,000002e0
3683,2208,0000000c,00208463,0,00000000
3684,2209,00000010,fe000ce3,0,00000000
3687,2210,00000008,00108093,1,000002e1
3688,2211,0000000c,00208463,0,00000000
3689,2212,00000010,fe000ce3,0,00000000
3692,2213,00000008,00108093,1,000002e2
3693,2214,0000000c,00208463,0,00000000
3694,2215,00000010,fe000ce3,0,00000000
3697,2216,00000008,00108093,1,000002e3
3698,2217,0000000c,00208463,0,00000000
3699,2218,00000010,fe000ce3,0,00000000
3702,2219,00000008,00108093,1,000002e4
3703,2220,0000000c,00208463,0,00000000
3704,2221,00000010,fe000ce3,0,00000000
3707,2222,00000008,00108093,1,000002e5
3708,2223,0000000c,00208463,0,00000000
3709,2224,00000010,fe000ce3,0,00000000
3712,2225,00000008,00108093,1,000002e6
3713,2226,0000000c,00208463,0,00000000
3714,2227,00000010,fe000ce3,0,00000000
3717,2228,00000008,00108093,1,000002e7
3718,2229,0000000c,00208463,0,00000000
3719,2230,00000010,fe000ce3,0,00000000
3722,2231,00000008,00108093,1,000002e8
3723,2232,0000000c,00208463,0,00000000
3724,2233,00000010,fe000ce3,0,00000000
3727,2234,00000008,00108093,1,000002e9
3728,2235,0000000c,00208463,0,00000000
3729,2236,00000010,fe000ce3,0,00000000
3732,2237,00000008,00108093,1,000002ea
3733,2238,0000000c,00208463,0,00000000
3734,2239,00000010,fe000ce3,0,00000000
3737,2240,00000008,00108093,1,000002eb
3738,2241,0000000c,00208463,0,00000000
3739,2242,00000010,fe000ce3,0,00000000
3742,2243,00000008,00108093,1,000002ec
3743,2244,0000000c,00208463,0,00000000
3744,2245,00000010,fe000ce3,0,00000000
3747,2246,00000008,00108093,1,000002ed
3748,2247,0000000c,00208463,0,00000000
3749,2248,00000010,fe000ce3,0,00000000
3752,2249,00000008,00108093,1,000002ee
3753,2250,0000000c,00208463,0,00000000
3754,2251,00000010,fe000ce3,0,00000000
3757,2252,00000008,00108093,1,000002ef
3758,2253,0000000c,00208463,0,00000000
3759,2254,00000010,fe000ce3,0,00000000
3762,2255,00000008,00108093,1,000002f0
3763,2256,0000000c,00208463,0,00000000
3764,2257,00000010,fe000ce3,0,00000000
3767,2258,00000008,00108093,1,000002f1
3768,2259,0000000c,00208463,0,00000000
3769,2260,00000010,fe000ce3,0,00000000
3772,2261,00000008,00108093,1,000002f2
3773,2262,0000000c,00208463,0,00000000
3774,2263,00000010,fe000ce3,0,00000000
3777,2264,00000008,00108093,1,000002f3
3778,2265,0000000c,00208463,0,00000000
3779,2266,00000010,fe000ce3,0,00000000
3782,2267,00000008,00108093,1,000002f4
3783,2268,0000000c,00208463,0,00000000
3784,2269,00000010,fe000ce3,0,00000000
3787,2270,00000008,00108093,1,000002f5
3788,2271,0000000c,00208463,0,00000000
3789,2272,00000010,fe000ce3,0,00000000
3792,2273,00000008,00108093,1,000002f6
3793,2274,0000000c,00208463,0,00000000
3794,2275,00000010,fe000ce3,0,00000000
3797,2276,00000008,00108093,1,000002f7
3798,2277,0000000c,00208463,0,00000000
3799,2278,00000010,fe000ce3,0,00000000
3802,2279,00000008,00108093,1,000002f8
3803,2280,0000000c,00208463,0,00000000
3804,2281,00000010,fe000ce3,0,00000000
3807,2282,00000008,00108093,1,000002f9
3808,2283,0000000c,00208463,0,00000000
3809,2284,00000010,fe000ce3,0,00000000
3812,2285,00000008,00108093,1,000002fa
3813,2286,0000000c,00208463,0,00000000
3814,2287,00000010,fe000ce3,0,00000000
3817,2288,00000008,00108093,1,000002fb
3818,2289,0000000c,00208463,0,00000000
3819,2290,00000010,fe000ce3,0,00000000
3822,2291,00000008,00108093,1,000002fc
3823,2292,0000000c,00208463,0,00000000
3824,2293,00000010,fe000ce3,0,00000000
3827,2294,00000008,00108093,1,000002fd
3828,2295,0000000c,00208463,0,00000000
3829,2296,00000010,fe000ce3,0,00000000
3832,2297,00000008,00108093,1,000002fe
3833,2298,0000000c,00208463,0,00000000
3834,2299,00000010,fe000ce3,0,00000000
3837,2300,00000008,00108093,1,000002ff
3838,2301,0000000c,00208463,0,00000000
3839,2302,00000010,fe000ce3,0,00000000
3842,2303,00000008,00108093,1,00000300
3843,2304,0000000c,00208463,0,00000000
3844,2305,00000010,fe000ce3,0,00000000
3847,2306,00000008,00108093,1,00000301
3848,2307,0000000c,00208463,0,00000000
3849,2308,00000010,fe000ce3,0,00000000
3852,2309,00000008,00108093,1,00000302
3853,2310,0000000c,00208463,0,00000000
3854,2311,00000010,fe000ce3,0,00000000
3857,2312,00000008,00108093,1,00000303
3858,2313,0000000c,00208463,0,00000000
3859,2314,00000010,fe000ce3,0,00000000
3862,2315,00000008,00108093,1,00000304
3863,2316,0000000c,00208463,0,00000000
3864,2317,00000010,fe000ce3,0,00000000
3867,2318,00000008,00108093,1,00000305
3868,2319,0000000c,00208463,0,00000000
3869,2320,00000010,fe000ce3,0,00000000
3872,2321,00000008,00108093,1,00000306
3873,2322,0000000c,00208463,0,00000000
3874,2323,00000010,fe000ce3,0,00000000
3877,2324,00000008,00108093,1,00000307
3878,2325,0000000c,00208463,0,00000000
3879,2326,00000010,fe000ce3,0,00000000
3882,2327,00000008,00108093,1,00000308
3883,2328,0000000c,00208463,0,00000000
3884,2329,00000010,fe000ce3,0,00000000
3887,2330,00000008,00108093,1,00000309
3888,2331,0000000c,00208463,0,00000000
3889,2332,00000010,fe000ce3,0,00000000
3892,2333,00000008,00108093,1,0000030a
3893,2334,0000000c,00208463,0,00000000
3894,2335,00000010,fe000ce3,0,00000000
3897,2336,00000008,00108093,1,0000030b
3898,2337,0000000c,00208463,0,00000000
3899,2338,00000010,fe000ce3,0,00000000
3902,2339,00000008,00108093,1,0000030c
3903,2340,0000000c,00208463,0,00000000
3904,2341,00000010,fe000ce3,0,00000000
3907,2342,00000008,00108093,1,0000030d
3908,2343,0000000c,00208463,0,00000000
3909,2344,00000010,fe000ce3,0,00000000
3912,2345,00000008,00108093,1,0000030e
3913,2346,0000000c,00208463,0,00000000
3914,2347,00000010,fe000ce3,0,00000000
3917,2348,00000008,00108093,1,0000030f
3918,2349,0000000c,00208463,0,00000000
3919,2350,00000010,fe000ce3,0,00000000
3922,2351,00000008,00108093,1,00000310
3923,2352,0000000c,00208463,0,00000000
3924,2353,00000010,fe000ce3,0,00000000
3927,2354,00000008,00108093,1,00000311
3928,2355,0000000c,00208463,0,00000000
3929,2356,00000010,fe000ce3,0,00000000
3932,2357,00000008,00108093,1,00000312
3933,2358,0000000c,00208463,0,00000000
3934,2359,00000010,fe000ce3,0,00000000
3937,2360,00000008,00108093,1,00000313
3938,2361,0000000c,00208463,0,00000000
3939,2362,00000010,fe000ce3,0,00000000
3942,2363,00000008,00108093,1,00000314
3943,2364,0000000c,00208463,0,00000000
3944,2365,00000010,fe000ce3,0,00000000
3947,2366,00000008,00108093,1,00000315
3948,2367,0000000c,00208463,0,00000000
3949,2368,00000010,fe000ce3,0,00000000
3952,2369,00000008,00108093,1,00000316
3953,2370,0000000c,00208463,0,00000000
3954,2371,00000010,fe000ce3,0,00000000
3957,2372,00000008,00108093,1,00000317
3958,2373,0000000c,00208463,0,00000000
3959,2374,00000010,fe000ce3,0,00000000
3962,2375,00000008,00108093,1,00000318
3963,2376,0000000c,00208463,0,00000000
3964,2377,00000010,fe000ce3,0,00000000
3967,2378,00000008,00108093,1,00000319
3968,2379,0000000c,00208463,0,00000000
3969,2380,00000010,fe000ce3,0,00000000
3972,2381,00000008,00108093,1,0000031a
3973,2382,0000000c,00208463,0,00000000
3974,2383,00000010,fe000ce3,0,00000000
3977,2384,00000008,00108093,1,0000031b
3978,2385,0000000c,00208463,0,00000000
3979,2386,00000010,fe000ce3,0,00000000
3982,2387,00000008,00108093,1,0000031c
3983,2388,0000000c,00208463,0,00000000
3984,2389,00000010,fe000ce3,0,00000000
3987,2390,00000008,00108093,1,0000031d
3988,2391,0000000c,00208463,0,00000000
3989,2392,00000010,fe000ce3,0,00000000
3992,2393,00000008,00108093,1,0000031e
3993,2394,0000000c,00208463,0,00000000
3994,2395,00000010,fe000ce3,0,00000000
3997,2396,00000008,00108093,1,0000031f
3998,2397,0000000c,00208463,0,00000000
3999,2398,00000010,fe000ce3,0,00000000
4002,2399,00000008,00108093,1,00000320
4003,2400,0000000c,00208463,0,00000000
4004,2401,00000010,fe000ce3,0,00000000
4007,2402,00000008,00108093,1,00000321
4008,2403,0000000c,00208463,0,00000000
4009,2404,00000010,fe000ce3,0,00000000
4012,2405,00000008,00108093,1,00000322
4013,2406,0000000c,00208463,0,00000000
4014,2407,00000010,fe000ce3,0,00000000
4017,2408,00000008,00108093,1,00000323
4018,2409,0000000c,00208463,0,00000000
4019,2410,00000010,fe000ce3,0,00000000
4022,2411,00000008,00108093,1,00000324
4023,2412,0000000c,00208463,0,00000000
4024,2413,00000010,fe000ce3,0,00000000
4027,2414,00000008,00108093,1,00000325
4028,2415,0000000c,00208463,0,00000000
4029,2416,00000010,fe000ce3,0,00000000
4032,2417,00000008,00108093,1,00000326
4033,2418,0000000c,00208463,0,00000000
4034,2419,00000010,fe000ce3,0,00000000
4037,2420,00000008,00108093,1,00000327
4038,2421,0000000c,00208463,0,00000000
4039,2422,00000010,fe000ce3,0,00000000
4042,2423,00000008,00108093,1,00000328
4043,2424,0000000c,00208463,0,00000000
4044,2425,00000010,fe000ce3,0,00000000
4047,2426,00000008,00108093,1,00000329
4048,2427,0000000c,00208463,0,00000000
4049,2428,00000010,fe000ce3,0,00000000
4052,2429,00000008,00108093,1,0000032a
4053,2430,0000000c,00208463,0,00000000
4054,2431,00000010,fe000ce3,0,00000000
4057,2432,00000008,00108093,1,0000032b
4058,2433,0000000c,00208463,0,00000000
4059,2434,00000010,fe000ce3,0,00000000
4062,2435,00000008,00108093,1,0000032c
4063,2436,0000000c,00208463,0,00000000
4064,2437,00000010,fe000ce3,0,00000000
4067,2438,00000008,00108093,1,0000032d
4068,2439,0000000c,00208463,0,00000000
4069,2440,00000010,fe000ce3,0,00000000
4072,2441,00000008,00108093,1,0000032e
4073,2442,0000000c,00208463,0,00000000
4074,2443,00000010,fe000ce3,0,00000000
4077,2444,00000008,00108093,1,0000032f
4078,2445,0000000c,00208463,0,00000000
4079,2446,00000010,fe000ce3,0,00000000
4082,2447,00000008,00108093,1,00000330
4083,2448,0000000c,00208463,0,00000000
4084,2449,00000010,fe000ce3,0,00000000
4087,2450,00000008,00108093,1,00000331
4088,2451,0000000c,00208463,0,00000000
4089,2452,00000010,fe000ce3,0,00000000
4092,2453,00000008,00108093,1,00000332
4093,2454,0000000c,00208463,0,00000000
4094,2455,00000010,fe000ce3,0,00000000
4097,2456,00000008,00108093,1,00000333
4098,2457,0000000c,00208463,0,00000000
4099,2458,00000010,fe000ce3,0,00000000
4102,2459,00000008,00108093,1,00000334
4103,2460,0000000c,00208463,0,00000000
4104,2461,00000010,fe000ce3,0,00000000
4107,2462,00000008,00108093,1,00000335
4108,2463,0000000c,00208463,0,00000000
4109,2464,00000010,fe000ce3,0,00000000
4112,2465,00000008,00108093,1,00000336
4113,2466,0000000c,00208463,0,00000000
4114,2467,00000010,fe000ce3,0,00000000
4117,2468,00000008,00108093,1,00000337
4118,2469,0000000c,00208463,0,00000000
4119,2470,00000010,fe000ce3,0,00000000
4122,2471,00000008,00108093,1,00000338
4123,2472,0000000c,00208463,0,00000000
4124,2473,00000010,fe000ce3,0,00000000
4127,2474,00000008,00108093,1,00000339
4128,2475,0000000c,00208463,0,00000000
4129,2476,00000010,fe000ce3,0,00000000
4132,2477,00000008,00108093,1,0000033a
4133,2478,0000000c,00208463,0,00000000
4134,2479,00000010,fe000ce3,0,00000000
4137,2480,00000008,00108093,1,0000033b
4138,2481,0000000c,00208463,0,00000000
4139,2482,00000010,fe000ce3,0,00000000
4142,2483,00000008,00108093,1,0000033c
4143,2484,0000000c,00208463,0,00000000
4144,2485,00000010,fe000ce3,0,00000000
4147,2486,00000008,00108093,1,0000033d
4148,2487,0000000c,00208463,0,00000000
4149,2488,00000010,fe000ce3,0,00000000
4152,2489,00000008,00108093,1,0000033e
4153,2490,0000000c,00208463,0,00000000
4154,2491,00000010,fe000ce3,0,00000000
4157,2492,00000008,00108093,1,0000033f
4158,2493,0000000c,00208463,0,00000000
4159,2494,00000010,fe000ce3,0,00000000
4162,2495,00000008,00108093,1,00000340
4163,2496,0000000c,00208463,0,00000000
4164,2497,00000010,fe000ce3,0,00000000
4167,2498,00000008,00108093,1,00000341
4168,2499,0000000c,00208463,0,00000000
4169,2500,00000010,fe000ce3,0,00000000
4172,2501,00000008,00108093,1,00000342
4173,2502,0000000c,00208463,0,00000000
4174,2503,00000010,fe000ce3,0,00000000
4177,2504,00000008,00108093,1,00000343
4178,2505,0000000c,00208463,0,00000000
4179,2506,00000010,fe000ce3,0,00000000
4182,2507,00000008,00108093,1,00000344
4183,2508,0000000c,00208463,0,00000000
4184,2509,00000010,fe000ce3,0,00000000
4187,2510,00000008,00108093,1,00000345
4188,2511,0000000c,00208463,0,00000000
4189,2512,00000010,fe000ce3,0,00000000
4192,2513,00000008,00108093,1,00000346
4193,2514,0000000c,00208463,0,00000000
4194,2515,00000010,fe000ce3,0,00000000
4197,2516,00000008,00108093,1,00000347
4198,2517,0000000c,00208463,0,00000000
4199,2518,00000010,fe000ce3,0,00000000
4202,2519,00000008,00108093,1,00000348
4203,2520,0000000c,00208463,0,00000000
4204,2521,00000010,fe000ce3,0,00000000
4207,2522,00000008,00108093,1,00000349
4208,2523,0000000c,00208463,0,00000000
4209,2524,00000010,fe000ce3,0,00000000
4212,2525,00000008,00108093,1,0000034a
4213,2526,0000000c,00208463,0,00000000
4214,2527,00000010,fe000ce3,0,00000000
4217,2528,00000008,00108093,1,0000034b
4218,2529,0000000c,00208463,0,00000000
4219,2530,00000010,fe000ce3,0,00000000
4222,2531,00000008,00108093,1,0000034c
4223,2532,0000000c,00208463,0,00000000
4224,2533,00000010,fe000ce3,0,00000000
4227,2534,00000008,00108093,1,0000034d
4228,2535,0000000c,00208463,0,00000000
4229,2536,00000010,fe000ce3,0,00000000
4232,2537,00000008,00108093,1,0000034e
4233,2538,0000000c,00208463,0,00000000
4234,2539,00000010,fe000ce3,0,00000000
4237,2540,00000008,00108093,1,0000034f
4238,2541,0000000c,00208463,0,00000000
4239,2542,00000010,fe000ce3,0,00000000
4242,2543,00000008,00108093,1,00000350
4243,2544,0000000c,00208463,0,00000000
4244,2545,00000010,fe000ce3,0,00000000
4247,2546,00000008,00108093,1,00000351
4248,2547,0000000c,00208463,0,00000000
4249,2548,00000010,fe000ce3,0,00000000
4252,2549,00000008,00108093,1,00000352
4253,2550,0000000c,00208463,0,00000000
4254,2551,00000010,fe000ce3,0,00000000
4257,2552,00000008,00108093,1,00000353
4258,2553,0000000c,00208463,0,00000000
4259,2554,00000010,fe000ce3,0,00000000
4262,2555,00000008,00108093,1,00000354
4263,2556,0000000c,00208463,0,00000000
4264,2557,00000010,fe000ce3,0,00000000
4267,2558,00000008,00108093,1,00000355
4268,2559,0000000c,00208463,0,00000000
4269,2560,00000010,fe000ce3,0,00000000
4272,2561,00000008,00108093,1,00000356
4273,2562,0000000c,00208463,0,00000000
4274,2563,00000010,fe000ce3,0,00000000
4277,2564,00000008,00108093,1,00000357
4278,2565,0000000c,00208463,0,00000000
4279,2566,00000010,fe000ce3,0,00000000
4282,2567,00000008,00108093,1,00000358
4283,2568,0000000c,00208463,0,00000000
4284,2569,00000010,fe000ce3,0,00000000
4287,2570,00000008,00108093,1,00000359
4288,2571,0000000c,00208463,0,00000000
4289,2572,00000010,fe000ce3,0,00000000
4292,2573,00000008,00108093,1,0000035a
4293,2574,0000000c,00208463,0,00000000
4294,2575,00000010,fe000ce3,0,00000000
4297,2576,00000008,00108093,1,0000035b
4298,2577,0000000c,00208463,0,00000000
4299,2578,00000010,fe000ce3,0,00000000
4302,2579,00000008,00108093,1,0000035c
4303,2580,0000000c,00208463,0,00000000
4304,2581,00000010,fe000ce3,0,00000000
4307,2582,00000008,00108093,1,0000035d
4308,2583,0000000c,00208463,0,00000000
4309,2584,00000010,fe000ce3,0,00000000
4312,2585,00000008,00108093,1,0000035e
4313,2586,0000000c,00208463,0,00000000
4314,2587,00000010,fe000ce3,0,00000000
4317,2588,00000008,00108093,1,0000035f
4318,2589,0000000c,00208463,0,00000000
4319,2590,00000010,fe000ce3,0,00000000
4322,2591,00000008,00108093,1,00000360
4323,2592,0000000c,00208463,0,00000000
4324,2593,00000010,fe000ce3,0,00000000
4327,2594,00000008,00108093,1,00000361
4328,2595,0000000c,00208463,0,00000000
4329,2596,00000010,fe000ce3,0,00000000
4332,2597,00000008,00108093,1,00000362
4333,2598,0000000c,00208463,0,00000000
4334,2599,00000010,fe000ce3,0,00000000
4337,2600,00000008,00108093,1,00000363
4338,2601,0000000c,00208463,0,00000000
4339,2602,00000010,fe000ce3,0,00000000
4342,2603,00000008,00108093,1,00000364
4343,2604,0000000c,00208463,0,00000000
4344,2605,00000010,fe000ce3,0,00000000
4347,2606,00000008,00108093,1,00000365
4348,2607,0000000c,00208463,0,00000000
4349,2608,00000010,fe000ce3,0,00000000
4352,2609,00000008,00108093,1,00000366
4353,2610,0000000c,00208463,0,00000000
4354,2611,00000010,fe000ce3,0,00000000
4357,2612,00000008,00108093,1,00000367
4358,2613,0000000c,00208463,0,00000000
4359,2614,00000010,fe000ce3,0,00000000
4362,2615,00000008,00108093,1,00000368
4363,2616,0000000c,00208463,0,00000000
4364,2617,00000010,fe000ce3,0,00000000
4367,2618,00000008,00108093,1,00000369
4368,2619,0000000c,00208463,0,00000000
4369,2620,00000010,fe000ce3,0,00000000
4372,2621,00000008,00108093,1,0000036a
4373,2622,0000000c,00208463,0,00000000
4374,2623,00000010,fe000ce3,0,00000000
4377,2624,00000008,00108093,1,0000036b
4378,2625,0000000c,00208463,0,00000000
4379,2626,00000010,fe000ce3,0,00000000
4382,2627,00000008,00108093,1,0000036c
4383,2628,0000000c,00208463,0,00000000
4384,2629,00000010,fe000ce3,0,00000000
4387,2630,00000008,00108093,1,0000036d
4388,2631,0000000c,00208463,0,00000000
4389,2632,00000010,fe000ce3,0,00000000
4392,2633,00000008,00108093,1,0000036e
4393,2634,0000000c,00208463,0,00000000
4394,2635,00000010,fe000ce3,0,00000000
4397,2636,00000008,00108093,1,0000036f
4398,2637,0000000c,00208463,0,00000000
4399,2638,00000010,fe000ce3,0,00000000
4402,2639,00000008,00108093,1,00000370
4403,2640,0000000c,00208463,0,00000000
4404,2641,00000010,fe000ce3,0,00000000
4407,2642,00000008,00108093,1,00000371
4408,2643,0000000c,00208463,0,00000000
4409,2644,00000010,fe000ce3,0,00000000
4412,2645,00000008,00108093,1,00000372
4413,2646,0000000c,00208463,0,00000000
4414,2647,00000010,fe000ce3,0,00000000
4417,2648,00000008,00108093,1,00000373
4418,2649,0000000c,00208463,0,00000000
4419,2650,00000010,fe000ce3,0,00000000
4422,2651,00000008,00108093,1,00000374
4423,2652,0000000c,00208463,0,00000000
4424,2653,00000010,fe000ce3,0,00000000
4427,2654,00000008,00108093,1,00000375
4428,2655,0000000c,00208463,0,00000000
4429,2656,00000010,fe000ce3,0,00000000
4432,2657,00000008,00108093,1,00000376
4433,2658,0000000c,00208463,0,00000000
4434,2659,00000010,fe000ce3,0,00000000
4437,2660,00000008,00108093,1,00000377
4438,2661,0000000c,00208463,0,00000000
4439,2662,00000010,fe000ce3,0,00000000
4442,2663,00000008,00108093,1,00000378
4443,2664,0000000c,00208463,0,00000000
4444,2665,00000010,fe000ce3,0,00000000
4447,2666,00000008,00108093,1,00000379
4448,2667,0000000c,00208463,0,00000000
4449,2668,00000010,fe000ce3,0,00000000
4452,2669,00000008,00108093,1,0000037a
4453,2670,0000000c,00208463,0,00000000
4454,2671,00000010,fe000ce3,0,00000000
4457,2672,00000008,00108093,1,0000037b
4458,2673,0000000c,00208463,0,00000000
4459,2674,00000010,fe000ce3,0,00000000
4462,2675,00000008,00108093,1,0000037c
4463,2676,0000000c,00208463,0,00000000
4464,2677,00000010,fe000ce3,0,00000000
4467,2678,00000008,00108093,1,0000037d
4468,2679,0000000c,00208463,0,00000000
4469,2680,00000010,fe000ce3,0,00000000
4472,2681,00000008,00108093,1,0000037e
4473,2682,0000000c,00208463,0,00000000
4474,2683,00000010,fe000ce3,0,00000000
4477,2684,00000008,00108093,1,0000037f
4478,2685,0000000c,00208463,0,00000000
4479,2686,00000010,fe000ce3,0,00000000
4482,2687,00000008,00108093,1,00000380
4483,2688,0000000c,00208463,0,00000000
4484,2689,00000010,fe000ce3,0,00000000
4487,2690,00000008,00108093,1,00000381
4488,2691,0000000c,00208463,0,00000000
4489,2692,00000010,fe000ce3,0,00000000
4492,2693,00000008,00108093,1,00000382
4493,2694,0000000c,00208463,0,00000000
4494,2695,00000010,fe000ce3,0,00000000
4497,2696,00000008,00108093,1,00000383
4498,2697,0000000c,00208463,0,00000000
4499,2698,00000010,fe000ce3,0,00000000
4502,2699,00000008,00108093,1,00000384
4503,2700,0000000c,00208463,0,00000000
4504,2701,00000010,fe000ce3,0,00000000
4507,2702,00000008,00108093,1,00000385
4508,2703,0000000c,00208463,0,00000000
4509,2704,00000010,fe000ce3,0,00000000
4512,2705,00000008,00108093,1,00000386
4513,2706,0000000c,00208463,0,00000000
4514,2707,00000010,fe000ce3,0,00000000
4517,2708,00000008,00108093,1,00000387
4518,2709,0000000c,00208463,0,00000000
4519,2710,00000010,fe000ce3,0,00000000
4522,2711,00000008,00108093,1,00000388
4523,2712,0000000c,00208463,0,00000000
4524,2713,00000010,fe000ce3,0,00000000
4527,2714,00000008,00108093,1,00000389
4528,2715,0000000c,00208463,0,00000000
4529,2716,00000010,fe000ce3,0,00000000
4532,2717,00000008,00108093,1,0000038a
4533,2718,0000000c,00208463,0,00000000
4534,2719,00000010,fe000ce3,0,00000000
4537,2720,00000008,00108093,1,0000038b
4538,2721,0000000c,00208463,0,00000000
4539,2722,00000010,fe000ce3,0,00000000
4542,2723,00000008,00108093,1,0000038c
4543,2724,0000000c,00208463,0,00000000
4544,2725,00000010,fe000ce3,0,00000000
4547,2726,00000008,00108093,1,0000038d
4548,2727,0000000c,00208463,0,00000000
4549,2728,00000010,fe000ce3,0,00000000
4552,2729,00000008,00108093,1,0000038e
4553,2730,0000000c,00208463,0,00000000
4554,2731,00000010,fe000ce3,0,00000000
4557,2732,00000008,00108093,1,0000038f
4558,2733,0000000c,00208463,0,00000000
4559,2734,00000010,fe000ce3,0,00000000
4562,2735,00000008,00108093,1,00000390
4563,2736,0000000c,00208463,0,00000000
4564,2737,00000010,fe000ce3,0,00000000
4567,2738,00000008,00108093,1,00000391
4568,2739,0000000c,00208463,0,00000000
4569,2740,00000010,fe000ce3,0,00000000
4572,2741,00000008,00108093,1,00000392
4573,2742,0000000c,00208463,0,00000000
4574,2743,00000010,fe000ce3,0,00000000
4577,2744,00000008,00108093,1,00000393
4578,2745,0000000c,00208463,0,00000000
4579,2746,00000010,fe000ce3,0,00000000
4582,2747,00000008,00108093,1,00000394
4583,2748,0000000c,00208463,0,00000000
4584,2749,00000010,fe000ce3,0,00000000
4587,2750,00000008,00108093,1,00000395
4588,2751,0000000c,00208463,0,00000000
4589,2752,00000010,fe000ce3,0,00000000
4592,2753,00000008,00108093,1,00000396
4593,2754,0000000c,00208463,0,00000000
4594,2755,00000010,fe000ce3,0,00000000
4597,2756,00000008,00108093,1,00000397
4598,2757,0000000c,00208463,0,00000000
4599,2758,00000010,fe000ce3,0,00000000
4602,2759,00000008,00108093,1,00000398
4603,2760,0000000c,00208463,0,00000000
4604,2761,00000010,fe000ce3,0,00000000
4607,2762,00000008,00108093,1,00000399
4608,2763,0000000c,00208463,0,00000000
4609,2764,00000010,fe000ce3,0,00000000
4612,2765,00000008,00108093,1,0000039a
4613,2766,0000000c,00208463,0,00000000
4614,2767,00000010,fe000ce3,0,00000000
4617,2768,00000008,00108093,1,0000039b
4618,2769,0000000c,00208463,0,00000000
4619,2770,00000010,fe000ce3,0,00000000
4622,2771,00000008,00108093,1,0000039c
4623,2772,0000000c,00208463,0,00000000
4624,2773,00000010,fe000ce3,0,00000000
4627,2774,00000008,00108093,1,0000039d
4628,2775,0000000c,00208463,0,00000000
4629,2776,00000010,fe000ce3,0,00000000
4632,2777,00000008,00108093,1,0000039e
4633,2778,0000000c,00208463,0,00000000
4634,2779,00000010,fe000ce3,0,00000000
4637,2780,00000008,00108093,1,0000039f
4638,2781,0000000c,00208463,0,00000000
4639,2782,00000010,fe000ce3,0,00000000
4642,2783,00000008,00108093,1,000003a0
4643,2784,0000000c,00208463,0,00000000
4644,2785,00000010,fe000ce3,0,00000000
4647,2786,00000008,00108093,1,000003a1
4648,2787,0000000c,00208463,0,00000000
4649,2788,00000010,fe000ce3,0,00000000
4652,2789,00000008,00108093,1,000003a2
4653,2790,0000000c,00208463,0,00000000
4654,2791,00000010,fe000ce3,0,00000000
4657,2792,00000008,00108093,1,000003a3
4658,2793,0000000c,00208463,0,00000000
4659,2794,00000010,fe000ce3,0,00000000
4662,2795,00000008,00108093,1,000003a4
4663,2796,0000000c,00208463,0,00000000
4664,2797,00000010,fe000ce3,0,00000000
4667,2798,00000008,00108093,1,000003a5
4668,2799,0000000c,00208463,0,00000000
4669,2800,00000010,fe000ce3,0,00000000
4672,2801,00000008,00108093,1,000003a6
4673,2802,0000000c,00208463,0,00000000
4674,2803,00000010,fe000ce3,0,00000000
4677,2804,00000008,00108093,1,000003a7
4678,2805,0000000c,00208463,0,00000000
4679,2806,00000010,fe000ce3,0,00000000
4682,2807,00000008,00108093,1,000003a8
4683,2808,0000000c,00208463,0,00000000
4684,2809,00000010,fe000ce3,0,00000000
4687,2810,00000008,00108093,1,000003a9
4688,2811,0000000c,00208463,0,00000000
4689,2812,00000010,fe000ce3,0,00000000
4692,2813,00000008,00108093,1,000003aa
4693,2814,0000000c,00208463,0,00000000
4694,2815,00000010,fe000ce3,0,00000000
4697,2816,00000008,00108093,1,000003ab
4698,2817,0000000c,00208463,0,00000000
4699,2818,00000010,fe000ce3,0,00000000
4702,2819,00000008,00108093,1,000003ac
4703,2820,0000000c,00208463,0,00000000
4704,2821,00000010,fe000ce3,0,00000000
4707,2822,00000008,00108093,1,000003ad
4708,2823,0000000c,00208463,0,00000000
4709,2824,00000010,fe000ce3,0,00000000
4712,2825,00000008,00108093,1,000003ae
4713,2826,0000000c,00208463,0,00000000
4714,2827,00000010,fe000ce3,0,00000000
4717,2828,00000008,00108093,1,000003af
4718,2829,0000000c,00208463,0,00000000
4719,2830,00000010,fe000ce3,0,00000000
4722,2831,00000008,00108093,1,000003b0
4723,2832,0000000c,00208463,0,00000000
4724,2833,00000010,fe000ce3,0,00000000
4727,2834,00000008,00108093,1,000003b1
4728,2835,0000000c,00208463,0,00000000
4729,2836,00000010,fe000ce3,0,00000000
4732,2837,00000008,00108093,1,000003b2
4733,2838,0000000c,00208463,0,00000000
4734,2839,00000010,fe000ce3,0,00000000
4737,2840,00000008,00108093,1,000003b3
4738,2841,0000000c,00208463,0,00000000
4739,2842,00000010,fe000ce3,0,00000000
4742,2843,00000008,00108093,1,000003b4
4743,2844,0000000c,00208463,0,00000000
4744,2845,00000010,fe000ce3,0,00000000
4747,2846,00000008,00108093,1,000003b5
4748,2847,0000000c,00208463,0,00000000
4749,2848,00000010,fe000ce3,0,00000000
4752,2849,00000008,00108093,1,000003b6
4753,2850,0000000c,00208463,0,00000000
4754,2851,00000010,fe000ce3,0,00000000
4757,2852,00000008,00108093,1,000003b7
4758,2853,0000000c,00208463,0,00000000
4759,2854,00000010,fe000ce3,0,00000000
4762,2855,00000008,00108093,1,000003b8
4763,2856,0000000c,00208463,0,00000000
4764,2857,00000010,fe000ce3,0,00000000
4767,2858,00000008,00108093,1,000003b9
4768,2859,0000000c,00208463,0,00000000
4769,2860,00000010,fe000ce3,0,00000000
4772,2861,00000008,00108093,1,000003ba
4773,2862,0000000c,00208463,0,00000000
4774,2863,00000010,fe000ce3,0,00000000
4777,2864,00000008,00108093,1,000003bb
4778,2865,0000000c,00208463,0,00000000
4779,2866,00000010,fe000ce3,0,00000000
4782,2867,00000008,00108093,1,000003bc
4783,2868,0000000c,00208463,0,00000000
4784,2869,00000010,fe000ce3,0,00000000
4787,2870,00000008,00108093,1,000003bd
4788,2871,0000000c,00208463,0,00000000
4789,2872,00000010,fe000ce3,0,00000000
4792,2873,00000008,00108093,1,000003be
4793,2874,0000000c,00208463,0,00000000
4794,2875,00000010,fe000ce3,0,00000000
4797,2876,00000008,00108093,1,000003bf
4798,2877,0000000c,00208463,0,00000000
4799,2878,00000010,fe000ce3,0,00000000
4802,2879,00000008,00108093,1,000003c0
4803,2880,0000000c,00208463,0,00000000
4804,2881,00000010,fe000ce3,0,00000000
4807,2882,00000008,00108093,1,000003c1
4808,2883,0000000c,00208463,0,00000000
4809,2884,00000010,fe000ce3,0,00000000
4812,2885,00000008,00108093,1,000003c2
4813,2886,0000000c,00208463,0,00000000
4814,2887,00000010,fe000ce3,0,00000000
4817,2888,00000008,00108093,1,000003c3
4818,2889,0000000c,00208463,0,00000000
4819,2890,00000010,fe000ce3,0,00000000
4822,2891,00000008,00108093,1,000003c4
4823,2892,0000000c,00208463,0,00000000
4824,2893,00000010,fe000ce3,0,00000000
4827,2894,00000008,00108093,1,000003c5
4828,2895,0000000c,00208463,0,00000000
4829,2896,00000010,fe000ce3,0,00000000
4832,2897,00000008,00108093,1,000003c6
4833,2898,0000000c,00208463,0,00000000
4834,2899,00000010,fe000ce3,0,00000000
4837,2900,00000008,00108093,1,000003c7
4838,2901,0000000c,00208463,0,00000000
4839,2902,00000010,fe000ce3,0,00000000
4842,2903,00000008,00108093,1,000003c8
4843,2904,0000000c,00208463,0,00000000
4844,2905,00000010,fe000ce3,0,00000000
4847,2906,00000008,00108093,1,000003c9
4848,2907,0000000c,00208463,0,00000000
4849,2908,00000010,fe000ce3,0,00000000
4852,2909,00000008,00108093,1,000003ca
4853,2910,0000000c,00208463,0,00000000
4854,2911,00000010,fe000ce3,0,00000000
4857,2912,00000008,00108093,1,000003cb
4858,2913,0000000c,00208463,0,00000000
4859,2914,00000010,fe000ce3,0,00000000
4862,2915,00000008,00108093,1,000003cc
4863,2916,0000000c,00208463,0,00000000
4864,2917,00000010,fe000ce3,0,00000000
4867,2918,00000008,00108093,1,000003cd
4868,2919,0000000c,00208463,0,00000000
4869,2920,00000010,fe000ce3,0,00000000
4872,2921,00000008,00108093,1,000003ce
4873,2922,0000000c,00208463,0,00000000
4874,2923,00000010,fe000ce3,0,00000000
4877,2924,00000008,00108093,1,000003cf
4878,2925,0000000c,00208463,0,00000000
4879,2926,00000010,fe000ce3,0,00000000
4882,2927,00000008,00108093,1,000003d0
4883,2928,0000000c,00208463,0,00000000
4884,2929,00000010,fe000ce3,0,00000000
4887,2930,00000008,00108093,1,000003d1
4888,2931,0000000c,00208463,0,00000000
4889,2932,00000010,fe000ce3,0,00000000
4892,2933,00000008,00108093,1,000003d2
4893,2934,0000000c,00208463,0,00000000
4894,2935,00000010,fe000ce3,0,00000000
4897,2936,00000008,00108093,1,000003d3
4898,2937,0000000c,00208463,0,00000000
4899,2938,00000010,fe000ce3,0,00000000
4902,2939,00000008,00108093,1,000003d4
4903,2940,0000000c,00208463,0,00000000
4904,2941,00000010,fe000ce3,0,00000000
4907,2942,00000008,00108093,1,000003d5
4908,2943,0000000c,00208463,0,00000000
4909,2944,00000010,fe000ce3,0,00000000
4912,2945,00000008,00108093,1,000003d6
4913,2946,0000000c,00208463,0,00000000
4914,2947,00000010,fe000ce3,0,00000000
4917,2948,00000008,00108093,1,000003d7
4918,2949,0000000c,00208463,0,00000000
4919,2950,00000010,fe000ce3,0,00000000
4922,2951,00000008,00108093,1,000003d8
4923,2952,0000000c,00208463,0,00000000
4924,2953,00000010,fe000ce3,0,00000000
4927,2954,00000008,00108093,1,000003d9
4928,2955,0000000c,00208463,0,00000000
4929,2956,00000010,fe000ce3,0,00000000
4932,2957,00000008,00108093,1,000003da
4933,2958,0000000c,00208463,0,00000000
4934,2959,00000010,fe000ce3,0,00000000
4937,2960,00000008,00108093,1,000003db
4938,2961,0000000c,00208463,0,00000000
4939,2962,00000010,fe000ce3,0,00000000
4942,2963,00000008,00108093,1,000003dc
4943,2964,0000000c,00208463,0,00000000
4944,2965,00000010,fe000ce3,0,00000000
4947,2966,00000008,00108093,1,000003dd
4948,2967,0000000c,00208463,0,00000000
4949,2968,00000010,fe000ce3,0,00000000
4952,2969,00000008,00108093,1,000003de
4953,2970,0000000c,00208463,0,00000000
4954,2971,00000010,fe000ce3,0,00000000
4957,2972,00000008,00108093,1,000003df
4958,2973,0000000c,00208463,0,00000000
4959,2974,00000010,fe000ce3,0,00000000
4962,2975,00000008,00108093,1,000003e0
4963,2976,0000000c,00208463,0,00000000
4964,2977,00000010,fe000ce3,0,00000000
4967,2978,00000008,00108093,1,000003e1
4968,2979,0000000c,00208463,0,00000000
4969,2980,00000010,fe000ce3,0,00000000
4972,2981,00000008,00108093,1,000003e2
4973,2982,0000000c,00208463,0,00000000
4974,2983,00000010,fe000ce3,0,00000000
4977,2984,00000008,00108093,1,000003e3
4978,2985,0000000c,00208463,0,00000000
4979,2986,00000010,fe000ce3,0,00000000
4982,2987,00000008,00108093,1,000003e4
4983,2988,0000000c,00208463,0,00000000
4984,2989,00000010,fe000ce3,0,00000000
4987,2990,00000008,00108093,1,000003e5
4988,2991,0000000c,00208463,0,00000000
4989,2992,00000010,fe000ce3,0,00000000
4992,2993,00000008,00108093,1,000003e6
4993,2994,0000000c,00208463,0,00000000
4994,2995,00000010,fe000ce3,0,00000000
4997,2996,00000008,00108093,1,000003e7
4998,2997,0000000c,00208463,0,00000000
4999,2998,00000010,fe000ce3,0,00000000
5002,2999,00000008,00108093,1,000003e8
5003,3000,0000000c,00208463,0,00000000
5004,3001,00000010,fe000ce3,0,00000000
5007,3002,00000008,00108093,1,000003e9
5008,3003,0000000c,00208463,0,00000000
5009,3004,00000010,fe000ce3,0,00000000
5012,3005,00000008,00108093,1,000003ea
5013,3006,0000000c,00208463,0,00000000
5014,3007,00000010,fe000ce3,0,00000000
5017,3008,00000008,00108093,1,000003eb
5018,3009,0000000c,00208463,0,00000000
5019,3010,00000010,fe000ce3,0,00000000
5022,3011,00000008,00108093,1,000003ec
5023,3012,0000000c,00208463,0,00000000
5024,3013,00000010,fe000ce3,0,00000000
5027,3014,00000008,00108093,1,000003ed
5028,3015,0000000c,00208463,0,00000000
5029,3016,00000010,fe000ce3,0,00000000
5032,3017,00000008,00108093,1,000003ee
5033,3018,0000000c,00208463,0,00000000
5034,3019,00000010,fe000ce3,0,00000000
5037,3020,00000008,00108093,1,000003ef
5038,3021,0000000c,00208463,0,00000000
5039,3022,00000010,fe000ce3,0,00000000
5042,3023,00000008,00108093,1,000003f0
5043,3024,0000000c,00208463,0,00000000
5044,3025,00000010,fe000ce3,0,00000000
5047,3026,00000008,00108093,1,000003f1
5048,3027,0000000c,00208463,0,00000000
5049,3028,00000010,fe000ce3,0,00000000
5052,3029,00000008,00108093,1,000003f2
5053,3030,0000000c,00208463,0,00000000
5054,3031,00000010,fe000ce3,0,00000000
5057,3032,00000008,00108093,1,000003f3
5058,3033,0000000c,00208463,0,00000000
5059,3034,00000010,fe000ce3,0,00000000
5062,3035,00000008,00108093,1,000003f4
5063,3036,0000000c,00208463,0,00000000
5064,3037,00000010,fe000ce3,0,00000000
5067,3038,00000008,00108093,1,000003f5
5068,3039,0000000c,00208463,0,00000000
5069,3040,00000010,fe000ce3,0,00000000
5072,3041,00000008,00108093,1,000003f6
5073,3042,0000000c,00208463,0,00000000
5074,3043,00000010,fe000ce3,0,00000000
5077,3044,00000008,00108093,1,000003f7
5078,3045,0000000c,00208463,0,00000000
5079,3046,00000010,fe000ce3,0,00000000
5082,3047,00000008,00108093,1,000003f8
5083,3048,0000000c,00208463,0,00000000
5084,3049,00000010,fe000ce3,0,00000000
5087,3050,00000008,00108093,1,000003f9
5088,3051,0000000c,00208463,0,00000000
5089,3052,00000010,fe000ce3,0,00000000
5092,3053,00000008,00108093,1,000003fa
5093,3054,0000000c,00208463,0,00000000
5094,3055,00000010,fe000ce3,0,00000000
5097,3056,00000008,00108093,1,000003fb
5098,3057,0000000c,00208463,0,00000000
5099,3058,00000010,fe000ce3,0,00000000
5102,3059,00000008,00108093,1,000003fc
5103,3060,0000000c,00208463,0,00000000
5104,3061,00000010,fe000ce3,0,00000000
5107,3062,00000008,00108093,1,000003fd
5108,3063,0000000c,00208463,0,00000000
5109,3064,00000010,fe000ce3,0,00000000
5112,3065,00000008,00108093,1,000003fe
5113,3066,0000000c,00208463,0,00000000
5114,3067,00000010,fe000ce3,0,00000000
5117,3068,00000008,00108093,1,000003ff
5118,3069,0000000c,00208463,0,00000000
5119,3070,00000010,fe000ce3,0,00000000
5122,3071,00000008,00108093,1,00000400
5123,3072,0000000c,00208463,0,00000000
5124,3073,00000010,fe000ce3,0,00000000
5127,3074,00000008,00108093,1,00000401
5128,3075,0000000c,00208463,0,00000000
5129,3076,00000010,fe000ce3,0,00000000
5132,3077,00000008,00108093,1,00000402
5133,3078,0000000c,00208463,0,00000000
5134,3079,00000010,fe000ce3,0,00000000
5137,3080,00000008,00108093,1,00000403
5138,3081,0000000c,00208463,0,00000000
5139,3082,00000010,fe000ce3,0,00000000
5142,3083,00000008,00108093,1,00000404
5143,3084,0000000c,00208463,0,00000000
5144,3085,00000010,fe000ce3,0,00000000
5147,3086,00000008,00108093,1,00000405
5148,3087,0000000c,00208463,0,00000000
5149,3088,00000010,fe000ce3,0,00000000
5152,3089,00000008,00108093,1,00000406
5153,3090,0000000c,00208463,0,00000000
5154,3091,00000010,fe000ce3,0,00000000
5157,3092,00000008,00108093,1,00000407
5158,3093,0000000c,00208463,0,00000000
5159,3094,00000010,fe000ce3,0,00000000
5162,3095,00000008,00108093,1,00000408
5163,3096,0000000c,00208463,0,00000000
5164,3097,00000010,fe000ce3,0,00000000
5167,3098,00000008,00108093,1,00000409
5168,3099,0000000c,00208463,0,00000000
5169,3100,00000010,fe000ce3,0,00000000
5172,3101,00000008,00108093,1,0000040a
5173,3102,0000000c,00208463,0,00000000
5174,3103,00000010,fe000ce3,0,00000000
5177,3104,00000008,00108093,1,0000040b
5178,3105,0000000c,00208463,0,00000000
5179,3106,00000010,fe000ce3,0,00000000
5182,3107,00000008,00108093,1,0000040c
5183,3108,0000000c,00208463,0,00000000
5184,3109,00000010,fe000ce3,0,00000000
5187,3110,00000008,00108093,1,0000040d
5188,3111,0000000c,00208463,0,00000000
5189,3112,00000010,fe000ce3,0,00000000
5192,3113,00000008,00108093,1,0000040e
5193,3114,0000000c,00208463,0,00000000
5194,3115,00000010,fe000ce3,0,00000000
5197,3116,00000008,00108093,1,0000040f
5198,3117,0000000c,00208463,0,00000000
5199,3118,00000010,fe000ce3,0,00000000
5202,3119,00000008,00108093,1,00000410
5203,3120,0000000c,00208463,0,00000000
5204,3121,00000010,fe000ce3,0,00000000
5207,3122,00000008,00108093,1,00000411
5208,3123,0000000c,00208463,0,00000000
5209,3124,00000010,fe000ce3,0,00000000
5212,3125,00000008,00108093,1,00000412
5213,3126,0000000c,00208463,0,00000000
5214,3127,00000010,fe000ce3,0,00000000
5217,3128,00000008,00108093,1,00000413
5218,3129,0000000c,00208463,0,00000000
5219,3130,00000010,fe000ce3,0,00000000
5222,3131,00000008,00108093,1,00000414
5223,3132,0000000c,00208463,0,00000000
5224,3133,00000010,fe000ce3,0,00000000
5227,3134,00000008,00108093,1,00000415
5228,3135,0000000c,00208463,0,00000000
5229,3136,00000010,fe000ce3,0,00000000
5232,3137,00000008,00108093,1,00000416
5233,3138,0000000c,00208463,0,00000000
5234,3139,00000010,fe000ce3,0,00000000
5237,3140,00000008,00108093,1,00000417
5238,3141,0000000c,00208463,0,00000000
5239,3142,00000010,fe000ce3,0,00000000
5242,3143,00000008,00108093,1,00000418
5243,3144,0000000c,00208463,0,00000000
5244,3145,00000010,fe000ce3,0,00000000
5247,3146,00000008,00108093,1,00000419
5248,3147,0000000c,00208463,0,00000000
5249,3148,00000010,fe000ce3,0,00000000
5252,3149,00000008,00108093,1,0000041a
5253,3150,0000000c,00208463,0,00000000
5254,3151,00000010,fe000ce3,0,00000000
5257,3152,00000008,00108093,1,0000041b
5258,3153,0000000c,00208463,0,00000000
5259,3154,00000010,fe000ce3,0,00000000
5262,3155,00000008,00108093,1,0000041c
5263,3156,0000000c,00208463,0,00000000
5264,3157,00000010,fe000ce3,0,00000000
5267,3158,00000008,00108093,1,0000041d
5268,3159,0000000c,00208463,0,00000000
5269,3160,00000010,fe000ce3,0,00000000
5272,3161,00000008,00108093,1,0000041e
5273,3162,0000000c,00208463,0,00000000
5274,3163,00000010,fe000ce3,0,00000000
5277,3164,00000008,00108093,1,0000041f
5278,3165,0000000c,00208463,0,00000000
5279,3166,00000010,fe000ce3,0,00000000
5282,3167,00000008,00108093,1,00000420
5283,3168,0000000c,00208463,0,00000000
5284,3169,00000010,fe000ce3,0,00000000
5287,3170,00000008,00108093,1,00000421
5288,3171,0000000c,00208463,0,00000000
5289,3172,00000010,fe000ce3,0,00000000
5292,3173,00000008,00108093,1,00000422
5293,3174,0000000c,00208463,0,00000000
5294,3175,00000010,fe000ce3,0,00000000
5297,3176,00000008,00108093,1,00000423
5298,3177,0000000c,00208463,0,00000000
5299,3178,00000010,fe000ce3,0,00000000
5302,3179,00000008,00108093,1,00000424
5303,3180,0000000c,00208463,0,00000000
5304,3181,00000010,fe000ce3,0,00000000
5307,3182,00000008,00108093,1,00000425
5308,3183,0000000c,00208463,0,00000000
5309,3184,00000010,fe000ce3,0,00000000
5312,3185,00000008,00108093,1,00000426
5313,3186,0000000c,00208463,0,00000000
5314,3187,00000010,fe000ce3,0,00000000
5317,3188,00000008,00108093,1,00000427
5318,3189,0000000c,00208463,0,00000000
5319,3190,00000010,fe000ce3,0,00000000
5322,3191,00000008,00108093,1,00000428
5323,3192,0000000c,00208463,0,00000000
5324,3193,00000010,fe000ce3,0,00000000
5327,3194,00000008,00108093,1,00000429
5328,3195,0000000c,00208463,0,00000000
5329,3196,00000010,fe000ce3,0,00000000
5332,3197,00000008,00108093,1,0000042a
5333,3198,0000000c,00208463,0,00000000
5334,3199,00000010,fe000ce3,0,00000000
5337,3200,00000008,00108093,1,0000042b
5338,3201,0000000c,00208463,0,00000000
5339,3202,00000010,fe000ce3,0,00000000
5342,3203,00000008,00108093,1,0000042c
5343,3204,0000000c,00208463,0,00000000
5344,3205,00000010,fe000ce3,0,00000000
5347,3206,00000008,00108093,1,0000042d
5348,3207,0000000c,00208463,0,00000000
5349,3208,00000010,fe000ce3,0,00000000
5352,3209,00000008,00108093,1,0000042e
5353,3210,0000000c,00208463,0,00000000
5354,3211,00000010,fe000ce3,0,00000000
5357,3212,00000008,00108093,1,0000042f
5358,3213,0000000c,00208463,0,00000000
5359,3214,00000010,fe000ce3,0,00000000
5362,3215,00000008,00108093,1,00000430
5363,3216,0000000c,00208463,0,00000000
5364,3217,00000010,fe000ce3,0,00000000
5367,3218,00000008,00108093,1,00000431
5368,3219,0000000c,00208463,0,00000000
5369,3220,00000010,fe000ce3,0,00000000
5372,3221,00000008,00108093,1,00000432
5373,3222,0000000c,00208463,0,00000000
5374,3223,00000010,fe000ce3,0,00000000
5377,3224,00000008,00108093,1,00000433
5378,3225,0000000c,00208463,0,00000000
5379,3226,00000010,fe000ce3,0,00000000
5382,3227,00000008,00108093,1,00000434
5383,3228,0000000c,00208463,0,00000000
5384,3229,00000010,fe000ce3,0,00000000
5387,3230,00000008,00108093,1,00000435
5388,3231,0000000c,00208463,0,00000000
5389,3232,00000010,fe000ce3,0,00000000
5392,3233,00000008,00108093,1,00000436
5393,3234,0000000c,00208463,0,00000000
5394,3235,00000010,fe000ce3,0,00000000
5397,3236,00000008,00108093,1,00000437
5398,3237,0000000c,00208463,0,00000000
5399,3238,00000010,fe000ce3,0,00000000
5402,3239,00000008,00108093,1,00000438
5403,3240,0000000c,00208463,0,00000000
5404,3241,00000010,fe000ce3,0,00000000
5407,3242,00000008,00108093,1,00000439
5408,3243,0000000c,00208463,0,00000000
5409,3244,00000010,fe000ce3,0,00000000
5412,3245,00000008,00108093,1,0000043a
5413,3246,0000000c,00208463,0,00000000
5414,3247,00000010,fe000ce3,0,00000000
5417,3248,00000008,00108093,1,0000043b
5418,3249,0000000c,00208463,0,00000000
5419,3250,00000010,fe000ce3,0,00000000
5422,3251,00000008,00108093,1,0000043c
5423,3252,0000000c,00208463,0,00000000
5424,3253,00000010,fe000ce3,0,00000000
5427,3254,00000008,00108093,1,0000043d
5428,3255,0000000c,00208463,0,00000000
5429,3256,00000010,fe000ce3,0,00000000
5432,3257,00000008,00108093,1,0000043e
5433,3258,0000000c,00208463,0,00000000
5434,3259,00000010,fe000ce3,0,00000000
5437,3260,00000008,00108093,1,0000043f
5438,3261,0000000c,00208463,0,00000000
5439,3262,00000010,fe000ce3,0,00000000
5442,3263,00000008,00108093,1,00000440
5443,3264,0000000c,00208463,0,00000000
5444,3265,00000010,fe000ce3,0,00000000
5447,3266,00000008,00108093,1,00000441
5448,3267,0000000c,00208463,0,00000000
5449,3268,00000010,fe000ce3,0,00000000
5452,3269,00000008,00108093,1,00000442
5453,3270,0000000c,00208463,0,00000000
5454,3271,00000010,fe000ce3,0,00000000
5457,3272,00000008,00108093,1,00000443
5458,3273,0000000c,00208463,0,00000000
5459,3274,00000010,fe000ce3,0,00000000
5462,3275,00000008,00108093,1,00000444
5463,3276,0000000c,00208463,0,00000000
5464,3277,00000010,fe000ce3,0,00000000
5467,3278,00000008,00108093,1,00000445
5468,3279,0000000c,00208463,0,00000000
5469,3280,00000010,fe000ce3,0,00000000
5472,3281,00000008,00108093,1,00000446
5473,3282,0000000c,00208463,0,00000000
5474,3283,00000010,fe000ce3,0,00000000
5477,3284,00000008,00108093,1,00000447
5478,3285,0000000c,00208463,0,00000000
5479,3286,00000010,fe000ce3,0,00000000
5482,3287,00000008,00108093,1,00000448
5483,3288,0000000c,00208463,0,00000000
5484,3289,00000010,fe000ce3,0,00000000
5487,3290,00000008,00108093,1,00000449
5488,3291,0000000c,00208463,0,00000000
5489,3292,00000010,fe000ce3,0,00000000
5492,3293,00000008,00108093,1,0000044a
5493,3294,0000000c,00208463,0,00000000
5494,3295,00000010,fe000ce3,0,00000000
5497,3296,00000008,00108093,1,0000044b
5498,3297,0000000c,00208463,0,00000000
5499,3298,00000010,fe000ce3,0,00000000
5502,3299,00000008,00108093,1,0000044c
5503,3300,0000000c,00208463,0,00000000
5504,3301,00000010,fe000ce3,0,00000000
5507,3302,00000008,00108093,1,0000044d
5508,3303,0000000c,00208463,0,00000000
5509,3304,00000010,fe000ce3,0,00000000
5512,3305,00000008,00108093,1,0000044e
5513,3306,0000000c,00208463,0,00000000
5514,3307,00000010,fe000ce3,0,00000000
5517,3308,00000008,00108093,1,0000044f
5518,3309,0000000c,00208463,0,00000000
5519,3310,00000010,fe000ce3,0,00000000
5522,3311,00000008,00108093,1,00000450
5523,3312,0000000c,00208463,0,00000000
5524,3313,00000010,fe000ce3,0,00000000
5527,3314,00000008,00108093,1,00000451
5528,3315,0000000c,00208463,0,00000000
5529,3316,00000010,fe000ce3,0,00000000
5532,3317,00000008,00108093,1,00000452
5533,3318,0000000c,00208463,0,00000000
5534,3319,00000010,fe000ce3,0,00000000
5537,3320,00000008,00108093,1,00000453
5538,3321,0000000c,00208463,0,00000000
5539,3322,00000010,fe000ce3,0,00000000
5542,3323,00000008,00108093,1,00000454
5543,3324,0000000c,00208463,0,00000000
5544,3325,00000010,fe000ce3,0,00000000
5547,3326,00000008,00108093,1,00000455
5548,3327,0000000c,00208463,0,00000000
5549,3328,00000010,fe000ce3,0,00000000
5552,3329,00000008,00108093,1,00000456
5553,3330,0000000c,00208463,0,00000000
5554,3331,00000010,fe000ce3,0,00000000
5557,3332,00000008,00108093,1,00000457
5558,3333,0000000c,00208463,0,00000000
5559,3334,00000010,fe000ce3,0,00000000
5562,3335,00000008,00108093,1,00000458
5563,3336,0000000c,00208463,0,00000000
5564,3337,00000010,fe000ce3,0,00000000
5567,3338,00000008,00108093,1,00000459
5568,3339,0000000c,00208463,0,00000000
5569,3340,00000010,fe000ce3,0,00000000
5572,3341,00000008,00108093,1,0000045a
5573,3342,0000000c,00208463,0,00000000
5574,3343,00000010,fe000ce3,0,00000000
5577,3344,00000008,00108093,1,0000045b
5578,3345,0000000c,00208463,0,00000000
5579,3346,00000010,fe000ce3,0,00000000
5582,3347,00000008,00108093,1,0000045c
5583,3348,0000000c,00208463,0,00000000
5584,3349,00000010,fe000ce3,0,00000000
5587,3350,00000008,00108093,1,0000045d
5588,3351,0000000c,00208463,0,00000000
5589,3352,00000010,fe000ce3,0,00000000
5592,3353,00000008,00108093,1,0000045e
5593,3354,0000000c,00208463,0,00000000
5594,3355,00000010,fe000ce3,0,00000000
5597,3356,00000008,00108093,1,0000045f
5598,3357,0000000c,00208463,0,00000000
5599,3358,00000010,fe000ce3,0,00000000
5602,3359,00000008,00108093,1,00000460
5603,3360,0000000c,00208463,0,00000000
5604,3361,00000010,fe000ce3,0,00000000
5607,3362,00000008,00108093,1,00000461
5608,3363,0000000c,00208463,0,00000000
5609,3364,00000010,fe000ce3,0,00000000
5612,3365,00000008,00108093,1,00000462
5613,3366,0000000c,00208463,0,00000000
5614,3367,00000010,fe000ce3,0,00000000
5617,3368,00000008,00108093,1,00000463
5618,3369,0000000c,00208463,0,00000000
5619,3370,00000010,fe000ce3,0,00000000
5622,3371,00000008,00108093,1,00000464
5623,3372,0000000c,00208463,0,00000000
5624,3373,00000010,fe000ce3,0,00000000
5627,3374,00000008,00108093,1,00000465
5628,3375,0000000c,00208463,0,00000000
5629,3376,00000010,fe000ce3,0,00000000
5632,3377,00000008,00108093,1,00000466
5633,3378,0000000c,00208463,0,00000000
5634,3379,00000010,fe000ce3,0,00000000
5637,3380,00000008,00108093,1,00000467
5638,3381,0000000c,00208463,0,00000000
5639,3382,00000010,fe000ce3,0,00000000
5642,3383,00000008,00108093,1,00000468
5643,3384,0000000c,00208463,0,00000000
5644,3385,00000010,fe000ce3,0,00000000
5647,3386,00000008,00108093,1,00000469
5648,3387,0000000c,00208463,0,00000000
5649,3388,00000010,fe000ce3,0,00000000
5652,3389,00000008,00108093,1,0000046a
5653,3390,0000000c,00208463,0,00000000
5654,3391,00000010,fe000ce3,0,00000000
5657,3392,00000008,00108093,1,0000046b
5658,3393,0000000c,00208463,0,00000000
5659,3394,00000010,fe000ce3,0,00000000
5662,3395,00000008,00108093,1,0000046c
5663,3396,0000000c,00208463,0,00000000
5664,3397,00000010,fe000ce3,0,00000000
5667,3398,00000008,00108093,1,0000046d
5668,3399,0000000c,00208463,0,00000000
5669,3400,00000010,fe000ce3,0,00000000
5672,3401,00000008,00108093,1,0000046e
5673,3402,0000000c,00208463,0,00000000
5674,3403,00000010,fe000ce3,0,00000000
5677,3404,00000008,00108093,1,0000046f
5678,3405,0000000c,00208463,0,00000000
5679,3406,00000010,fe000ce3,0,00000000
5682,3407,00000008,00108093,1,00000470
5683,3408,0000000c,00208463,0,00000000
5684,3409,00000010,fe000ce3,0,00000000
5687,3410,00000008,00108093,1,00000471
5688,3411,0000000c,00208463,0,00000000
5689,3412,00000010,fe000ce3,0,00000000
5692,3413,00000008,00108093,1,00000472
5693,3414,0000000c,00208463,0,00000000
5694,3415,00000010,fe000ce3,0,00000000
5697,3416,00000008,00108093,1,00000473
5698,3417,0000000c,00208463,0,00000000
5699,3418,00000010,fe000ce3,0,00000000
5702,3419,00000008,00108093,1,00000474
5703,3420,0000000c,00208463,0,00000000
5704,3421,00000010,fe000ce3,0,00000000
5707,3422,00000008,00108093,1,00000475
5708,3423,0000000c,00208463,0,00000000
5709,3424,00000010,fe000ce3,0,00000000
5712,3425,00000008,00108093,1,00000476
5713,3426,0000000c,00208463,0,00000000
5714,3427,00000010,fe000ce3,0,00000000
5717,3428,00000008,00108093,1,00000477
5718,3429,0000000c,00208463,0,00000000
5719,3430,00000010,fe000ce3,0,00000000
5722,3431,00000008,00108093,1,00000478
5723,3432,0000000c,00208463,0,00000000
5724,3433,00000010,fe000ce3,0,00000000
5727,3434,00000008,00108093,1,00000479
5728,3435,0000000c,00208463,0,00000000
5729,3436,00000010,fe000ce3,0,00000000
5732,3437,00000008,00108093,1,0000047a
5733,3438,0000000c,00208463,0,00000000
5734,3439,00000010,fe000ce3,0,00000000
5737,3440,00000008,00108093,1,0000047b
5738,3441,0000000c,00208463,0,00000000
5739,3442,00000010,fe000ce3,0,00000000
5742,3443,00000008,00108093,1,0000047c
5743,3444,0000000c,00208463,0,00000000
5744,3445,00000010,fe000ce3,0,00000000
5747,3446,00000008,00108093,1,0000047d
5748,3447,0000000c,00208463,0,00000000
5749,3448,00000010,fe000ce3,0,00000000
5752,3449,00000008,00108093,1,0000047e
5753,3450,0000000c,00208463,0,00000000
5754,3451,00000010,fe000ce3,0,00000000
5757,3452,00000008,00108093,1,0000047f
5758,3453,0000000c,00208463,0,00000000
5759,3454,00000010,fe000ce3,0,00000000
5762,3455,00000008,00108093,1,00000480
5763,3456,0000000c,00208463,0,00000000
5764,3457,00000010,fe000ce3,0,00000000
5767,3458,00000008,00108093,1,00000481
5768,3459,0000000c,00208463,0,00000000
5769,3460,00000010,fe000ce3,0,00000000
5772,3461,00000008,00108093,1,00000482
5773,3462,0000000c,00208463,0,00000000
5774,3463,00000010,fe000ce3,0,00000000
5777,3464,00000008,00108093,1,00000483
5778,3465,0000000c,00208463,0,00000000
5779,3466,00000010,fe000ce3,0,00000000
5782,3467,00000008,00108093,1,00000484
5783,3468,0000000c,00208463,0,00000000
5784,3469,00000010,fe000ce3,0,00000000
5787,3470,00000008,00108093,1,00000485
5788,3471,0000000c,00208463,0,00000000
5789,3472,00000010,fe000ce3,0,00000000
5792,3473,00000008,00108093,1,00000486
5793,3474,0000000c,00208463,0,00000000
5794,3475,00000010,fe000ce3,0,00000000
5797,3476,00000008,00108093,1,00000487
5798,3477,0000000c,00208463,0,00000000
5799,3478,00000010,fe000ce3,0,00000000
5802,3479,00000008,00108093,1,00000488
5803,3480,0000000c,00208463,0,00000000
5804,3481,00000010,fe000ce3,0,00000000
5807,3482,00000008,00108093,1,00000489
5808,3483,0000000c,00208463,0,00000000
5809,3484,00000010,fe000ce3,0,00000000
5812,3485,00000008,00108093,1,0000048a
5813,3486,0000000c,00208463,0,00000000
5814,3487,00000010,fe000ce3,0,00000000
5817,3488,00000008,00108093,1,0000048b
5818,3489,0000000c,00208463,0,00000000
5819,3490,00000010,fe000ce3,0,00000000
5822,3491,00000008,00108093,1,0000048c
5823,3492,0000000c,00208463,0,00000000
5824,3493,00000010,fe000ce3,0,00000000
5827,3494,00000008,00108093,1,0000048d
5828,3495,0000000c,00208463,0,00000000
5829,3496,00000010,fe000ce3,0,00000000
5832,3497,00000008,00108093,1,0000048e
5833,3498,0000000c,00208463,0,00000000
5834,3499,00000010,fe000ce3,0,00000000
5837,3500,00000008,00108093,1,0000048f
5838,3501,0000000c,00208463,0,00000000
5839,3502,00000010,fe000ce3,0,00000000
5842,3503,00000008,00108093,1,00000490
5843,3504,0000000c,00208463,0,00000000
5844,3505,00000010,fe000ce3,0,00000000
5847,3506,00000008,00108093,1,00000491
5848,3507,0000000c,00208463,0,00000000
5849,3508,00000010,fe000ce3,0,00000000
5852,3509,00000008,00108093,1,00000492
5853,3510,0000000c,00208463,0,00000000
5854,3511,00000010,fe000ce3,0,00000000
5857,3512,00000008,00108093,1,00000493
5858,3513,0000000c,00208463,0,00000000
5859,3514,00000010,fe000ce3,0,00000000
5862,3515,00000008,00108093,1,00000494
5863,3516,0000000c,00208463,0,00000000
5864,3517,00000010,fe000ce3,0,00000000
5867,3518,00000008,00108093,1,00000495
5868,3519,0000000c,00208463,0,00000000
5869,3520,00000010,fe000ce3,0,00000000
5872,3521,00000008,00108093,1,00000496
5873,3522,0000000c,00208463,0,00000000
5874,3523,00000010,fe000ce3,0,00000000
5877,3524,00000008,00108093,1,00000497
5878,3525,0000000c,00208463,0,00000000
5879,3526,00000010,fe000ce3,0,00000000
5882,3527,00000008,00108093,1,00000498
5883,3528,0000000c,00208463,0,00000000
5884,3529,00000010,fe000ce3,0,00000000
5887,3530,00000008,00108093,1,00000499
5888,3531,0000000c,00208463,0,00000000
5889,3532,00000010,fe000ce3,0,00000000
5892,3533,00000008,00108093,1,0000049a
5893,3534,0000000c,00208463,0,00000000
5894,3535,00000010,fe000ce3,0,00000000
5897,3536,00000008,00108093,1,0000049b
5898,3537,0000000c,00208463,0,00000000
5899,3538,00000010,fe000ce3,0,00000000
5902,3539,00000008,00108093,1,0000049c
5903,3540,0000000c,00208463,0,00000000
5904,3541,00000010,fe000ce3,0,00000000
5907,3542,00000008,00108093,1,0000049d
5908,3543,0000000c,00208463,0,00000000
5909,3544,00000010,fe000ce3,0,00000000
5912,3545,00000008,00108093,1,0000049e
5913,3546,0000000c,00208463,0,00000000
5914,3547,00000010,fe000ce3,0,00000000
5917,3548,00000008,00108093,1,0000049f
5918,3549,0000000c,00208463,0,00000000
5919,3550,00000010,fe000ce3,0,00000000
5922,3551,00000008,00108093,1,000004a0
5923,3552,0000000c,00208463,0,00000000
5924,3553,00000010,fe000ce3,0,00000000
5927,3554,00000008,00108093,1,000004a1
5928,3555,0000000c,00208463,0,00000000
5929,3556,00000010,fe000ce3,0,00000000
5932,3557,00000008,00108093,1,000004a2
5933,3558,0000000c,00208463,0,00000000
5934,3559,00000010,fe000ce3,0,00000000
5937,3560,00000008,00108093,1,000004a3
5938,3561,0000000c,00208463,0,00000000
5939,3562,00000010,fe000ce3,0,00000000
5942,3563,00000008,00108093,1,000004a4
5943,3564,0000000c,00208463,0,00000000
5944,3565,00000010,fe000ce3,0,00000000
5947,3566,00000008,00108093,1,000004a5
5948,3567,0000000c,00208463,0,00000000
5949,3568,00000010,fe000ce3,0,00000000
5952,3569,00000008,00108093,1,000004a6
5953,3570,0000000c,00208463,0,00000000
5954,3571,00000010,fe000ce3,0,00000000
5957,3572,00000008,00108093,1,000004a7
5958,3573,0000000c,00208463,0,00000000
5959,3574,00000010,fe000ce3,0,00000000
5962,3575,00000008,00108093,1,000004a8
5963,3576,0000000c,00208463,0,00000000
5964,3577,00000010,fe000ce3,0,00000000
5967,3578,00000008,00108093,1,000004a9
5968,3579,0000000c,00208463,0,00000000
5969,3580,00000010,fe000ce3,0,00000000
5972,3581,00000008,00108093,1,000004aa
5973,3582,0000000c,00208463,0,00000000
5974,3583,00000010,fe000ce3,0,00000000
5977,3584,00000008,00108093,1,000004ab
5978,3585,0000000c,00208463,0,00000000
5979,3586,00000010,fe000ce3,0,00000000
5982,3587,00000008,00108093,1,000004ac
5983,3588,0000000c,00208463,0,00000000
5984,3589,00000010,fe000ce3,0,00000000
5987,3590,00000008,00108093,1,000004ad
5988,3591,0000000c,00208463,0,00000000
5989,3592,00000010,fe000ce3,0,00000000
5992,3593,00000008,00108093,1,000004ae
5993,3594,0000000c,00208463,0,00000000
5994,3595,00000010,fe000ce3,0,00000000
5997,3596,00000008,00108093,1,000004af
5998,3597,0000000c,00208463,0,00000000
5999,3598,00000010,fe000ce3,0,00000000
6002,3599,00000008,00108093,1,000004b0
6003,3600,0000000c,00208463,0,00000000
6004,3601,00000010,fe000ce3,0,00000000
6007,3602,00000008,00108093,1,000004b1
6008,3603,0000000c,00208463,0,00000000
6009,3604,00000010,fe000ce3,0,00000000
6012,3605,00000008,00108093,1,000004b2
6013,3606,0000000c,00208463,0,00000000
6014,3607,00000010,fe000ce3,0,00000000
6017,3608,00000008,00108093,1,000004b3
6018,3609,0000000c,00208463,0,00000000
6019,3610,00000010,fe000ce3,0,00000000
6022,3611,00000008,00108093,1,000004b4
6023,3612,0000000c,00208463,0,00000000
6024,3613,00000010,fe000ce3,0,00000000
6027,3614,00000008,00108093,1,000004b5
6028,3615,0000000c,00208463,0,00000000
6029,3616,00000010,fe000ce3,0,00000000
6032,3617,00000008,00108093,1,000004b6
6033,3618,0000000c,00208463,0,00000000
6034,3619,00000010,fe000ce3,0,00000000
6037,3620,00000008,00108093,1,000004b7
6038,3621,0000000c,00208463,0,00000000
6039,3622,00000010,fe000ce3,0,00000000
6042,3623,00000008,00108093,1,000004b8
6043,3624,0000000c,00208463,0,00000000
6044,3625,00000010,fe000ce3,0,00000000
6047,3626,00000008,00108093,1,000004b9
6048,3627,0000000c,00208463,0,00000000
6049,3628,00000010,fe000ce3,0,00000000
6052,3629,00000008,00108093,1,000004ba
6053,3630,0000000c,00208463,0,00000000
6054,3631,00000010,fe000ce3,0,00000000
6057,3632,00000008,00108093,1,000004bb
6058,3633,0000000c,00208463,0,00000000
6059,3634,00000010,fe000ce3,0,00000000
6062,3635,00000008,00108093,1,000004bc
6063,3636,0000000c,00208463,0,00000000
6064,3637,00000010,fe000ce3,0,00000000
6067,3638,00000008,00108093,1,000004bd
6068,3639,0000000c,00208463,0,00000000
6069,3640,00000010,fe000ce3,0,00000000
6072,3641,00000008,00108093,1,000004be
6073,3642,0000000c,00208463,0,00000000
6074,3643,00000010,fe000ce3,0,00000000
6077,3644,00000008,00108093,1,000004bf
6078,3645,0000000c,00208463,0,00000000
6079,3646,00000010,fe000ce3,0,00000000
6082,3647,00000008,00108093,1,000004c0
6083,3648,0000000c,00208463,0,00000000
6084,3649,00000010,fe000ce3,0,00000000
6087,3650,00000008,00108093,1,000004c1
6088,3651,0000000c,00208463,0,00000000
6089,3652,00000010,fe000ce3,0,00000000
6092,3653,00000008,00108093,1,000004c2
6093,3654,0000000c,00208463,0,00000000
6094,3655,00000010,fe000ce3,0,00000000
6097,3656,00000008,00108093,1,000004c3
6098,3657,0000000c,00208463,0,00000000
6099,3658,00000010,fe000ce3,0,00000000
6102,3659,00000008,00108093,1,000004c4
6103,3660,0000000c,00208463,0,00000000
6104,3661,00000010,fe000ce3,0,00000000
6107,3662,00000008,00108093,1,000004c5
6108,3663,0000000c,00208463,0,00000000
6109,3664,00000010,fe000ce3,0,00000000
6112,3665,00000008,00108093,1,000004c6
6113,3666,0000000c,00208463,0,00000000
6114,3667,00000010,fe000ce3,0,00000000
6117,3668,00000008,00108093,1,000004c7
6118,3669,0000000c,00208463,0,00000000
6119,3670,00000010,fe000ce3,0,00000000
6122,3671,00000008,00108093,1,000004c8
6123,3672,0000000c,00208463,0,00000000
6124,3673,00000010,fe000ce3,0,00000000
6127,3674,00000008,00108093,1,000004c9
6128,3675,0000000c,00208463,0,00000000
6129,3676,00000010,fe000ce3,0,00000000
6132,3677,00000008,00108093,1,000004ca
6133,3678,0000000c,00208463,0,00000000
6134,3679,00000010,fe000ce3,0,00000000
6137,3680,00000008,00108093,1,000004cb
6138,3681,0000000c,00208463,0,00000000
6139,3682,00000010,fe000ce3,0,00000000
6142,3683,00000008,00108093,1,000004cc
6143,3684,0000000c,00208463,0,00000000
6144,3685,00000010,fe000ce3,0,00000000
6147,3686,00000008,00108093,1,000004cd
6148,3687,0000000c,00208463,0,00000000
6149,3688,00000010,fe000ce3,0,00000000
6152,3689,00000008,00108093,1,000004ce
6153,3690,0000000c,00208463,0,00000000
6154,3691,00000010,fe000ce3,0,00000000
6157,3692,00000008,00108093,1,000004cf
6158,3693,0000000c,00208463,0,00000000
6159,3694,00000010,fe000ce3,0,00000000
6162,3695,00000008,00108093,1,000004d0
6163,3696,0000000c,00208463,0,00000000
6164,3697,00000010,fe000ce3,0,00000000
6167,3698,00000008,00108093,1,000004d1
6168,3699,0000000c,00208463,0,00000000
6169,3700,00000010,fe000ce3,0,00000000
6172,3701,00000008,00108093,1,000004d2
6173,3702,0000000c,00208463,0,00000000
6174,3703,00000010,fe000ce3,0,00000000
6177,3704,00000008,00108093,1,000004d3
6178,3705,0000000c,00208463,0,00000000
6179,3706,00000010,fe000ce3,0,00000000
6182,3707,00000008,00108093,1,000004d4
6183,3708,0000000c,00208463,0,00000000
6184,3709,00000010,fe000ce3,0,00000000
6187,3710,00000008,00108093,1,000004d5
6188,3711,0000000c,00208463,0,00000000
6189,3712,00000010,fe000ce3,0,00000000
6192,3713,00000008,00108093,1,000004d6
6193,3714,0000000c,00208463,0,00000000
6194,3715,00000010,fe000ce3,0,00000000
6197,3716,00000008,00108093,1,000004d7
6198,3717,0000000c,00208463,0,00000000
6199,3718,00000010,fe000ce3,0,00000000
6202,3719,00000008,00108093,1,000004d8
6203,3720,0000000c,00208463,0,00000000
6204,3721,00000010,fe000ce3,0,00000000
6207,3722,00000008,00108093,1,000004d9
6208,3723,0000000c,00208463,0,00000000
6209,3724,00000010,fe000ce3,0,00000000
6212,3725,00000008,00108093,1,000004da
6213,3726,0000000c,00208463,0,00000000
6214,3727,00000010,fe000ce3,0,00000000
6217,3728,00000008,00108093,1,000004db
6218,3729,0000000c,00208463,0,00000000
6219,3730,00000010,fe000ce3,0,00000000
6222,3731,00000008,00108093,1,000004dc
6223,3732,0000000c,00208463,0,00000000
6224,3733,00000010,fe000ce3,0,00000000
6227,3734,00000008,00108093,1,000004dd
6228,3735,0000000c,00208463,0,00000000
6229,3736,00000010,fe000ce3,0,00000000
6232,3737,00000008,00108093,1,000004de
6233,3738,0000000c,00208463,0,00000000
6234,3739,00000010,fe000ce3,0,00000000
6237,3740,00000008,00108093,1,000004df
6238,3741,0000000c,00208463,0,00000000
6239,3742,00000010,fe000ce3,0,00000000
6242,3743,00000008,00108093,1,000004e0
6243,3744,0000000c,00208463,0,00000000
6244,3745,00000010,fe000ce3,0,00000000
6247,3746,00000008,00108093,1,000004e1
6248,3747,0000000c,00208463,0,00000000
6249,3748,00000010,fe000ce3,0,00000000
6252,3749,00000008,00108093,1,000004e2
6253,3750,0000000c,00208463,0,00000000
6254,3751,00000010,fe000ce3,0,00000000
6257,3752,00000008,00108093,1,000004e3
6258,3753,0000000c,00208463,0,00000000
6259,3754,00000010,fe000ce3,0,00000000
6262,3755,00000008,00108093,1,000004e4
6263,3756,0000000c,00208463,0,00000000
6264,3757,00000010,fe000ce3,0,00000000
6267,3758,00000008,00108093,1,000004e5
6268,3759,0000000c,00208463,0,00000000
6269,3760,00000010,fe000ce3,0,00000000
6272,3761,00000008,00108093,1,000004e6
6273,3762,0000000c,00208463,0,00000000
6274,3763,00000010,fe000ce3,0,00000000
6277,3764,00000008,00108093,1,000004e7
6278,3765,0000000c,00208463,0,00000000
6279,3766,00000010,fe000ce3,0,00000000
6282,3767,00000008,00108093,1,000004e8
6283,3768,0000000c,00208463,0,00000000
6284,3769,00000010,fe000ce3,0,00000000
6287,3770,00000008,00108093,1,000004e9
6288,3771,0000000c,00208463,0,00000000
6289,3772,00000010,fe000ce3,0,00000000
6292,3773,00000008,00108093,1,000004ea
6293,3774,0000000c,00208463,0,00000000
6294,3775,00000010,fe000ce3,0,00000000
6297,3776,00000008,00108093,1,000004eb
6298,3777,0000000c,00208463,0,00000000
6299,3778,00000010,fe000ce3,0,00000000
6302,3779,00000008,00108093,1,000004ec
6303,3780,0000000c,00208463,0,00000000
6304,3781,00000010,fe000ce3,0,00000000
6307,3782,00000008,00108093,1,000004ed
6308,3783,0000000c,00208463,0,00000000
6309,3784,00000010,fe000ce3,0,00000000
6312,3785,00000008,00108093,1,000004ee
6313,3786,0000000c,00208463,0,00000000
6314,3787,00000010,fe000ce3,0,00000000
6317,3788,00000008,00108093,1,000004ef
6318,3789,0000000c,00208463,0,00000000
6319,3790,00000010,fe000ce3,0,00000000
6322,3791,00000008,00108093,1,000004f0
6323,3792,0000000c,00208463,0,00000000
6324,3793,00000010,fe000ce3,0,00000000
6327,3794,00000008,00108093,1,000004f1
6328,3795,0000000c,00208463,0,00000000
6329,3796,00000010,fe000ce3,0,00000000
6332,3797,00000008,00108093,1,000004f2
6333,3798,0000000c,00208463,0,00000000
6334,3799,00000010,fe000ce3,0,00000000
6337,3800,00000008,00108093,1,000004f3
6338,3801,0000000c,00208463,0,00000000
6339,3802,00000010,fe000ce3,0,00000000
6342,3803,00000008,00108093,1,000004f4
6343,3804,0000000c,00208463,0,00000000
6344,3805,00000010,fe000ce3,0,00000000
6347,3806,00000008,00108093,1,000004f5
6348,3807,0000000c,00208463,0,00000000
6349,3808,00000010,fe000ce3,0,00000000
6352,3809,00000008,00108093,1,000004f6
6353,3810,0000000c,00208463,0,00000000
6354,3811,00000010,fe000ce3,0,00000000
6357,3812,00000008,00108093,1,000004f7
6358,3813,0000000c,00208463,0,00000000
6359,3814,00000010,fe000ce3,0,00000000
6362,3815,00000008,00108093,1,000004f8
6363,3816,0000000c,00208463,0,00000000
6364,3817,00000010,fe000ce3,0,00000000
6367,3818,00000008,00108093,1,000004f9
6368,3819,0000000c,00208463,0,00000000
6369,3820,00000010,fe000ce3,0,00000000
6372,3821,00000008,00108093,1,000004fa
6373,3822,0000000c,00208463,0,00000000
6374,3823,00000010,fe000ce3,0,00000000
6377,3824,00000008,00108093,1,000004fb
6378,3825,0000000c,00208463,0,00000000
6379,3826,00000010,fe000ce3,0,00000000
6382,3827,00000008,00108093,1,000004fc
6383,3828,0000000c,00208463,0,00000000
6384,3829,00000010,fe000ce3,0,00000000
6387,3830,00000008,00108093,1,000004fd
6388,3831,0000000c,00208463,0,00000000
6389,3832,00000010,fe000ce3,0,00000000
6392,3833,00000008,00108093,1,000004fe
6393,3834,0000000c,00208463,0,00000000
6394,3835,00000010,fe000ce3,0,00000000
6397,3836,00000008,00108093,1,000004ff
6398,3837,0000000c,00208463,0,00000000
6399,3838,00000010,fe000ce3,0,00000000
6402,3839,00000008,00108093,1,00000500
6403,3840,0000000c,00208463,0,00000000
6404,3841,00000010,fe000ce3,0,00000000
6407,3842,00000008,00108093,1,00000501
6408,3843,0000000c,00208463,0,00000000
6409,3844,00000010,fe000ce3,0,00000000
6412,3845,00000008,00108093,1,00000502
6413,3846,0000000c,00208463,0,00000000
6414,3847,00000010,fe000ce3,0,00000000
6417,3848,00000008,00108093,1,00000503
6418,3849,0000000c,00208463,0,00000000
6419,3850,00000010,fe000ce3,0,00000000
6422,3851,00000008,00108093,1,00000504
6423,3852,0000000c,00208463,0,00000000
6424,3853,00000010,fe000ce3,0,00000000
6427,3854,00000008,00108093,1,00000505
6428,3855,0000000c,00208463,0,00000000
6429,3856,00000010,fe000ce3,0,00000000
6432,3857,00000008,00108093,1,00000506
6433,3858,0000000c,00208463,0,00000000
6434,3859,00000010,fe000ce3,0,00000000
6437,3860,00000008,00108093,1,00000507
6438,3861,0000000c,00208463,0,00000000
6439,3862,00000010,fe000ce3,0,00000000
6442,3863,00000008,00108093,1,00000508
6443,3864,0000000c,00208463,0,00000000
6444,3865,00000010,fe000ce3,0,00000000
6447,3866,00000008,00108093,1,00000509
6448,3867,0000000c,00208463,0,00000000
6449,3868,00000010,fe000ce3,0,00000000
6452,3869,00000008,00108093,1,0000050a
6453,3870,0000000c,00208463,0,00000000
6454,3871,00000010,fe000ce3,0,00000000
6457,3872,00000008,00108093,1,0000050b
6458,3873,0000000c,00208463,0,00000000
6459,3874,00000010,fe000ce3,0,00000000
6462,3875,00000008,00108093,1,0000050c
6463,3876,0000000c,00208463,0,00000000
6464,3877,00000010,fe000ce3,0,00000000
6467,3878,00000008,00108093,1,0000050d
6468,3879,0000000c,00208463,0,00000000
6469,3880,00000010,fe000ce3,0,00000000
6472,3881,00000008,00108093,1,0000050e
6473,3882,0000000c,00208463,0,00000000
6474,3883,00000010,fe000ce3,0,00000000
6477,3884,00000008,00108093,1,0000050f
6478,3885,0000000c,00208463,0,00000000
6479,3886,00000010,fe000ce3,0,00000000
6482,3887,00000008,00108093,1,00000510
6483,3888,0000000c,00208463,0,00000000
6484,3889,00000010,fe000ce3,0,00000000
6487,3890,00000008,00108093,1,00000511
6488,3891,0000000c,00208463,0,00000000
6489,3892,00000010,fe000ce3,0,00000000
6492,3893,00000008,00108093,1,00000512
6493,3894,0000000c,00208463,0,00000000
6494,3895,00000010,fe000ce3,0,00000000
6497,3896,00000008,00108093,1,00000513
6498,3897,0000000c,00208463,0,00000000
6499,3898,00000010,fe000ce3,0,00000000
6502,3899,00000008,00108093,1,00000514
6503,3900,0000000c,00208463,0,00000000
6504,3901,00000010,fe000ce3,0,00000000
6507,3902,00000008,00108093,1,00000515
6508,3903,0000000c,00208463,0,00000000
6509,3904,00000010,fe000ce3,0,00000000
6512,3905,00000008,00108093,1,00000516
6513,3906,0000000c,00208463,0,00000000
6514,3907,00000010,fe000ce3,0,00000000
6517,3908,00000008,00108093,1,00000517
6518,3909,0000000c,00208463,0,00000000
6519,3910,00000010,fe000ce3,0,00000000
6522,3911,00000008,00108093,1,00000518
6523,3912,0000000c,00208463,0,00000000
6524,3913,00000010,fe000ce3,0,00000000
6527,3914,00000008,00108093,1,00000519
6528,3915,0000000c,00208463,0,00000000
6529,3916,00000010,fe000ce3,0,00000000
6532,3917,00000008,00108093,1,0000051a
6533,3918,0000000c,00208463,0,00000000
6534,3919,00000010,fe000ce3,0,00000000
6537,3920,00000008,00108093,1,0000051b
6538,3921,0000000c,00208463,0,00000000
6539,3922,00000010,fe000ce3,0,00000000
6542,3923,00000008,00108093,1,0000051c
6543,3924,0000000c,00208463,0,00000000
6544,3925,00000010,fe000ce3,0,00000000
6547,3926,00000008,00108093,1,0000051d
6548,3927,0000000c,00208463,0,00000000
6549,3928,00000010,fe000ce3,0,00000000
6552,3929,00000008,00108093,1,0000051e
6553,3930,0000000c,00208463,0,00000000
6554,3931,00000010,fe000ce3,0,00000000
6557,3932,00000008,00108093,1,0000051f
6558,3933,0000000c,00208463,0,00000000
6559,3934,00000010,fe000ce3,0,00000000
6562,3935,00000008,00108093,1,00000520
6563,3936,0000000c,00208463,0,00000000
6564,3937,00000010,fe000ce3,0,00000000
6567,3938,00000008,00108093,1,00000521
6568,3939,0000000c,00208463,0,00000000
6569,3940,00000010,fe000ce3,0,00000000
6572,3941,00000008,00108093,1,00000522
6573,3942,0000000c,00208463,0,00000000
6574,3943,00000010,fe000ce3,0,00000000
6577,3944,00000008,00108093,1,00000523
6578,3945,0000000c,00208463,0,00000000
6579,3946,00000010,fe000ce3,0,00000000
6582,3947,00000008,00108093,1,00000524
6583,3948,0000000c,00208463,0,00000000
6584,3949,00000010,fe000ce3,0,00000000
6587,3950,00000008,00108093,1,00000525
6588,3951,0000000c,00208463,0,00000000
6589,3952,00000010,fe000ce3,0,00000000
6592,3953,00000008,00108093,1,00000526
6593,3954,0000000c,00208463,0,00000000
6594,3955,00000010,fe000ce3,0,00000000
6597,3956,00000008,00108093,1,00000527
6598,3957,0000000c,00208463,0,00000000
6599,3958,00000010,fe000ce3,0,00000000
6602,3959,00000008,00108093,1,00000528
6603,3960,0000000c,00208463,0,00000000
6604,3961,00000010,fe000ce3,0,00000000
6607,3962,00000008,00108093,1,00000529
6608,3963,0000000c,00208463,0,00000000
6609,3964,00000010,fe000ce3,0,00000000
6612,3965,00000008,00108093,1,0000052a
6613,3966,0000000c,00208463,0,00000000
6614,3967,00000010,fe000ce3,0,00000000
6617,3968,00000008,00108093,1,0000052b
6618,3969,0000000c,00208463,0,00000000
6619,3970,00000010,fe000ce3,0,00000000
6622,3971,00000008,00108093,1,0000052c
6623,3972,0000000c,00208463,0,00000000
6624,3973,00000010,fe000ce3,0,00000000
6627,3974,00000008,00108093,1,0000052d
6628,3975,0000000c,00208463,0,00000000
6629,3976,00000010,fe000ce3,0,00000000
6632,3977,00000008,00108093,1,0000052e
6633,3978,0000000c,00208463,0,00000000
6634,3979,00000010,fe000ce3,0,00000000
6637,3980,00000008,00108093,1,0000052f
6638,3981,0000000c,00208463,0,00000000
6639,3982,00000010,fe000ce3,0,00000000
6642,3983,00000008,00108093,1,00000530
6643,3984,0000000c,00208463,0,00000000
6644,3985,00000010,fe000ce3,0,00000000
6647,3986,00000008,00108093,1,00000531
6648,3987,0000000c,00208463,0,00000000
6649,3988,00000010,fe000ce3,0,00000000
6652,3989,00000008,00108093,1,00000532
6653,3990,0000000c,00208463,0,00000000
6654,3991,00000010,fe000ce3,0,00000000
6657,3992,00000008,00108093,1,00000533
6658,3993,0000000c,00208463,0,00000000
6659,3994,00000010,fe000ce3,0,00000000
6662,3995,00000008,00108093,1,00000534
6663,3996,0000000c,00208463,0,00000000
6664,3997,00000010,fe000ce3,0,00000000
6667,3998,00000008,00108093,1,00000535
6668,3999,0000000c,00208463,0,00000000
6669,4000,00000010,fe000ce3,0,00000000
6672,4001,00000008,00108093,1,00000536
6673,4002,0000000c,00208463,0,00000000
6674,4003,00000010,fe000ce3,0,00000000
6677,4004,00000008,00108093,1,00000537
6678,4005,0000000c,00208463,0,00000000
6679,4006,00000010,fe000ce3,0,00000000
6682,4007,00000008,00108093,1,00000538
6683,4008,0000000c,00208463,0,00000000
6684,4009,00000010,fe000ce3,0,00000000
6687,4010,00000008,00108093,1,00000539
6688,4011,0000000c,00208463,0,00000000
6689,4012,00000010,fe000ce3,0,00000000
6692,4013,00000008,00108093,1,0000053a
6693,4014,0000000c,00208463,0,00000000
6694,4015,00000010,fe000ce3,0,00000000
6697,4016,00000008,00108093,1,0000053b
6698,4017,0000000c,00208463,0,00000000
6699,4018,00000010,fe000ce3,0,00000000
6702,4019,00000008,00108093,1,0000053c
6703,4020,0000000c,00208463,0,00000000
6704,4021,00000010,fe000ce3,0,00000000
6707,4022,00000008,00108093,1,0000053d
6708,4023,0000000c,00208463,0,00000000
6709,4024,00000010,fe000ce3,0,00000000
6712,4025,00000008,00108093,1,0000053e
6713,4026,0000000c,00208463,0,00000000
6714,4027,00000010,fe000ce3,0,00000000
6717,4028,00000008,00108093,1,0000053f
6718,4029,0000000c,00208463,0,00000000
6719,4030,00000010,fe000ce3,0,00000000
6722,4031,00000008,00108093,1,00000540
6723,4032,0000000c,00208463,0,00000000
6724,4033,00000010,fe000ce3,0,00000000
6727,4034,00000008,00108093,1,00000541
6728,4035,0000000c,00208463,0,00000000
6729,4036,00000010,fe000ce3,0,00000000
6732,4037,00000008,00108093,1,00000542
6733,4038,0000000c,00208463,0,00000000
6734,4039,00000010,fe000ce3,0,00000000
6737,4040,00000008,00108093,1,00000543
6738,4041,0000000c,00208463,0,00000000
6739,4042,00000010,fe000ce3,0,00000000
6742,4043,00000008,00108093,1,00000544
6743,4044,0000000c,00208463,0,00000000
6744,4045,00000010,fe000ce3,0,00000000
6747,4046,00000008,00108093,1,00000545
6748,4047,0000000c,00208463,0,00000000
6749,4048,00000010,fe000ce3,0,00000000
6752,4049,00000008,00108093,1,00000546
6753,4050,0000000c,00208463,0,00000000
6754,4051,00000010,fe000ce3,0,00000000
6757,4052,00000008,00108093,1,00000547
6758,4053,0000000c,00208463,0,00000000
6759,4054,00000010,fe000ce3,0,00000000
6762,4055,00000008,00108093,1,00000548
6763,4056,0000000c,00208463,0,00000000
6764,4057,00000010,fe000ce3,0,00000000
6767,4058,00000008,00108093,1,00000549
6768,4059,0000000c,00208463,0,00000000
6769,4060,00000010,fe000ce3,0,00000000
6772,4061,00000008,00108093,1,0000054a
6773,4062,0000000c,00208463,0,00000000
6774,4063,00000010,fe000ce3,0,00000000
6777,4064,00000008,00108093,1,0000054b
6778,4065,0000000c,00208463,0,00000000
6779,4066,00000010,fe000ce3,0,00000000
6782,4067,00000008,00108093,1,0000054c
6783,4068,0000000c,00208463,0,00000000
6784,4069,00000010,fe000ce3,0,00000000
6787,4070,00000008,00108093,1,0000054d
6788,4071,0000000c,00208463,0,00000000
6789,4072,00000010,fe000ce3,0,00000000
6792,4073,00000008,00108093,1,0000054e
6793,4074,0000000c,00208463,0,00000000
6794,4075,00000010,fe000ce3,0,00000000
6797,4076,00000008,00108093,1,0000054f
6798,4077,0000000c,00208463,0,00000000
6799,4078,00000010,fe000ce3,0,00000000
6802,4079,00000008,00108093,1,00000550
6803,4080,0000000c,00208463,0,00000000
6804,4081,00000010,fe000ce3,0,00000000
6807,4082,00000008,00108093,1,00000551
6808,4083,0000000c,00208463,0,00000000
6809,4084,00000010,fe000ce3,0,00000000
6812,4085,00000008,00108093,1,00000552
6813,4086,0000000c,00208463,0,00000000
6814,4087,00000010,fe000ce3,0,00000000
6817,4088,00000008,00108093,1,00000553
6818,4089,0000000c,00208463,0,00000000
6819,4090,00000010,fe000ce3,0,00000000
6822,4091,00000008,00108093,1,00000554
6823,4092,0000000c,00208463,0,00000000
6824,4093,00000010,fe000ce3,0,00000000
6827,4094,00000008,00108093,1,00000555
6828,4095,0000000c,00208463,0,00000000
6829,4096,00000010,fe000ce3,0,00000000
6832,4097,00000008,00108093,1,00000556
6833,4098,0000000c,00208463,0,00000000
6834,4099,00000010,fe000ce3,0,00000000
6837,4100,00000008,00108093,1,00000557
6838,4101,0000000c,00208463,0,00000000
6839,4102,00000010,fe000ce3,0,00000000
6842,4103,00000008,00108093,1,00000558
6843,4104,0000000c,00208463,0,00000000
6844,4105,00000010,fe000ce3,0,00000000
6847,4106,00000008,00108093,1,00000559
6848,4107,0000000c,00208463,0,00000000
6849,4108,00000010,fe000ce3,0,00000000
6852,4109,00000008,00108093,1,0000055a
6853,4110,0000000c,00208463,0,00000000
6854,4111,00000010,fe000ce3,0,00000000
6857,4112,00000008,00108093,1,0000055b
6858,4113,0000000c,00208463,0,00000000
6859,4114,00000010,fe000ce3,0,00000000
6862,4115,00000008,00108093,1,0000055c
6863,4116,0000000c,00208463,0,00000000
6864,4117,00000010,fe000ce3,0,00000000
6867,4118,00000008,00108093,1,0000055d
6868,4119,0000000c,00208463,0,00000000
6869,4120,00000010,fe000ce3,0,00000000
6872,4121,00000008,00108093,1,0000055e
6873,4122,0000000c,00208463,0,00000000
6874,4123,00000010,fe000ce3,0,00000000
6877,4124,00000008,00108093,1,0000055f
6878,4125,0000000c,00208463,0,00000000
6879,4126,00000010,fe000ce3,0,00000000
6882,4127,00000008,00108093,1,00000560
6883,4128,0000000c,00208463,0,00000000
6884,4129,00000010,fe000ce3,0,00000000
6887,4130,00000008,00108093,1,00000561
6888,4131,0000000c,00208463,0,00000000
6889,4132,00000010,fe000ce3,0,00000000
6892,4133,00000008,00108093,1,00000562
6893,4134,0000000c,00208463,0,00000000
6894,4135,00000010,fe000ce3,0,00000000
6897,4136,00000008,00108093,1,00000563
6898,4137,0000000c,00208463,0,00000000
6899,4138,00000010,fe000ce3,0,00000000
6902,4139,00000008,00108093,1,00000564
6903,4140,0000000c,00208463,0,00000000
6904,4141,00000010,fe000ce3,0,00000000
6907,4142,00000008,00108093,1,00000565
6908,4143,0000000c,00208463,0,00000000
6909,4144,00000010,fe000ce3,0,00000000
6912,4145,00000008,00108093,1,00000566
6913,4146,0000000c,00208463,0,00000000
6914,4147,00000010,fe000ce3,0,00000000
6917,4148,00000008,00108093,1,00000567
6918,4149,0000000c,00208463,0,00000000
6919,4150,00000010,fe000ce3,0,00000000
6922,4151,00000008,00108093,1,00000568
6923,4152,0000000c,00208463,0,00000000
6924,4153,00000010,fe000ce3,0,00000000
6927,4154,00000008,00108093,1,00000569
6928,4155,0000000c,00208463,0,00000000
6929,4156,00000010,fe000ce3,0,00000000
6932,4157,00000008,00108093,1,0000056a
6933,4158,0000000c,00208463,0,00000000
6934,4159,00000010,fe000ce3,0,00000000
6937,4160,00000008,00108093,1,0000056b
6938,4161,0000000c,00208463,0,00000000
6939,4162,00000010,fe000ce3,0,00000000
6942,4163,00000008,00108093,1,0000056c
6943,4164,0000000c,00208463,0,00000000
6944,4165,00000010,fe000ce3,0,00000000
6947,4166,00000008,00108093,1,0000056d
6948,4167,0000000c,00208463,0,00000000
6949,4168,00000010,fe000ce3,0,00000000
6952,4169,00000008,00108093,1,0000056e
6953,4170,0000000c,00208463,0,00000000
6954,4171,00000010,fe000ce3,0,00000000
6957,4172,00000008,00108093,1,0000056f
6958,4173,0000000c,00208463,0,00000000
6959,4174,00000010,fe000ce3,0,00000000
6962,4175,00000008,00108093,1,00000570
6963,4176,0000000c,00208463,0,00000000
6964,4177,00000010,fe000ce3,0,00000000
6967,4178,00000008,00108093,1,00000571
6968,4179,0000000c,00208463,0,00000000
6969,4180,00000010,fe000ce3,0,00000000
6972,4181,00000008,00108093,1,00000572
6973,4182,0000000c,00208463,0,00000000
6974,4183,00000010,fe000ce3,0,00000000
6977,4184,00000008,00108093,1,00000573
6978,4185,0000000c,00208463,0,00000000
6979,4186,00000010,fe000ce3,0,00000000
6982,4187,00000008,00108093,1,00000574
6983,4188,0000000c,00208463,0,00000000
6984,4189,00000010,fe000ce3,0,00000000
6987,4190,00000008,00108093,1,00000575
6988,4191,0000000c,00208463,0,00000000
6989,4192,00000010,fe000ce3,0,00000000
6992,4193,00000008,00108093,1,00000576
6993,4194,0000000c,00208463,0,00000000
6994,4195,00000010,fe000ce3,0,00000000
6997,4196,00000008,00108093,1,00000577
6998,4197,0000000c,00208463,0,00000000
6999,4198,00000010,fe000ce3,0,00000000
7002,4199,00000008,00108093,1,00000578
7003,4200,0000000c,00208463,0,00000000
7004,4201,00000010,fe000ce3,0,00000000
7007,4202,00000008,00108093,1,00000579
7008,4203,0000000c,00208463,0,00000000
7009,4204,00000010,fe000ce3,0,00000000
7012,4205,00000008,00108093,1,0000057a
7013,4206,0000000c,00208463,0,00000000
7014,4207,00000010,fe000ce3,0,00000000
7017,4208,00000008,00108093,1,0000057b
7018,4209,0000000c,00208463,0,00000000
7019,4210,00000010,fe000ce3,0,00000000
7022,4211,00000008,00108093,1,0000057c
7023,4212,0000000c,00208463,0,00000000
7024,4213,00000010,fe000ce3,0,00000000
7027,4214,00000008,00108093,1,0000057d
7028,4215,0000000c,00208463,0,00000000
7029,4216,00000010,fe000ce3,0,00000000
7032,4217,00000008,00108093,1,0000057e
7033,4218,0000000c,00208463,0,00000000
7034,4219,00000010,fe000ce3,0,00000000
7037,4220,00000008,00108093,1,0000057f
7038,4221,0000000c,00208463,0,00000000
7039,4222,00000010,fe000ce3,0,00000000
7042,4223,00000008,00108093,1,00000580
7043,4224,0000000c,00208463,0,00000000
7044,4225,00000010,fe000ce3,0,00000000
7047,4226,00000008,00108093,1,00000581
7048,4227,0000000c,00208463,0,00000000
7049,4228,00000010,fe000ce3,0,00000000
7052,4229,00000008,00108093,1,00000582
7053,4230,0000000c,00208463,0,00000000
7054,4231,00000010,fe000ce3,0,00000000
7057,4232,00000008,00108093,1,00000583
7058,4233,0000000c,00208463,0,00000000
7059,4234,00000010,fe000ce3,0,00000000
7062,4235,00000008,00108093,1,00000584
7063,4236,0000000c,00208463,0,00000000
7064,4237,00000010,fe000ce3,0,00000000
7067,4238,00000008,00108093,1,00000585
7068,4239,0000000c,00208463,0,00000000
7069,4240,00000010,fe000ce3,0,00000000
7072,4241,00000008,00108093,1,00000586
7073,4242,0000000c,00208463,0,00000000
7074,4243,00000010,fe000ce3,0,00000000
7077,4244,00000008,00108093,1,00000587
7078,4245,0000000c,00208463,0,00000000
7079,4246,00000010,fe000ce3,0,00000000
7082,4247,00000008,00108093,1,00000588
7083,4248,0000000c,00208463,0,00000000
7084,4249,00000010,fe000ce3,0,00000000
7087,4250,00000008,00108093,1,00000589
7088,4251,0000000c,00208463,0,00000000
7089,4252,00000010,fe000ce3,0,00000000
7092,4253,00000008,00108093,1,0000058a
7093,4254,0000000c,00208463,0,00000000
7094,4255,00000010,fe000ce3,0,00000000
7097,4256,00000008,00108093,1,0000058b
7098,4257,0000000c,00208463,0,00000000
7099,4258,00000010,fe000ce3,0,00000000
7102,4259,00000008,00108093,1,0000058c
7103,4260,0000000c,00208463,0,00000000
7104,4261,00000010,fe000ce3,0,00000000
7107,4262,00000008,00108093,1,0000058d
7108,4263,0000000c,00208463,0,00000000
7109,4264,00000010,fe000ce3,0,00000000
7112,4265,00000008,00108093,1,0000058e
7113,4266,0000000c,00208463,0,00000000
7114,4267,00000010,fe000ce3,0,00000000
7117,4268,00000008,00108093,1,0000058f
7118,4269,0000000c,00208463,0,00000000
7119,4270,00000010,fe000ce3,0,00000000
7122,4271,00000008,00108093,1,00000590
7123,4272,0000000c,00208463,0,00000000
7124,4273,00000010,fe000ce3,0,00000000
7127,4274,00000008,00108093,1,00000591
7128,4275,0000000c,00208463,0,00000000
7129,4276,00000010,fe000ce3,0,00000000
7132,4277,00000008,00108093,1,00000592
7133,4278,0000000c,00208463,0,00000000
7134,4279,00000010,fe000ce3,0,00000000
7137,4280,00000008,00108093,1,00000593
7138,4281,0000000c,00208463,0,00000000
7139,4282,00000010,fe000ce3,0,00000000
7142,4283,00000008,00108093,1,00000594
7143,4284,0000000c,00208463,0,00000000
7144,4285,00000010,fe000ce3,0,00000000
7147,4286,00000008,00108093,1,00000595
7148,4287,0000000c,00208463,0,00000000
7149,4288,00000010,fe000ce3,0,00000000
7152,4289,00000008,00108093,1,00000596
7153,4290,0000000c,00208463,0,00000000
7154,4291,00000010,fe000ce3,0,00000000
7157,4292,00000008,00108093,1,00000597
7158,4293,0000000c,00208463,0,00000000
7159,4294,00000010,fe000ce3,0,00000000
7162,4295,00000008,00108093,1,00000598
7163,4296,0000000c,00208463,0,00000000
7164,4297,00000010,fe000ce3,0,00000000
7167,4298,00000008,00108093,1,00000599
7168,4299,0000000c,00208463,0,00000000
7169,4300,00000010,fe000ce3,0,00000000
7172,4301,00000008,00108093,1,0000059a
7173,4302,0000000c,00208463,0,00000000
7174,4303,00000010,fe000ce3,0,00000000
7177,4304,00000008,00108093,1,0000059b
7178,4305,0000000c,00208463,0,00000000
7179,4306,00000010,fe000ce3,0,00000000
7182,4307,00000008,00108093,1,0000059c
7183,4308,0000000c,00208463,0,00000000
7184,4309,00000010,fe000ce3,0,00000000
7187,4310,00000008,00108093,1,0000059d
7188,4311,0000000c,00208463,0,00000000
7189,4312,00000010,fe000ce3,0,00000000
7192,4313,00000008,00108093,1,0000059e
7193,4314,0000000c,00208463,0,00000000
7194,4315,00000010,fe000ce3,0,00000000
7197,4316,00000008,00108093,1,0000059f
7198,4317,0000000c,00208463,0,00000000
7199,4318,00000010,fe000ce3,0,00000000
7202,4319,00000008,00108093,1,000005a0
7203,4320,0000000c,00208463,0,00000000
7204,4321,00000010,fe000ce3,0,00000000
7207,4322,00000008,00108093,1,000005a1
7208,4323,0000000c,00208463,0,00000000
7209,4324,00000010,fe000ce3,0,00000000
7212,4325,00000008,00108093,1,000005a2
7213,4326,0000000c,00208463,0,00000000
7214,4327,00000010,fe000ce3,0,00000000
7217,4328,00000008,00108093,1,000005a3
7218,4329,0000000c,00208463,0,00000000
7219,4330,00000010,fe000ce3,0,00000000
7222,4331,00000008,00108093,1,000005a4
7223,4332,0000000c,00208463,0,00000000
7224,4333,00000010,fe000ce3,0,00000000
7227,4334,00000008,00108093,1,000005a5
7228,4335,0000000c,00208463,0,00000000
7229,4336,00000010,fe000ce3,0,00000000
7232,4337,00000008,00108093,1,000005a6
7233,4338,0000000c,00208463,0,00000000
7234,4339,00000010,fe000ce3,0,00000000
7237,4340,00000008,00108093,1,000005a7
7238,4341,0000000c,00208463,0,00000000
7239,4342,00000010,fe000ce3,0,00000000
7242,4343,00000008,00108093,1,000005a8
7243,4344,0000000c,00208463,0,00000000
7244,4345,00000010,fe000ce3,0,00000000
7247,4346,00000008,00108093,1,000005a9
7248,4347,0000000c,00208463,0,00000000
7249,4348,00000010,fe000ce3,0,00000000
7252,4349,00000008,00108093,1,000005aa
7253,4350,0000000c,00208463,0,00000000
7254,4351,00000010,fe000ce3,0,00000000
7257,4352,00000008,00108093,1,000005ab
7258,4353,0000000c,00208463,0,00000000
7259,4354,00000010,fe000ce3,0,00000000
7262,4355,00000008,00108093,1,000005ac
7263,4356,0000000c,00208463,0,00000000
7264,4357,00000010,fe000ce3,0,00000000
7267,4358,00000008,00108093,1,000005ad
7268,4359,0000000c,00208463,0,00000000
7269,4360,00000010,fe000ce3,0,00000000
7272,4361,00000008,00108093,1,000005ae
7273,4362,0000000c,00208463,0,00000000
7274,4363,00000010,fe000ce3,0,00000000
7277,4364,00000008,00108093,1,000005af
7278,4365,0000000c,00208463,0,00000000
7279,4366,00000010,fe000ce3,0,00000000
7282,4367,00000008,00108093,1,000005b0
7283,4368,0000000c,00208463,0,00000000
7284,4369,00000010,fe000ce3,0,00000000
7287,4370,00000008,00108093,1,000005b1
7288,4371,0000000c,00208463,0,00000000
7289,4372,00000010,fe000ce3,0,00000000
7292,4373,00000008,00108093,1,000005b2
7293,4374,0000000c,00208463,0,00000000
7294,4375,00000010,fe000ce3,0,00000000
7297,4376,00000008,00108093,1,000005b3
7298,4377,0000000c,00208463,0,00000000
7299,4378,00000010,fe000ce3,0,00000000
7302,4379,00000008,00108093,1,000005b4
7303,4380,0000000c,00208463,0,00000000
7304,4381,00000010,fe000ce3,0,00000000
7307,4382,00000008,00108093,1,000005b5
7308,4383,0000000c,00208463,0,00000000
7309,4384,00000010,fe000ce3,0,00000000
7312,4385,00000008,00108093,1,000005b6
7313,4386,0000000c,00208463,0,00000000
7314,4387,00000010,fe000ce3,0,00000000
7317,4388,00000008,00108093,1,000005b7
7318,4389,0000000c,00208463,0,00000000
7319,4390,00000010,fe000ce3,0,00000000
7322,4391,00000008,00108093,1,000005b8
7323,4392,0000000c,00208463,0,00000000
7324,4393,00000010,fe000ce3,0,00000000
7327,4394,00000008,00108093,1,000005b9
7328,4395,0000000c,00208463,0,00000000
7329,4396,00000010,fe000ce3,0,00000000
7332,4397,00000008,00108093,1,000005ba
7333,4398,0000000c,00208463,0,00000000
7334,4399,00000010,fe000ce3,0,00000000
7337,4400,00000008,00108093,1,000005bb
7338,4401,0000000c,00208463,0,00000000
7339,4402,00000010,fe000ce3,0,00000000
7342,4403,00000008,00108093,1,000005bc
7343,4404,0000000c,00208463,0,00000000
7344,4405,00000010,fe000ce3,0,00000000
7347,4406,00000008,00108093,1,000005bd
7348,4407,0000000c,00208463,0,00000000
7349,4408,00000010,fe000ce3,0,00000000
7352,4409,00000008,00108093,1,000005be
7353,4410,0000000c,00208463,0,00000000
7354,4411,00000010,fe000ce3,0,00000000
7357,4412,00000008,00108093,1,000005bf
7358,4413,0000000c,00208463,0,00000000
7359,4414,00000010,fe000ce3,0,00000000
7362,4415,00000008,00108093,1,000005c0
7363,4416,0000000c,00208463,0,00000000
7364,4417,00000010,fe000ce3,0,00000000
7367,4418,00000008,00108093,1,000005c1
7368,4419,0000000c,00208463,0,00000000
7369,4420,00000010,fe000ce3,0,00000000
7372,4421,00000008,00108093,1,000005c2
7373,4422,0000000c,00208463,0,00000000
7374,4423,00000010,fe000ce3,0,00000000
7377,4424,00000008,00108093,1,000005c3
7378,4425,0000000c,00208463,0,00000000
7379,4426,00000010,fe000ce3,0,00000000
7382,4427,00000008,00108093,1,000005c4
7383,4428,0000000c,00208463,0,00000000
7384,4429,00000010,fe000ce3,0,00000000
7387,4430,00000008,00108093,1,000005c5
7388,4431,0000000c,00208463,0,00000000
7389,4432,00000010,fe000ce3,0,00000000
7392,4433,00000008,00108093,1,000005c6
7393,4434,0000000c,00208463,0,00000000
7394,4435,00000010,fe000ce3,0,00000000
7397,4436,00000008,00108093,1,000005c7
7398,4437,0000000c,00208463,0,00000000
7399,4438,00000010,fe000ce3,0,00000000
7402,4439,00000008,00108093,1,000005c8
7403,4440,0000000c,00208463,0,00000000
7404,4441,00000010,fe000ce3,0,00000000
7407,4442,00000008,00108093,1,000005c9
7408,4443,0000000c,00208463,0,00000000
7409,4444,00000010,fe000ce3,0,00000000
7412,4445,00000008,00108093,1,000005ca
7413,4446,0000000c,00208463,0,00000000
7414,4447,00000010,fe000ce3,0,00000000
7417,4448,00000008,00108093,1,000005cb
7418,4449,0000000c,00208463,0,00000000
7419,4450,00000010,fe000ce3,0,00000000
7422,4451,00000008,00108093,1,000005cc
7423,4452,0000000c,00208463,0,00000000
7424,4453,00000010,fe000ce3,0,00000000
7427,4454,00000008,00108093,1,000005cd
7428,4455,0000000c,00208463,0,00000000
7429,4456,00000010,fe000ce3,0,00000000
7432,4457,00000008,00108093,1,000005ce
7433,4458,0000000c,00208463,0,00000000
7434,4459,00000010,fe000ce3,0,00000000
7437,4460,00000008,00108093,1,000005cf
7438,4461,0000000c,00208463,0,00000000
7439,4462,00000010,fe000ce3,0,00000000
7442,4463,00000008,00108093,1,000005d0
7443,4464,0000000c,00208463,0,00000000
7444,4465,00000010,fe000ce3,0,00000000
7447,4466,00000008,00108093,1,000005d1
7448,4467,0000000c,00208463,0,00000000
7449,4468,00000010,fe000ce3,0,00000000
7452,4469,00000008,00108093,1,000005d2
7453,4470,0000000c,00208463,0,00000000
7454,4471,00000010,fe000ce3,0,00000000
7457,4472,00000008,00108093,1,000005d3
7458,4473,0000000c,00208463,0,00000000
7459,4474,00000010,fe000ce3,0,00000000
7462,4475,00000008,00108093,1,000005d4
7463,4476,0000000c,00208463,0,00000000
7464,4477,00000010,fe000ce3,0,00000000
7467,4478,00000008,00108093,1,000005d5
7468,4479,0000000c,00208463,0,00000000
7469,4480,00000010,fe000ce3,0,00000000
7472,4481,00000008,00108093,1,000005d6
7473,4482,0000000c,00208463,0,00000000
7474,4483,00000010,fe000ce3,0,00000000
7477,4484,00000008,00108093,1,000005d7
7478,4485,0000000c,00208463,0,00000000
7479,4486,00000010,fe000ce3,0,00000000
7482,4487,00000008,00108093,1,000005d8
7483,4488,0000000c,00208463,0,00000000
7484,4489,00000010,fe000ce3,0,00000000
7487,4490,00000008,00108093,1,000005d9
7488,4491,0000000c,00208463,0,00000000
7489,4492,00000010,fe000ce3,0,00000000
7492,4493,00000008,00108093,1,000005da
7493,4494,0000000c,00208463,0,00000000
7494,4495,00000010,fe000ce3,0,00000000
7497,4496,00000008,00108093,1,000005db
7498,4497,0000000c,00208463,0,00000000
7499,4498,00000010,fe000ce3,0,00000000
7502,4499,00000008,00108093,1,000005dc
7503,4500,0000000c,00208463,0,00000000
7504,4501,00000010,fe000ce3,0,00000000
7507,4502,00000008,00108093,1,000005dd
7508,4503,0000000c,00208463,0,00000000
7509,4504,00000010,fe000ce3,0,00000000
7512,4505,00000008,00108093,1,000005de
7513,4506,0000000c,00208463,0,00000000
7514,4507,00000010,fe000ce3,0,00000000
7517,4508,00000008,00108093,1,000005df
7518,4509,0000000c,00208463,0,00000000
7519,4510,00000010,fe000ce3,0,00000000
7522,4511,00000008,00108093,1,000005e0
7523,4512,0000000c,00208463,0,00000000
7524,4513,00000010,fe000ce3,0,00000000
7527,4514,00000008,00108093,1,000005e1
7528,4515,0000000c,00208463,0,00000000
7529,4516,00000010,fe000ce3,0,00000000
7532,4517,00000008,00108093,1,000005e2
7533,4518,0000000c,00208463,0,00000000
7534,4519,00000010,fe000ce3,0,00000000
7537,4520,00000008,00108093,1,000005e3
7538,4521,0000000c,00208463,0,00000000
7539,4522,00000010,fe000ce3,0,00000000
7542,4523,00000008,00108093,1,000005e4
7543,4524,0000000c,00208463,0,00000000
7544,4525,00000010,fe000ce3,0,00000000
7547,4526,00000008,00108093,1,000005e5
7548,4527,0000000c,00208463,0,00000000
7549,4528,00000010,fe000ce3,0,00000000
7552,4529,00000008,00108093,1,000005e6
7553,4530,0000000c,00208463,0,00000000
7554,4531,00000010,fe000ce3,0,00000000
7557,4532,00000008,00108093,1,000005e7
7558,4533,0000000c,00208463,0,00000000
7559,4534,00000010,fe000ce3,0,00000000
7562,4535,00000008,00108093,1,000005e8
7563,4536,0000000c,00208463,0,00000000
7564,4537,00000010,fe000ce3,0,00000000
7567,4538,00000008,00108093,1,000005e9
7568,4539,0000000c,00208463,0,00000000
7569,4540,00000010,fe000ce3,0,00000000
7572,4541,00000008,00108093,1,000005ea
7573,4542,0000000c,00208463,0,00000000
7574,4543,00000010,fe000ce3,0,00000000
7577,4544,00000008,00108093,1,000005eb
7578,4545,0000000c,00208463,0,00000000
7579,4546,00000010,fe000ce3,0,00000000
7582,4547,00000008,00108093,1,000005ec
7583,4548,0000000c,00208463,0,00000000
7584,4549,00000010,fe000ce3,0,00000000
7587,4550,00000008,00108093,1,000005ed
7588,4551,0000000c,00208463,0,00000000
7589,4552,00000010,fe000ce3,0,00000000
7592,4553,00000008,00108093,1,000005ee
7593,4554,0000000c,00208463,0,00000000
7594,4555,00000010,fe000ce3,0,00000000
7597,4556,00000008,00108093,1,000005ef
7598,4557,0000000c,00208463,0,00000000
7599,4558,00000010,fe000ce3,0,00000000
7602,4559,00000008,00108093,1,000005f0
7603,4560,0000000c,00208463,0,00000000
7604,4561,00000010,fe000ce3,0,00000000
7607,4562,00000008,00108093,1,000005f1
7608,4563,0000000c,00208463,0,00000000
7609,4564,00000010,fe000ce3,0,00000000
7612,4565,00000008,00108093,1,000005f2
7613,4566,0000000c,00208463,0,00000000
7614,4567,00000010,fe000ce3,0,00000000
7617,4568,00000008,00108093,1,000005f3
7618,4569,0000000c,00208463,0,00000000
7619,4570,00000010,fe000ce3,0,00000000
7622,4571,00000008,00108093,1,000005f4
7623,4572,0000000c,00208463,0,00000000
7624,4573,00000010,fe000ce3,0,00000000
7627,4574,00000008,00108093,1,000005f5
7628,4575,0000000c,00208463,0,00000000
7629,4576,00000010,fe000ce3,0,00000000
7632,4577,00000008,00108093,1,000005f6
7633,4578,0000000c,00208463,0,00000000
7634,4579,00000010,fe000ce3,0,00000000
7637,4580,00000008,00108093,1,000005f7
7638,4581,0000000c,00208463,0,00000000
7639,4582,00000010,fe000ce3,0,00000000
7642,4583,00000008,00108093,1,000005f8
7643,4584,0000000c,00208463,0,00000000
7644,4585,00000010,fe000ce3,0,00000000
7647,4586,00000008,00108093,1,000005f9
7648,4587,0000000c,00208463,0,00000000
7649,4588,00000010,fe000ce3,0,00000000
7652,4589,00000008,00108093,1,000005fa
7653,4590,0000000c,00208463,0,00000000
7654,4591,00000010,fe000ce3,0,00000000
7657,4592,00000008,00108093,1,000005fb
7658,4593,0000000c,00208463,0,00000000
7659,4594,00000010,fe000ce3,0,00000000
7662,4595,00000008,00108093,1,000005fc
7663,4596,0000000c,00208463,0,00000000
7664,4597,00000010,fe000ce3,0,00000000
7667,4598,00000008,00108093,1,000005fd
7668,4599,0000000c,00208463,0,00000000
7669,4600,00000010,fe000ce3,0,00000000
7672,4601,00000008,00108093,1,000005fe
7673,4602,0000000c,00208463,0,00000000
7674,4603,00000010,fe000ce3,0,00000000
7677,4604,00000008,00108093,1,000005ff
7678,4605,0000000c,00208463,0,00000000
7679,4606,00000010,fe000ce3,0,00000000
7682,4607,00000008,00108093,1,00000600
7683,4608,0000000c,00208463,0,00000000
7684,4609,00000010,fe000ce3,0,00000000
7687,4610,00000008,00108093,1,00000601
7688,4611,0000000c,00208463,0,00000000
7689,4612,00000010,fe000ce3,0,00000000
7692,4613,00000008,00108093,1,00000602
7693,4614,0000000c,00208463,0,00000000
7694,4615,00000010,fe000ce3,0,00000000
7697,4616,00000008,00108093,1,00000603
7698,4617,0000000c,00208463,0,00000000
7699,4618,00000010,fe000ce3,0,00000000
7702,4619,00000008,00108093,1,00000604
7703,4620,0000000c,00208463,0,00000000
7704,4621,00000010,fe000ce3,0,00000000
7707,4622,00000008,00108093,1,00000605
7708,4623,0000000c,00208463,0,00000000
7709,4624,00000010,fe000ce3,0,00000000
7712,4625,00000008,00108093,1,00000606
7713,4626,0000000c,00208463,0,00000000
7714,4627,00000010,fe000ce3,0,00000000
7717,4628,00000008,00108093,1,00000607
7718,4629,0000000c,00208463,0,00000000
7719,4630,00000010,fe000ce3,0,00000000
7722,4631,00000008,00108093,1,00000608
7723,4632,0000000c,00208463,0,00000000
7724,4633,00000010,fe000ce3,0,00000000
7727,4634,00000008,00108093,1,00000609
7728,4635,0000000c,00208463,0,00000000
7729,4636,00000010,fe000ce3,0,00000000
7732,4637,00000008,00108093,1,0000060a
7733,4638,0000000c,00208463,0,00000000
7734,4639,00000010,fe000ce3,0,00000000
7737,4640,00000008,00108093,1,0000060b
7738,4641,0000000c,00208463,0,00000000
7739,4642,00000010,fe000ce3,0,00000000
7742,4643,00000008,00108093,1,0000060c
7743,4644,0000000c,00208463,0,00000000
7744,4645,00000010,fe000ce3,0,00000000
7747,4646,00000008,00108093,1,0000060d
7748,4647,0000000c,00208463,0,00000000
7749,4648,00000010,fe000ce3,0,00000000
7752,4649,00000008,00108093,1,0000060e
7753,4650,0000000c,00208463,0,00000000
7754,4651,00000010,fe000ce3,0,00000000
7757,4652,00000008,00108093,1,0000060f
7758,4653,0000000c,00208463,0,00000000
7759,4654,00000010,fe000ce3,0,00000000
7762,4655,00000008,00108093,1,00000610
7763,4656,0000000c,00208463,0,00000000
7764,4657,00000010,fe000ce3,0,00000000
7767,4658,00000008,00108093,1,00000611
7768,4659,0000000c,00208463,0,00000000
7769,4660,00000010,fe000ce3,0,00000000
7772,4661,00000008,00108093,1,00000612
7773,4662,0000000c,00208463,0,00000000
7774,4663,00000010,fe000ce3,0,00000000
7777,4664,00000008,00108093,1,00000613
7778,4665,0000000c,00208463,0,00000000
7779,4666,00000010,fe000ce3,0,00000000
7782,4667,00000008,00108093,1,00000614
7783,4668,0000000c,00208463,0,00000000
7784,4669,00000010,fe000ce3,0,00000000
7787,4670,00000008,00108093,1,00000615
7788,4671,0000000c,00208463,0,00000000
7789,4672,00000010,fe000ce3,0,00000000
7792,4673,00000008,00108093,1,00000616
7793,4674,0000000c,00208463,0,00000000
7794,4675,00000010,fe000ce3,0,00000000
7797,4676,00000008,00108093,1,00000617
7798,4677,0000000c,00208463,0,00000000
7799,4678,00000010,fe000ce3,0,00000000
7802,4679,00000008,00108093,1,00000618
7803,4680,0000000c,00208463,0,00000000
7804,4681,00000010,fe000ce3,0,00000000
7807,4682,00000008,00108093,1,00000619
7808,4683,0000000c,00208463,0,00000000
7809,4684,00000010,fe000ce3,0,00000000
7812,4685,00000008,00108093,1,0000061a
7813,4686,0000000c,00208463,0,00000000
7814,4687,00000010,fe000ce3,0,00000000
7817,4688,00000008,00108093,1,0000061b
7818,4689,0000000c,00208463,0,00000000
7819,4690,00000010,fe000ce3,0,00000000
7822,4691,00000008,00108093,1,0000061c
7823,4692,0000000c,00208463,0,00000000
7824,4693,00000010,fe000ce3,0,00000000
7827,4694,00000008,00108093,1,0000061d
7828,4695,0000000c,00208463,0,00000000
7829,4696,00000010,fe000ce3,0,00000000
7832,4697,00000008,00108093,1,0000061e
7833,4698,0000000c,00208463,0,00000000
7834,4699,00000010,fe000ce3,0,00000000
7837,4700,00000008,00108093,1,0000061f
7838,4701,0000000c,00208463,0,00000000
7839,4702,00000010,fe000ce3,0,00000000
7842,4703,00000008,00108093,1,00000620
7843,4704,0000000c,00208463,0,00000000
7844,4705,00000010,fe000ce3,0,00000000
7847,4706,00000008,00108093,1,00000621
7848,4707,0000000c,00208463,0,00000000
7849,4708,00000010,fe000ce3,0,00000000
7852,4709,00000008,00108093,1,00000622
7853,4710,0000000c,00208463,0,00000000
7854,4711,00000010,fe000ce3,0,00000000
7857,4712,00000008,00108093,1,00000623
7858,4713,0000000c,00208463,0,00000000
7859,4714,00000010,fe000ce3,0,00000000
7862,4715,00000008,00108093,1,00000624
7863,4716,0000000c,00208463,0,00000000
7864,4717,00000010,fe000ce3,0,00000000
7867,4718,00000008,00108093,1,00000625
7868,4719,0000000c,00208463,0,00000000
7869,4720,00000010,fe000ce3,0,00000000
7872,4721,00000008,00108093,1,00000626
7873,4722,0000000c,00208463,0,00000000
7874,4723,00000010,fe000ce3,0,00000000
7877,4724,00000008,00108093,1,00000627
7878,4725,0000000c,00208463,0,00000000
7879,4726,00000010,fe000ce3,0,00000000
7882,4727,00000008,00108093,1,00000628
7883,4728,0000000c,00208463,0,00000000
7884,4729,00000010,fe000ce3,0,00000000
7887,4730,00000008,00108093,1,00000629
7888,4731,0000000c,00208463,0,00000000
7889,4732,00000010,fe000ce3,0,00000000
7892,4733,00000008,00108093,1,0000062a
7893,4734,0000000c,00208463,0,00000000
7894,4735,00000010,fe000ce3,0,00000000
7897,4736,00000008,00108093,1,0000062b
7898,4737,0000000c,00208463,0,00000000
7899,4738,00000010,fe000ce3,0,00000000
7902,4739,00000008,00108093,1,0000062c
7903,4740,0000000c,00208463,0,00000000
7904,4741,00000010,fe000ce3,0,00000000
7907,4742,00000008,00108093,1,0000062d
7908,4743,0000000c,00208463,0,00000000
7909,4744,00000010,fe000ce3,0,00000000
7912,4745,00000008,00108093,1,0000062e
7913,4746,0000000c,00208463,0,00000000
7914,4747,00000010,fe000ce3,0,00000000
7917,4748,00000008,00108093,1,0000062f
7918,4749,0000000c,00208463,0,00000000
7919,4750,00000010,fe000ce3,0,00000000
7922,4751,00000008,00108093,1,00000630
7923,4752,0000000c,00208463,0,00000000
7924,4753,00000010,fe000ce3,0,00000000
7927,4754,00000008,00108093,1,00000631
7928,4755,0000000c,00208463,0,00000000
7929,4756,00000010,fe000ce3,0,00000000
7932,4757,00000008,00108093,1,00000632
7933,4758,0000000c,00208463,0,00000000
7934,4759,00000010,fe000ce3,0,00000000
7937,4760,00000008,00108093,1,00000633
7938,4761,0000000c,00208463,0,00000000
7939,4762,00000010,fe000ce3,0,00000000
7942,4763,00000008,00108093,1,00000634
7943,4764,0000000c,00208463,0,00000000
7944,4765,00000010,fe000ce3,0,00000000
7947,4766,00000008,00108093,1,00000635
7948,4767,0000000c,00208463,0,00000000
7949,4768,00000010,fe000ce3,0,00000000
7952,4769,00000008,00108093,1,00000636
7953,4770,0000000c,00208463,0,00000000
7954,4771,00000010,fe000ce3,0,00000000
7957,4772,00000008,00108093,1,00000637
7958,4773,0000000c,00208463,0,00000000
7959,4774,00000010,fe000ce3,0,00000000
7962,4775,00000008,00108093,1,00000638
7963,4776,0000000c,00208463,0,00000000
7964,4777,00000010,fe000ce3,0,00000000
7967,4778,00000008,00108093,1,00000639
7968,4779,0000000c,00208463,0,00000000
7969,4780,00000010,fe000ce3,0,00000000
7972,4781,00000008,00108093,1,0000063a
7973,4782,0000000c,00208463,0,00000000
7974,4783,00000010,fe000ce3,0,00000000
7977,4784,00000008,00108093,1,0000063b
7978,4785,0000000c,00208463,0,00000000
7979,4786,00000010,fe000ce3,0,00000000
7982,4787,00000008,00108093,1,0000063c
7983,4788,0000000c,00208463,0,00000000
7984,4789,00000010,fe000ce3,0,00000000
7987,4790,00000008,00108093,1,0000063d
7988,4791,0000000c,00208463,0,00000000
7989,4792,00000010,fe000ce3,0,00000000
7992,4793,00000008,00108093,1,0000063e
7993,4794,0000000c,00208463,0,00000000
7994,4795,00000010,fe000ce3,0,00000000
7997,4796,00000008,00108093,1,0000063f
7998,4797,0000000c,00208463,0,00000000
7999,4798,00000010,fe000ce3,0,00000000
8002,4799,00000008,00108093,1,00000640
8003,4800,0000000c,00208463,0,00000000
8004,4801,00000010,fe000ce3,0,00000000
8007,4802,00000008,00108093,1,00000641
8008,4803,0000000c,00208463,0,00000000
8009,4804,00000010,fe000ce3,0,00000000
8012,4805,00000008,00108093,1,00000642
8013,4806,0000000c,00208463,0,00000000
8014,4807,00000010,fe000ce3,0,00000000
8017,4808,00000008,00108093,1,00000643
8018,4809,0000000c,00208463,0,00000000
8019,4810,00000010,fe000ce3,0,00000000
8022,4811,00000008,00108093,1,00000644
8023,4812,0000000c,00208463,0,00000000
8024,4813,00000010,fe000ce3,0,00000000
8027,4814,00000008,00108093,1,00000645
8028,4815,0000000c,00208463,0,00000000
8029,4816,00000010,fe000ce3,0,00000000
8032,4817,00000008,00108093,1,00000646
8033,4818,0000000c,00208463,0,00000000
8034,4819,00000010,fe000ce3,0,00000000
8037,4820,00000008,00108093,1,00000647
8038,4821,0000000c,00208463,0,00000000
8039,4822,00000010,fe000ce3,0,00000000
8042,4823,00000008,00108093,1,00000648
8043,4824,0000000c,00208463,0,00000000
8044,4825,00000010,fe000ce3,0,00000000
8047,4826,00000008,00108093,1,00000649
8048,4827,0000000c,00208463,0,00000000
8049,4828,00000010,fe000ce3,0,00000000
8052,4829,00000008,00108093,1,0000064a
8053,4830,0000000c,00208463,0,00000000
8054,4831,00000010,fe000ce3,0,00000000
8057,4832,00000008,00108093,1,0000064b
8058,4833,0000000c,00208463,0,00000000
8059,4834,00000010,fe000ce3,0,00000000
8062,4835,00000008,00108093,1,0000064c
8063,4836,0000000c,00208463,0,00000000
8064,4837,00000010,fe000ce3,0,00000000
8067,4838,00000008,00108093,1,0000064d
8068,4839,0000000c,00208463,0,00000000
8069,4840,00000010,fe000ce3,0,00000000
8072,4841,00000008,00108093,1,0000064e
8073,4842,0000000c,00208463,0,00000000
8074,4843,00000010,fe000ce3,0,00000000
8077,4844,00000008,00108093,1,0000064f
8078,4845,0000000c,00208463,0,00000000
8079,4846,00000010,fe000ce3,0,00000000
8082,4847,00000008,00108093,1,00000650
8083,4848,0000000c,00208463,0,00000000
8084,4849,00000010,fe000ce3,0,00000000
8087,4850,00000008,00108093,1,00000651
8088,4851,0000000c,00208463,0,00000000
8089,4852,00000010,fe000ce3,0,00000000
8092,4853,00000008,00108093,1,00000652
8093,4854,0000000c,00208463,0,00000000
8094,4855,00000010,fe000ce3,0,00000000
8097,4856,00000008,00108093,1,00000653
8098,4857,0000000c,00208463,0,00000000
8099,4858,00000010,fe000ce3,0,00000000
8102,4859,00000008,00108093,1,00000654
8103,4860,0000000c,00208463,0,00000000
8104,4861,00000010,fe000ce3,0,00000000
8107,4862,00000008,00108093,1,00000655
8108,4863,0000000c,00208463,0,00000000
8109,4864,00000010,fe000ce3,0,00000000
8112,4865,00000008,00108093,1,00000656
8113,4866,0000000c,00208463,0,00000000
8114,4867,00000010,fe000ce3,0,00000000
8117,4868,00000008,00108093,1,00000657
8118,4869,0000000c,00208463,0,00000000
8119,4870,00000010,fe000ce3,0,00000000
8122,4871,00000008,00108093,1,00000658
8123,4872,0000000c,00208463,0,00000000
8124,4873,00000010,fe000ce3,0,00000000
8127,4874,00000008,00108093,1,00000659
8128,4875,0000000c,00208463,0,00000000
8129,4876,00000010,fe000ce3,0,00000000
8132,4877,00000008,00108093,1,0000065a
8133,4878,0000000c,00208463,0,00000000
8134,4879,00000010,fe000ce3,0,00000000
8137,4880,00000008,00108093,1,0000065b
8138,4881,0000000c,00208463,0,00000000
8139,4882,00000010,fe000ce3,0,00000000
8142,4883,00000008,00108093,1,0000065c
8143,4884,0000000c,00208463,0,00000000
8144,4885,00000010,fe000ce3,0,00000000
8147,4886,00000008,00108093,1,0000065d
8148,4887,0000000c,00208463,0,00000000
8149,4888,00000010,fe000ce3,0,00000000
8152,4889,00000008,00108093,1,0000065e
8153,4890,0000000c,00208463,0,00000000
8154,4891,00000010,fe000ce3,0,00000000
8157,4892,00000008,00108093,1,0000065f
8158,4893,0000000c,00208463,0,00000000
8159,4894,00000010,fe000ce3,0,00000000
8162,4895,00000008,00108093,1,00000660
8163,4896,0000000c,00208463,0,00000000
8164,4897,00000010,fe000ce3,0,00000000
8167,4898,00000008,00108093,1,00000661
8168,4899,0000000c,00208463,0,00000000
8169,4900,00000010,fe000ce3,0,00000000
8172,4901,00000008,00108093,1,00000662
8173,4902,0000000c,00208463,0,00000000
8174,4903,00000010,fe000ce3,0,00000000
8177,4904,00000008,00108093,1,00000663
8178,4905,0000000c,00208463,0,00000000
8179,4906,00000010,fe000ce3,0,00000000
8182,4907,00000008,00108093,1,00000664
8183,4908,0000000c,00208463,0,00000000
8184,4909,00000010,fe000ce3,0,00000000
8187,4910,00000008,00108093,1,00000665
8188,4911,0000000c,00208463,0,00000000
8189,4912,00000010,fe000ce3,0,00000000
8192,4913,00000008,00108093,1,00000666
8193,4914,0000000c,00208463,0,00000000
8194,4915,00000010,fe000ce3,0,00000000
8197,4916,00000008,00108093,1,00000667
8198,4917,0000000c,00208463,0,00000000
8199,4918,00000010,fe000ce3,0,00000000
8202,4919,00000008,00108093,1,00000668
8203,4920,0000000c,00208463,0,00000000
8204,4921,00000010,fe000ce3,0,00000000
8207,4922,00000008,00108093,1,00000669
8208,4923,0000000c,00208463,0,00000000
8209,4924,00000010,fe000ce3,0,00000000
8212,4925,00000008,00108093,1,0000066a
8213,4926,0000000c,00208463,0,00000000
8214,4927,00000010,fe000ce3,0,00000000
8217,4928,00000008,00108093,1,0000066b
8218,4929,0000000c,00208463,0,00000000
8219,4930,00000010,fe000ce3,0,00000000
8222,4931,00000008,00108093,1,0000066c
8223,4932,0000000c,00208463,0,00000000
8224,4933,00000010,fe000ce3,0,00000000
8227,4934,00000008,00108093,1,0000066d
8228,4935,0000000c,00208463,0,00000000
8229,4936,00000010,fe000ce3,0,00000000
8232,4937,00000008,00108093,1,0000066e
8233,4938,0000000c,00208463,0,00000000
8234,4939,00000010,fe000ce3,0,00000000
8237,4940,00000008,00108093,1,0000066f
8238,4941,0000000c,00208463,0,00000000
8239,4942,00000010,fe000ce3,0,00000000
8242,4943,00000008,00108093,1,00000670
8243,4944,0000000c,00208463,0,00000000
8244,4945,00000010,fe000ce3,0,00000000
8247,4946,00000008,00108093,1,00000671
8248,4947,0000000c,00208463,0,00000000
8249,4948,00000010,fe000ce3,0,00000000
8252,4949,00000008,00108093,1,00000672
8253,4950,0000000c,00208463,0,00000000
8254,4951,00000010,fe000ce3,0,00000000
8257,4952,00000008,00108093,1,00000673
8258,4953,0000000c,00208463,0,00000000
8259,4954,00000010,fe000ce3,0,00000000
8262,4955,00000008,00108093,1,00000674
8263,4956,0000000c,00208463,0,00000000
8264,4957,00000010,fe000ce3,0,00000000
8267,4958,00000008,00108093,1,00000675
8268,4959,0000000c,00208463,0,00000000
8269,4960,00000010,fe000ce3,0,00000000
8272,4961,00000008,00108093,1,00000676
8273,4962,0000000c,00208463,0,00000000
8274,4963,00000010,fe000ce3,0,00000000
8277,4964,00000008,00108093,1,00000677
8278,4965,0000000c,00208463,0,00000000
8279,4966,00000010,fe000ce3,0,00000000
8282,4967,00000008,00108093,1,00000678
8283,4968,0000000c,00208463,0,00000000
8284,4969,00000010,fe000ce3,0,00000000
8287,4970,00000008,00108093,1,00000679
8288,4971,0000000c,00208463,0,00000000
8289,4972,00000010,fe000ce3,0,00000000
8292,4973,00000008,00108093,1,0000067a
8293,4974,0000000c,00208463,0,00000000
8294,4975,00000010,fe000ce3,0,00000000
8297,4976,00000008,00108093,1,0000067b
8298,4977,0000000c,00208463,0,00000000
8299,4978,00000010,fe000ce3,0,00000000
8302,4979,00000008,00108093,1,0000067c
8303,4980,0000000c,00208463,0,00000000
8304,4981,00000010,fe000ce3,0,00000000
8307,4982,00000008,00108093,1,0000067d
8308,4983,0000000c,00208463,0,00000000
8309,4984,00000010,fe000ce3,0,00000000
8312,4985,00000008,00108093,1,0000067e
8313,4986,0000000c,00208463,0,00000000
8314,4987,00000010,fe000ce3,0,00000000
8317,4988,00000008,00108093,1,0000067f
8318,4989,0000000c,00208463,0,00000000
8319,4990,00000010,fe000ce3,0,00000000
8322,4991,00000008,00108093,1,00000680
8323,4992,0000000c,00208463,0,00000000
8324,4993,00000010,fe000ce3,0,00000000
8327,4994,00000008,00108093,1,00000681
8328,4995,0000000c,00208463,0,00000000
8329,4996,00000010,fe000ce3,0,00000000
8332,4997,00000008,00108093,1,00000682
8333,4998,0000000c,00208463,0,00000000
8334,4999,00000010,fe000ce3,0,00000000
8337,5000,00000008,00108093,1,00000683
8338,5001,0000000c,00208463,0,00000000
8339,5002,00000010,fe000ce3,0,00000000
8342,5003,00000008,00108093,1,00000684
8343,5004,0000000c,00208463,0,00000000
8344,5005,00000010,fe000ce3,0,00000000
8347,5006,00000008,00108093,1,00000685
8348,5007,0000000c,00208463,0,00000000
8349,5008,00000010,fe000ce3,0,00000000
8352,5009,00000008,00108093,1,00000686
8353,5010,0000000c,00208463,0,00000000
8354,5011,00000010,fe000ce3,0,00000000
8357,5012,00000008,00108093,1,00000687
8358,5013,0000000c,00208463,0,00000000
8359,5014,00000010,fe000ce3,0,00000000
8362,5015,00000008,00108093,1,00000688
8363,5016,0000000c,00208463,0,00000000
8364,5017,00000010,fe000ce3,0,00000000
8367,5018,00000008,00108093,1,00000689
8368,5019,0000000c,00208463,0,00000000
8369,5020,00000010,fe000ce3,0,00000000
8372,5021,00000008,00108093,1,0000068a
8373,5022,0000000c,00208463,0,00000000
8374,5023,00000010,fe000ce3,0,00000000
8377,5024,00000008,00108093,1,0000068b
8378,5025,0000000c,00208463,0,00000000
8379,5026,00000010,fe000ce3,0,00000000
8382,5027,00000008,00108093,1,0000068c
8383,5028,0000000c,00208463,0,00000000
8384,5029,00000010,fe000ce3,0,00000000
8387,5030,00000008,00108093,1,0000068d
8388,5031,0000000c,00208463,0,00000000
8389,5032,00000010,fe000ce3,0,00000000
8392,5033,00000008,00108093,1,0000068e
8393,5034,0000000c,00208463,0,00000000
8394,5035,00000010,fe000ce3,0,00000000
8397,5036,00000008,00108093,1,0000068f
8398,5037,0000000c,00208463,0,00000000
8399,5038,00000010,fe000ce3,0,00000000
8402,5039,00000008,00108093,1,00000690
8403,5040,0000000c,00208463,0,00000000
8404,5041,00000010,fe000ce3,0,00000000
8407,5042,00000008,00108093,1,00000691
8408,5043,0000000c,00208463,0,00000000
8409,5044,00000010,fe000ce3,0,00000000
8412,5045,00000008,00108093,1,00000692
8413,5046,0000000c,00208463,0,00000000
8414,5047,00000010,fe000ce3,0,00000000
8417,5048,00000008,00108093,1,00000693
8418,5049,0000000c,00208463,0,00000000
8419,5050,00000010,fe000ce3,0,00000000
8422,5051,00000008,00108093,1,00000694
8423,5052,0000000c,00208463,0,00000000
8424,5053,00000010,fe000ce3,0,00000000
8427,5054,00000008,00108093,1,00000695
8428,5055,0000000c,00208463,0,00000000
8429,5056,00000010,fe000ce3,0,00000000
8432,5057,00000008,00108093,1,00000696
8433,5058,0000000c,00208463,0,00000000
8434,5059,00000010,fe000ce3,0,00000000
8437,5060,00000008,00108093,1,00000697
8438,5061,0000000c,00208463,0,00000000
8439,5062,00000010,fe000ce3,0,00000000
8442,5063,00000008,00108093,1,00000698
8443,5064,0000000c,00208463,0,00000000
8444,5065,00000010,fe000ce3,0,00000000
8447,5066,00000008,00108093,1,00000699
8448,5067,0000000c,00208463,0,00000000
8449,5068,00000010,fe000ce3,0,00000000
8452,5069,00000008,00108093,1,0000069a
8453,5070,0000000c,00208463,0,00000000
8454,5071,00000010,fe000ce3,0,00000000
8457,5072,00000008,00108093,1,0000069b
8458,5073,0000000c,00208463,0,00000000
8459,5074,00000010,fe000ce3,0,00000000
8462,5075,00000008,00108093,1,0000069c
8463,5076,0000000c,00208463,0,00000000
8464,5077,00000010,fe000ce3,0,00000000
8467,5078,00000008,00108093,1,0000069d
8468,5079,0000000c,00208463,0,00000000
8469,5080,00000010,fe000ce3,0,00000000
8472,5081,00000008,00108093,1,0000069e
8473,5082,0000000c,00208463,0,00000000
8474,5083,00000010,fe000ce3,0,00000000
8477,5084,00000008,00108093,1,0000069f
8478,5085,0000000c,00208463,0,00000000
8479,5086,00000010,fe000ce3,0,00000000
8482,5087,00000008,00108093,1,000006a0
8483,5088,0000000c,00208463,0,00000000
8484,5089,00000010,fe000ce3,0,00000000
8487,5090,00000008,00108093,1,000006a1
8488,5091,0000000c,00208463,0,00000000
8489,5092,00000010,fe000ce3,0,00000000
8492,5093,00000008,00108093,1,000006a2
8493,5094,0000000c,00208463,0,00000000
8494,5095,00000010,fe000ce3,0,00000000
8497,5096,00000008,00108093,1,000006a3
8498,5097,0000000c,00208463,0,00000000
8499,5098,00000010,fe000ce3,0,00000000
8502,5099,00000008,00108093,1,000006a4
8503,5100,0000000c,00208463,0,00000000
8504,5101,00000010,fe000ce3,0,00000000
8507,5102,00000008,00108093,1,000006a5
8508,5103,0000000c,00208463,0,00000000
8509,5104,00000010,fe000ce3,0,00000000
8512,5105,00000008,00108093,1,000006a6
8513,5106,0000000c,00208463,0,00000000
8514,5107,00000010,fe000ce3,0,00000000
8517,5108,00000008,00108093,1,000006a7
8518,5109,0000000c,00208463,0,00000000
8519,5110,00000010,fe000ce3,0,00000000
8522,5111,00000008,00108093,1,000006a8
8523,5112,0000000c,00208463,0,00000000
8524,5113,00000010,fe000ce3,0,00000000
8527,5114,00000008,00108093,1,000006a9
8528,5115,0000000c,00208463,0,00000000
8529,5116,00000010,fe000ce3,0,00000000
8532,5117,00000008,00108093,1,000006aa
8533,5118,0000000c,00208463,0,00000000
8534,5119,00000010,fe000ce3,0,00000000
8537,5120,00000008,00108093,1,000006ab
8538,5121,0000000c,00208463,0,00000000
8539,5122,00000010,fe000ce3,0,00000000
8542,5123,00000008,00108093,1,000006ac
8543,5124,0000000c,00208463,0,00000000
8544,5125,00000010,fe000ce3,0,00000000
8547,5126,00000008,00108093,1,000006ad
8548,5127,0000000c,00208463,0,00000000
8549,5128,00000010,fe000ce3,0,00000000
8552,5129,00000008,00108093,1,000006ae
8553,5130,0000000c,00208463,0,00000000
8554,5131,00000010,fe000ce3,0,00000000
8557,5132,00000008,00108093,1,000006af
8558,5133,0000000c,00208463,0,00000000
8559,5134,00000010,fe000ce3,0,00000000
8562,5135,00000008,00108093,1,000006b0
8563,5136,0000000c,00208463,0,00000000
8564,5137,00000010,fe000ce3,0,00000000
8567,5138,00000008,00108093,1,000006b1
8568,5139,0000000c,00208463,0,00000000
8569,5140,00000010,fe000ce3,0,00000000
8572,5141,00000008,00108093,1,000006b2
8573,5142,0000000c,00208463,0,00000000
8574,5143,00000010,fe000ce3,0,00000000
8577,5144,00000008,00108093,1,000006b3
8578,5145,0000000c,00208463,0,00000000
8579,5146,00000010,fe000ce3,0,00000000
8582,5147,00000008,00108093,1,000006b4
8583,5148,0000000c,00208463,0,00000000
8584,5149,00000010,fe000ce3,0,00000000
8587,5150,00000008,00108093,1,000006b5
8588,5151,0000000c,00208463,0,00000000
8589,5152,00000010,fe000ce3,0,00000000
8592,5153,00000008,00108093,1,000006b6
8593,5154,0000000c,00208463,0,00000000
8594,5155,00000010,fe000ce3,0,00000000
8597,5156,00000008,00108093,1,000006b7
8598,5157,0000000c,00208463,0,00000000
8599,5158,00000010,fe000ce3,0,00000000
8602,5159,00000008,00108093,1,000006b8
8603,5160,0000000c,00208463,0,00000000
8604,5161,00000010,fe000ce3,0,00000000
8607,5162,00000008,00108093,1,000006b9
8608,5163,0000000c,00208463,0,00000000
8609,5164,00000010,fe000ce3,0,00000000
8612,5165,00000008,00108093,1,000006ba
8613,5166,0000000c,00208463,0,00000000
8614,5167,00000010,fe000ce3,0,00000000
8617,5168,00000008,00108093,1,000006bb
8618,5169,0000000c,00208463,0,00000000
8619,5170,00000010,fe000ce3,0,00000000
8622,5171,00000008,00108093,1,000006bc
8623,5172,0000000c,00208463,0,00000000
8624,5173,00000010,fe000ce3,0,00000000
8627,5174,00000008,00108093,1,000006bd
8628,5175,0000000c,00208463,0,00000000
8629,5176,00000010,fe000ce3,0,00000000
8632,5177,00000008,00108093,1,000006be
8633,5178,0000000c,00208463,0,00000000
8634,5179,00000010,fe000ce3,0,00000000
8637,5180,00000008,00108093,1,000006bf
8638,5181,0000000c,00208463,0,00000000
8639,5182,00000010,fe000ce3,0,00000000
8642,5183,00000008,00108093,1,000006c0
8643,5184,0000000c,00208463,0,00000000
8644,5185,00000010,fe000ce3,0,00000000
8647,5186,00000008,00108093,1,000006c1
8648,5187,0000000c,00208463,0,00000000
8649,5188,00000010,fe000ce3,0,00000000
8652,5189,00000008,00108093,1,000006c2
8653,5190,0000000c,00208463,0,00000000
8654,5191,00000010,fe000ce3,0,00000000
8657,5192,00000008,00108093,1,000006c3
8658,5193,0000000c,00208463,0,00000000
8659,5194,00000010,fe000ce3,0,00000000
8662,5195,00000008,00108093,1,000006c4
8663,5196,0000000c,00208463,0,00000000
8664,5197,00000010,fe000ce3,0,00000000
8667,5198,00000008,00108093,1,000006c5
8668,5199,0000000c,00208463,0,00000000
8669,5200,00000010,fe000ce3,0,00000000
8672,5201,00000008,00108093,1,000006c6
8673,5202,0000000c,00208463,0,00000000
8674,5203,00000010,fe000ce3,0,00000000
8677,5204,00000008,00108093,1,000006c7
8678,5205,0000000c,00208463,0,00000000
8679,5206,00000010,fe000ce3,0,00000000
8682,5207,00000008,00108093,1,000006c8
8683,5208,0000000c,00208463,0,00000000
8684,5209,00000010,fe000ce3,0,00000000
8687,5210,00000008,00108093,1,000006c9
8688,5211,0000000c,00208463,0,00000000
8689,5212,00000010,fe000ce3,0,00000000
8692,5213,00000008,00108093,1,000006ca
8693,5214,0000000c,00208463,0,00000000
8694,5215,00000010,fe000ce3,0,00000000
8697,5216,00000008,00108093,1,000006cb
8698,5217,0000000c,00208463,0,00000000
8699,5218,00000010,fe000ce3,0,00000000
8702,5219,00000008,00108093,1,000006cc
8703,5220,0000000c,00208463,0,00000000
8704,5221,00000010,fe000ce3,0,00000000
8707,5222,00000008,00108093,1,000006cd
8708,5223,0000000c,00208463,0,00000000
8709,5224,00000010,fe000ce3,0,00000000
8712,5225,00000008,00108093,1,000006ce
8713,5226,0000000c,00208463,0,00000000
8714,5227,00000010,fe000ce3,0,00000000
8717,5228,00000008,00108093,1,000006cf
8718,5229,0000000c,00208463,0,00000000
8719,5230,00000010,fe000ce3,0,00000000
8722,5231,00000008,00108093,1,000006d0
8723,5232,0000000c,00208463,0,00000000
8724,5233,00000010,fe000ce3,0,00000000
8727,5234,00000008,00108093,1,000006d1
8728,5235,0000000c,00208463,0,00000000
8729,5236,00000010,fe000ce3,0,00000000
8732,5237,00000008,00108093,1,000006d2
8733,5238,0000000c,00208463,0,00000000
8734,5239,00000010,fe000ce3,0,00000000
8737,5240,00000008,00108093,1,000006d3
8738,5241,0000000c,00208463,0,00000000
8739,5242,00000010,fe000ce3,0,00000000
8742,5243,00000008,00108093,1,000006d4
8743,5244,0000000c,00208463,0,00000000
8744,5245,00000010,fe000ce3,0,00000000
8747,5246,00000008,00108093,1,000006d5
8748,5247,0000000c,00208463,0,00000000
8749,5248,00000010,fe000ce3,0,00000000
8752,5249,00000008,00108093,1,000006d6
8753,5250,0000000c,00208463,0,00000000
8754,5251,00000010,fe000ce3,0,00000000
8757,5252,00000008,00108093,1,000006d7
8758,5253,0000000c,00208463,0,00000000
8759,5254,00000010,fe000ce3,0,00000000
8762,5255,00000008,00108093,1,000006d8
8763,5256,0000000c,00208463,0,00000000
8764,5257,00000010,fe000ce3,0,00000000
8767,5258,00000008,00108093,1,000006d9
8768,5259,0000000c,00208463,0,00000000
8769,5260,00000010,fe000ce3,0,00000000
8772,5261,00000008,00108093,1,000006da
8773,5262,0000000c,00208463,0,00000000
8774,5263,00000010,fe000ce3,0,00000000
8777,5264,00000008,00108093,1,000006db
8778,5265,0000000c,00208463,0,00000000
8779,5266,00000010,fe000ce3,0,00000000
8782,5267,00000008,00108093,1,000006dc
8783,5268,0000000c,00208463,0,00000000
8784,5269,00000010,fe000ce3,0,00000000
8787,5270,00000008,00108093,1,000006dd
8788,5271,0000000c,00208463,0,00000000
8789,5272,00000010,fe000ce3,0,00000000
8792,5273,00000008,00108093,1,000006de
8793,5274,0000000c,00208463,0,00000000
8794,5275,00000010,fe000ce3,0,00000000
8797,5276,00000008,00108093,1,000006df
8798,5277,0000000c,00208463,0,00000000
8799,5278,00000010,fe000ce3,0,00000000
8802,5279,00000008,00108093,1,000006e0
8803,5280,0000000c,00208463,0,00000000
8804,5281,00000010,fe000ce3,0,00000000
8807,5282,00000008,00108093,1,000006e1
8808,5283,0000000c,00208463,0,00000000
8809,5284,00000010,fe000ce3,0,00000000
8812,5285,00000008,00108093,1,000006e2
8813,5286,0000000c,00208463,0,00000000
8814,5287,00000010,fe000ce3,0,00000000
8817,5288,00000008,00108093,1,000006e3
8818,5289,0000000c,00208463,0,00000000
8819,5290,00000010,fe000ce3,0,00000000
8822,5291,00000008,00108093,1,000006e4
8823,5292,0000000c,00208463,0,00000000
8824,5293,00000010,fe000ce3,0,00000000
8827,5294,00000008,00108093,1,000006e5
8828,5295,0000000c,00208463,0,00000000
8829,5296,00000010,fe000ce3,0,00000000
8832,5297,00000008,00108093,1,000006e6
8833,5298,0000000c,00208463,0,00000000
8834,5299,00000010,fe000ce3,0,00000000
8837,5300,00000008,00108093,1,000006e7
8838,5301,0000000c,00208463,0,00000000
8839,5302,00000010,fe000ce3,0,00000000
8842,5303,00000008,00108093,1,000006e8
8843,5304,0000000c,00208463,0,00000000
8844,5305,00000010,fe000ce3,0,00000000
8847,5306,00000008,00108093,1,000006e9
8848,5307,0000000c,00208463,0,00000000
8849,5308,00000010,fe000ce3,0,00000000
8852,5309,00000008,00108093,1,000006ea
8853,5310,0000000c,00208463,0,00000000
8854,5311,00000010,fe000ce3,0,00000000
8857,5312,00000008,00108093,1,000006eb
8858,5313,0000000c,00208463,0,00000000
8859,5314,00000010,fe000ce3,0,00000000
8862,5315,00000008,00108093,1,000006ec
8863,5316,0000000c,00208463,0,00000000
8864,5317,00000010,fe000ce3,0,00000000
8867,5318,00000008,00108093,1,000006ed
8868,5319,0000000c,00208463,0,00000000
8869,5320,00000010,fe000ce3,0,00000000
8872,5321,00000008,00108093,1,000006ee
8873,5322,0000000c,00208463,0,00000000
8874,5323,00000010,fe000ce3,0,00000000
8877,5324,00000008,00108093,1,000006ef
8878,5325,0000000c,00208463,0,00000000
8879,5326,00000010,fe000ce3,0,00000000
8882,5327,00000008,00108093,1,000006f0
8883,5328,0000000c,00208463,0,00000000
8884,5329,00000010,fe000ce3,0,00000000
8887,5330,00000008,00108093,1,000006f1
8888,5331,0000000c,00208463,0,00000000
8889,5332,00000010,fe000ce3,0,00000000
8892,5333,00000008,00108093,1,000006f2
8893,5334,0000000c,00208463,0,00000000
8894,5335,00000010,fe000ce3,0,00000000
8897,5336,00000008,00108093,1,000006f3
8898,5337,0000000c,00208463,0,00000000
8899,5338,00000010,fe000ce3,0,00000000
8902,5339,00000008,00108093,1,000006f4
8903,5340,0000000c,00208463,0,00000000
8904,5341,00000010,fe000ce3,0,00000000
8907,5342,00000008,00108093,1,000006f5
8908,5343,0000000c,00208463,0,00000000
8909,5344,00000010,fe000ce3,0,00000000
8912,5345,00000008,00108093,1,000006f6
8913,5346,0000000c,00208463,0,00000000
8914,5347,00000010,fe000ce3,0,00000000
8917,5348,00000008,00108093,1,000006f7
8918,5349,0000000c,00208463,0,00000000
8919,5350,00000010,fe000ce3,0,00000000
8922,5351,00000008,00108093,1,000006f8
8923,5352,0000000c,00208463,0,00000000
8924,5353,00000010,fe000ce3,0,00000000
8927,5354,00000008,00108093,1,000006f9
8928,5355,0000000c,00208463,0,00000000
8929,5356,00000010,fe000ce3,0,00000000
8932,5357,00000008,00108093,1,000006fa
8933,5358,0000000c,00208463,0,00000000
8934,5359,00000010,fe000ce3,0,00000000
8937,5360,00000008,00108093,1,000006fb
8938,5361,0000000c,00208463,0,00000000
8939,5362,00000010,fe000ce3,0,00000000
8942,5363,00000008,00108093,1,000006fc
8943,5364,0000000c,00208463,0,00000000
8944,5365,00000010,fe000ce3,0,00000000
8947,5366,00000008,00108093,1,000006fd
8948,5367,0000000c,00208463,0,00000000
8949,5368,00000010,fe000ce3,0,00000000
8952,5369,00000008,00108093,1,000006fe
8953,5370,0000000c,00208463,0,00000000
8954,5371,00000010,fe000ce3,0,00000000
8957,5372,00000008,00108093,1,000006ff
8958,5373,0000000c,00208463,0,00000000
8959,5374,00000010,fe000ce3,0,00000000
8962,5375,00000008,00108093,1,00000700
8963,5376,0000000c,00208463,0,00000000
8964,5377,00000010,fe000ce3,0,00000000
8967,5378,00000008,00108093,1,00000701
8968,5379,0000000c,00208463,0,00000000
8969,5380,00000010,fe000ce3,0,00000000
8972,5381,00000008,00108093,1,00000702
8973,5382,0000000c,00208463,0,00000000
8974,5383,00000010,fe000ce3,0,00000000
8977,5384,00000008,00108093,1,00000703
8978,5385,0000000c,00208463,0,00000000
8979,5386,00000010,fe000ce3,0,00000000
8982,5387,00000008,00108093,1,00000704
8983,5388,0000000c,00208463,0,00000000
8984,5389,00000010,fe000ce3,0,00000000
8987,5390,00000008,00108093,1,00000705
8988,5391,0000000c,00208463,0,00000000
8989,5392,00000010,fe000ce3,0,00000000
8992,5393,00000008,00108093,1,00000706
8993,5394,0000000c,00208463,0,00000000
8994,5395,00000010,fe000ce3,0,00000000
8997,5396,00000008,00108093,1,00000707
8998,5397,0000000c,00208463,0,00000000
8999,5398,00000010,fe000ce3,0,00000000
9002,5399,00000008,00108093,1,00000708
9003,5400,0000000c,00208463,0,00000000
9004,5401,00000010,fe000ce3,0,00000000
9007,5402,00000008,00108093,1,00000709
9008,5403,0000000c,00208463,0,00000000
9009,5404,00000010,fe000ce3,0,00000000
9012,5405,00000008,00108093,1,0000070a
9013,5406,0000000c,00208463,0,00000000
9014,5407,00000010,fe000ce3,0,00000000
9017,5408,00000008,00108093,1,0000070b
9018,5409,0000000c,00208463,0,00000000
9019,5410,00000010,fe000ce3,0,00000000
9022,5411,00000008,00108093,1,0000070c
9023,5412,0000000c,00208463,0,00000000
9024,5413,00000010,fe000ce3,0,00000000
9027,5414,00000008,00108093,1,0000070d
9028,5415,0000000c,00208463,0,00000000
9029,5416,00000010,fe000ce3,0,00000000
9032,5417,00000008,00108093,1,0000070e
9033,5418,0000000c,00208463,0,00000000
9034,5419,00000010,fe000ce3,0,00000000
9037,5420,00000008,00108093,1,0000070f
9038,5421,0000000c,00208463,0,00000000
9039,5422,00000010,fe000ce3,0,00000000
9042,5423,00000008,00108093,1,00000710
9043,5424,0000000c,00208463,0,00000000
9044,5425,00000010,fe000ce3,0,00000000
9047,5426,00000008,00108093,1,00000711
9048,5427,0000000c,00208463,0,00000000
9049,5428,00000010,fe000ce3,0,00000000
9052,5429,00000008,00108093,1,00000712
9053,5430,0000000c,00208463,0,00000000
9054,5431,00000010,fe000ce3,0,00000000
9057,5432,00000008,00108093,1,00000713
9058,5433,0000000c,00208463,0,00000000
9059,5434,00000010,fe000ce3,0,00000000
9062,5435,00000008,00108093,1,00000714
9063,5436,0000000c,00208463,0,00000000
9064,5437,00000010,fe000ce3,0,00000000
9067,5438,00000008,00108093,1,00000715
9068,5439,0000000c,00208463,0,00000000
9069,5440,00000010,fe000ce3,0,00000000
9072,5441,00000008,00108093,1,00000716
9073,5442,0000000c,00208463,0,00000000
9074,5443,00000010,fe000ce3,0,00000000
9077,5444,00000008,00108093,1,00000717
9078,5445,0000000c,00208463,0,00000000
9079,5446,00000010,fe000ce3,0,00000000
9082,5447,00000008,00108093,1,00000718
9083,5448,0000000c,00208463,0,00000000
9084,5449,00000010,fe000ce3,0,00000000
9087,5450,00000008,00108093,1,00000719
9088,5451,0000000c,00208463,0,00000000
9089,5452,00000010,fe000ce3,0,00000000
9092,5453,00000008,00108093,1,0000071a
9093,5454,0000000c,00208463,0,00000000
9094,5455,00000010,fe000ce3,0,00000000
9097,5456,00000008,00108093,1,0000071b
9098,5457,0000000c,00208463,0,00000000
9099,5458,00000010,fe000ce3,0,00000000
9102,5459,00000008,00108093,1,0000071c
9103,5460,0000000c,00208463,0,00000000
9104,5461,00000010,fe000ce3,0,00000000
9107,5462,00000008,00108093,1,0000071d
9108,5463,0000000c,00208463,0,00000000
9109,5464,00000010,fe000ce3,0,00000000
9112,5465,00000008,00108093,1,0000071e
9113,5466,0000000c,00208463,0,00000000
9114,5467,00000010,fe000ce3,0,00000000
9117,5468,00000008,00108093,1,0000071f
9118,5469,0000000c,00208463,0,00000000
9119,5470,00000010,fe000ce3,0,00000000
9122,5471,00000008,00108093,1,00000720
9123,5472,0000000c,00208463,0,00000000
9124,5473,00000010,fe000ce3,0,00000000
9127,5474,00000008,00108093,1,00000721
9128,5475,0000000c,00208463,0,00000000
9129,5476,00000010,fe000ce3,0,00000000
9132,5477,00000008,00108093,1,00000722
9133,5478,0000000c,00208463,0,00000000
9134,5479,00000010,fe000ce3,0,00000000
9137,5480,00000008,00108093,1,00000723
9138,5481,0000000c,00208463,0,00000000
9139,5482,00000010,fe000ce3,0,00000000
9142,5483,00000008,00108093,1,00000724
9143,5484,0000000c,00208463,0,00000000
9144,5485,00000010,fe000ce3,0,00000000
9147,5486,00000008,00108093,1,00000725
9148,5487,0000000c,00208463,0,00000000
9149,5488,00000010,fe000ce3,0,00000000
9152,5489,00000008,00108093,1,00000726
9153,5490,0000000c,00208463,0,00000000
9154,5491,00000010,fe000ce3,0,00000000
9157,5492,00000008,00108093,1,00000727
9158,5493,0000000c,00208463,0,00000000
9159,5494,00000010,fe000ce3,0,00000000
9162,5495,00000008,00108093,1,00000728
9163,5496,0000000c,00208463,0,00000000
9164,5497,00000010,fe000ce3,0,00000000
9167,5498,00000008,00108093,1,00000729
9168,5499,0000000c,00208463,0,00000000
9169,5500,00000010,fe000ce3,0,00000000
9172,5501,00000008,00108093,1,0000072a
9173,5502,0000000c,00208463,0,00000000
9174,5503,00000010,fe000ce3,0,00000000
9177,5504,00000008,00108093,1,0000072b
9178,5505,0000000c,00208463,0,00000000
9179,5506,00000010,fe000ce3,0,00000000
9182,5507,00000008,00108093,1,0000072c
9183,5508,0000000c,00208463,0,00000000
9184,5509,00000010,fe000ce3,0,00000000
9187,5510,00000008,00108093,1,0000072d
9188,5511,0000000c,00208463,0,00000000
9189,5512,00000010,fe000ce3,0,00000000
9192,5513,00000008,00108093,1,0000072e
9193,5514,0000000c,00208463,0,00000000
9194,5515,00000010,fe000ce3,0,00000000
9197,5516,00000008,00108093,1,0000072f
9198,5517,0000000c,00208463,0,00000000
9199,5518,00000010,fe000ce3,0,00000000
9202,5519,00000008,00108093,1,00000730
9203,5520,0000000c,00208463,0,00000000
9204,5521,00000010,fe000ce3,0,00000000
9207,5522,00000008,00108093,1,00000731
9208,5523,0000000c,00208463,0,00000000
9209,5524,00000010,fe000ce3,0,00000000
9212,5525,00000008,00108093,1,00000732
9213,5526,0000000c,00208463,0,00000000
9214,5527,00000010,fe000ce3,0,00000000
9217,5528,00000008,00108093,1,00000733
9218,5529,0000000c,00208463,0,00000000
9219,5530,00000010,fe000ce3,0,00000000
9222,5531,00000008,00108093,1,00000734
9223,5532,0000000c,00208463,0,00000000
9224,5533,00000010,fe000ce3,0,00000000
9227,5534,00000008,00108093,1,00000735
9228,5535,0000000c,00208463,0,00000000
9229,5536,00000010,fe000ce3,0,00000000
9232,5537,00000008,00108093,1,00000736
9233,5538,0000000c,00208463,0,00000000
9234,5539,00000010,fe000ce3,0,00000000
9237,5540,00000008,00108093,1,00000737
9238,5541,0000000c,00208463,0,00000000
9239,5542,00000010,fe000ce3,0,00000000
9242,5543,00000008,00108093,1,00000738
9243,5544,0000000c,00208463,0,00000000
9244,5545,00000010,fe000ce3,0,00000000
9247,5546,00000008,00108093,1,00000739
9248,5547,0000000c,00208463,0,00000000
9249,5548,00000010,fe000ce3,0,00000000
9252,5549,00000008,00108093,1,0000073a
9253,5550,0000000c,00208463,0,00000000
9254,5551,00000010,fe000ce3,0,00000000
9257,5552,00000008,00108093,1,0000073b
9258,5553,0000000c,00208463,0,00000000
9259,5554,00000010,fe000ce3,0,00000000
9262,5555,00000008,00108093,1,0000073c
9263,5556,0000000c,00208463,0,00000000
9264,5557,00000010,fe000ce3,0,00000000
9267,5558,00000008,00108093,1,0000073d
9268,5559,0000000c,00208463,0,00000000
9269,5560,00000010,fe000ce3,0,00000000
9272,5561,00000008,00108093,1,0000073e
9273,5562,0000000c,00208463,0,00000000
9274,5563,00000010,fe000ce3,0,00000000
9277,5564,00000008,00108093,1,0000073f
9278,5565,0000000c,00208463,0,00000000
9279,5566,00000010,fe000ce3,0,00000000
9282,5567,00000008,00108093,1,00000740
9283,5568,0000000c,00208463,0,00000000
9284,5569,00000010,fe000ce3,0,00000000
9287,5570,00000008,00108093,1,00000741
9288,5571,0000000c,00208463,0,00000000
9289,5572,00000010,fe000ce3,0,00000000
9292,5573,00000008,00108093,1,00000742
9293,5574,0000000c,00208463,0,00000000
9294,5575,00000010,fe000ce3,0,00000000
9297,5576,00000008,00108093,1,00000743
9298,5577,0000000c,00208463,0,00000000
9299,5578,00000010,fe000ce3,0,00000000
9302,5579,00000008,00108093,1,00000744
9303,5580,0000000c,00208463,0,00000000
9304,5581,00000010,fe000ce3,0,00000000
9307,5582,00000008,00108093,1,00000745
9308,5583,0000000c,00208463,0,00000000
9309,5584,00000010,fe000ce3,0,00000000
9312,5585,00000008,00108093,1,00000746
9313,5586,0000000c,00208463,0,00000000
9314,5587,00000010,fe000ce3,0,00000000
9317,5588,00000008,00108093,1,00000747
9318,5589,0000000c,00208463,0,00000000
9319,5590,00000010,fe000ce3,0,00000000
9322,5591,00000008,00108093,1,00000748
9323,5592,0000000c,00208463,0,00000000
9324,5593,00000010,fe000ce3,0,00000000
9327,5594,00000008,00108093,1,00000749
9328,5595,0000000c,00208463,0,00000000
9329,5596,00000010,fe000ce3,0,00000000
9332,5597,00000008,00108093,1,0000074a
9333,5598,0000000c,00208463,0,00000000
9334,5599,00000010,fe000ce3,0,00000000
9337,5600,00000008,00108093,1,0000074b
9338,5601,0000000c,00208463,0,00000000
9339,5602,00000010,fe000ce3,0,00000000
9342,5603,00000008,00108093,1,0000074c
9343,5604,0000000c,00208463,0,00000000
9344,5605,00000010,fe000ce3,0,00000000
9347,5606,00000008,00108093,1,0000074d
9348,5607,0000000c,00208463,0,00000000
9349,5608,00000010,fe000ce3,0,00000000
9352,5609,00000008,00108093,1,0000074e
9353,5610,0000000c,00208463,0,00000000
9354,5611,00000010,fe000ce3,0,00000000
9357,5612,00000008,00108093,1,0000074f
9358,5613,0000000c,00208463,0,00000000
9359,5614,00000010,fe000ce3,0,00000000
9362,5615,00000008,00108093,1,00000750
9363,5616,0000000c,00208463,0,00000000
9364,5617,00000010,fe000ce3,0,00000000
9367,5618,00000008,00108093,1,00000751
9368,5619,0000000c,00208463,0,00000000
9369,5620,00000010,fe000ce3,0,00000000
9372,5621,00000008,00108093,1,00000752
9373,5622,0000000c,00208463,0,00000000
9374,5623,00000010,fe000ce3,0,00000000
9377,5624,00000008,00108093,1,00000753
9378,5625,0000000c,00208463,0,00000000
9379,5626,00000010,fe000ce3,0,00000000
9382,5627,00000008,00108093,1,00000754
9383,5628,0000000c,00208463,0,00000000
9384,5629,00000010,fe000ce3,0,00000000
9387,5630,00000008,00108093,1,00000755
9388,5631,0000000c,00208463,0,00000000
9389,5632,00000010,fe000ce3,0,00000000
9392,5633,00000008,00108093,1,00000756
9393,5634,0000000c,00208463,0,00000000
9394,5635,00000010,fe000ce3,0,00000000
9397,5636,00000008,00108093,1,00000757
9398,5637,0000000c,00208463,0,00000000
9399,5638,00000010,fe000ce3,0,00000000
9402,5639,00000008,00108093,1,00000758
9403,5640,0000000c,00208463,0,00000000
9404,5641,00000010,fe000ce3,0,00000000
9407,5642,00000008,00108093,1,00000759
9408,5643,0000000c,00208463,0,00000000
9409,5644,00000010,fe000ce3,0,00000000
9412,5645,00000008,00108093,1,0000075a
9413,5646,0000000c,00208463,0,00000000
9414,5647,00000010,fe000ce3,0,00000000
9417,5648,00000008,00108093,1,0000075b
9418,5649,0000000c,00208463,0,00000000
9419,5650,00000010,fe000ce3,0,00000000
9422,5651,00000008,00108093,1,0000075c
9423,5652,0000000c,00208463,0,00000000
9424,5653,00000010,fe000ce3,0,00000000
9427,5654,00000008,00108093,1,0000075d
9428,5655,0000000c,00208463,0,00000000
9429,5656,00000010,fe000ce3,0,00000000
9432,5657,00000008,00108093,1,0000075e
9433,5658,0000000c,00208463,0,00000000
9434,5659,00000010,fe000ce3,0,00000000
9437,5660,00000008,00108093,1,0000075f
9438,5661,0000000c,00208463,0,00000000
9439,5662,00000010,fe000ce3,0,00000000
9442,5663,00000008,00108093,1,00000760
9443,5664,0000000c,00208463,0,00000000
9444,5665,00000010,fe000ce3,0,00000000
9447,5666,00000008,00108093,1,00000761
9448,5667,0000000c,00208463,0,00000000
9449,5668,00000010,fe000ce3,0,00000000
9452,5669,00000008,00108093,1,00000762
9453,5670,0000000c,00208463,0,00000000
9454,5671,00000010,fe000ce3,0,00000000
9457,5672,00000008,00108093,1,00000763
9458,5673,0000000c,00208463,0,00000000
9459,5674,00000010,fe000ce3,0,00000000
9462,5675,00000008,00108093,1,00000764
9463,5676,0000000c,00208463,0,00000000
9464,5677,00000010,fe000ce3,0,00000000
9467,5678,00000008,00108093,1,00000765
9468,5679,0000000c,00208463,0,00000000
9469,5680,00000010,fe000ce3,0,00000000
9472,5681,00000008,00108093,1,00000766
9473,5682,0000000c,00208463,0,00000000
9474,5683,00000010,fe000ce3,0,00000000
9477,5684,00000008,00108093,1,00000767
9478,5685,0000000c,00208463,0,00000000
9479,5686,00000010,fe000ce3,0,00000000
9482,5687,00000008,00108093,1,00000768
9483,5688,0000000c,00208463,0,00000000
9484,5689,00000010,fe000ce3,0,00000000
9487,5690,00000008,00108093,1,00000769
9488,5691,0000000c,00208463,0,00000000
9489,5692,00000010,fe000ce3,0,00000000
9492,5693,00000008,00108093,1,0000076a
9493,5694,0000000c,00208463,0,00000000
9494,5695,00000010,fe000ce3,0,00000000
9497,5696,00000008,00108093,1,0000076b
9498,5697,0000000c,00208463,0,00000000
9499,5698,00000010,fe000ce3,0,00000000
9502,5699,00000008,00108093,1,0000076c
9503,5700,0000000c,00208463,0,00000000
9504,5701,00000010,fe000ce3,0,00000000
9507,5702,00000008,00108093,1,0000076d
9508,5703,0000000c,00208463,0,00000000
9509,5704,00000010,fe000ce3,0,00000000
9512,5705,00000008,00108093,1,0000076e
9513,5706,0000000c,00208463,0,00000000
9514,5707,00000010,fe000ce3,0,00000000
9517,5708,00000008,00108093,1,0000076f
9518,5709,0000000c,00208463,0,00000000
9519,5710,00000010,fe000ce3,0,00000000
9522,5711,00000008,00108093,1,00000770
9523,5712,0000000c,00208463,0,00000000
9524,5713,00000010,fe000ce3,0,00000000
9527,5714,00000008,00108093,1,00000771
9528,5715,0000000c,00208463,0,00000000
9529,5716,00000010,fe000ce3,0,00000000
9532,5717,00000008,00108093,1,00000772
9533,5718,0000000c,00208463,0,00000000
9534,5719,00000010,fe000ce3,0,00000000
9537,5720,00000008,00108093,1,00000773
9538,5721,0000000c,00208463,0,00000000
9539,5722,00000010,fe000ce3,0,00000000
9542,5723,00000008,00108093,1,00000774
9543,5724,0000000c,00208463,0,00000000
9544,5725,00000010,fe000ce3,0,00000000
9547,5726,00000008,00108093,1,00000775
9548,5727,0000000c,00208463,0,00000000
9549,5728,00000010,fe000ce3,0,00000000
9552,5729,00000008,00108093,1,00000776
9553,5730,0000000c,00208463,0,00000000
9554,5731,00000010,fe000ce3,0,00000000
9557,5732,00000008,00108093,1,00000777
9558,5733,0000000c,00208463,0,00000000
9559,5734,00000010,fe000ce3,0,00000000
9562,5735,00000008,00108093,1,00000778
9563,5736,0000000c,00208463,0,00000000
9564,5737,00000010,fe000ce3,0,00000000
9567,5738,00000008,00108093,1,00000779
9568,5739,0000000c,00208463,0,00000000
9569,5740,00000010,fe000ce3,0,00000000
9572,5741,00000008,00108093,1,0000077a
9573,5742,0000000c,00208463,0,00000000
9574,5743,00000010,fe000ce3,0,00000000
9577,5744,00000008,00108093,1,0000077b
9578,5745,0000000c,00208463,0,00000000
9579,5746,00000010,fe000ce3,0,00000000
9582,5747,00000008,00108093,1,0000077c
9583,5748,0000000c,00208463,0,00000000
9584,5749,00000010,fe000ce3,0,00000000
9587,5750,00000008,00108093,1,0000077d
9588,5751,0000000c,00208463,0,00000000
9589,5752,00000010,fe000ce3,0,00000000
9592,5753,00000008,00108093,1,0000077e
9593,5754,0000000c,00208463,0,00000000
9594,5755,00000010,fe000ce3,0,00000000
9597,5756,00000008,00108093,1,0000077f
9598,5757,0000000c,00208463,0,00000000
9599,5758,00000010,fe000ce3,0,00000000
9602,5759,00000008,00108093,1,00000780
9603,5760,0000000c,00208463,0,00000000
9604,5761,00000010,fe000ce3,0,00000000
9607,5762,00000008,00108093,1,00000781
9608,5763,0000000c,00208463,0,00000000
9609,5764,00000010,fe000ce3,0,00000000
9612,5765,00000008,00108093,1,00000782
9613,5766,0000000c,00208463,0,00000000
9614,5767,00000010,fe000ce3,0,00000000
9617,5768,00000008,00108093,1,00000783
9618,5769,0000000c,00208463,0,00000000
9619,5770,00000010,fe000ce3,0,00000000
9622,5771,00000008,00108093,1,00000784
9623,5772,0000000c,00208463,0,00000000
9624,5773,00000010,fe000ce3,0,00000000
9627,5774,00000008,00108093,1,00000785
9628,5775,0000000c,00208463,0,00000000
9629,5776,00000010,fe000ce3,0,00000000
9632,5777,00000008,00108093,1,00000786
9633,5778,0000000c,00208463,0,00000000
9634,5779,00000010,fe000ce3,0,00000000
9637,5780,00000008,00108093,1,00000787
9638,5781,0000000c,00208463,0,00000000
9639,5782,00000010,fe000ce3,0,00000000
9642,5783,00000008,00108093,1,00000788
9643,5784,0000000c,00208463,0,00000000
9644,5785,00000010,fe000ce3,0,00000000
9647,5786,00000008,00108093,1,00000789
9648,5787,0000000c,00208463,0,00000000
9649,5788,00000010,fe000ce3,0,00000000
9652,5789,00000008,00108093,1,0000078a
9653,5790,0000000c,00208463,0,00000000
9654,5791,00000010,fe000ce3,0,00000000
9657,5792,00000008,00108093,1,0000078b
9658,5793,0000000c,00208463,0,00000000
9659,5794,00000010,fe000ce3,0,00000000
9662,5795,00000008,00108093,1,0000078c
9663,5796,0000000c,00208463,0,00000000
9664,5797,00000010,fe000ce3,0,00000000
9667,5798,00000008,00108093,1,0000078d
9668,5799,0000000c,00208463,0,00000000
9669,5800,00000010,fe000ce3,0,00000000
9672,5801,00000008,00108093,1,0000078e
9673,5802,0000000c,00208463,0,00000000
9674,5803,00000010,fe000ce3,0,00000000
9677,5804,00000008,00108093,1,0000078f
9678,5805,0000000c,00208463,0,00000000
9679,5806,00000010,fe000ce3,0,00000000
9682,5807,00000008,00108093,1,00000790
9683,5808,0000000c,00208463,0,00000000
9684,5809,00000010,fe000ce3,0,00000000
9687,5810,00000008,00108093,1,00000791
9688,5811,0000000c,00208463,0,00000000
9689,5812,00000010,fe000ce3,0,00000000
9692,5813,00000008,00108093,1,00000792
9693,5814,0000000c,00208463,0,00000000
9694,5815,00000010,fe000ce3,0,00000000
9697,5816,00000008,00108093,1,00000793
9698,5817,0000000c,00208463,0,00000000
9699,5818,00000010,fe000ce3,0,00000000
9702,5819,00000008,00108093,1,00000794
9703,5820,0000000c,00208463,0,00000000
9704,5821,00000010,fe000ce3,0,00000000
9707,5822,00000008,00108093,1,00000795
9708,5823,0000000c,00208463,0,00000000
9709,5824,00000010,fe000ce3,0,00000000
9712,5825,00000008,00108093,1,00000796
9713,5826,0000000c,00208463,0,00000000
9714,5827,00000010,fe000ce3,0,00000000
9717,5828,00000008,00108093,1,00000797
9718,5829,0000000c,00208463,0,00000000
9719,5830,00000010,fe000ce3,0,00000000
9722,5831,00000008,00108093,1,00000798
9723,5832,0000000c,00208463,0,00000000
9724,5833,00000010,fe000ce3,0,00000000
9727,5834,00000008,00108093,1,00000799
9728,5835,0000000c,00208463,0,00000000
9729,5836,00000010,fe000ce3,0,00000000
9732,5837,00000008,00108093,1,0000079a
9733,5838,0000000c,00208463,0,00000000
9734,5839,00000010,fe000ce3,0,00000000
9737,5840,00000008,00108093,1,0000079b
9738,5841,0000000c,00208463,0,00000000
9739,5842,00000010,fe000ce3,0,00000000
9742,5843,00000008,00108093,1,0000079c
9743,5844,0000000c,00208463,0,00000000
9744,5845,00000010,fe000ce3,0,00000000
9747,5846,00000008,00108093,1,0000079d
9748,5847,0000000c,00208463,0,00000000
9749,5848,00000010,fe000ce3,0,00000000
9752,5849,00000008,00108093,1,0000079e
9753,5850,0000000c,00208463,0,00000000
9754,5851,00000010,fe000ce3,0,00000000
9757,5852,00000008,00108093,1,0000079f
9758,5853,0000000c,00208463,0,00000000
9759,5854,00000010,fe000ce3,0,00000000
9762,5855,00000008,00108093,1,000007a0
9763,5856,0000000c,00208463,0,00000000
9764,5857,00000010,fe000ce3,0,00000000
9767,5858,00000008,00108093,1,000007a1
9768,5859,0000000c,00208463,0,00000000
9769,5860,00000010,fe000ce3,0,00000000
9772,5861,00000008,00108093,1,000007a2
9773,5862,0000000c,00208463,0,00000000
9774,5863,00000010,fe000ce3,0,00000000
9777,5864,00000008,00108093,1,000007a3
9778,5865,0000000c,00208463,0,00000000
9779,5866,00000010,fe000ce3,0,00000000
9782,5867,00000008,00108093,1,000007a4
9783,5868,0000000c,00208463,0,00000000
9784,5869,00000010,fe000ce3,0,00000000
9787,5870,00000008,00108093,1,000007a5
9788,5871,0000000c,00208463,0,00000000
9789,5872,00000010,fe000ce3,0,00000000
9792,5873,00000008,00108093,1,000007a6
9793,5874,0000000c,00208463,0,00000000
9794,5875,00000010,fe000ce3,0,00000000
9797,5876,00000008,00108093,1,000007a7
9798,5877,0000000c,00208463,0,00000000
9799,5878,00000010,fe000ce3,0,00000000
9802,5879,00000008,00108093,1,000007a8
9803,5880,0000000c,00208463,0,00000000
9804,5881,00000010,fe000ce3,0,00000000
9807,5882,00000008,00108093,1,000007a9
9808,5883,0000000c,00208463,0,00000000
9809,5884,00000010,fe000ce3,0,00000000
9812,5885,00000008,00108093,1,000007aa
9813,5886,0000000c,00208463,0,00000000
9814,5887,00000010,fe000ce3,0,00000000
9817,5888,00000008,00108093,1,000007ab
9818,5889,0000000c,00208463,0,00000000
9819,5890,00000010,fe000ce3,0,00000000
9822,5891,00000008,00108093,1,000007ac
9823,5892,0000000c,00208463,0,00000000
9824,5893,00000010,fe000ce3,0,00000000
9827,5894,00000008,00108093,1,000007ad
9828,5895,0000000c,00208463,0,00000000
9829,5896,00000010,fe000ce3,0,00000000
9832,5897,00000008,00108093,1,000007ae
9833,5898,0000000c,00208463,0,00000000
9834,5899,00000010,fe000ce3,0,00000000
9837,5900,00000008,00108093,1,000007af
9838,5901,0000000c,00208463,0,00000000
9839,5902,00000010,fe000ce3,0,00000000
9842,5903,00000008,00108093,1,000007b0
9843,5904,0000000c,00208463,0,00000000
9844,5905,00000010,fe000ce3,0,00000000
9847,5906,00000008,00108093,1,000007b1
9848,5907,0000000c,00208463,0,00000000
9849,5908,00000010,fe000ce3,0,00000000
9852,5909,00000008,00108093,1,000007b2
9853,5910,0000000c,00208463,0,00000000
9854,5911,00000010,fe000ce3,0,00000000
9857,5912,00000008,00108093,1,000007b3
9858,5913,0000000c,00208463,0,00000000
9859,5914,00000010,fe000ce3,0,00000000
9862,5915,00000008,00108093,1,000007b4
9863,5916,0000000c,00208463,0,00000000
9864,5917,00000010,fe000ce3,0,00000000
9867,5918,00000008,00108093,1,000007b5
9868,5919,0000000c,00208463,0,00000000
9869,5920,00000010,fe000ce3,0,00000000
9872,5921,00000008,00108093,1,000007b6
9873,5922,0000000c,00208463,0,00000000
9874,5923,00000010,fe000ce3,0,00000000
9877,5924,00000008,00108093,1,000007b7
9878,5925,0000000c,00208463,0,00000000
9879,5926,00000010,fe000ce3,0,00000000
9882,5927,00000008,00108093,1,000007b8
9883,5928,0000000c,00208463,0,00000000
9884,5929,00000010,fe000ce3,0,00000000
9887,5930,00000008,00108093,1,000007b9
9888,5931,0000000c,00208463,0,00000000
9889,5932,00000010,fe000ce3,0,00000000
9892,5933,00000008,00108093,1,000007ba
9893,5934,0000000c,00208463,0,00000000
9894,5935,00000010,fe000ce3,0,00000000
9897,5936,00000008,00108093,1,000007bb
9898,5937,0000000c,00208463,0,00000000
9899,5938,00000010,fe000ce3,0,00000000
9902,5939,00000008,00108093,1,000007bc
9903,5940,0000000c,00208463,0,00000000
9904,5941,00000010,fe000ce3,0,00000000
9907,5942,00000008,00108093,1,000007bd
9908,5943,0000000c,00208463,0,00000000
9909,5944,00000010,fe000ce3,0,00000000
9912,5945,00000008,00108093,1,000007be
9913,5946,0000000c,00208463,0,00000000
9914,5947,00000010,fe000ce3,0,00000000
9917,5948,00000008,00108093,1,000007bf
9918,5949,0000000c,00208463,0,00000000
9919,5950,00000010,fe000ce3,0,00000000
9922,5951,00000008,00108093,1,000007c0
9923,5952,0000000c,00208463,0,00000000
9924,5953,00000010,fe000ce3,0,00000000
9927,5954,00000008,00108093,1,000007c1
9928,5955,0000000c,00208463,0,00000000
9929,5956,00000010,fe000ce3,0,00000000
9932,5957,00000008,00108093,1,000007c2
9933,5958,0000000c,00208463,0,00000000
9934,5959,00000010,fe000ce3,0,00000000
9937,5960,00000008,00108093,1,000007c3
9938,5961,0000000c,00208463,0,00000000
9939,5962,00000010,fe000ce3,0,00000000
9942,5963,00000008,00108093,1,000007c4
9943,5964,0000000c,00208463,0,00000000
9944,5965,00000010,fe000ce3,0,00000000
9947,5966,00000008,00108093,1,000007c5
9948,5967,0000000c,00208463,0,00000000
9949,5968,00000010,fe000ce3,0,00000000
9952,5969,00000008,00108093,1,000007c6
9953,5970,0000000c,00208463,0,00000000
9954,5971,00000010,fe000ce3,0,00000000
9957,5972,00000008,00108093,1,000007c7
9958,5973,0000000c,00208463,0,00000000
9959,5974,00000010,fe000ce3,0,00000000
9962,5975,00000008,00108093,1,000007c8
9963,5976,0000000c,00208463,0,00000000
9964,5977,00000010,fe000ce3,0,00000000
9967,5978,00000008,00108093,1,000007c9
9968,5979,0000000c,00208463,0,00000000
9969,5980,00000010,fe000ce3,0,00000000
9972,5981,00000008,00108093,1,000007ca
9973,5982,0000000c,00208463,0,00000000
9974,5983,00000010,fe000ce3,0,00000000
9977,5984,00000008,00108093,1,000007cb
9978,5985,0000000c,00208463,0,00000000
9979,5986,00000010,fe000ce3,0,00000000
9982,5987,00000008,00108093,1,000007cc
9983,5988,0000000c,00208463,0,00000000
9984,5989,00000010,fe000ce3,0,00000000
9987,5990,00000008,00108093,1,000007cd
9988,5991,0000000c,00208463,0,00000000
9989,5992,00000010,fe000ce3,0,00000000
9992,5993,00000008,00108093,1,000007ce
9993,5994,0000000c,00208463,0,00000000
9994,5995,00000010,fe000ce3,0,00000000
9997,5996,00000008,00108093,1,000007cf
9998,5997,0000000c,00208463,0,00000000
9999,5998,00000010,fe000ce3,0,00000000
10002,5999,00000008,00108093,1,000007d0
10003,6000,0000000c,00208463,0,00000000
10006,6001,00000014,00000063,0,00000000
