cycle,index,pc,instruction,rd,value
1,0,00000000,00000093,1,00000000
2,1,00000004,7d000113,2,000007d0
3,2,00000008,00108093,1,00000001
4,3,0000000c,00208463,0,00000000
5,4,00000010,fe000ce3,0,00000000
6,5,00000008,00108093,1,00000002
7,6,0000000c,00208463,0,00000000
8,7,00000010,fe000ce3,0,00000000
9,8,00000008,00108093,1,00000003
10,9,0000000c,00208463,0,00000000
11,10,00000010,fe000ce3,0,00000000
12,11,00000008,00108093,1,00000004
13,12,0000000c,00208463,0,00000000
14,13,00000010,fe000ce3,0,00000000
15,14,00000008,00108093,1,00000005
16,15,0000000c,00208463,0,00000000
17,16,00000010,fe000ce3,0,00000000
18,17,00000008,00108093,1,00000006
19,18,0000000c,00208463,0,00000000
20,19,00000010,fe000ce3,0,00000000
21,20,00000008,00108093,1,00000007
22,21,0000000c,00208463,0,00000000
23,22,00000010,fe000ce3,0,00000000
24,23,00000008,00108093,1,00000008
25,24,0000000c,00208463,0,00000000
26,25,00000010,fe000ce3,0,00000000
27,26,00000008,00108093,1,00000009
28,27,0000000c,00208463,0,00000000
29,28,00000010,fe000ce3,0,00000000
30,29,00000008,00108093,1,0000000a
31,30,0000000c,00208463,0,00000000
32,31,00000010,fe000ce3,0,00000000
33,32,00000008,00108093,1,0000000b
34,33,0000000c,00208463,0,00000000
35,34,00000010,fe000ce3,0,00000000
36,35,00000008,00108093,1,0000000c
37,36,0000000c,00208463,0,00000000
38,37,00000010,fe000ce3,0,00000000
39,38,00000008,00108093,1,0000000d
40,39,0000000c,00208463,0,00000000
41,40,00000010,fe000ce3,0,00000000
42,41,00000008,00108093,1,0000000e
43,42,0000000c,00208463,0,00000000
44,43,00000010,fe000ce3,0,00000000
45,44,00000008,00108093,1,0000000f
46,45,0000000c,00208463,0,00000000
47,46,00000010,fe000ce3,0,00000000
48,47,00000008,00108093,1,00000010
49,48,0000000c,00208463,0,00000000
50,49,00000010,fe000ce3,0,00000000
51,50,00000008,00108093,1,00000011
52,51,0000000c,00208463,0,00000000
53,52,00000010,fe000ce3,0,00000000
54,53,00000008,00108093,1,00000012
55,54,0000000c,00208463,0,00000000
56,55,00000010,fe000ce3,0,00000000
57,56,00000008,00108093,1,00000013
58,57,0000000c,00208463,0,00000000
59,58,00000010,fe000ce3,0,00000000
60,59,00000008,00108093,1,00000014
61,60,0000000c,00208463,0,00000000
62,61,00000010,fe000ce3,0,00000000
63,62,00000008,00108093,1,00000015
64,63,0000000c,00208463,0,00000000
65,64,00000010,fe000ce3,0,00000000
66,65,00000008,00108093,1,00000016
67,66,0000000c,00208463,0,00000000
68,67,00000010,fe000ce3,0,00000000
69,68,00000008,00108093,1,00000017
70,69,0000000c,00208463,0,00000000
71,70,00000010,fe000ce3,0,00000000
72,71,00000008,00108093,1,00000018
73,72,0000000c,00208463,0,00000000
74,73,00000010,fe000ce3,0,00000000
75,74,00000008,00108093,1,00000019
76,75,0000000c,00208463,0,00000000
77,76,00000010,fe000ce3,0,00000000
78,77,00000008,00108093,1,0000001a
79,78,0000000c,00208463,0,00000000
80,79,00000010,fe000ce3,0,00000000
81,80,00000008,00108093,1,0000001b
82,81,0000000c,00208463,0,00000000
83,82,00000010,fe000ce3,0,00000000
84,83,00000008,00108093,1,0000001c
85,84,0000000c,00208463,0,00000000
86,85,00000010,fe000ce3,0,00000000
87,86,00000008,00108093,1,0000001d
88,87,0000000c,00208463,0,00000000
89,88,00000010,fe000ce3,0,00000000
90,89,00000008,00108093,1,0000001e
91,90,0000000c,00208463,0,00000000
92,91,00000010,fe000ce3,0,00000000
93,92,00000008,00108093,1,0000001f
94,93,0000000c,00208463,0,00000000
95,94,00000010,fe000ce3,0,00000000
96,95,00000008,00108093,1,00000020
97,96,0000000c,00208463,0,00000000
98,97,00000010,fe000ce3,0,00000000
99,98,00000008,00108093,1,00000021
100,99,0000000c,00208463,0,00000000
101,100,00000010,fe000ce3,0,00000000
102,101,00000008,00108093,1,00000022
103,102,0000000c,00208463,0,00000000
104,103,00000010,fe000ce3,0,00000000
105,104,00000008,00108093,1,00000023
106,105,0000000c,00208463,0,00000000
107,106,00000010,fe000ce3,0,00000000
108,107,00000008,00108093,1,00000024
109,108,0000000c,00208463,0,00000000
110,109,00000010,fe000ce3,0,00000000
111,110,00000008,00108093,1,00000025
112,111,0000000c,00208463,0,00000000
113,112,00000010,fe000ce3,0,00000000
114,113,00000008,00108093,1,00000026
115,114,0000000c,00208463,0,00000000
116,115,00000010,fe000ce3,0,00000000
117,116,00000008,00108093,1,00000027
118,117,0000000c,00208463,0,00000000
119,118,00000010,fe000ce3,0,00000000
120,119,00000008,00108093,1,00000028
121,120,0000000c,00208463,0,00000000
122,121,00000010,fe000ce3,0,00000000
123,122,00000008,00108093,1,00000029
124,123,0000000c,00208463,0,00000000
125,124,00000010,fe000ce3,0,00000000
126,125,00000008,00108093,1,0000002a
127,126,0000000c,00208463,0,00000000
128,127,00000010,fe000ce3,0,00000000
129,128,00000008,00108093,1,0000002b
130,129,0000000c,00208463,0,00000000
131,130,00000010,fe000ce3,0,00000000
132,131,00000008,00108093,1,0000002c
133,132,0000000c,00208463,0,00000000
134,133,00000010,fe000ce3,0,00000000
135,134,00000008,00108093,1,0000002d
136,135,0000000c,00208463,0,00000000
137,136,00000010,fe000ce3,0,00000000
138,137,00000008,00108093,1,0000002e
139,138,0000000c,00208463,0,00000000
140,139,00000010,fe000ce3,0,00000000
141,140,00000008,00108093,1,0000002f
142,141,0000000c,00208463,0,00000000
143,142,00000010,fe000ce3,0,00000000
144,143,00000008,00108093,1,00000030
145,144,0000000c,00208463,0,00000000
146,145,00000010,fe000ce3,0,00000000
147,146,00000008,00108093,1,00000031
148,147,0000000c,00208463,0,00000000
149,148,00000010,fe000ce3,0,00000000
150,149,00000008,00108093,1,00000032
151,150,0000000c,00208463,0,00000000
152,151,00000010,fe000ce3,0,00000000
153,152,00000008,00108093,1,00000033
154,153,0000000c,00208463,0,00000000
155,154,00000010,fe000ce3,0,00000000
156,155,00000008,00108093,1,00000034
157,156,0000000c,00208463,0,00000000
158,157,00000010,fe000ce3,0,00000000
159,158,00000008,00108093,1,00000035
160,159,0000000c,00208463,0,00000000
161,160,00000010,fe000ce3,0,00000000
162,161,00000008,00108093,1,00000036
163,162,0000000c,00208463,0,00000000
164,163,00000010,fe000ce3,0,00000000
165,164,00000008,00108093,1,00000037
166,165,0000000c,00208463,0,00000000
167,166,00000010,fe000ce3,0,00000000
168,167,00000008,00108093,1,00000038
169,168,0000000c,00208463,0,00000000
170,169,00000010,fe000ce3,0,00000000
171,170,00000008,00108093,1,00000039
172,171,0000000c,00208463,0,00000000
173,172,00000010,fe000ce3,0,00000000
174,173,00000008,00108093,1,0000003a
175,174,0000000c,00208463,0,00000000
176,175,00000010,fe000ce3,0,00000000
177,176,00000008,00108093,1,0000003b
178,177,0000000c,00208463,0,00000000
179,178,00000010,fe000ce3,0,00000000
180,179,00000008,00108093,1,0000003c
181,180,0000000c,00208463,0,00000000
182,181,00000010,fe000ce3,0,00000000
183,182,00000008,00108093,1,0000003d
184,183,0000000c,00208463,0,00000000
185,184,00000010,fe000ce3,0,00000000
186,185,00000008,00108093,1,0000003e
187,186,0000000c,00208463,0,00000000
188,187,00000010,fe000ce3,0,00000000
189,188,00000008,00108093,1,0000003f
190,189,0000000c,00208463,0,00000000
191,190,00000010,fe000ce3,0,00000000
192,191,00000008,00108093,1,00000040
193,192,0000000c,00208463,0,00000000
194,193,00000010,fe000ce3,0,00000000
195,194,00000008,00108093,1,00000041
196,195,0000000c,00208463,0,00000000
197,196,00000010,fe000ce3,0,00000000
198,197,00000008,00108093,1,00000042
199,198,0000000c,00208463,0,00000000
200,199,00000010,fe000ce3,0,00000000
201,200,00000008,00108093,1,00000043
202,201,0000000c,00208463,0,00000000
203,202,00000010,fe000ce3,0,00000000
204,203,00000008,00108093,1,00000044
205,204,0000000c,00208463,0,00000000
206,205,00000010,fe000ce3,0,00000000
207,206,00000008,00108093,1,00000045
208,207,0000000c,00208463,0,00000000
209,208,00000010,fe000ce3,0,00000000
210,209,00000008,00108093,1,00000046
211,210,0000000c,00208463,0,00000000
212,211,00000010,fe000ce3,0,00000000
213,212,00000008,00108093,1,00000047
214,213,0000000c,00208463,0,00000000
215,214,00000010,fe000ce3,0,00000000
216,215,00000008,00108093,1,00000048
217,216,0000000c,00208463,0,00000000
218,217,00000010,fe000ce3,0,00000000
219,218,00000008,00108093,1,00000049
220,219,0000000c,00208463,0,00000000
221,220,00000010,fe000ce3,0,00000000
222,221,00000008,00108093,1,0000004a
223,222,0000000c,00208463,0,00000000
224,223,00000010,fe000ce3,0,00000000
225,224,00000008,00108093,1,0000004b
226,225,0000000c,00208463,0,00000000
227,226,00000010,fe000ce3,0,00000000
228,227,00000008,00108093,1,0000004c
229,228,0000000c,00208463,0,00000000
230,229,00000010,fe000ce3,0,00000000
231,230,00000008,00108093,1,0000004d
232,231,0000000c,00208463,0,00000000
233,232,00000010,fe000ce3,0,00000000
234,233,00000008,00108093,1,0000004e
235,234,0000000c,00208463,0,00000000
236,235,00000010,fe000ce3,0,00000000
237,236,00000008,00108093,1,0000004f
238,237,0000000c,00208463,0,00000000
239,238,00000010,fe000ce3,0,00000000
240,239,00000008,00108093,1,00000050
241,240,0000000c,00208463,0,00000000
242,241,00000010,fe000ce3,0,00000000
243,242,00000008,00108093,1,00000051
244,243,0000000c,00208463,0,00000000
245,244,00000010,fe000ce3,0,00000000
246,245,00000008,00108093,1,00000052
247,246,0000000c,00208463,0,00000000
248,247,00000010,fe000ce3,0,00000000
249,248,00000008,00108093,1,00000053
250,249,0000000c,00208463,0,00000000
251,250,00000010,fe000ce3,0,00000000
252,251,00000008,00108093,1,00000054
253,252,0000000c,00208463,0,00000000
254,253,00000010,fe000ce3,0,00000000
255,254,00000008,00108093,1,00000055
256,255,0000000c,00208463,0,00000000
257,256,00000010,fe000ce3,0,00000000
258,257,00000008,00108093,1,00000056
259,258,0000000c,00208463,0,00000000
260,259,00000010,fe000ce3,0,00000000
261,260,00000008,00108093,1,00000057
262,261,0000000c,00208463,0,00000000
263,262,00000010,fe000ce3,0,00000000
264,263,00000008,00108093,1,00000058
265,264,0000000c,00208463,0,00000000
266,265,00000010,fe000ce3,0,00000000
267,266,00000008,00108093,1,00000059
268,267,0000000c,00208463,0,00000000
269,268,00000010,fe000ce3,0,00000000
270,269,00000008,00108093,1,0000005a
271,270,0000000c,00208463,0,00000000
272,271,00000010,fe000ce3,0,00000000
273,272,00000008,00108093,1,0000005b
274,273,0000000c,00208463,0,00000000
275,274,00000010,fe000ce3,0,00000000
276,275,00000008,00108093,1,0000005c
277,276,0000000c,00208463,0,00000000
278,277,00000010,fe000ce3,0,00000000
279,278,00000008,00108093,1,0000005d
280,279,0000000c,00208463,0,00000000
281,280,00000010,fe000ce3,0,00000000
282,281,00000008,00108093,1,0000005e
283,282,0000000c,00208463,0,00000000
284,283,00000010,fe000ce3,0,00000000
285,284,00000008,00108093,1,0000005f
286,285,0000000c,00208463,0,00000000
287,286,00000010,fe000ce3,0,00000000
288,287,00000008,00108093,1,00000060
289,288,0000000c,00208463,0,00000000
290,289,00000010,fe000ce3,0,00000000
291,290,00000008,00108093,1,00000061
292,291,0000000c,00208463,0,00000000
293,292,00000010,fe000ce3,0,00000000
294,293,00000008,00108093,1,00000062
295,294,0000000c,00208463,0,00000000
296,295,00000010,fe000ce3,0,00000000
297,296,00000008,00108093,1,00000063
298,297,0000000c,00208463,0,00000000
299,298,00000010,fe000ce3,0,00000000
300,299,00000008,00108093,1,00000064
301,300,0000000c,00208463,0,00000000
302,301,00000010,fe000ce3,0,00000000
303,302,00000008,00108093,1,00000065
304,303,0000000c,00208463,0,00000000
305,304,00000010,fe000ce3,0,00000000
306,305,00000008,00108093,1,00000066
307,306,0000000c,00208463,0,00000000
308,307,00000010,fe000ce3,0,00000000
309,308,00000008,00108093,1,00000067
310,309,0000000c,00208463,0,00000000
311,310,00000010,fe000ce3,0,00000000
312,311,00000008,00108093,1,00000068
313,312,0000000c,00208463,0,00000000
314,313,00000010,fe000ce3,0,00000000
315,314,00000008,00108093,1,00000069
316,315,0000000c,00208463,0,00000000
317,316,00000010,fe000ce3,0,00000000
318,317,00000008,00108093,1,0000006a
319,318,0000000c,00208463,0,00000000
320,319,00000010,fe000ce3,0,00000000
321,320,00000008,00108093,1,0000006b
322,321,0000000c,00208463,0,00000000
323,322,00000010,fe000ce3,0,00000000
324,323,00000008,00108093,1,0000006c
325,324,0000000c,00208463,0,00000000
326,325,00000010,fe000ce3,0,00000000
327,326,00000008,00108093,1,0000006d
328,327,0000000c,00208463,0,00000000
329,328,00000010,fe000ce3,0,00000000
330,329,00000008,00108093,1,0000006e
331,330,0000000c,00208463,0,00000000
332,331,00000010,fe000ce3,0,00000000
333,332,00000008,00108093,1,0000006f
334,333,0000000c,00208463,0,00000000
335,334,00000010,fe000ce3,0,00000000
336,335,00000008,00108093,1,00000070
337,336,0000000c,00208463,0,00000000
338,337,00000010,fe000ce3,0,00000000
339,338,00000008,00108093,1,00000071
340,339,0000000c,00208463,0,00000000
341,340,00000010,fe000ce3,0,00000000
342,341,00000008,00108093,1,00000072
343,342,0000000c,00208463,0,00000000
344,343,00000010,fe000ce3,0,00000000
345,344,00000008,00108093,1,00000073
346,345,0000000c,00208463,0,00000000
347,346,00000010,fe000ce3,0,00000000
348,347,00000008,00108093,1,00000074
349,348,0000000c,00208463,0,00000000
350,349,00000010,fe000ce3,0,00000000
351,350,00000008,00108093,1,00000075
352,351,0000000c,00208463,0,00000000
353,352,00000010,fe000ce3,0,00000000
354,353,00000008,00108093,1,00000076
355,354,0000000c,00208463,0,00000000
356,355,00000010,fe000ce3,0,00000000
357,356,00000008,00108093,1,00000077
358,357,0000000c,00208463,0,00000000
359,358,00000010,fe000ce3,0,00000000
360,359,00000008,00108093,1,00000078
361,360,0000000c,00208463,0,00000000
362,361,00000010,fe000ce3,0,00000000
363,362,00000008,00108093,1,00000079
364,363,0000000c,00208463,0,00000000
365,364,00000010,fe000ce3,0,00000000
366,365,00000008,00108093,1,0000007a
367,366,0000000c,00208463,0,00000000
368,367,00000010,fe000ce3,0,00000000
369,368,00000008,00108093,1,0000007b
370,369,0000000c,00208463,0,00000000
371,370,00000010,fe000ce3,0,00000000
372,371,00000008,00108093,1,0000007c
373,372,0000000c,00208463,0,00000000
374,373,00000010,fe000ce3,0,00000000
375,374,00000008,00108093,1,0000007d
376,375,0000000c,00208463,0,00000000
377,376,00000010,fe000ce3,0,00000000
378,377,00000008,00108093,1,0000007e
379,378,0000000c,00208463,0,00000000
380,379,00000010,fe000ce3,0,00000000
381,380,00000008,00108093,1,0000007f
382,381,0000000c,00208463,0,00000000
383,382,00000010,fe000ce3,0,00000000
384,383,00000008,00108093,1,00000080
385,384,0000000c,00208463,0,00000000
386,385,00000010,fe000ce3,0,00000000
387,386,00000008,00108093,1,00000081
388,387,0000000c,00208463,0,00000000
389,388,00000010,fe000ce3,0,00000000
390,389,00000008,00108093,1,00000082
391,390,0000000c,00208463,0,00000000
392,391,00000010,fe000ce3,0,00000000
393,392,00000008,00108093,1,00000083
394,393,0000000c,00208463,0,00000000
395,394,00000010,fe000ce3,0,00000000
396,395,00000008,00108093,1,00000084
397,396,0000000c,00208463,0,00000000
398,397,00000010,fe000ce3,0,00000000
399,398,00000008,00108093,1,00000085
400,399,0000000c,00208463,0,00000000
401,400,00000010,fe000ce3,0,00000000
402,401,00000008,00108093,1,00000086
403,402,0000000c,00208463,0,00000000
404,403,00000010,fe000ce3,0,00000000
405,404,00000008,00108093,1,00000087
406,405,0000000c,00208463,0,00000000
407,406,00000010,fe000ce3,0,00000000
408,407,00000008,00108093,1,00000088
409,408,0000000c,00208463,0,00000000
410,409,00000010,fe000ce3,0,00000000
411,410,00000008,00108093,1,00000089
412,411,0000000c,00208463,0,00000000
413,412,00000010,fe000ce3,0,00000000
414,413,00000008,00108093,1,0000008a
415,414,0000000c,00208463,0,00000000
416,415,00000010,fe000ce3,0,00000000
417,416,00000008,00108093,1,0000008b
418,417,0000000c,00208463,0,00000000
419,418,00000010,fe000ce3,0,00000000
420,419,00000008,00108093,1,0000008c
421,420,0000000c,00208463,0,00000000
422,421,00000010,fe000ce3,0,00000000
423,422,00000008,00108093,1,0000008d
424,423,0000000c,00208463,0,00000000
425,424,00000010,fe000ce3,0,00000000
426,425,00000008,00108093,1,0000008e
427,426,0000000c,00208463,0,00000000
428,427,00000010,fe000ce3,0,00000000
429,428,00000008,00108093,1,0000008f
430,429,0000000c,00208463,0,00000000
431,430,00000010,fe000ce3,0,00000000
432,431,00000008,00108093,1,00000090
433,432,0000000c,00208463,0,00000000
434,433,00000010,fe000ce3,0,00000000
435,434,00000008,00108093,1,00000091
436,435,0000000c,00208463,0,00000000
437,436,00000010,fe000ce3,0,00000000
438,437,00000008,00108093,1,00000092
439,438,0000000c,00208463,0,00000000
440,439,00000010,fe000ce3,0,00000000
441,440,00000008,00108093,1,00000093
442,441,0000000c,00208463,0,00000000
443,442,00000010,fe000ce3,0,00000000
444,443,00000008,00108093,1,00000094
445,444,0000000c,00208463,0,00000000
446,445,00000010,fe000ce3,0,00000000
447,446,00000008,00108093,1,00000095
448,447,0000000c,00208463,0,00000000
449,448,00000010,fe000ce3,0,00000000
450,449,00000008,00108093,1,00000096
451,450,0000000c,00208463,0,00000000
452,451,00000010,fe000ce3,0,00000000
453,452,00000008,00108093,1,00000097
454,453,0000000c,00208463,0,00000000
455,454,00000010,fe000ce3,0,00000000
456,455,00000008,00108093,1,00000098
457,456,0000000c,00208463,0,00000000
458,457,00000010,fe000ce3,0,00000000
459,458,00000008,00108093,1,00000099
460,459,0000000c,00208463,0,00000000
461,460,00000010,fe000ce3,0,00000000
462,461,00000008,00108093,1,0000009a
463,462,0000000c,00208463,0,00000000
464,463,00000010,fe000ce3,0,00000000
465,464,00000008,00108093,1,0000009b
466,465,0000000c,00208463,0,00000000
467,466,00000010,fe000ce3,0,00000000
468,467,00000008,00108093,1,0000009c
469,468,0000000c,00208463,0,00000000
470,469,00000010,fe000ce3,0,00000000
471,470,00000008,00108093,1,0000009d
472,471,0000000c,00208463,0,00000000
473,472,00000010,fe000ce3,0,00000000
474,473,00000008,00108093,1,0000009e
475,474,0000000c,00208463,0,00000000
476,475,00000010,fe000ce3,0,00000000
477,476,00000008,00108093,1,0000009f
478,477,0000000c,00208463,0,00000000
479,478,00000010,fe000ce3,0,00000000
480,479,00000008,00108093,1,000000a0
481,480,0000000c,00208463,0,00000000
482,481,00000010,fe000ce3,0,00000000
483,482,00000008,00108093,1,000000a1
484,483,0000000c,00208463,0,00000000
485,484,00000010,fe000ce3,0,00000000
486,485,00000008,00108093,1,000000a2
487,486,0000000c,00208463,0,00000000
488,487,00000010,fe000ce3,0,00000000
489,488,00000008,00108093,1,000000a3
490,489,0000000c,00208463,0,00000000
491,490,00000010,fe000ce3,0,00000000
492,491,00000008,00108093,1,000000a4
493,492,0000000c,00208463,0,00000000
494,493,00000010,fe000ce3,0,00000000
495,494,00000008,00108093,1,000000a5
496,495,0000000c,00208463,0,00000000
497,496,00000010,fe000ce3,0,00000000
498,497,00000008,00108093,1,000000a6
499,498,0000000c,00208463,0,00000000
500,499,00000010,fe000ce3,0,00000000
501,500,00000008,00108093,1,000000a7
502,501,0000000c,00208463,0,00000000
503,502,00000010,fe000ce3,0,00000000
504,503,00000008,00108093,1,000000a8
505,504,0000000c,00208463,0,00000000
506,505,00000010,fe000ce3,0,00000000
507,506,00000008,00108093,1,000000a9
508,507,0000000c,00208463,0,00000000
509,508,00000010,fe000ce3,0,00000000
510,509,00000008,00108093,1,000000aa
511,510,0000000c,00208463,0,00000000
512,511,00000010,fe000ce3,0,00000000
513,512,00000008,00108093,1,000000ab
514,513,0000000c,00208463,0,00000000
515,514,00000010,fe000ce3,0,00000000
516,515,00000008,00108093,1,000000ac
517,516,0000000c,00208463,0,00000000
518,517,00000010,fe000ce3,0,00000000
519,518,00000008,00108093,1,000000ad
520,519,0000000c,00208463,0,00000000
521,520,00000010,fe000ce3,0,00000000
522,521,00000008,00108093,1,000000ae
523,522,0000000c,00208463,0,00000000
524,523,00000010,fe000ce3,0,00000000
525,524,00000008,00108093,1,000000af
526,525,0000000c,00208463,0,00000000
527,526,00000010,fe000ce3,0,00000000
528,527,00000008,00108093,1,000000b0
529,528,0000000c,00208463,0,00000000
530,529,00000010,fe000ce3,0,00000000
531,530,00000008,00108093,1,000000b1
532,531,0000000c,00208463,0,00000000
533,532,00000010,fe000ce3,0,00000000
534,533,00000008,00108093,1,000000b2
535,534,0000000c,00208463,0,00000000
536,535,00000010,fe000ce3,0,00000000
537,536,00000008,00108093,1,000000b3
538,537,0000000c,00208463,0,00000000
539,538,00000010,fe000ce3,0,00000000
540,539,00000008,00108093,1,000000b4
541,540,0000000c,00208463,0,00000000
542,541,00000010,fe000ce3,0,00000000
543,542,00000008,00108093,1,000000b5
544,543,0000000c,00208463,0,00000000
545,544,00000010,fe000ce3,0,00000000
546,545,00000008,00108093,1,000000b6
547,546,0000000c,00208463,0,00000000
548,547,00000010,fe000ce3,0,00000000
549,548,00000008,00108093,1,000000b7
550,549,0000000c,00208463,0,00000000
551,550,00000010,fe000ce3,0,00000000
552,551,00000008,00108093,1,000000b8
553,552,0000000c,00208463,0,00000000
554,553,00000010,fe000ce3,0,00000000
555,554,00000008,00108093,1,000000b9
556,555,0000000c,00208463,0,00000000
557,556,00000010,fe000ce3,0,00000000
558,557,00000008,00108093,1,000000ba
559,558,0000000c,00208463,0,00000000
560,559,00000010,fe000ce3,0,00000000
561,560,00000008,00108093,1,000000bb
562,561,0000000c,00208463,0,00000000
563,562,00000010,fe000ce3,0,00000000
564,563,00000008,00108093,1,000000bc
565,564,0000000c,00208463,0,00000000
566,565,00000010,fe000ce3,0,00000000
567,566,00000008,00108093,1,000000bd
568,567,0000000c,00208463,0,00000000
569,568,00000010,fe000ce3,0,00000000
570,569,00000008,00108093,1,000000be
571,570,0000000c,00208463,0,00000000
572,571,00000010,fe000ce3,0,00000000
573,572,00000008,00108093,1,000000bf
574,573,0000000c,00208463,0,00000000
575,574,00000010,fe000ce3,0,00000000
576,575,00000008,00108093,1,000000c0
577,576,0000000c,00208463,0,00000000
578,577,00000010,fe000ce3,0,00000000
579,578,00000008,00108093,1,000000c1
580,579,0000000c,00208463,0,00000000
581,580,00000010,fe000ce3,0,00000000
582,581,00000008,00108093,1,000000c2
583,582,0000000c,00208463,0,00000000
584,583,00000010,fe000ce3,0,00000000
585,584,00000008,00108093,1,000000c3
586,585,0000000c,00208463,0,00000000
587,586,00000010,fe000ce3,0,00000000
588,587,00000008,00108093,1,000000c4
589,588,0000000c,00208463,0,00000000
590,589,00000010,fe000ce3,0,00000000
591,590,00000008,00108093,1,000000c5
592,591,0000000c,00208463,0,00000000
593,592,00000010,fe000ce3,0,00000000
594,593,00000008,00108093,1,000000c6
595,594,0000000c,00208463,0,00000000
596,595,00000010,fe000ce3,0,00000000
597,596,00000008,00108093,1,000000c7
598,597,0000000c,00208463,0,00000000
599,598,00000010,fe000ce3,0,00000000
600,599,00000008,00108093,1,000000c8
601,600,0000000c,00208463,0,00000000
602,601,00000010,fe000ce3,0,00000000
603,602,00000008,00108093,1,000000c9
604,603,0000000c,00208463,0,00000000
605,604,00000010,fe000ce3,0,00000000
606,605,00000008,00108093,1,000000ca
607,606,0000000c,00208463,0,00000000
608,607,00000010,fe000ce3,0,00000000
609,608,00000008,00108093,1,000000cb
610,609,0000000c,00208463,0,00000000
611,610,00000010,fe000ce3,0,00000000
612,611,00000008,00108093,1,000000cc
613,612,0000000c,00208463,0,00000000
614,613,00000010,fe000ce3,0,00000000
615,614,00000008,00108093,1,000000cd
616,615,0000000c,00208463,0,00000000
617,616,00000010,fe000ce3,0,00000000
618,617,00000008,00108093,1,000000ce
619,618,0000000c,00208463,0,00000000
620,619,00000010,fe000ce3,0,00000000
621,620,00000008,00108093,1,000000cf
622,621,0000000c,00208463,0,00000000
623,622,00000010,fe000ce3,0,00000000
624,623,00000008,00108093,1,000000d0
625,624,0000000c,00208463,0,00000000
626,625,00000010,fe000ce3,0,00000000
627,626,00000008,00108093,1,000000d1
628,627,0000000c,00208463,0,00000000
629,628,00000010,fe000ce3,0,00000000
630,629,00000008,00108093,1,000000d2
631,630,0000000c,00208463,0,00000000
632,631,00000010,fe000ce3,0,00000000
633,632,00000008,00108093,1,000000d3
634,633,0000000c,00208463,0,00000000
635,634,00000010,fe000ce3,0,00000000
636,635,00000008,00108093,1,000000d4
637,636,0000000c,00208463,0,00000000
638,637,00000010,fe000ce3,0,00000000
639,638,00000008,00108093,1,000000d5
640,639,0000000c,00208463,0,00000000
641,640,00000010,fe000ce3,0,00000000
642,641,00000008,00108093,1,000000d6
643,642,0000000c,00208463,0,00000000
644,643,00000010,fe000ce3,0,00000000
645,644,00000008,00108093,1,000000d7
646,645,0000000c,00208463,0,00000000
647,646,00000010,fe000ce3,0,00000000
648,647,00000008,00108093,1,000000d8
649,648,0000000c,00208463,0,00000000
650,649,00000010,fe000ce3,0,00000000
651,650,00000008,00108093,1,000000d9
652,651,0000000c,00208463,0,00000000
653,652,00000010,fe000ce3,0,00000000
654,653,00000008,00108093,1,000000da
655,654,0000000c,00208463,0,00000000
656,655,00000010,fe000ce3,0,00000000
657,656,00000008,00108093,1,000000db
658,657,0000000c,00208463,0,00000000
659,658,00000010,fe000ce3,0,00000000
660,659,00000008,00108093,1,000000dc
661,660,0000000c,00208463,0,00000000
662,661,00000010,fe000ce3,0,00000000
663,662,00000008,00108093,1,000000dd
664,663,0000000c,00208463,0,00000000
665,664,00000010,fe000ce3,0,00000000
666,665,00000008,00108093,1,000000de
667,666,0000000c,00208463,0,00000000
668,667,00000010,fe000ce3,0,00000000
669,668,00000008,00108093,1,000000df
670,669,0000000c,00208463,0,00000000
671,670,00000010,fe000ce3,0,00000000
672,671,00000008,00108093,1,000000e0
673,672,0000000c,00208463,0,00000000
674,673,00000010,fe000ce3,0,00000000
675,674,00000008,00108093,1,000000e1
676,675,0000000c,00208463,0,00000000
677,676,00000010,fe000ce3,0,00000000
678,677,00000008,00108093,1,000000e2
679,678,0000000c,00208463,0,00000000
680,679,00000010,fe000ce3,0,00000000
681,680,00000008,00108093,1,000000e3
682,681,0000000c,00208463,0,00000000
683,682,00000010,fe000ce3,0,00000000
684,683,00000008,00108093,1,000000e4
685,684,0000000c,00208463,0,00000000
686,685,00000010,fe000ce3,0,00000000
687,686,00000008,00108093,1,000000e5
688,687,0000000c,00208463,0,00000000
689,688,00000010,fe000ce3,0,00000000
690,689,00000008,00108093,1,000000e6
691,690,0000000c,00208463,0,00000000
692,691,00000010,fe000ce3,0,00000000
693,692,00000008,00108093,1,000000e7
694,693,0000000c,00208463,0,00000000
695,694,00000010,fe000ce3,0,00000000
696,695,00000008,00108093,1,000000e8
697,696,0000000c,00208463,0,00000000
698,697,00000010,fe000ce3,0,00000000
699,698,00000008,00108093,1,000000e9
700,699,0000000c,00208463,0,00000000
701,700,00000010,fe000ce3,0,00000000
702,701,00000008,00108093,1,000000ea
703,702,0000000c,00208463,0,00000000
704,703,00000010,fe000ce3,0,00000000
705,704,00000008,00108093,1,000000eb
706,705,0000000c,00208463,0,00000000
707,706,00000010,fe000ce3,0,00000000
708,707,00000008,00108093,1,000000ec
709,708,0000000c,00208463,0,00000000
710,709,00000010,fe000ce3,0,00000000
711,710,00000008,00108093,1,000000ed
712,711,0000000c,00208463,0,00000000
713,712,00000010,fe000ce3,0,00000000
714,713,00000008,00108093,1,000000ee
715,714,0000000c,00208463,0,00000000
716,715,00000010,fe000ce3,0,00000000
717,716,00000008,00108093,1,000000ef
718,717,0000000c,00208463,0,00000000
719,718,00000010,fe000ce3,0,00000000
720,719,00000008,00108093,1,000000f0
721,720,0000000c,00208463,0,00000000
722,721,00000010,fe000ce3,0,00000000
723,722,00000008,00108093,1,000000f1
724,723,0000000c,00208463,0,00000000
725,724,00000010,fe000ce3,0,00000000
726,725,00000008,00108093,1,000000f2
727,726,0000000c,00208463,0,00000000
728,727,00000010,fe000ce3,0,00000000
729,728,00000008,00108093,1,000000f3
730,729,0000000c,00208463,0,00000000
731,730,00000010,fe000ce3,0,00000000
732,731,00000008,00108093,1,000000f4
733,732,0000000c,00208463,0,00000000
734,733,00000010,fe000ce3,0,00000000
735,734,00000008,00108093,1,000000f5
736,735,0000000c,00208463,0,00000000
737,736,00000010,fe000ce3,0,00000000
738,737,00000008,00108093,1,000000f6
739,738,0000000c,00208463,0,00000000
740,739,00000010,fe000ce3,0,00000000
741,740,00000008,00108093,1,000000f7
742,741,0000000c,00208463,0,00000000
743,742,00000010,fe000ce3,0,00000000
744,743,00000008,00108093,1,000000f8
745,744,0000000c,00208463,0,00000000
746,745,00000010,fe000ce3,0,00000000
747,746,00000008,00108093,1,000000f9
748,747,0000000c,00208463,0,00000000
749,748,00000010,fe000ce3,0,00000000
750,749,00000008,00108093,1,000000fa
751,750,0000000c,00208463,0,00000000
752,751,00000010,fe000ce3,0,00000000
753,752,00000008,00108093,1,000000fb
754,753,0000000c,00208463,0,00000000
755,754,00000010,fe000ce3,0,00000000
756,755,00000008,00108093,1,000000fc
757,756,0000000c,00208463,0,00000000
758,757,00000010,fe000ce3,0,00000000
759,758,00000008,00108093,1,000000fd
760,759,0000000c,00208463,0,00000000
761,760,00000010,fe000ce3,0,00000000
762,761,00000008,00108093,1,000000fe
763,762,0000000c,00208463,0,00000000
764,763,00000010,fe000ce3,0,00000000
765,764,00000008,00108093,1,000000ff
766,765,0000000c,00208463,0,00000000
767,766,00000010,fe000ce3,0,00000000
768,767,00000008,00108093,1,00000100
769,768,0000000c,00208463,0,00000000
770,769,00000010,fe000ce3,0,00000000
771,770,00000008,00108093,1,00000101
772,771,0000000c,00208463,0,00000000
773,772,00000010,fe000ce3,0,00000000
774,773,00000008,00108093,1,00000102
775,774,0000000c,00208463,0,00000000
776,775,00000010,fe000ce3,0,00000000
777,776,00000008,00108093,1,00000103
778,777,0000000c,00208463,0,00000000
779,778,00000010,fe000ce3,0,00000000
780,779,00000008,00108093,1,00000104
781,780,0000000c,00208463,0,00000000
782,781,00000010,fe000ce3,0,00000000
783,782,00000008,00108093,1,00000105
784,783,0000000c,00208463,0,00000000
785,784,00000010,fe000ce3,0,00000000
786,785,00000008,00108093,1,00000106
787,786,0000000c,00208463,0,00000000
788,787,00000010,fe000ce3,0,00000000
789,788,00000008,00108093,1,00000107
790,789,0000000c,00208463,0,00000000
791,790,00000010,fe000ce3,0,00000000
792,791,00000008,00108093,1,00000108
793,792,0000000c,00208463,0,00000000
794,793,00000010,fe000ce3,0,00000000
795,794,00000008,00108093,1,00000109
796,795,0000000c,00208463,0,00000000
797,796,00000010,fe000ce3,0,00000000
798,797,00000008,00108093,1,0000010a
799,798,0000000c,00208463,0,00000000
800,799,00000010,fe000ce3,0,00000000
801,800,00000008,00108093,1,0000010b
802,801,0000000c,00208463,0,00000000
803,802,00000010,fe000ce3,0,00000000
804,803,00000008,00108093,1,0000010c
805,804,0000000c,00208463,0,00000000
806,805,00000010,fe000ce3,0,00000000
807,806,00000008,00108093,1,0000010d
808,807,0000000c,00208463,0,00000000
809,808,00000010,fe000ce3,0,00000000
810,809,00000008,00108093,1,0000010e
811,810,0000000c,00208463,0,00000000
812,811,00000010,fe000ce3,0,00000000
813,812,00000008,00108093,1,0000010f
814,813,0000000c,00208463,0,00000000
815,814,00000010,fe000ce3,0,00000000
816,815,00000008,00108093,1,00000110
817,816,0000000c,00208463,0,00000000
818,817,00000010,fe000ce3,0,00000000
819,818,00000008,00108093,1,00000111
820,819,0000000c,00208463,0,00000000
821,820,00000010,fe000ce3,0,00000000
822,821,00000008,00108093,1,00000112
823,822,0000000c,00208463,0,00000000
824,823,00000010,fe000ce3,0,00000000
825,824,00000008,00108093,1,00000113
826,825,0000000c,00208463,0,00000000
827,826,00000010,fe000ce3,0,00000000
828,827,00000008,00108093,1,00000114
829,828,0000000c,00208463,0,00000000
830,829,00000010,fe000ce3,0,00000000
831,830,00000008,00108093,1,00000115
832,831,0000000c,00208463,0,00000000
833,832,00000010,fe000ce3,0,00000000
834,833,00000008,00108093,1,00000116
835,834,0000000c,00208463,0,00000000
836,835,00000010,fe000ce3,0,00000000
837,836,00000008,00108093,1,00000117
838,837,0000000c,00208463,0,00000000
839,838,00000010,fe000ce3,0,00000000
840,839,00000008,00108093,1,00000118
841,840,0000000c,00208463,0,00000000
842,841,00000010,fe000ce3,0,00000000
843,842,00000008,00108093,1,00000119
844,843,0000000c,00208463,0,00000000
845,844,00000010,fe000ce3,0,00000000
846,845,00000008,00108093,1,0000011a
847,846,0000000c,00208463,0,00000000
848,847,00000010,fe000ce3,0,00000000
849,848,00000008,00108093,1,0000011b
850,849,0000000c,00208463,0,00000000
851,850,00000010,fe000ce3,0,00000000
852,851,00000008,00108093,1,0000011c
853,852,0000000c,00208463,0,00000000
854,853,00000010,fe000ce3,0,00000000
855,854,00000008,00108093,1,0000011d
856,855,0000000c,00208463,0,00000000
857,856,00000010,fe000ce3,0,00000000
858,857,00000008,00108093,1,0000011e
859,858,0000000c,00208463,0,00000000
860,859,00000010,fe000ce3,0,00000000
861,860,00000008,00108093,1,0000011f
862,861,0000000c,00208463,0,00000000
863,862,00000010,fe000ce3,0,00000000
864,863,00000008,00108093,1,00000120
865,864,0000000c,00208463,0,00000000
866,865,00000010,fe000ce3,0,00000000
867,866,00000008,00108093,1,00000121
868,867,0000000c,00208463,0,00000000
869,868,00000010,fe000ce3,0,00000000
870,869,00000008,00108093,1,00000122
871,870,0000000c,00208463,0,00000000
872,871,00000010,fe000ce3,0,00000000
873,872,00000008,00108093,1,00000123
874,873,0000000c,00208463,0,00000000
875,874,00000010,fe000ce3,0,00000000
876,875,00000008,00108093,1,00000124
877,876,0000000c,00208463,0,00000000
878,877,00000010,fe000ce3,0,00000000
879,878,00000008,00108093,1,00000125
880,879,0000000c,00208463,0,00000000
881,880,00000010,fe000ce3,0,00000000
882,881,00000008,00108093,1,00000126
883,882,0000000c,00208463,0,00000000
884,883,00000010,fe000ce3,0,00000000
885,884,00000008,00108093,1,00000127
886,885,0000000c,00208463,0,00000000
887,886,00000010,fe000ce3,0,00000000
888,887,00000008,00108093,1,00000128
889,888,0000000c,00208463,0,00000000
890,889,00000010,fe000ce3,0,00000000
891,890,00000008,00108093,1,00000129
892,891,0000000c,00208463,0,00000000
893,892,00000010,fe000ce3,0,00000000
894,893,00000008,00108093,1,0000012a
895,894,0000000c,00208463,0,00000000
896,895,00000010,fe000ce3,0,00000000
897,896,00000008,00108093,1,0000012b
898,897,0000000c,00208463,0,00000000
899,898,00000010,fe000ce3,0,00000000
900,899,00000008,00108093,1,0000012c
901,900,0000000c,00208463,0,00000000
902,901,00000010,fe000ce3,0,00000000
903,902,00000008,00108093,1,0000012d
904,903,0000000c,00208463,0,00000000
905,904,00000010,fe000ce3,0,00000000
906,905,00000008,00108093,1,0000012e
907,906,0000000c,00208463,0,00000000
908,907,00000010,fe000ce3,0,00000000
909,908,00000008,00108093,1,0000012f
910,909,0000000c,00208463,0,00000000
911,910,00000010,fe000ce3,0,00000000
912,911,00000008,00108093,1,00000130
913,912,0000000c,00208463,0,00000000
914,913,00000010,fe000ce3,0,00000000
915,914,00000008,00108093,1,00000131
916,915,0000000c,00208463,0,00000000
917,916,00000010,fe000ce3,0,00000000
918,917,00000008,00108093,1,00000132
919,918,0000000c,00208463,0,00000000
920,919,00000010,fe000ce3,0,00000000
921,920,00000008,00108093,1,00000133
922,921,0000000c,00208463,0,00000000
923,922,00000010,fe000ce3,0,00000000
924,923,00000008,00108093,1,00000134
925,924,0000000c,00208463,0,00000000
926,925,00000010,fe000ce3,0,00000000
927,926,00000008,00108093,1,00000135
928,927,0000000c,00208463,0,00000000
929,928,00000010,fe000ce3,0,00000000
930,929,00000008,00108093,1,00000136
931,930,0000000c,00208463,0,00000000
932,931,00000010,fe000ce3,0,00000000
933,932,00000008,00108093,1,00000137
934,933,0000000c,00208463,0,00000000
935,934,00000010,fe000ce3,0,00000000
936,935,00000008,00108093,1,00000138
937,936,0000000c,00208463,0,00000000
938,937,00000010,fe000ce3,0,00000000
939,938,00000008,00108093,1,00000139
940,939,0000000c,00208463,0,00000000
941,940,00000010,fe000ce3,0,00000000
942,941,00000008,00108093,1,0000013a
943,942,0000000c,00208463,0,00000000
944,943,00000010,fe000ce3,0,00000000
945,944,00000008,00108093,1,0000013b
946,945,0000000c,00208463,0,00000000
947,946,00000010,fe000ce3,0,00000000
948,947,00000008,00108093,1,0000013c
949,948,0000000c,00208463,0,00000000
950,949,00000010,fe000ce3,0,00000000
951,950,00000008,00108093,1,0000013d
952,951,0000000c,00208463,0,00000000
953,952,00000010,fe000ce3,0,00000000
954,953,00000008,00108093,1,0000013e
955,954,0000000c,00208463,0,00000000
956,955,00000010,fe000ce3,0,00000000
957,956,00000008,00108093,1,0000013f
958,957,0000000c,00208463,0,00000000
959,958,00000010,fe000ce3,0,00000000
960,959,00000008,00108093,1,00000140
961,960,0000000c,00208463,0,00000000
962,961,00000010,fe000ce3,0,00000000
963,962,00000008,00108093,1,00000141
964,963,0000000c,00208463,0,00000000
965,964,00000010,fe000ce3,0,00000000
966,965,00000008,00108093,1,00000142
967,966,0000000c,00208463,0,00000000
968,967,00000010,fe000ce3,0,00000000
969,968,00000008,00108093,1,00000143
970,969,0000000c,00208463,0,00000000
971,970,00000010,fe000ce3,0,00000000
972,971,00000008,00108093,1,00000144
973,972,0000000c,00208463,0,00000000
974,973,00000010,fe000ce3,0,00000000
975,974,00000008,00108093,1,00000145
976,975,0000000c,00208463,0,00000000
977,976,00000010,fe000ce3,0,00000000
978,977,00000008,00108093,1,00000146
979,978,0000000c,00208463,0,00000000
980,979,00000010,fe000ce3,0,00000000
981,980,00000008,00108093,1,00000147
982,981,0000000c,00208463,0,00000000
983,982,00000010,fe000ce3,0,00000000
984,983,00000008,00108093,1,00000148
985,984,0000000c,00208463,0,00000000
986,985,00000010,fe000ce3,0,00000000
987,986,00000008,00108093,1,00000149
988,987,0000000c,00208463,0,00000000
989,988,00000010,fe000ce3,0,00000000
990,989,00000008,00108093,1,0000014a
991,990,0000000c,00208463,0,00000000
992,991,00000010,fe000ce3,0,00000000
993,992,00000008,00108093,1,0000014b
994,993,0000000c,00208463,0,00000000
995,994,00000010,fe000ce3,0,00000000
996,995,00000008,00108093,1,0000014c
997,996,0000000c,00208463,0,00000000
998,997,00000010,fe000ce3,0,00000000
999,998,00000008,00108093,1,0000014d
1000,999,0000000c,00208463,0,00000000
1001,1000,00000010,fe000ce3,0,00000000
1002,1001,00000008,00108093,1,0000014e
1003,1002,0000000c,00208463,0,00000000
1004,1003,00000010,fe000ce3,0,00000000
1005,1004,00000008,00108093,1,0000014f
1006,1005,0000000c,00208463,0,00000000
1007,1006,00000010,fe000ce3,0,00000000
1008,1007,00000008,00108093,1,00000150
1009,1008,0000000c,00208463,0,00000000
1010,1009,00000010,fe000ce3,0,00000000
1011,1010,00000008,00108093,1,00000151
1012,1011,0000000c,00208463,0,00000000
1013,1012,00000010,fe000ce3,0,00000000
1014,1013,00000008,00108093,1,00000152
1015,1014,0000000c,00208463,0,00000000
1016,1015,00000010,fe000ce3,0,00000000
1017,1016,00000008,00108093,1,00000153
1018,1017,0000000c,00208463,0,00000000
1019,1018,00000010,fe000ce3,0,00000000
1020,1019,00000008,00108093,1,00000154
1021,1020,0000000c,00208463,0,00000000
1022,1021,00000010,fe000ce3,0,00000000
1023,1022,00000008,00108093,1,00000155
1024,1023,0000000c,00208463,0,00000000
1025,1024,00000010,fe000ce3,0,00000000
1026,1025,00000008,00108093,1,00000156
1027,1026,0000000c,00208463,0,00000000
1028,1027,00000010,fe000ce3,0,00000000
1029,1028,00000008,00108093,1,00000157
1030,1029,0000000c,00208463,0,00000000
1031,1030,00000010,fe000ce3,0,00000000
1032,1031,00000008,00108093,1,00000158
1033,1032,0000000c,00208463,0,00000000
1034,1033,00000010,fe000ce3,0,00000000
1035,1034,00000008,00108093,1,00000159
1036,1035,0000000c,00208463,0,00000000
1037,1036,00000010,fe000ce3,0,00000000
1038,1037,00000008,00108093,1,0000015a
1039,1038,0000000c,00208463,0,00000000
1040,1039,00000010,fe000ce3,0,00000000
1041,1040,00000008,00108093,1,0000015b
1042,1041,0000000c,00208463,0,00000000
1043,1042,00000010,fe000ce3,0,00000000
1044,1043,00000008,00108093,1,0000015c
1045,1044,0000000c,00208463,0,00000000
1046,1045,00000010,fe000ce3,0,00000000
1047,1046,00000008,00108093,1,0000015d
1048,1047,0000000c,00208463,0,00000000
1049,1048,00000010,fe000ce3,0,00000000
1050,1049,00000008,00108093,1,0000015e
1051,1050,0000000c,00208463,0,00000000
1052,1051,00000010,fe000ce3,0,00000000
1053,1052,00000008,00108093,1,0000015f
1054,1053,0000000c,00208463,0,00000000
1055,1054,00000010,fe000ce3,0,00000000
1056,1055,00000008,00108093,1,00000160
1057,1056,0000000c,00208463,0,00000000
1058,1057,00000010,fe000ce3,0,00000000
1059,1058,00000008,00108093,1,00000161
1060,1059,0000000c,00208463,0,00000000
1061,1060,00000010,fe000ce3,0,00000000
1062,1061,00000008,00108093,1,00000162
1063,1062,0000000c,00208463,0,00000000
1064,1063,00000010,fe000ce3,0,00000000
1065,1064,00000008,00108093,1,00000163
1066,1065,0000000c,00208463,0,00000000
1067,1066,00000010,fe000ce3,0,00000000
1068,1067,00000008,00108093,1,00000164
1069,1068,0000000c,00208463,0,00000000
1070,1069,00000010,fe000ce3,0,00000000
1071,1070,00000008,00108093,1,00000165
1072,1071,0000000c,00208463,0,00000000
1073,1072,00000010,fe000ce3,0,00000000
1074,1073,00000008,00108093,1,00000166
1075,1074,0000000c,00208463,0,00000000
1076,1075,00000010,fe000ce3,0,00000000
1077,1076,00000008,00108093,1,00000167
1078,1077,0000000c,00208463,0,00000000
1079,1078,00000010,fe000ce3,0,00000000
1080,1079,00000008,00108093,1,00000168
1081,1080,0000000c,00208463,0,00000000
1082,1081,00000010,fe000ce3,0,00000000
1083,1082,00000008,00108093,1,00000169
1084,1083,0000000c,00208463,0,00000000
1085,1084,00000010,fe000ce3,0,00000000
1086,1085,00000008,00108093,1,0000016a
1087,1086,0000000c,00208463,0,00000000
1088,1087,00000010,fe000ce3,0,00000000
1089,1088,00000008,00108093,1,0000016b
1090,1089,0000000c,00208463,0,00000000
1091,1090,00000010,fe000ce3,0,00000000
1092,1091,00000008,00108093,1,0000016c
1093,1092,0000000c,00208463,0,00000000
1094,1093,00000010,fe000ce3,0,00000000
1095,1094,00000008,00108093,1,0000016d
1096,1095,0000000c,00208463,0,00000000
1097,1096,00000010,fe000ce3,0,00000000
1098,1097,00000008,00108093,1,0000016e
1099,1098,0000000c,00208463,0,00000000
1100,1099,00000010,fe000ce3,0,00000000
1101,1100,00000008,00108093,1,0000016f
1102,1101,0000000c,00208463,0,00000000
1103,1102,00000010,fe000ce3,0,00000000
1104,1103,00000008,00108093,1,00000170
1105,1104,0000000c,00208463,0,00000000
1106,1105,00000010,fe000ce3,0,00000000
1107,1106,00000008,00108093,1,00000171
1108,1107,0000000c,00208463,0,00000000
1109,1108,00000010,fe000ce3,0,00000000
1110,1109,00000008,00108093,1,00000172
1111,1110,0000000c,00208463,0,00000000
1112,1111,00000010,fe000ce3,0,00000000
1113,1112,00000008,00108093,1,00000173
1114,1113,0000000c,00208463,0,00000000
1115,1114,00000010,fe000ce3,0,00000000
1116,1115,00000008,00108093,1,00000174
1117,1116,0000000c,00208463,0,00000000
1118,1117,00000010,fe000ce3,0,00000000
1119,1118,00000008,00108093,1,00000175
1120,1119,0000000c,00208463,0,00000000
1121,1120,00000010,fe000ce3,0,00000000
1122,1121,00000008,00108093,1,00000176
1123,1122,0000000c,00208463,0,00000000
1124,1123,00000010,fe000ce3,0,00000000
1125,1124,00000008,00108093,1,00000177
1126,1125,0000000c,00208463,0,00000000
1127,1126,00000010,fe000ce3,0,00000000
1128,1127,00000008,00108093,1,00000178
1129,1128,0000000c,00208463,0,00000000
1130,1129,00000010,fe000ce3,0,00000000
1131,1130,00000008,00108093,1,00000179
1132,1131,0000000c,00208463,0,00000000
1133,1132,00000010,fe000ce3,0,00000000
1134,1133,00000008,00108093,1,0000017a
1135,1134,0000000c,00208463,0,00000000
1136,1135,00000010,fe000ce3,0,00000000
1137,1136,00000008,00108093,1,0000017b
1138,1137,0000000c,00208463,0,00000000
1139,1138,00000010,fe000ce3,0,00000000
1140,1139,00000008,00108093,1,0000017c
1141,1140,0000000c,00208463,0,00000000
1142,1141,00000010,fe000ce3,0,00000000
1143,1142,00000008,00108093,1,0000017d
1144,1143,0000000c,00208463,0,00000000
1145,1144,00000010,fe000ce3,0,00000000
1146,1145,00000008,00108093,1,0000017e
1147,1146,0000000c,00208463,0,00000000
1148,1147,00000010,fe000ce3,0,00000000
1149,1148,00000008,00108093,1,0000017f
1150,1149,0000000c,00208463,0,00000000
1151,1150,00000010,fe000ce3,0,00000000
1152,1151,00000008,00108093,1,00000180
1153,1152,0000000c,00208463,0,00000000
1154,1153,00000010,fe000ce3,0,00000000
1155,1154,00000008,00108093,1,00000181
1156,1155,0000000c,00208463,0,00000000
1157,1156,00000010,fe000ce3,0,00000000
1158,1157,00000008,00108093,1,00000182
1159,1158,0000000c,00208463,0,00000000
1160,1159,00000010,fe000ce3,0,00000000
1161,1160,00000008,00108093,1,00000183
1162,1161,0000000c,00208463,0,00000000
1163,1162,00000010,fe000ce3,0,00000000
1164,1163,00000008,00108093,1,00000184
1165,1164,0000000c,00208463,0,00000000
1166,1165,00000010,fe000ce3,0,00000000
1167,1166,00000008,00108093,1,00000185
1168,1167,0000000c,00208463,0,00000000
1169,1168,00000010,fe000ce3,0,00000000
1170,1169,00000008,00108093,1,00000186
1171,1170,0000000c,00208463,0,00000000
1172,1171,00000010,fe000ce3,0,00000000
1173,1172,00000008,00108093,1,00000187
1174,1173,0000000c,00208463,0,00000000
1175,1174,00000010,fe000ce3,0,00000000
1176,1175,00000008,00108093,1,00000188
1177,1176,0000000c,00208463,0,00000000
1178,1177,00000010,fe000ce3,0,00000000
1179,1178,00000008,00108093,1,00000189
1180,1179,0000000c,00208463,0,00000000
1181,1180,00000010,fe000ce3,0,00000000
1182,1181,00000008,00108093,1,0000018a
1183,1182,0000000c,00208463,0,00000000
1184,1183,00000010,fe000ce3,0,00000000
1185,1184,00000008,00108093,1,0000018b
1186,1185,0000000c,00208463,0,00000000
1187,1186,00000010,fe000ce3,0,00000000
1188,1187,00000008,00108093,1,0000018c
1189,1188,0000000c,00208463,0,00000000
1190,1189,00000010,fe000ce3,0,00000000
1191,1190,00000008,00108093,1,0000018d
1192,1191,0000000c,00208463,0,00000000
1193,1192,00000010,fe000ce3,0,00000000
1194,1193,00000008,00108093,1,0000018e
1195,1194,0000000c,00208463,0,00000000
1196,1195,00000010,fe000ce3,0,00000000
1197,1196,00000008,00108093,1,0000018f
1198,1197,0000000c,00208463,0,00000000
1199,1198,00000010,fe000ce3,0,00000000
1200,1199,00000008,00108093,1,00000190
1201,1200,0000000c,00208463,0,00000000
1202,1201,00000010,fe000ce3,0,00000000
1203,1202,00000008,00108093,1,00000191
1204,1203,0000000c,00208463,0,00000000
1205,1204,00000010,fe000ce3,0,00000000
1206,1205,00000008,00108093,1,00000192
1207,1206,0000000c,00208463,0,00000000
1208,1207,00000010,fe000ce3,0,00000000
1209,1208,00000008,00108093,1,00000193
1210,1209,0000000c,00208463,0,00000000
1211,1210,00000010,fe000ce3,0,00000000
1212,1211,00000008,00108093,1,00000194
1213,1212,0000000c,00208463,0,00000000
1214,1213,00000010,fe000ce3,0,00000000
1215,1214,00000008,00108093,1,00000195
1216,1215,0000000c,00208463,0,00000000
1217,1216,00000010,fe000ce3,0,00000000
1218,1217,00000008,00108093,1,00000196
1219,1218,0000000c,00208463,0,00000000
1220,1219,00000010,fe000ce3,0,00000000
1221,1220,00000008,00108093,1,00000197
1222,1221,0000000c,00208463,0,00000000
1223,1222,00000010,fe000ce3,0,00000000
1224,1223,00000008,00108093,1,00000198
1225,1224,0000000c,00208463,0,00000000
1226,1225,00000010,fe000ce3,0,00000000
1227,1226,00000008,00108093,1,00000199
1228,1227,0000000c,00208463,0,00000000
1229,1228,00000010,fe000ce3,0,00000000
1230,1229,00000008,00108093,1,0000019a
1231,1230,0000000c,00208463,0,00000000
1232,1231,00000010,fe000ce3,0,00000000
1233,1232,00000008,00108093,1,0000019b
1234,1233,0000000c,00208463,0,00000000
1235,1234,00000010,fe000ce3,0,00000000
1236,1235,00000008,00108093,1,0000019c
1237,1236,0000000c,00208463,0,00000000
1238,1237,00000010,fe000ce3,0,00000000
1239,1238,00000008,00108093,1,0000019d
1240,1239,0000000c,00208463,0,00000000
1241,1240,00000010,fe000ce3,0,00000000
1242,1241,00000008,00108093,1,0000019e
1243,1242,0000000c,00208463,0,00000000
1244,1243,00000010,fe000ce3,0,00000000
1245,1244,00000008,00108093,1,0000019f
1246,1245,0000000c,00208463,0,00000000
1247,1246,00000010,fe000ce3,0,00000000
1248,1247,00000008,00108093,1,000001a0
1249,1248,0000000c,00208463,0,00000000
1250,1249,00000010,fe000ce3,0,00000000
1251,1250,00000008,00108093,1,000001a1
1252,1251,0000000c,00208463,0,00000000
1253,1252,00000010,fe000ce3,0,00000000
1254,1253,00000008,00108093,1,000001a2
1255,1254,0000000c,00208463,0,00000000
1256,1255,00000010,fe000ce3,0,00000000
1257,1256,00000008,00108093,1,000001a3
1258,1257,0000000c,00208463,0,00000000
1259,1258,00000010,fe000ce3,0,00000000
1260,1259,00000008,00108093,1,000001a4
1261,1260,0000000c,00208463,0,00000000
1262,1261,00000010,fe000ce3,0,00000000
1263,1262,00000008,00108093,1,000001a5
1264,1263,0000000c,00208463,0,00000000
1265,1264,00000010,fe000ce3,0,00000000
1266,1265,00000008,00108093,1,000001a6
1267,1266,0000000c,00208463,0,00000000
1268,1267,00000010,fe000ce3,0,00000000
1269,1268,00000008,00108093,1,000001a7
1270,1269,0000000c,00208463,0,00000000
1271,1270,00000010,fe000ce3,0,00000000
1272,1271,00000008,00108093,1,000001a8
1273,1272,0000000c,00208463,0,00000000
1274,1273,00000010,fe000ce3,0,00000000
1275,1274,00000008,00108093,1,000001a9
1276,1275,0000000c,00208463,0,00000000
1277,1276,00000010,fe000ce3,0,00000000
1278,1277,00000008,00108093,1,000001aa
1279,1278,0000000c,00208463,0,00000000
1280,1279,00000010,fe000ce3,0,00000000
1281,1280,00000008,00108093,1,000001ab
1282,1281,0000000c,00208463,0,00000000
1283,1282,00000010,fe000ce3,0,00000000
1284,1283,00000008,00108093,1,000001ac
1285,1284,0000000c,00208463,0,00000000
1286,1285,00000010,fe000ce3,0,00000000
1287,1286,00000008,00108093,1,000001ad
1288,1287,0000000c,00208463,0,00000000
1289,1288,00000010,fe000ce3,0,00000000
1290,1289,00000008,00108093,1,000001ae
1291,1290,0000000c,00208463,0,00000000
1292,1291,00000010,fe000ce3,0,00000000
1293,1292,00000008,00108093,1,000001af
1294,1293,0000000c,00208463,0,00000000
1295,1294,00000010,fe000ce3,0,00000000
1296,1295,00000008,00108093,1,000001b0
1297,1296,0000000c,00208463,0,00000000
1298,1297,00000010,fe000ce3,0,00000000
1299,1298,00000008,00108093,1,000001b1
1300,1299,0000000c,00208463,0,00000000
1301,1300,00000010,fe000ce3,0,00000000
1302,1301,00000008,00108093,1,000001b2
1303,1302,0000000c,00208463,0,00000000
1304,1303,00000010,fe000ce3,0,00000000
1305,1304,00000008,00108093,1,000001b3
1306,1305,0000000c,00208463,0,00000000
1307,1306,00000010,fe000ce3,0,00000000
1308,1307,00000008,00108093,1,000001b4
1309,1308,0000000c,00208463,0,00000000
1310,1309,00000010,fe000ce3,0,00000000
1311,1310,00000008,00108093,1,000001b5
1312,1311,0000000c,00208463,0,00000000
1313,1312,00000010,fe000ce3,0,00000000
1314,1313,00000008,00108093,1,000001b6
1315,1314,0000000c,00208463,0,00000000
1316,1315,00000010,fe000ce3,0,00000000
1317,1316,00000008,00108093,1,000001b7
1318,1317,0000000c,00208463,0,00000000
1319,1318,00000010,fe000ce3,0,00000000
1320,1319,00000008,00108093,1,000001b8
1321,1320,0000000c,00208463,0,00000000
1322,1321,00000010,fe000ce3,0,00000000
1323,1322,00000008,00108093,1,000001b9
1324,1323,0000000c,00208463,0,00000000
1325,1324,00000010,fe000ce3,0,00000000
1326,1325,00000008,00108093,1,000001ba
1327,1326,0000000c,00208463,0,00000000
1328,1327,00000010,fe000ce3,0,00000000
1329,1328,00000008,00108093,1,000001bb
1330,1329,0000000c,00208463,0,00000000
1331,1330,00000010,fe000ce3,0,00000000
1332,1331,00000008,00108093,1,000001bc
1333,1332,0000000c,00208463,0,00000000
1334,1333,00000010,fe000ce3,0,00000000
1335,1334,00000008,00108093,1,000001bd
1336,1335,0000000c,00208463,0,00000000
1337,1336,00000010,fe000ce3,0,00000000
1338,1337,00000008,00108093,1,000001be
1339,1338,0000000c,00208463,0,00000000
1340,1339,00000010,fe000ce3,0,00000000
1341,1340,00000008,00108093,1,000001bf
1342,1341,0000000c,00208463,0,00000000
1343,1342,00000010,fe000ce3,0,00000000
1344,1343,00000008,00108093,1,000001c0
1345,1344,0000000c,00208463,0,00000000
1346,1345,00000010,fe000ce3,0,00000000
1347,1346,00000008,00108093,1,000001c1
1348,1347,0000000c,00208463,0,00000000
1349,1348,00000010,fe000ce3,0,00000000
1350,1349,00000008,00108093,1,000001c2
1351,1350,0000000c,00208463,0,00000000
1352,1351,00000010,fe000ce3,0,00000000
1353,1352,00000008,00108093,1,000001c3
1354,1353,0000000c,00208463,0,00000000
1355,1354,00000010,fe000ce3,0,00000000
1356,1355,00000008,00108093,1,000001c4
1357,1356,0000000c,00208463,0,00000000
1358,1357,00000010,fe000ce3,0,00000000
1359,1358,00000008,00108093,1,000001c5
1360,1359,0000000c,00208463,0,00000000
1361,1360,00000010,fe000ce3,0,00000000
1362,1361,00000008,00108093,1,000001c6
1363,1362,0000000c,00208463,0,00000000
1364,1363,00000010,fe000ce3,0,00000000
1365,1364,00000008,00108093,1,000001c7
1366,1365,0000000c,00208463,0,00000000
1367,1366,00000010,fe000ce3,0,00000000
1368,1367,00000008,00108093,1,000001c8
1369,1368,0000000c,00208463,0,00000000
1370,1369,00000010,fe000ce3,0,00000000
1371,1370,00000008,00108093,1,000001c9
1372,1371,0000000c,00208463,0,00000000
1373,1372,00000010,fe000ce3,0,00000000
1374,1373,00000008,00108093,1,000001ca
1375,1374,0000000c,00208463,0,00000000
1376,1375,00000010,fe000ce3,0,00000000
1377,1376,00000008,00108093,1,000001cb
1378,1377,0000000c,00208463,0,00000000
1379,1378,00000010,fe000ce3,0,00000000
1380,1379,00000008,00108093,1,000001cc
1381,1380,0000000c,00208463,0,00000000
1382,1381,00000010,fe000ce3,0,00000000
1383,1382,00000008,00108093,1,000001cd
1384,1383,0000000c,00208463,0,00000000
1385,1384,00000010,fe000ce3,0,00000000
1386,1385,00000008,00108093,1,000001ce
1387,1386,0000000c,00208463,0,00000000
1388,1387,00000010,fe000ce3,0,00000000
1389,1388,00000008,00108093,1,000001cf
1390,1389,0000000c,00208463,0,00000000
1391,1390,00000010,fe000ce3,0,00000000
1392,1391,00000008,00108093,1,000001d0
1393,1392,0000000c,00208463,0,00000000
1394,1393,00000010,fe000ce3,0,00000000
1395,1394,00000008,00108093,1,000001d1
1396,1395,0000000c,00208463,0,00000000
1397,1396,00000010,fe000ce3,0,00000000
1398,1397,00000008,00108093,1,000001d2
1399,1398,0000000c,00208463,0,00000000
1400,1399,00000010,fe000ce3,0,00000000
1401,1400,00000008,00108093,1,000001d3
1402,1401,0000000c,00208463,0,00000000
1403,1402,00000010,fe000ce3,0,00000000
1404,1403,00000008,00108093,1,000001d4
1405,1404,0000000c,00208463,0,00000000
1406,1405,00000010,fe000ce3,0,00000000
1407,1406,00000008,00108093,1,000001d5
1408,1407,0000000c,00208463,0,00000000
1409,1408,00000010,fe000ce3,0,00000000
1410,1409,00000008,00108093,1,000001d6
1411,1410,0000000c,00208463,0,00000000
1412,1411,00000010,fe000ce3,0,00000000
1413,1412,00000008,00108093,1,000001d7
1414,1413,0000000c,00208463,0,00000000
1415,1414,00000010,fe000ce3,0,00000000
1416,1415,00000008,00108093,1,000001d8
1417,1416,0000000c,00208463,0,00000000
1418,1417,00000010,fe000ce3,0,00000000
1419,1418,00000008,00108093,1,000001d9
1420,1419,0000000c,00208463,0,00000000
1421,1420,00000010,fe000ce3,0,00000000
1422,1421,00000008,00108093,1,000001da
1423,1422,0000000c,00208463,0,00000000
1424,1423,00000010,fe000ce3,0,00000000
1425,1424,00000008,00108093,1,000001db
1426,1425,0000000c,00208463,0,00000000
1427,1426,00000010,fe000ce3,0,00000000
1428,1427,00000008,00108093,1,000001dc
1429,1428,0000000c,00208463,0,00000000
1430,1429,00000010,fe000ce3,0,00000000
1431,1430,00000008,00108093,1,000001dd
1432,1431,0000000c,00208463,0,00000000
1433,1432,00000010,fe000ce3,0,00000000
1434,1433,00000008,00108093,1,000001de
1435,1434,0000000c,00208463,0,00000000
1436,1435,00000010,fe000ce3,0,00000000
1437,1436,00000008,00108093,1,000001df
1438,1437,0000000c,00208463,0,00000000
1439,1438,00000010,fe000ce3,0,00000000
1440,1439,00000008,00108093,1,000001e0
1441,1440,0000000c,00208463,0,00000000
1442,1441,00000010,fe000ce3,0,00000000
1443,1442,00000008,00108093,1,000001e1
1444,1443,0000000c,00208463,0,00000000
1445,1444,00000010,fe000ce3,0,00000000
1446,1445,00000008,00108093,1,000001e2
1447,1446,0000000c,00208463,0,00000000
1448,1447,00000010,fe000ce3,0,00000000
1449,1448,00000008,00108093,1,000001e3
1450,1449,0000000c,00208463,0,00000000
1451,1450,00000010,fe000ce3,0,00000000
1452,1451,00000008,00108093,1,000001e4
1453,1452,0000000c,00208463,0,00000000
1454,1453,00000010,fe000ce3,0,00000000
1455,1454,00000008,00108093,1,000001e5
1456,1455,0000000c,00208463,0,00000000
1457,1456,00000010,fe000ce3,0,00000000
1458,1457,00000008,00108093,1,000001e6
1459,1458,0000000c,00208463,0,00000000
1460,1459,00000010,fe000ce3,0,00000000
1461,1460,00000008,00108093,1,000001e7
1462,1461,0000000c,00208463,0,00000000
1463,1462,00000010,fe000ce3,0,00000000
1464,1463,00000008,00108093,1,000001e8
1465,1464,0000000c,00208463,0,00000000
1466,1465,00000010,fe000ce3,0,00000000
1467,1466,00000008,00108093,1,000001e9
1468,1467,0000000c,00208463,0,00000000
1469,1468,00000010,fe000ce3,0,00000000
1470,1469,00000008,00108093,1,000001ea
1471,1470,0000000c,00208463,0,00000000
1472,1471,00000010,fe000ce3,0,00000000
1473,1472,00000008,00108093,1,000001eb
1474,1473,0000000c,00208463,0,00000000
1475,1474,00000010,fe000ce3,0,00000000
1476,1475,00000008,00108093,1,000001ec
1477,1476,0000000c,00208463,0,00000000
1478,1477,00000010,fe000ce3,0,00000000
1479,1478,00000008,00108093,1,000001ed
1480,1479,0000000c,00208463,0,00000000
1481,1480,00000010,fe000ce3,0,00000000
1482,1481,00000008,00108093,1,000001ee
1483,1482,0000000c,00208463,0,00000000
1484,1483,00000010,fe000ce3,0,00000000
1485,1484,00000008,00108093,1,000001ef
1486,1485,0000000c,00208463,0,00000000
1487,1486,00000010,fe000ce3,0,00000000
1488,1487,00000008,00108093,1,000001f0
1489,1488,0000000c,00208463,0,00000000
1490,1489,00000010,fe000ce3,0,00000000
1491,1490,00000008,00108093,1,000001f1
1492,1491,0000000c,00208463,0,00000000
1493,1492,00000010,fe000ce3,0,00000000
1494,1493,00000008,00108093,1,000001f2
1495,1494,0000000c,00208463,0,00000000
1496,1495,00000010,fe000ce3,0,00000000
1497,1496,00000008,00108093,1,000001f3
1498,1497,0000000c,00208463,0,00000000
1499,1498,00000010,fe000ce3,0,00000000
1500,1499,00000008,00108093,1,000001f4
1501,1500,0000000c,00208463,0,00000000
1502,1501,00000010,fe000ce3,0,00000000
1503,1502,00000008,00108093,1,000001f5
1504,1503,0000000c,00208463,0,00000000
1505,1504,00000010,fe000ce3,0,00000000
1506,1505,00000008,00108093,1,000001f6
1507,1506,0000000c,00208463,0,00000000
1508,1507,00000010,fe000ce3,0,00000000
1509,1508,00000008,00108093,1,000001f7
1510,1509,0000000c,00208463,0,00000000
1511,1510,00000010,fe000ce3,0,00000000
1512,1511,00000008,00108093,1,000001f8
1513,1512,0000000c,00208463,0,00000000
1514,1513,00000010,fe000ce3,0,00000000
1515,1514,00000008,00108093,1,000001f9
1516,1515,0000000c,00208463,0,00000000
1517,1516,00000010,fe000ce3,0,00000000
1518,1517,00000008,00108093,1,000001fa
1519,1518,0000000c,00208463,0,00000000
1520,1519,00000010,fe000ce3,0,00000000
1521,1520,00000008,00108093,1,000001fb
1522,1521,0000000c,00208463,0,00000000
1523,1522,00000010,fe000ce3,0,00000000
1524,1523,00000008,00108093,1,000001fc
1525,1524,0000000c,00208463,0,00000000
1526,1525,00000010,fe000ce3,0,00000000
1527,1526,00000008,00108093,1,000001fd
1528,1527,0000000c,00208463,0,00000000
1529,1528,00000010,fe000ce3,0,00000000
1530,1529,00000008,00108093,1,000001fe
1531,1530,0000000c,00208463,0,00000000
1532,1531,00000010,fe000ce3,0,00000000
1533,1532,00000008,00108093,1,000001ff
1534,1533,0000000c,00208463,0,00000000
1535,1534,00000010,fe000ce3,0,00000000
1536,1535,00000008,00108093,1,00000200
1537,1536,0000000c,00208463,0,00000000
1538,1537,00000010,fe000ce3,0,00000000
1539,1538,00000008,00108093,1,00000201
1540,1539,0000000c,00208463,0,00000000
1541,1540,00000010,fe000ce3,0,00000000
1542,1541,00000008,00108093,1,00000202
1543,1542,0000000c,00208463,0,00000000
1544,1543,00000010,fe000ce3,0,00000000
1545,1544,00000008,00108093,1,00000203
1546,1545,0000000c,00208463,0,00000000
1547,1546,00000010,fe000ce3,0,00000000
1548,1547,00000008,00108093,1,00000204
1549,1548,0000000c,00208463,0,00000000
1550,1549,00000010,fe000ce3,0,00000000
1551,1550,00000008,00108093,1,00000205
1552,1551,0000000c,00208463,0,00000000
1553,1552,00000010,fe000ce3,0,00000000
1554,1553,00000008,00108093,1,00000206
1555,1554,0000000c,00208463,0,00000000
1556,1555,00000010,fe000ce3,0,00000000
1557,1556,00000008,00108093,1,00000207
1558,1557,0000000c,00208463,0,00000000
1559,1558,00000010,fe000ce3,0,00000000
1560,1559,00000008,00108093,1,00000208
1561,1560,0000000c,00208463,0,00000000
1562,1561,00000010,fe000ce3,0,00000000
1563,1562,00000008,00108093,1,00000209
1564,1563,0000000c,00208463,0,00000000
1565,1564,00000010,fe000ce3,0,00000000
1566,1565,00000008,00108093,1,0000020a
1567,1566,0000000c,00208463,0,00000000
1568,1567,00000010,fe000ce3,0,00000000
1569,1568,00000008,00108093,1,0000020b
1570,1569,0000000c,00208463,0,00000000
1571,1570,00000010,fe000ce3,0,00000000
1572,1571,00000008,00108093,1,0000020c
1573,1572,0000000c,00208463,0,00000000
1574,1573,00000010,fe000ce3,0,00000000
1575,1574,00000008,00108093,1,0000020d
1576,1575,0000000c,00208463,0,00000000
1577,1576,00000010,fe000ce3,0,00000000
1578,1577,00000008,00108093,1,0000020e
1579,1578,0000000c,00208463,0,00000000
1580,1579,00000010,fe000ce3,0,00000000
1581,1580,00000008,00108093,1,0000020f
1582,1581,0000000c,00208463,0,00000000
1583,1582,00000010,fe000ce3,0,00000000
1584,1583,00000008,00108093,1,00000210
1585,1584,0000000c,00208463,0,00000000
1586,1585,00000010,fe000ce3,0,00000000
1587,1586,00000008,00108093,1,00000211
1588,1587,0000000c,00208463,0,00000000
1589,1588,00000010,fe000ce3,0,00000000
1590,1589,00000008,00108093,1,00000212
1591,1590,0000000c,00208463,0,00000000
1592,1591,00000010,fe000ce3,0,00000000
1593,1592,00000008,00108093,1,00000213
1594,1593,0000000c,00208463,0,00000000
1595,1594,00000010,fe000ce3,0,00000000
1596,1595,00000008,00108093,1,00000214
1597,1596,0000000c,00208463,0,00000000
1598,1597,00000010,fe000ce3,0,00000000
1599,1598,00000008,00108093,1,00000215
1600,1599,0000000c,00208463,0,00000000
1601,1600,00000010,fe000ce3,0,00000000
1602,1601,00000008,00108093,1,00000216
1603,1602,0000000c,00208463,0,00000000
1604,1603,00000010,fe000ce3,0,00000000
1605,1604,00000008,00108093,1,00000217
1606,1605,0000000c,00208463,0,00000000
1607,1606,00000010,fe000ce3,0,00000000
1608,1607,00000008,00108093,1,00000218
1609,1608,0000000c,00208463,0,00000000
1610,1609,00000010,fe000ce3,0,00000000
1611,1610,00000008,00108093,1,00000219
1612,1611,0000000c,00208463,0,00000000
1613,1612,00000010,fe000ce3,0,00000000
1614,1613,00000008,00108093,1,0000021a
1615,1614,0000000c,00208463,0,00000000
1616,1615,00000010,fe000ce3,0,00000000
1617,1616,00000008,00108093,1,0000021b
1618,1617,0000000c,00208463,0,00000000
1619,1618,00000010,fe000ce3,0,00000000
1620,1619,00000008,00108093,1,0000021c
1621,1620,0000000c,00208463,0,00000000
1622,1621,00000010,fe000ce3,0,00000000
1623,1622,00000008,00108093,1,0000021d
1624,1623,0000000c,00208463,0,00000000
1625,1624,00000010,fe000ce3,0,00000000
1626,1625,00000008,00108093,1,0000021e
1627,1626,0000000c,00208463,0,00000000
1628,1627,00000010,fe000ce3,0,00000000
1629,1628,00000008,00108093,1,0000021f
1630,1629,0000000c,00208463,0,00000000
1631,1630,00000010,fe000ce3,0,00000000
1632,1631,00000008,00108093,1,00000220
1633,1632,0000000c,00208463,0,00000000
1634,1633,00000010,fe000ce3,0,00000000
1635,1634,00000008,00108093,1,00000221
1636,1635,0000000c,00208463,0,00000000
1637,1636,00000010,fe000ce3,0,00000000
1638,1637,00000008,00108093,1,00000222
1639,1638,0000000c,00208463,0,00000000
1640,1639,00000010,fe000ce3,0,00000000
1641,1640,00000008,00108093,1,00000223
1642,1641,0000000c,00208463,0,00000000
1643,1642,00000010,fe000ce3,0,00000000
1644,1643,00000008,00108093,1,00000224
1645,1644,0000000c,00208463,0,00000000
1646,1645,00000010,fe000ce3,0,00000000
1647,1646,00000008,00108093,1,00000225
1648,1647,0000000c,00208463,0,00000000
1649,1648,00000010,fe000ce3,0,00000000
1650,1649,00000008,00108093,1,00000226
1651,1650,0000000c,00208463,0,00000000
1652,1651,00000010,fe000ce3,0,00000000
1653,1652,00000008,00108093,1,00000227
1654,1653,0000000c,00208463,0,00000000
1655,1654,00000010,fe000ce3,0,00000000
1656,1655,00000008,00108093,1,00000228
1657,1656,0000000c,00208463,0,00000000
1658,1657,00000010,fe000ce3,0,00000000
1659,1658,00000008,00108093,1,00000229
1660,1659,0000000c,00208463,0,00000000
1661,1660,00000010,fe000ce3,0,00000000
1662,1661,00000008,00108093,1,0000022a
1663,1662,0000000c,00208463,0,00000000
1664,1663,00000010,fe000ce3,0,00000000
1665,1664,00000008,00108093,1,0000022b
1666,1665,0000000c,00208463,0,00000000
1667,1666,00000010,fe000ce3,0,00000000
1668,1667,00000008,00108093,1,0000022c
1669,1668,0000000c,00208463,0,00000000
1670,1669,00000010,fe000ce3,0,00000000
1671,1670,00000008,00108093,1,0000022d
1672,1671,0000000c,00208463,0,00000000
1673,1672,00000010,fe000ce3,0,00000000
1674,1673,00000008,00108093,1,0000022e
1675,1674,0000000c,00208463,0,00000000
1676,1675,00000010,fe000ce3,0,00000000
1677,1676,00000008,00108093,1,0000022f
1678,1677,0000000c,00208463,0,00000000
1679,1678,00000010,fe000ce3,0,00000000
1680,1679,00000008,00108093,1,00000230
1681,1680,0000000c,00208463,0,00000000
1682,1681,00000010,fe000ce3,0,00000000
1683,1682,00000008,00108093,1,00000231
1684,1683,0000000c,00208463,0,00000000
1685,1684,00000010,fe000ce3,0,00000000
1686,1685,00000008,00108093,1,00000232
1687,1686,0000000c,00208463,0,00000000
1688,1687,00000010,fe000ce3,0,00000000
1689,1688,00000008,00108093,1,00000233
1690,1689,0000000c,00208463,0,00000000
1691,1690,00000010,fe000ce3,0,00000000
1692,1691,00000008,00108093,1,00000234
1693,1692,0000000c,00208463,0,00000000
1694,1693,00000010,fe000ce3,0,00000000
1695,1694,00000008,00108093,1,00000235
1696,1695,0000000c,00208463,0,00000000
1697,1696,00000010,fe000ce3,0,00000000
1698,1697,00000008,00108093,1,00000236
1699,1698,0000000c,00208463,0,00000000
1700,1699,00000010,fe000ce3,0,00000000
1701,1700,00000008,00108093,1,00000237
1702,1701,0000000c,00208463,0,00000000
1703,1702,00000010,fe000ce3,0,00000000
1704,1703,00000008,00108093,1,00000238
1705,1704,0000000c,00208463,0,00000000
1706,1705,00000010,fe000ce3,0,00000000
1707,1706,00000008,00108093,1,00000239
1708,1707,0000000c,00208463,0,00000000
1709,1708,00000010,fe000ce3,0,00000000
1710,1709,00000008,00108093,1,0000023a
1711,1710,0000000c,00208463,0,00000000
1712,1711,00000010,fe000ce3,0,00000000
1713,1712,00000008,00108093,1,0000023b
1714,1713,0000000c,00208463,0,00000000
1715,1714,00000010,fe000ce3,0,00000000
1716,1715,00000008,00108093,1,0000023c
1717,1716,0000000c,00208463,0,00000000
1718,1717,00000010,fe000ce3,0,00000000
1719,1718,00000008,00108093,1,0000023d
1720,1719,0000000c,00208463,0,00000000
1721,1720,00000010,fe000ce3,0,00000000
1722,1721,00000008,00108093,1,0000023e
1723,1722,0000000c,00208463,0,00000000
1724,1723,00000010,fe000ce3,0,00000000
1725,1724,00000008,00108093,1,0000023f
1726,1725,0000000c,00208463,0,00000000
1727,1726,00000010,fe000ce3,0,00000000
1728,1727,00000008,00108093,1,00000240
1729,1728,0000000c,00208463,0,00000000
1730,1729,00000010,fe000ce3,0,00000000
1731,1730,00000008,00108093,1,00000241
1732,1731,0000000c,00208463,0,00000000
1733,1732,00000010,fe000ce3,0,00000000
1734,1733,00000008,00108093,1,00000242
1735,1734,0000000c,00208463,0,00000000
1736,1735,00000010,fe000ce3,0,00000000
1737,1736,00000008,00108093,1,00000243
1738,1737,0000000c,00208463,0,00000000
1739,1738,00000010,fe000ce3,0,00000000
1740,1739,00000008,00108093,1,00000244
1741,1740,0000000c,00208463,0,00000000
1742,1741,00000010,fe000ce3,0,00000000
1743,1742,00000008,00108093,1,00000245
1744,1743,0000000c,00208463,0,00000000
1745,1744,00000010,fe000ce3,0,00000000
1746,1745,00000008,00108093,1,00000246
1747,1746,0000000c,00208463,0,00000000
1748,1747,00000010,fe000ce3,0,00000000
1749,1748,00000008,00108093,1,00000247
1750,1749,0000000c,00208463,0,00000000
1751,1750,00000010,fe000ce3,0,00000000
1752,1751,00000008,00108093,1,00000248
1753,1752,0000000c,00208463,0,00000000
1754,1753,00000010,fe000ce3,0,00000000
1755,1754,00000008,00108093,1,00000249
1756,1755,0000000c,00208463,0,00000000
1757,1756,00000010,fe000ce3,0,00000000
1758,1757,00000008,00108093,1,0000024a
1759,1758,0000000c,00208463,0,00000000
1760,1759,00000010,fe000ce3,0,00000000
1761,1760,00000008,00108093,1,0000024b
1762,1761,0000000c,00208463,0,00000000
1763,1762,00000010,fe000ce3,0,00000000
1764,1763,00000008,00108093,1,0000024c
1765,1764,0000000c,00208463,0,00000000
1766,1765,00000010,fe000ce3,0,00000000
1767,1766,00000008,00108093,1,0000024d
1768,1767,0000000c,00208463,0,00000000
1769,1768,00000010,fe000ce3,0,00000000
1770,1769,00000008,00108093,1,0000024e
1771,1770,0000000c,00208463,0,00000000
1772,1771,00000010,fe000ce3,0,00000000
1773,1772,00000008,00108093,1,0000024f
1774,1773,0000000c,00208463,0,00000000
1775,1774,00000010,fe000ce3,0,00000000
1776,1775,00000008,00108093,1,00000250
1777,1776,0000000c,00208463,0,00000000
1778,1777,00000010,fe000ce3,0,00000000
1779,1778,00000008,00108093,1,00000251
1780,1779,0000000c,00208463,0,00000000
1781,1780,00000010,fe000ce3,0,00000000
1782,1781,00000008,00108093,1,00000252
1783,1782,0000000c,00208463,0,00000000
1784,1783,00000010,fe000ce3,0,00000000
1785,1784,00000008,00108093,1,00000253
1786,1785,0000000c,00208463,0,00000000
1787,1786,00000010,fe000ce3,0,00000000
1788,1787,00000008,00108093,1,00000254
1789,1788,0000000c,00208463,0,00000000
1790,1789,00000010,fe000ce3,0,00000000
1791,1790,00000008,00108093,1,00000255
1792,1791,0000000c,00208463,0,00000000
1793,1792,00000010,fe000ce3,0,00000000
1794,1793,00000008,00108093,1,00000256
1795,1794,0000000c,00208463,0,00000000
1796,1795,00000010,fe000ce3,0,00000000
1797,1796,00000008,00108093,1,00000257
1798,1797,0000000c,00208463,0,00000000
1799,1798,00000010,fe000ce3,0,00000000
1800,1799,00000008,00108093,1,00000258
1801,1800,0000000c,00208463,0,00000000
1802,1801,00000010,fe000ce3,0,00000000
1803,1802,00000008,00108093,1,00000259
1804,1803,0000000c,00208463,0,00000000
1805,1804,00000010,fe000ce3,0,00000000
1806,1805,00000008,00108093,1,0000025a
1807,1806,0000000c,00208463,0,00000000
1808,1807,00000010,fe000ce3,0,00000000
1809,1808,00000008,00108093,1,0000025b
1810,1809,0000000c,00208463,0,00000000
1811,1810,00000010,fe000ce3,0,00000000
1812,1811,00000008,00108093,1,0000025c
1813,1812,0000000c,00208463,0,00000000
1814,1813,00000010,fe000ce3,0,00000000
1815,1814,00000008,00108093,1,0000025d
1816,1815,0000000c,00208463,0,00000000
1817,1816,00000010,fe000ce3,0,00000000
1818,1817,00000008,00108093,1,0000025e
1819,1818,0000000c,00208463,0,00000000
1820,1819,00000010,fe000ce3,0,00000000
1821,1820,00000008,00108093,1,0000025f
1822,1821,0000000c,00208463,0,00000000
1823,1822,00000010,fe000ce3,0,00000000
1824,1823,00000008,00108093,1,00000260
1825,1824,0000000c,00208463,0,00000000
1826,1825,00000010,fe000ce3,0,00000000
1827,1826,00000008,00108093,1,00000261
1828,1827,0000000c,00208463,0,00000000
1829,1828,00000010,fe000ce3,0,00000000
1830,1829,00000008,00108093,1,00000262
1831,1830,0000000c,00208463,0,00000000
1832,1831,00000010,fe000ce3,0,00000000
1833,1832,00000008,00108093,1,00000263
1834,1833,0000000c,00208463,0,00000000
1835,1834,00000010,fe000ce3,0,00000000
1836,1835,00000008,00108093,1,00000264
1837,1836,0000000c,00208463,0,00000000
1838,1837,00000010,fe000ce3,0,00000000
1839,1838,00000008,00108093,1,00000265
1840,1839,0000000c,00208463,0,00000000
1841,1840,00000010,fe000ce3,0,00000000
1842,1841,00000008,00108093,1,00000266
1843,1842,0000000c,00208463,0,00000000
1844,1843,00000010,fe000ce3,0,00000000
1845,1844,00000008,00108093,1,00000267
1846,1845,0000000c,00208463,0,00000000
1847,1846,00000010,fe000ce3,0,00000000
1848,1847,00000008,00108093,1,00000268
1849,1848,0000000c,00208463,0,00000000
1850,1849,00000010,fe000ce3,0,00000000
1851,1850,00000008,00108093,1,00000269
1852,1851,0000000c,00208463,0,00000000
1853,1852,00000010,fe000ce3,0,00000000
1854,1853,00000008,00108093,1,0000026a
1855,1854,0000000c,00208463,0,00000000
1856,1855,00000010,fe000ce3,0,00000000
1857,1856,00000008,00108093,1,0000026b
1858,1857,0000000c,00208463,0,00000000
1859,1858,00000010,fe000ce3,0,00000000
1860,1859,00000008,00108093,1,0000026c
1861,1860,0000000c,00208463,0,00000000
1862,1861,00000010,fe000ce3,0,00000000
1863,1862,00000008,00108093,1,0000026d
1864,1863,0000000c,00208463,0,00000000
1865,1864,00000010,fe000ce3,0,00000000
1866,1865,00000008,00108093,1,0000026e
1867,1866,0000000c,00208463,0,00000000
1868,1867,00000010,fe000ce3,0,00000000
1869,1868,00000008,00108093,1,0000026f
1870,1869,0000000c,00208463,0,00000000
1871,1870,00000010,fe000ce3,0,00000000
1872,1871,00000008,00108093,1,00000270
1873,1872,0000000c,00208463,0,00000000
1874,1873,00000010,fe000ce3,0,00000000
1875,1874,00000008,00108093,1,00000271
1876,1875,0000000c,00208463,0,00000000
1877,1876,00000010,fe000ce3,0,00000000
1878,1877,00000008,00108093,1,00000272
1879,1878,0000000c,00208463,0,00000000
1880,1879,00000010,fe000ce3,0,00000000
1881,1880,00000008,00108093,1,00000273
1882,1881,0000000c,00208463,0,00000000
1883,1882,00000010,fe000ce3,0,00000000
1884,1883,00000008,00108093,1,00000274
1885,1884,0000000c,00208463,0,00000000
1886,1885,00000010,fe000ce3,0,00000000
1887,1886,00000008,00108093,1,00000275
1888,1887,0000000c,00208463,0,00000000
1889,1888,00000010,fe000ce3,0,00000000
1890,1889,00000008,00108093,1,00000276
1891,1890,0000000c,00208463,0,00000000
1892,1891,00000010,fe000ce3,0,00000000
1893,1892,00000008,00108093,1,00000277
1894,1893,0000000c,00208463,0,00000000
1895,1894,00000010,fe000ce3,0,00000000
1896,1895,00000008,00108093,1,00000278
1897,1896,0000000c,00208463,0,00000000
1898,1897,00000010,fe000ce3,0,00000000
1899,1898,00000008,00108093,1,00000279
1900,1899,0000000c,00208463,0,00000000
1901,1900,00000010,fe000ce3,0,00000000
1902,1901,00000008,00108093,1,0000027a
1903,1902,0000000c,00208463,0,00000000
1904,1903,00000010,fe000ce3,0,00000000
1905,1904,00000008,00108093,1,0000027b
1906,1905,0000000c,00208463,0,00000000
1907,1906,00000010,fe000ce3,0,00000000
1908,1907,00000008,00108093,1,0000027c
1909,1908,0000000c,00208463,0,00000000
1910,1909,00000010,fe000ce3,0,00000000
1911,1910,00000008,00108093,1,0000027d
1912,1911,0000000c,00208463,0,00000000
1913,1912,00000010,fe000ce3,0,00000000
1914,1913,00000008,00108093,1,0000027e
1915,1914,0000000c,00208463,0,00000000
1916,1915,00000010,fe000ce3,0,00000000
1917,1916,00000008,00108093,1,0000027f
1918,1917,0000000c,00208463,0,00000000
1919,1918,00000010,fe000ce3,0,00000000
1920,1919,00000008,00108093,1,00000280
1921,1920,0000000c,00208463,0,00000000
1922,1921,00000010,fe000ce3,0,00000000
1923,1922,00000008,00108093,1,00000281
1924,1923,0000000c,00208463,0,00000000
1925,1924,00000010,fe000ce3,0,00000000
1926,1925,00000008,00108093,1,00000282
1927,1926,0000000c,00208463,0,00000000
1928,1927,00000010,fe000ce3,0,00000000
1929,1928,00000008,00108093,1,00000283
1930,1929,0000000c,00208463,0,00000000
1931,1930,00000010,fe000ce3,0,00000000
1932,1931,00000008,00108093,1,00000284
1933,1932,0000000c,00208463,0,00000000
1934,1933,00000010,fe000ce3,0,00000000
1935,1934,00000008,00108093,1,00000285
1936,1935,0000000c,00208463,0,00000000
1937,1936,00000010,fe000ce3,0,00000000
1938,1937,00000008,00108093,1,00000286
1939,1938,0000000c,00208463,0,00000000
1940,1939,00000010,fe000ce3,0,00000000
1941,1940,00000008,00108093,1,00000287
1942,1941,0000000c,00208463,0,00000000
1943,1942,00000010,fe000ce3,0,00000000
1944,1943,00000008,00108093,1,00000288
1945,1944,0000000c,00208463,0,00000000
1946,1945,00000010,fe000ce3,0,00000000
1947,1946,00000008,00108093,1,00000289
1948,1947,0000000c,00208463,0,00000000
1949,1948,00000010,fe000ce3,0,00000000
1950,1949,00000008,00108093,1,0000028a
1951,1950,0000000c,00208463,0,00000000
1952,1951,00000010,fe000ce3,0,00000000
1953,1952,00000008,00108093,1,0000028b
1954,1953,0000000c,00208463,0,00000000
1955,1954,00000010,fe000ce3,0,00000000
1956,1955,00000008,00108093,1,0000028c
1957,1956,0000000c,00208463,0,00000000
1958,1957,00000010,fe000ce3,0,00000000
1959,1958,00000008,00108093,1,0000028d
1960,1959,0000000c,00208463,0,00000000
1961,1960,00000010,fe000ce3,0,00000000
1962,1961,00000008,00108093,1,0000028e
1963,1962,0000000c,00208463,0,00000000
1964,1963,00000010,fe000ce3,0,00000000
1965,1964,00000008,00108093,1,0000028f
1966,1965,0000000c,00208463,0,00000000
1967,1966,00000010,fe000ce3,0,00000000
1968,1967,00000008,00108093,1,00000290
1969,1968,0000000c,00208463,0,00000000
1970,1969,00000010,fe000ce3,0,00000000
1971,1970,00000008,00108093,1,00000291
1972,1971,0000000c,00208463,0,00000000
1973,1972,00000010,fe000ce3,0,00000000
1974,1973,00000008,00108093,1,00000292
1975,1974,0000000c,00208463,0,00000000
1976,1975,00000010,fe000ce3,0,00000000
1977,1976,00000008,00108093,1,00000293
1978,1977,0000000c,00208463,0,00000000
1979,1978,00000010,fe000ce3,0,00000000
1980,1979,00000008,00108093,1,00000294
1981,1980,0000000c,00208463,0,00000000
1982,1981,00000010,fe000ce3,0,00000000
1983,1982,00000008,00108093,1,00000295
1984,1983,0000000c,00208463,0,00000000
1985,1984,00000010,fe000ce3,0,00000000
1986,1985,00000008,00108093,1,00000296
1987,1986,0000000c,00208463,0,00000000
1988,1987,00000010,fe000ce3,0,00000000
1989,1988,00000008,00108093,1,00000297
1990,1989,0000000c,00208463,0,00000000
1991,1990,00000010,fe000ce3,0,00000000
1992,1991,00000008,00108093,1,00000298
1993,1992,0000000c,00208463,0,00000000
1994,1993,00000010,fe000ce3,0,00000000
1995,1994,00000008,00108093,1,00000299
1996,1995,0000000c,00208463,0,00000000
1997,1996,00000010,fe000ce3,0,00000000
1998,1997,00000008,00108093,1,0000029a
1999,1998,0000000c,00208463,0,00000000
2000,1999,00000010,fe000ce3,0,00000000
2001,2000,00000008,00108093,1,0000029b
2002,2001,0000000c,00208463,0,00000000
2003,2002,00000010,fe000ce3,0,00000000
2004,2003,00000008,00108093,1,0000029c
2005,2004,0000000c,00208463,0,00000000
2006,2005,00000010,fe000ce3,0,00000000
2007,2006,00000008,00108093,1,0000029d
2008,2007,0000000c,00208463,0,00000000
2009,2008,00000010,fe000ce3,0,00000000
2010,2009,00000008,00108093,1,0000029e
2011,2010,0000000c,00208463,0,00000000
2012,2011,00000010,fe000ce3,0,00000000
2013,2012,00000008,00108093,1,0000029f
2014,2013,0000000c,00208463,0,00000000
2015,2014,00000010,fe000ce3,0,00000000
2016,2015,00000008,00108093,1,000002a0
2017,2016,0000000c,00208463,0,00000000
2018,2017,00000010,fe000ce3,0,00000000
2019,2018,00000008,00108093,1,000002a1
2020,2019,0000000c,00208463,0,00000000
2021,2020,00000010,fe000ce3,0,00000000
2022,2021,00000008,00108093,1,000002a2
2023,2022,0000000c,00208463,0,00000000
2024,2023,00000010,fe000ce3,0,00000000
2025,2024,00000008,00108093,1,000002a3
2026,2025,0000000c,00208463,0,00000000
2027,2026,00000010,fe000ce3,0,00000000
2028,2027,00000008,00108093,1,000002a4
2029,2028,0000000c,00208463,0,00000000
2030,2029,00000010,fe000ce3,0,00000000
2031,2030,00000008,00108093,1,000002a5
2032,2031,0000000c,00208463,0,00000000
2033,2032,00000010,fe000ce3,0,00000000
2034,2033,00000008,00108093,1,000002a6
2035,2034,0000000c,00208463,0,00000000
2036,2035,00000010,fe000ce3,0,00000000
2037,2036,00000008,00108093,1,000002a7
2038,2037,0000000c,00208463,0,00000000
2039,2038,00000010,fe000ce3,0,00000000
2040,2039,00000008,00108093,1,000002a8
2041,2040,0000000c,00208463,0,00000000
2042,2041,00000010,fe000ce3,0,00000000
2043,2042,00000008,00108093,1,000002a9
2044,2043,0000000c,00208463,0,00000000
2045,2044,00000010,fe000ce3,0,00000000
2046,2045,00000008,00108093,1,000002aa
2047,2046,0000000c,00208463,0,00000000
2048,2047,00000010,fe000ce3,0,00000000
2049,2048,00000008,00108093,1,000002ab
2050,2049,0000000c,00208463,0,00000000
2051,2050,00000010,fe000ce3,0,00000000
2052,2051,00000008,00108093,1,000002ac
2053,2052,0000000c,00208463,0,00000000
2054,2053,00000010,fe000ce3,0,00000000
2055,2054,00000008,00108093,1,000002ad
2056,2055,0000000c,00208463,0,00000000
2057,2056,00000010,fe000ce3,0,00000000
2058,2057,00000008,00108093,1,000002ae
2059,2058,0000000c,00208463,0,00000000
2060,2059,00000010,fe000ce3,0,00000000
2061,2060,00000008,00108093,1,000002af
2062,2061,0000000c,00208463,0,00000000
2063,2062,00000010,fe000ce3,0,00000000
2064,2063,00000008,00108093,1,000002b0
2065,2064,0000000c,00208463,0,00000000
2066,2065,00000010,fe000ce3,0,00000000
2067,2066,00000008,00108093,1,000002b1
2068,2067,0000000c,00208463,0,00000000
2069,2068,00000010,fe000ce3,0,00000000
2070,2069,00000008,00108093,1,000002b2
2071,2070,0000000c,00208463,0,00000000
2072,2071,00000010,fe000ce3,0,00000000
2073,2072,00000008,00108093,1,000002b3
2074,2073,0000000c,00208463,0,00000000
2075,2074,00000010,fe000ce3,0,00000000
2076,2075,00000008,00108093,1,000002b4
2077,2076,0000000c,00208463,0,00000000
2078,2077,00000010,fe000ce3,0,00000000
2079,2078,00000008,00108093,1,000002b5
2080,2079,0000000c,00208463,0,00000000
2081,2080,00000010,fe000ce3,0,00000000
2082,2081,00000008,00108093,1,000002b6
2083,2082,0000000c,00208463,0,00000000
2084,2083,00000010,fe000ce3,0,00000000
2085,2084,00000008,00108093,1,000002b7
2086,2085,0000000c,00208463,0,00000000
2087,2086,00000010,fe000ce3,0,00000000
2088,2087,00000008,00108093,1,000002b8
2089,2088,0000000c,00208463,0,00000000
2090,2089,00000010,fe000ce3,0,00000000
2091,2090,00000008,00108093,1,000002b9
2092,2091,0000000c,00208463,0,00000000
2093,2092,00000010,fe000ce3,0,00000000
2094,2093,00000008,00108093,1,000002ba
2095,2094,0000000c,00208463,0,00000000
2096,2095,00000010,fe000ce3,0,00000000
2097,2096,00000008,00108093,1,000002bb
2098,2097,0000000c,00208463,0,00000000
2099,2098,00000010,fe000ce3,0,00000000
2100,2099,00000008,00108093,1,000002bc
2101,2100,0000000c,00208463,0,00000000
2102,2101,00000010,fe000ce3,0,00000000
2103,2102,00000008,00108093,1,000002bd
2104,2103,0000000c,00208463,0,00000000
2105,2104,00000010,fe000ce3,0,00000000
2106,2105,00000008,00108093,1,000002be
2107,2106,0000000c,00208463,0,00000000
2108,2107,00000010,fe000ce3,0,00000000
2109,2108,00000008,00108093,1,000002bf
2110,2109,0000000c,00208463,0,00000000
2111,2110,00000010,fe000ce3,0,00000000
2112,2111,00000008,00108093,1,000002c0
2113,2112,0000000c,00208463,0,00000000
2114,2113,00000010,fe000ce3,0,00000000
2115,2114,00000008,00108093,1,000002c1
2116,2115,0000000c,00208463,0,00000000
2117,2116,00000010,fe000ce3,0,00000000
2118,2117,00000008,00108093,1,000002c2
2119,2118,0000000c,00208463,0,00000000
2120,2119,00000010,fe000ce3,0,00000000
2121,2120,00000008,00108093,1,000002c3
2122,2121,0000000c,00208463,0,00000000
2123,2122,00000010,fe000ce3,0,00000000
2124,2123,00000008,00108093,1,000002c4
2125,2124,0000000c,00208463,0,00000000
2126,2125,00000010,fe000ce3,0,00000000
2127,2126,00000008,00108093,1,000002c5
2128,2127,0000000c,00208463,0,00000000
2129,2128,00000010,fe000ce3,0,00000000
2130,2129,00000008,00108093,1,000002c6
2131,2130,0000000c,00208463,0,00000000
2132,2131,00000010,fe000ce3,0,00000000
2133,2132,00000008,00108093,1,000002c7
2134,2133,0000000c,00208463,0,00000000
2135,2134,00000010,fe000ce3,0,00000000
2136,2135,00000008,00108093,1,000002c8
2137,2136,0000000c,00208463,0,00000000
2138,2137,00000010,fe000ce3,0,00000000
2139,2138,00000008,00108093,1,000002c9
2140,2139,0000000c,00208463,0,00000000
2141,2140,00000010,fe000ce3,0,00000000
2142,2141,00000008,00108093,1,000002ca
2143,2142,0000000c,00208463,0,00000000
2144,2143,00000010,fe000ce3,0,00000000
2145,2144,00000008,00108093,1,000002cb
2146,2145,0000000c,00208463,0,00000000
2147,2146,00000010,fe000ce3,0,00000000
2148,2147,00000008,00108093,1,000002cc
2149,2148,0000000c,00208463,0,00000000
2150,2149,00000010,fe000ce3,0,00000000
2151,2150,00000008,00108093,1,000002cd
2152,2151,0000000c,00208463,0,00000000
2153,2152,00000010,fe000ce3,0,00000000
2154,2153,00000008,00108093,1,000002ce
2155,2154,0000000c,00208463,0,00000000
2156,2155,00000010,fe000ce3,0,00000000
2157,2156,00000008,00108093,1,000002cf
2158,2157,0000000c,00208463,0,00000000
2159,2158,00000010,fe000ce3,0,00000000
2160,2159,00000008,00108093,1,000002d0
2161,2160,0000000c,00208463,0,00000000
2162,2161,00000010,fe000ce3,0,00000000
2163,2162,00000008,00108093,1,000002d1
2164,2163,0000000c,00208463,0,00000000
2165,2164,00000010,fe000ce3,0,00000000
2166,2165,00000008,00108093,1,000002d2
2167,2166,0000000c,00208463,0,00000000
2168,2167,00000010,fe000ce3,0,00000000
2169,2168,00000008,00108093,1,000002d3
2170,2169,0000000c,00208463,0,00000000
2171,2170,00000010,fe000ce3,0,00000000
2172,2171,00000008,00108093,1,000002d4
2173,2172,0000000c,00208463,0,00000000
2174,2173,00000010,fe000ce3,0,00000000
2175,2174,00000008,00108093,1,000002d5
2176,2175,0000000c,00208463,0,00000000
2177,2176,00000010,fe000ce3,0,00000000
2178,2177,00000008,00108093,1,000002d6
2179,2178,0000000c,00208463,0,00000000
2180,2179,00000010,fe000ce3,0,00000000
2181,2180,00000008,00108093,1,000002d7
2182,2181,0000000c,00208463,0,00000000
2183,2182,00000010,fe000ce3,0,00000000
2184,2183,00000008,00108093,1,000002d8
2185,2184,0000000c,00208463,0,00000000
2186,2185,00000010,fe000ce3,0,00000000
2187,2186,00000008,00108093,1,000002d9
2188,2187,0000000c,00208463,0,00000000
2189,2188,00000010,fe000ce3,0,00000000
2190,2189,00000008,00108093,1,000002da
2191,2190,0000000c,00208463,0,00000000
2192,2191,00000010,fe000ce3,0,00000000
2193,2192,00000008,00108093,1,000002db
2194,2193,0000000c,00208463,0,00000000
2195,2194,00000010,fe000ce3,0,00000000
2196,2195,00000008,00108093,1,000002dc
2197,2196,0000000c,00208463,0,00000000
2198,2197,00000010,fe000ce3,0,00000000
2199,2198,00000008,00108093,1,000002dd
2200,2199,0000000c,00208463,0,00000000
2201,2200,00000010,fe000ce3,0,00000000
2202,2201,00000008,00108093,1,000002de
2203,2202,0000000c,00208463,0,00000000
2204,2203,00000010,fe000ce3,0,00000000
2205,2204,00000008,00108093,1,000002df
2206,2205,0000000c,00208463,0,00000000
2207,2206,00000010,fe000ce3,0,00000000
2208,2207,00000008,00108093,1,000002e0
2209,2208,0000000c,00208463,0,00000000
2210,2209,00000010,fe000ce3,0,00000000
2211,2210,00000008,00108093,1,000002e1
2212,2211,0000000c,00208463,0,00000000
2213,2212,00000010,fe000ce3,0,00000000
2214,2213,00000008,00108093,1,000002e2
2215,2214,0000000c,00208463,0,00000000
2216,2215,00000010,fe000ce3,0,00000000
2217,2216,00000008,00108093,1,000002e3
2218,2217,0000000c,00208463,0,00000000
2219,2218,00000010,fe000ce3,0,00000000
2220,2219,00000008,00108093,1,000002e4
2221,2220,0000000c,00208463,0,00000000
2222,2221,00000010,fe000ce3,0,00000000
2223,2222,00000008,00108093,1,000002e5
2224,2223,0000000c,00208463,0,00000000
2225,2224,00000010,fe000ce3,0,00000000
2226,2225,00000008,00108093,1,000002e6
2227,2226,0000000c,00208463,0,00000000
2228,2227,00000010,fe000ce3,0,00000000
2229,2228,00000008,00108093,1,000002e7
2230,2229,0000000c,00208463,0,00000000
2231,2230,00000010,fe000ce3,0,00000000
2232,2231,00000008,00108093,1,000002e8
2233,2232,0000000c,00208463,0,00000000
2234,2233,00000010,fe000ce3,0,00000000
2235,2234,00000008,00108093,1,000002e9
2236,2235,0000000c,00208463,0,00000000
2237,2236,00000010,fe000ce3,0,00000000
2238,2237,00000008,00108093,1,000002ea
2239,2238,0000000c,00208463,0,00000000
2240,2239,00000010,fe000ce3,0,00000000
2241,2240,00000008,00108093,1,000002eb
2242,2241,0000000c,00208463,0,00000000
2243,2242,00000010,fe000ce3,0,00000000
2244,2243,00000008,00108093,1,000002ec
2245,2244,0000000c,00208463,0,00000000
2246,2245,00000010,fe000ce3,0,00000000
2247,2246,00000008,00108093,1,000002ed
2248,2247,0000000c,00208463,0,00000000
2249,2248,00000010,fe000ce3,0,00000000
2250,2249,00000008,00108093,1,000002ee
2251,2250,0000000c,00208463,0,00000000
2252,2251,00000010,fe000ce3,0,00000000
2253,2252,00000008,00108093,1,000002ef
2254,2253,0000000c,00208463,0,00000000
2255,2254,00000010,fe000ce3,0,00000000
2256,2255,00000008,00108093,1,000002f0
2257,2256,0000000c,00208463,0,00000000
2258,2257,00000010,fe000ce3,0,00000000
2259,2258,00000008,00108093,1,000002f1
2260,2259,0000000c,00208463,0,00000000
2261,2260,00000010,fe000ce3,0,00000000
2262,2261,00000008,00108093,1,000002f2
2263,2262,0000000c,00208463,0,00000000
2264,2263,00000010,fe000ce3,0,00000000
2265,2264,00000008,00108093,1,000002f3
2266,2265,0000000c,00208463,0,00000000
2267,2266,00000010,fe000ce3,0,00000000
2268,2267,00000008,00108093,1,000002f4
2269,2268,0000000c,00208463,0,00000000
2270,2269,00000010,fe000ce3,0,00000000
2271,2270,00000008,00108093,1,000002f5
2272,2271,0000000c,00208463,0,00000000
2273,2272,00000010,fe000ce3,0,00000000
2274,2273,00000008,00108093,1,000002f6
2275,2274,0000000c,00208463,0,00000000
2276,2275,00000010,fe000ce3,0,00000000
2277,2276,00000008,00108093,1,000002f7
2278,2277,0000000c,00208463,0,00000000
2279,2278,00000010,fe000ce3,0,00000000
2280,2279,00000008,00108093,1,000002f8
2281,2280,0000000c,00208463,0,00000000
2282,2281,00000010,fe000ce3,0,00000000
2283,2282,00000008,00108093,1,000002f9
2284,2283,0000000c,00208463,0,00000000
2285,2284,00000010,fe000ce3,0,00000000
2286,2285,00000008,00108093,1,000002fa
2287,2286,0000000c,00208463,0,00000000
2288,2287,00000010,fe000ce3,0,00000000
2289,2288,00000008,00108093,1,000002fb
2290,2289,0000000c,00208463,0,00000000
2291,2290,00000010,fe000ce3,0,00000000
2292,2291,00000008,00108093,1,000002fc
2293,2292,0000000c,00208463,0,00000000
2294,2293,00000010,fe000ce3,0,00000000
2295,2294,00000008,00108093,1,000002fd
2296,2295,0000000c,00208463,0,00000000
2297,2296,00000010,fe000ce3,0,00000000
2298,2297,00000008,00108093,1,000002fe
2299,2298,0000000c,00208463,0,00000000
2300,2299,00000010,fe000ce3,0,00000000
2301,2300,00000008,00108093,1,000002ff
2302,2301,0000000c,00208463,0,00000000
2303,2302,00000010,fe000ce3,0,00000000
2304,2303,00000008,00108093,1,00000300
2305,2304,0000000c,00208463,0,00000000
2306,2305,00000010,fe000ce3,0,00000000
2307,2306,00000008,00108093,1,00000301
2308,2307,0000000c,00208463,0,00000000
2309,2308,00000010,fe000ce3,0,00000000
2310,2309,00000008,00108093,1,00000302
2311,2310,0000000c,00208463,0,00000000
2312,2311,00000010,fe000ce3,0,00000000
2313,2312,00000008,00108093,1,00000303
2314,2313,0000000c,00208463,0,00000000
2315,2314,00000010,fe000ce3,0,00000000
2316,2315,00000008,00108093,1,00000304
2317,2316,0000000c,00208463,0,00000000
2318,2317,00000010,fe000ce3,0,00000000
2319,2318,00000008,00108093,1,00000305
2320,2319,0000000c,00208463,0,00000000
2321,2320,00000010,fe000ce3,0,00000000
2322,2321,00000008,00108093,1,00000306
2323,2322,0000000c,00208463,0,00000000
2324,2323,00000010,fe000ce3,0,00000000
2325,2324,00000008,00108093,1,00000307
2326,2325,0000000c,00208463,0,00000000
2327,2326,00000010,fe000ce3,0,00000000
2328,2327,00000008,00108093,1,00000308
2329,2328,0000000c,00208463,0,00000000
2330,2329,00000010,fe000ce3,0,00000000
2331,2330,00000008,00108093,1,00000309
2332,2331,0000000c,00208463,0,00000000
2333,2332,00000010,fe000ce3,0,00000000
2334,2333,00000008,00108093,1,0000030a
2335,2334,0000000c,00208463,0,00000000
2336,2335,00000010,fe000ce3,0,00000000
2337,2336,00000008,00108093,1,0000030b
2338,2337,0000000c,00208463,0,00000000
2339,2338,00000010,fe000ce3,0,00000000
2340,2339,00000008,00108093,1,0000030c
2341,2340,0000000c,00208463,0,00000000
2342,2341,00000010,fe000ce3,0,00000000
2343,2342,00000008,00108093,1,0000030d
2344,2343,0000000c,00208463,0,00000000
2345,2344,00000010,fe000ce3,0,00000000
2346,2345,00000008,00108093,1,0000030e
2347,2346,0000000c,00208463,0,00000000
2348,2347,00000010,fe000ce3,0,00000000
2349,2348,00000008,00108093,1,0000030f
2350,2349,0000000c,00208463,0,00000000
2351,2350,00000010,fe000ce3,0,00000000
2352,2351,00000008,00108093,1,00000310
2353,2352,0000000c,00208463,0,00000000
2354,2353,00000010,fe000ce3,0,00000000
2355,2354,00000008,00108093,1,00000311
2356,2355,0000000c,00208463,0,00000000
2357,2356,00000010,fe000ce3,0,00000000
2358,2357,00000008,00108093,1,00000312
2359,2358,0000000c,00208463,0,00000000
2360,2359,00000010,fe000ce3,0,00000000
2361,2360,00000008,00108093,1,00000313
2362,2361,0000000c,00208463,0,00000000
2363,2362,00000010,fe000ce3,0,00000000
2364,2363,00000008,00108093,1,00000314
2365,2364,0000000c,00208463,0,00000000
2366,2365,00000010,fe000ce3,0,00000000
2367,2366,00000008,00108093,1,00000315
2368,2367,0000000c,00208463,0,00000000
2369,2368,00000010,fe000ce3,0,00000000
2370,2369,00000008,00108093,1,00000316
2371,2370,0000000c,00208463,0,00000000
2372,2371,00000010,fe000ce3,0,00000000
2373,2372,00000008,00108093,1,00000317
2374,2373,0000000c,00208463,0,00000000
2375,2374,00000010,fe000ce3,0,00000000
2376,2375,00000008,00108093,1,00000318
2377,2376,0000000c,00208463,0,00000000
2378,2377,00000010,fe000ce3,0,00000000
2379,2378,00000008,00108093,1,00000319
2380,2379,0000000c,00208463,0,00000000
2381,2380,00000010,fe000ce3,0,00000000
2382,2381,00000008,00108093,1,0000031a
2383,2382,0000000c,00208463,0,00000000
2384,2383,00000010,fe000ce3,0,00000000
2385,2384,00000008,00108093,1,0000031b
2386,2385,0000000c,00208463,0,00000000
2387,2386,00000010,fe000ce3,0,00000000
2388,2387,00000008,00108093,1,0000031c
2389,2388,0000000c,00208463,0,00000000
2390,2389,00000010,fe000ce3,0,00000000
2391,2390,00000008,00108093,1,0000031d
2392,2391,0000000c,00208463,0,00000000
2393,2392,00000010,fe000ce3,0,00000000
2394,2393,00000008,00108093,1,0000031e
2395,2394,0000000c,00208463,0,00000000
2396,2395,00000010,fe000ce3,0,00000000
2397,2396,00000008,00108093,1,0000031f
2398,2397,0000000c,00208463,0,00000000
2399,2398,00000010,fe000ce3,0,00000000
2400,2399,00000008,00108093,1,00000320
2401,2400,0000000c,00208463,0,00000000
2402,2401,00000010,fe000ce3,0,00000000
2403,2402,00000008,00108093,1,00000321
2404,2403,0000000c,00208463,0,00000000
2405,2404,00000010,fe000ce3,0,00000000
2406,2405,00000008,00108093,1,00000322
2407,2406,0000000c,00208463,0,00000000
2408,2407,00000010,fe000ce3,0,00000000
2409,2408,00000008,00108093,1,00000323
2410,2409,0000000c,00208463,0,00000000
2411,2410,00000010,fe000ce3,0,00000000
2412,2411,00000008,00108093,1,00000324
2413,2412,0000000c,00208463,0,00000000
2414,2413,00000010,fe000ce3,0,00000000
2415,2414,00000008,00108093,1,00000325
2416,2415,0000000c,00208463,0,00000000
2417,2416,00000010,fe000ce3,0,00000000
2418,2417,00000008,00108093,1,00000326
2419,2418,0000000c,00208463,0,00000000
2420,2419,00000010,fe000ce3,0,00000000
2421,2420,00000008,00108093,1,00000327
2422,2421,0000000c,00208463,0,00000000
2423,2422,00000010,fe000ce3,0,00000000
2424,2423,00000008,00108093,1,00000328
2425,2424,0000000c,00208463,0,00000000
2426,2425,00000010,fe000ce3,0,00000000
2427,2426,00000008,00108093,1,00000329
2428,2427,0000000c,00208463,0,00000000
2429,2428,00000010,fe000ce3,0,00000000
2430,2429,00000008,00108093,1,0000032a
2431,2430,0000000c,00208463,0,00000000
2432,2431,00000010,fe000ce3,0,00000000
2433,2432,00000008,00108093,1,0000032b
2434,2433,0000000c,00208463,0,00000000
2435,2434,00000010,fe000ce3,0,00000000
2436,2435,00000008,00108093,1,0000032c
2437,2436,0000000c,00208463,0,00000000
2438,2437,00000010,fe000ce3,0,00000000
2439,2438,00000008,00108093,1,0000032d
2440,2439,0000000c,00208463,0,00000000
2441,2440,00000010,fe000ce3,0,00000000
2442,2441,00000008,00108093,1,0000032e
2443,2442,0000000c,00208463,0,00000000
2444,2443,00000010,fe000ce3,0,00000000
2445,2444,00000008,00108093,1,0000032f
2446,2445,0000000c,00208463,0,00000000
2447,2446,00000010,fe000ce3,0,00000000
2448,2447,00000008,00108093,1,00000330
2449,2448,0000000c,00208463,0,00000000
2450,2449,00000010,fe000ce3,0,00000000
2451,2450,00000008,00108093,1,00000331
2452,2451,0000000c,00208463,0,00000000
2453,2452,00000010,fe000ce3,0,00000000
2454,2453,00000008,00108093,1,00000332
2455,2454,0000000c,00208463,0,00000000
2456,2455,00000010,fe000ce3,0,00000000
2457,2456,00000008,00108093,1,00000333
2458,2457,0000000c,00208463,0,00000000
2459,2458,00000010,fe000ce3,0,00000000
2460,2459,00000008,00108093,1,00000334
2461,2460,0000000c,00208463,0,00000000
2462,2461,00000010,fe000ce3,0,00000000
2463,2462,00000008,00108093,1,00000335
2464,2463,0000000c,00208463,0,00000000
2465,2464,00000010,fe000ce3,0,00000000
2466,2465,00000008,00108093,1,00000336
2467,2466,0000000c,00208463,0,00000000
2468,2467,00000010,fe000ce3,0,00000000
2469,2468,00000008,00108093,1,00000337
2470,2469,0000000c,00208463,0,00000000
2471,2470,00000010,fe000ce3,0,00000000
2472,2471,00000008,00108093,1,00000338
2473,2472,0000000c,00208463,0,00000000
2474,2473,00000010,fe000ce3,0,00000000
2475,2474,00000008,00108093,1,00000339
2476,2475,0000000c,00208463,0,00000000
2477,2476,00000010,fe000ce3,0,00000000
2478,2477,00000008,00108093,1,0000033a
2479,2478,0000000c,00208463,0,00000000
2480,2479,00000010,fe000ce3,0,00000000
2481,2480,00000008,00108093,1,0000033b
2482,2481,0000000c,00208463,0,00000000
2483,2482,00000010,fe000ce3,0,00000000
2484,2483,00000008,00108093,1,0000033c
2485,2484,0000000c,00208463,0,00000000
2486,2485,00000010,fe000ce3,0,00000000
2487,2486,00000008,00108093,1,0000033d
2488,2487,0000000c,00208463,0,00000000
2489,2488,00000010,fe000ce3,0,00000000
2490,2489,00000008,00108093,1,0000033e
2491,2490,0000000c,00208463,0,00000000
2492,2491,00000010,fe000ce3,0,00000000
2493,2492,00000008,00108093,1,0000033f
2494,2493,0000000c,00208463,0,00000000
2495,2494,00000010,fe000ce3,0,00000000
2496,2495,00000008,00108093,1,00000340
2497,2496,0000000c,00208463,0,00000000
2498,2497,00000010,fe000ce3,0,00000000
2499,2498,00000008,00108093,1,00000341
2500,2499,0000000c,00208463,0,00000000
2501,2500,00000010,fe000ce3,0,00000000
2502,2501,00000008,00108093,1,00000342
2503,2502,0000000c,00208463,0,00000000
2504,2503,00000010,fe000ce3,0,00000000
2505,2504,00000008,00108093,1,00000343
2506,2505,0000000c,00208463,0,00000000
2507,2506,00000010,fe000ce3,0,00000000
2508,2507,00000008,00108093,1,00000344
2509,2508,0000000c,00208463,0,00000000
2510,2509,00000010,fe000ce3,0,00000000
2511,2510,00000008,00108093,1,00000345
2512,2511,0000000c,00208463,0,00000000
2513,2512,00000010,fe000ce3,0,00000000
2514,2513,00000008,00108093,1,00000346
2515,2514,0000000c,00208463,0,00000000
2516,2515,00000010,fe000ce3,0,00000000
2517,2516,00000008,00108093,1,00000347
2518,2517,0000000c,00208463,0,00000000
2519,2518,00000010,fe000ce3,0,00000000
2520,2519,00000008,00108093,1,00000348
2521,2520,0000000c,00208463,0,00000000
2522,2521,00000010,fe000ce3,0,00000000
2523,2522,00000008,00108093,1,00000349
2524,2523,0000000c,00208463,0,00000000
2525,2524,00000010,fe000ce3,0,00000000
2526,2525,00000008,00108093,1,0000034a
2527,2526,0000000c,00208463,0,00000000
2528,2527,00000010,fe000ce3,0,00000000
2529,2528,00000008,00108093,1,0000034b
2530,2529,0000000c,00208463,0,00000000
2531,2530,00000010,fe000ce3,0,00000000
2532,2531,00000008,00108093,1,0000034c
2533,2532,0000000c,00208463,0,00000000
2534,2533,00000010,fe000ce3,0,00000000
2535,2534,00000008,00108093,1,0000034d
2536,2535,0000000c,00208463,0,00000000
2537,2536,00000010,fe000ce3,0,00000000
2538,2537,00000008,00108093,1,0000034e
2539,2538,0000000c,00208463,0,00000000
2540,2539,00000010,fe000ce3,0,00000000
2541,2540,00000008,00108093,1,0000034f
2542,2541,0000000c,00208463,0,00000000
2543,2542,00000010,fe000ce3,0,00000000
2544,2543,00000008,00108093,1,00000350
2545,2544,0000000c,00208463,0,00000000
2546,2545,00000010,fe000ce3,0,00000000
2547,2546,00000008,00108093,1,00000351
2548,2547,0000000c,00208463,0,00000000
2549,2548,00000010,fe000ce3,0,00000000
2550,2549,00000008,00108093,1,00000352
2551,2550,0000000c,00208463,0,00000000
2552,2551,00000010,fe000ce3,0,00000000
2553,2552,00000008,00108093,1,00000353
2554,2553,0000000c,00208463,0,00000000
2555,2554,00000010,fe000ce3,0,00000000
2556,2555,00000008,00108093,1,00000354
2557,2556,0000000c,00208463,0,00000000
2558,2557,00000010,fe000ce3,0,00000000
2559,2558,00000008,00108093,1,00000355
2560,2559,0000000c,00208463,0,00000000
2561,2560,00000010,fe000ce3,0,00000000
2562,2561,00000008,00108093,1,00000356
2563,2562,0000000c,00208463,0,00000000
2564,2563,00000010,fe000ce3,0,00000000
2565,2564,00000008,00108093,1,00000357
2566,2565,0000000c,00208463,0,00000000
2567,2566,00000010,fe000ce3,0,00000000
2568,2567,00000008,00108093,1,00000358
2569,2568,0000000c,00208463,0,00000000
2570,2569,00000010,fe000ce3,0,00000000
2571,2570,00000008,00108093,1,00000359
2572,2571,0000000c,00208463,0,00000000
2573,2572,00000010,fe000ce3,0,00000000
2574,2573,00000008,00108093,1,0000035a
2575,2574,0000000c,00208463,0,00000000
2576,2575,00000010,fe000ce3,0,00000000
2577,2576,00000008,00108093,1,0000035b
2578,2577,0000000c,00208463,0,00000000
2579,2578,00000010,fe000ce3,0,00000000
2580,2579,00000008,00108093,1,0000035c
2581,2580,0000000c,00208463,0,00000000
2582,2581,00000010,fe000ce3,0,00000000
2583,2582,00000008,00108093,1,0000035d
2584,2583,0000000c,00208463,0,00000000
2585,2584,00000010,fe000ce3,0,00000000
2586,2585,00000008,00108093,1,0000035e
2587,2586,0000000c,00208463,0,00000000
2588,2587,00000010,fe000ce3,0,00000000
2589,2588,00000008,00108093,1,0000035f
2590,2589,0000000c,00208463,0,00000000
2591,2590,00000010,fe000ce3,0,00000000
2592,2591,00000008,00108093,1,00000360
2593,2592,0000000c,00208463,0,00000000
2594,2593,00000010,fe000ce3,0,00000000
2595,2594,00000008,00108093,1,00000361
2596,2595,0000000c,00208463,0,00000000
2597,2596,00000010,fe000ce3,0,00000000
2598,2597,00000008,00108093,1,00000362
2599,2598,0000000c,00208463,0,00000000
2600,2599,00000010,fe000ce3,0,00000000
2601,2600,00000008,00108093,1,00000363
2602,2601,0000000c,00208463,0,00000000
2603,2602,00000010,fe000ce3,0,00000000
2604,2603,00000008,00108093,1,00000364
2605,2604,0000000c,00208463,0,00000000
2606,2605,00000010,fe000ce3,0,00000000
2607,2606,00000008,00108093,1,00000365
2608,2607,0000000c,00208463,0,00000000
2609,2608,00000010,fe000ce3,0,00000000
2610,2609,00000008,00108093,1,00000366
2611,2610,0000000c,00208463,0,00000000
2612,2611,00000010,fe000ce3,0,00000000
2613,2612,00000008,00108093,1,00000367
2614,2613,0000000c,00208463,0,00000000
2615,2614,00000010,fe000ce3,0,00000000
2616,2615,00000008,00108093,1,00000368
2617,2616,0000000c,00208463,0,00000000
2618,2617,00000010,fe000ce3,0,00000000
2619,2618,00000008,00108093,1,00000369
2620,2619,0000000c,00208463,0,00000000
2621,2620,00000010,fe000ce3,0,00000000
2622,2621,00000008,00108093,1,0000036a
2623,2622,0000000c,00208463,0,00000000
2624,2623,00000010,fe000ce3,0,00000000
2625,2624,00000008,00108093,1,0000036b
2626,2625,0000000c,00208463,0,00000000
2627,2626,00000010,fe000ce3,0,00000000
2628,2627,00000008,00108093,1,0000036c
2629,2628,0000000c,00208463,0,00000000
2630,2629,00000010,fe000ce3,0,00000000
2631,2630,00000008,00108093,1,0000036d
2632,2631,0000000c,00208463,0,00000000
2633,2632,00000010,fe000ce3,0,00000000
2634,2633,00000008,00108093,1,0000036e
2635,2634,0000000c,00208463,0,00000000
2636,2635,00000010,fe000ce3,0,00000000
2637,2636,00000008,00108093,1,0000036f
2638,2637,0000000c,00208463,0,00000000
2639,2638,00000010,fe000ce3,0,00000000
2640,2639,00000008,00108093,1,00000370
2641,2640,0000000c,00208463,0,00000000
2642,2641,00000010,fe000ce3,0,00000000
2643,2642,00000008,00108093,1,00000371
2644,2643,0000000c,00208463,0,00000000
2645,2644,00000010,fe000ce3,0,00000000
2646,2645,00000008,00108093,1,00000372
2647,2646,0000000c,00208463,0,00000000
2648,2647,00000010,fe000ce3,0,00000000
2649,2648,00000008,00108093,1,00000373
2650,2649,0000000c,00208463,0,00000000
2651,2650,00000010,fe000ce3,0,00000000
2652,2651,00000008,00108093,1,00000374
2653,2652,0000000c,00208463,0,00000000
2654,2653,00000010,fe000ce3,0,00000000
2655,2654,00000008,00108093,1,00000375
2656,2655,0000000c,00208463,0,00000000
2657,2656,00000010,fe000ce3,0,00000000
2658,2657,00000008,00108093,1,00000376
2659,2658,0000000c,00208463,0,00000000
2660,2659,00000010,fe000ce3,0,00000000
2661,2660,00000008,00108093,1,00000377
2662,2661,0000000c,00208463,0,00000000
2663,2662,00000010,fe000ce3,0,00000000
2664,2663,00000008,00108093,1,00000378
2665,2664,0000000c,00208463,0,00000000
2666,2665,00000010,fe000ce3,0,00000000
2667,2666,00000008,00108093,1,00000379
2668,2667,0000000c,00208463,0,00000000
2669,2668,00000010,fe000ce3,0,00000000
2670,2669,00000008,00108093,1,0000037a
2671,2670,0000000c,00208463,0,00000000
2672,2671,00000010,fe000ce3,0,00000000
2673,2672,00000008,00108093,1,0000037b
2674,2673,0000000c,00208463,0,00000000
2675,2674,00000010,fe000ce3,0,00000000
2676,2675,00000008,00108093,1,0000037c
2677,2676,0000000c,00208463,0,00000000
2678,2677,00000010,fe000ce3,0,00000000
2679,2678,00000008,00108093,1,0000037d
2680,2679,0000000c,00208463,0,00000000
2681,2680,00000010,fe000ce3,0,00000000
2682,2681,00000008,00108093,1,0000037e
2683,2682,0000000c,00208463,0,00000000
2684,2683,00000010,fe000ce3,0,00000000
2685,2684,00000008,00108093,1,0000037f
2686,2685,0000000c,00208463,0,00000000
2687,2686,00000010,fe000ce3,0,00000000
2688,2687,00000008,00108093,1,00000380
2689,2688,0000000c,00208463,0,00000000
2690,2689,00000010,fe000ce3,0,00000000
2691,2690,00000008,00108093,1,00000381
2692,2691,0000000c,00208463,0,00000000
2693,2692,00000010,fe000ce3,0,00000000
2694,2693,00000008,00108093,1,00000382
2695,2694,0000000c,00208463,0,00000000
2696,2695,00000010,fe000ce3,0,00000000
2697,2696,00000008,00108093,1,00000383
2698,2697,0000000c,00208463,0,00000000
2699,2698,00000010,fe000ce3,0,00000000
2700,2699,00000008,00108093,1,00000384
2701,2700,0000000c,00208463,0,00000000
2702,2701,00000010,fe000ce3,0,00000000
2703,2702,00000008,00108093,1,00000385
2704,2703,0000000c,00208463,0,00000000
2705,2704,00000010,fe000ce3,0,00000000
2706,2705,00000008,00108093,1,00000386
2707,2706,0000000c,00208463,0,00000000
2708,2707,00000010,fe000ce3,0,00000000
2709,2708,00000008,00108093,1,00000387
2710,2709,0000000c,00208463,0,00000000
2711,2710,00000010,fe000ce3,0,00000000
2712,2711,00000008,00108093,1,00000388
2713,2712,0000000c,00208463,0,00000000
2714,2713,00000010,fe000ce3,0,00000000
2715,2714,00000008,00108093,1,00000389
2716,2715,0000000c,00208463,0,00000000
2717,2716,00000010,fe000ce3,0,00000000
2718,2717,00000008,00108093,1,0000038a
2719,2718,0000000c,00208463,0,00000000
2720,2719,00000010,fe000ce3,0,00000000
2721,2720,00000008,00108093,1,0000038b
2722,2721,0000000c,00208463,0,00000000
2723,2722,00000010,fe000ce3,0,00000000
2724,2723,00000008,00108093,1,0000038c
2725,2724,0000000c,00208463,0,00000000
2726,2725,00000010,fe000ce3,0,00000000
2727,2726,00000008,00108093,1,0000038d
2728,2727,0000000c,00208463,0,00000000
2729,2728,00000010,fe000ce3,0,00000000
2730,2729,00000008,00108093,1,0000038e
2731,2730,0000000c,00208463,0,00000000
2732,2731,00000010,fe000ce3,0,00000000
2733,2732,00000008,00108093,1,0000038f
2734,2733,0000000c,00208463,0,00000000
2735,2734,00000010,fe000ce3,0,00000000
2736,2735,00000008,00108093,1,00000390
2737,2736,0000000c,00208463,0,00000000
2738,2737,00000010,fe000ce3,0,00000000
2739,2738,00000008,00108093,1,00000391
2740,2739,0000000c,00208463,0,00000000
2741,2740,00000010,fe000ce3,0,00000000
2742,2741,00000008,00108093,1,00000392
2743,2742,0000000c,00208463,0,00000000
2744,2743,00000010,fe000ce3,0,00000000
2745,2744,00000008,00108093,1,00000393
2746,2745,0000000c,00208463,0,00000000
2747,2746,00000010,fe000ce3,0,00000000
2748,2747,00000008,00108093,1,00000394
2749,2748,0000000c,00208463,0,00000000
2750,2749,00000010,fe000ce3,0,00000000
2751,2750,00000008,00108093,1,00000395
2752,2751,0000000c,00208463,0,00000000
2753,2752,00000010,fe000ce3,0,00000000
2754,2753,00000008,00108093,1,00000396
2755,2754,0000000c,00208463,0,00000000
2756,2755,00000010,fe000ce3,0,00000000
2757,2756,00000008,00108093,1,00000397
2758,2757,0000000c,00208463,0,00000000
2759,2758,00000010,fe000ce3,0,00000000
2760,2759,00000008,00108093,1,00000398
2761,2760,0000000c,00208463,0,00000000
2762,2761,00000010,fe000ce3,0,00000000
2763,2762,00000008,00108093,1,00000399
2764,2763,0000000c,00208463,0,00000000
2765,2764,00000010,fe000ce3,0,00000000
2766,2765,00000008,00108093,1,0000039a
2767,2766,0000000c,00208463,0,00000000
2768,2767,00000010,fe000ce3,0,00000000
2769,2768,00000008,00108093,1,0000039b
2770,2769,0000000c,00208463,0,00000000
2771,2770,00000010,fe000ce3,0,00000000
2772,2771,00000008,00108093,1,0000039c
2773,2772,0000000c,00208463,0,00000000
2774,2773,00000010,fe000ce3,0,00000000
2775,2774,00000008,00108093,1,0000039d
2776,2775,0000000c,00208463,0,00000000
2777,2776,00000010,fe000ce3,0,00000000
2778,2777,00000008,00108093,1,0000039e
2779,2778,0000000c,00208463,0,00000000
2780,2779,00000010,fe000ce3,0,00000000
2781,2780,00000008,00108093,1,0000039f
2782,2781,0000000c,00208463,0,00000000
2783,2782,00000010,fe000ce3,0,00000000
2784,2783,00000008,00108093,1,000003a0
2785,2784,0000000c,00208463,0,00000000
2786,2785,00000010,fe000ce3,0,00000000
2787,2786,00000008,00108093,1,000003a1
2788,2787,0000000c,00208463,0,00000000
2789,2788,00000010,fe000ce3,0,00000000
2790,2789,00000008,00108093,1,000003a2
2791,2790,0000000c,00208463,0,00000000
2792,2791,00000010,fe000ce3,0,00000000
2793,2792,00000008,00108093,1,000003a3
2794,2793,0000000c,00208463,0,00000000
2795,2794,00000010,fe000ce3,0,00000000
2796,2795,00000008,00108093,1,000003a4
2797,2796,0000000c,00208463,0,00000000
2798,2797,00000010,fe000ce3,0,00000000
2799,2798,00000008,00108093,1,000003a5
2800,2799,0000000c,00208463,0,00000000
2801,2800,00000010,fe000ce3,0,00000000
2802,2801,00000008,00108093,1,000003a6
2803,2802,0000000c,00208463,0,00000000
2804,2803,00000010,fe000ce3,0,00000000
2805,2804,00000008,00108093,1,000003a7
2806,2805,0000000c,00208463,0,00000000
2807,2806,00000010,fe000ce3,0,00000000
2808,2807,00000008,00108093,1,000003a8
2809,2808,0000000c,00208463,0,00000000
2810,2809,00000010,fe000ce3,0,00000000
2811,2810,00000008,00108093,1,000003a9
2812,2811,0000000c,00208463,0,00000000
2813,2812,00000010,fe000ce3,0,00000000
2814,2813,00000008,00108093,1,000003aa
2815,2814,0000000c,00208463,0,00000000
2816,2815,00000010,fe000ce3,0,00000000
2817,2816,00000008,00108093,1,000003ab
2818,2817,0000000c,00208463,0,00000000
2819,2818,00000010,fe000ce3,0,00000000
2820,2819,00000008,00108093,1,000003ac
2821,2820,0000000c,00208463,0,00000000
2822,2821,00000010,fe000ce3,0,00000000
2823,2822,00000008,00108093,1,000003ad
2824,2823,0000000c,00208463,0,00000000
2825,2824,00000010,fe000ce3,0,00000000
2826,2825,00000008,00108093,1,000003ae
2827,2826,0000000c,00208463,0,00000000
2828,2827,00000010,fe000ce3,0,00000000
2829,2828,00000008,00108093,1,000003af
2830,2829,0000000c,00208463,0,00000000
2831,2830,00000010,fe000ce3,0,00000000
2832,2831,00000008,00108093,1,000003b0
2833,2832,0000000c,00208463,0,00000000
2834,2833,00000010,fe000ce3,0,00000000
2835,2834,00000008,00108093,1,000003b1
2836,2835,0000000c,00208463,0,00000000
2837,2836,00000010,fe000ce3,0,00000000
2838,2837,00000008,00108093,1,000003b2
2839,2838,0000000c,00208463,0,00000000
2840,2839,00000010,fe000ce3,0,00000000
2841,2840,00000008,00108093,1,000003b3
2842,2841,0000000c,00208463,0,00000000
2843,2842,00000010,fe000ce3,0,00000000
2844,2843,00000008,00108093,1,000003b4
2845,2844,0000000c,00208463,0,00000000
2846,2845,00000010,fe000ce3,0,00000000
2847,2846,00000008,00108093,1,000003b5
2848,2847,0000000c,00208463,0,00000000
2849,2848,00000010,fe000ce3,0,00000000
2850,2849,00000008,00108093,1,000003b6
2851,2850,0000000c,00208463,0,00000000
2852,2851,00000010,fe000ce3,0,00000000
2853,2852,00000008,00108093,1,000003b7
2854,2853,0000000c,00208463,0,00000000
2855,2854,00000010,fe000ce3,0,00000000
2856,2855,00000008,00108093,1,000003b8
2857,2856,0000000c,00208463,0,00000000
2858,2857,00000010,fe000ce3,0,00000000
2859,2858,00000008,00108093,1,000003b9
2860,2859,0000000c,00208463,0,00000000
2861,2860,00000010,fe000ce3,0,00000000
2862,2861,00000008,00108093,1,000003ba
2863,2862,0000000c,00208463,0,00000000
2864,2863,00000010,fe000ce3,0,00000000
2865,2864,00000008,00108093,1,000003bb
2866,2865,0000000c,00208463,0,00000000
2867,2866,00000010,fe000ce3,0,00000000
2868,2867,00000008,00108093,1,000003bc
2869,2868,0000000c,00208463,0,00000000
2870,2869,00000010,fe000ce3,0,00000000
2871,2870,00000008,00108093,1,000003bd
2872,2871,0000000c,00208463,0,00000000
2873,2872,00000010,fe000ce3,0,00000000
2874,2873,00000008,00108093,1,000003be
2875,2874,0000000c,00208463,0,00000000
2876,2875,00000010,fe000ce3,0,00000000
2877,2876,00000008,00108093,1,000003bf
2878,2877,0000000c,00208463,0,00000000
2879,2878,00000010,fe000ce3,0,00000000
2880,2879,00000008,00108093,1,000003c0
2881,2880,0000000c,00208463,0,00000000
2882,2881,00000010,fe000ce3,0,00000000
2883,2882,00000008,00108093,1,000003c1
2884,2883,0000000c,00208463,0,00000000
2885,2884,00000010,fe000ce3,0,00000000
2886,2885,00000008,00108093,1,000003c2
2887,2886,0000000c,00208463,0,00000000
2888,2887,00000010,fe000ce3,0,00000000
2889,2888,00000008,00108093,1,000003c3
2890,2889,0000000c,00208463,0,00000000
2891,2890,00000010,fe000ce3,0,00000000
2892,2891,00000008,00108093,1,000003c4
2893,2892,0000000c,00208463,0,00000000
2894,2893,00000010,fe000ce3,0,00000000
2895,2894,00000008,00108093,1,000003c5
2896,2895,0000000c,00208463,0,00000000
2897,2896,00000010,fe000ce3,0,00000000
2898,2897,00000008,00108093,1,000003c6
2899,2898,0000000c,00208463,0,00000000
2900,2899,00000010,fe000ce3,0,00000000
2901,2900,00000008,00108093,1,000003c7
2902,2901,0000000c,00208463,0,00000000
2903,2902,00000010,fe000ce3,0,00000000
2904,2903,00000008,00108093,1,000003c8
2905,2904,0000000c,00208463,0,00000000
2906,2905,00000010,fe000ce3,0,00000000
2907,2906,00000008,00108093,1,000003c9
2908,2907,0000000c,00208463,0,00000000
2909,2908,00000010,fe000ce3,0,00000000
2910,2909,00000008,00108093,1,000003ca
2911,2910,0000000c,00208463,0,00000000
2912,2911,00000010,fe000ce3,0,00000000
2913,2912,00000008,00108093,1,000003cb
2914,2913,0000000c,00208463,0,00000000
2915,2914,00000010,fe000ce3,0,00000000
2916,2915,00000008,00108093,1,000003cc
2917,2916,0000000c,00208463,0,00000000
2918,2917,00000010,fe000ce3,0,00000000
2919,2918,00000008,00108093,1,000003cd
2920,2919,0000000c,00208463,0,00000000
2921,2920,00000010,fe000ce3,0,00000000
2922,2921,00000008,00108093,1,000003ce
2923,2922,0000000c,00208463,0,00000000
2924,2923,00000010,fe000ce3,0,00000000
2925,2924,00000008,00108093,1,000003cf
2926,2925,0000000c,00208463,0,00000000
2927,2926,00000010,fe000ce3,0,00000000
2928,2927,00000008,00108093,1,000003d0
2929,2928,0000000c,00208463,0,00000000
2930,2929,00000010,fe000ce3,0,00000000
2931,2930,00000008,00108093,1,000003d1
2932,2931,0000000c,00208463,0,00000000
2933,2932,00000010,fe000ce3,0,00000000
2934,2933,00000008,00108093,1,000003d2
2935,2934,0000000c,00208463,0,00000000
2936,2935,00000010,fe000ce3,0,00000000
2937,2936,00000008,00108093,1,000003d3
2938,2937,0000000c,00208463,0,00000000
2939,2938,00000010,fe000ce3,0,00000000
2940,2939,00000008,00108093,1,000003d4
2941,2940,0000000c,00208463,0,00000000
2942,2941,00000010,fe000ce3,0,00000000
2943,2942,00000008,00108093,1,000003d5
2944,2943,0000000c,00208463,0,00000000
2945,2944,00000010,fe000ce3,0,00000000
2946,2945,00000008,00108093,1,000003d6
2947,2946,0000000c,00208463,0,00000000
2948,2947,00000010,fe000ce3,0,00000000
2949,2948,00000008,00108093,1,000003d7
2950,2949,0000000c,00208463,0,00000000
2951,2950,00000010,fe000ce3,0,00000000
2952,2951,00000008,00108093,1,000003d8
2953,2952,0000000c,00208463,0,00000000
2954,2953,00000010,fe000ce3,0,00000000
2955,2954,00000008,00108093,1,000003d9
2956,2955,0000000c,00208463,0,00000000
2957,2956,00000010,fe000ce3,0,00000000
2958,2957,00000008,00108093,1,000003da
2959,2958,0000000c,00208463,0,00000000
2960,2959,00000010,fe000ce3,0,00000000
2961,2960,00000008,00108093,1,000003db
2962,2961,0000000c,00208463,0,00000000
2963,2962,00000010,fe000ce3,0,00000000
2964,2963,00000008,00108093,1,000003dc
2965,2964,0000000c,00208463,0,00000000
2966,2965,00000010,fe000ce3,0,00000000
2967,2966,00000008,00108093,1,000003dd
2968,2967,0000000c,00208463,0,00000000
2969,2968,00000010,fe000ce3,0,00000000
2970,2969,00000008,00108093,1,000003de
2971,2970,0000000c,00208463,0,00000000
2972,2971,00000010,fe000ce3,0,00000000
2973,2972,00000008,00108093,1,000003df
2974,2973,0000000c,00208463,0,00000000
2975,2974,00000010,fe000ce3,0,00000000
2976,2975,00000008,00108093,1,000003e0
2977,2976,0000000c,00208463,0,00000000
2978,2977,00000010,fe000ce3,0,00000000
2979,2978,00000008,00108093,1,000003e1
2980,2979,0000000c,00208463,0,00000000
2981,2980,00000010,fe000ce3,0,00000000
2982,2981,00000008,00108093,1,000003e2
2983,2982,0000000c,00208463,0,00000000
2984,2983,00000010,fe000ce3,0,00000000
2985,2984,00000008,00108093,1,000003e3
2986,2985,0000000c,00208463,0,00000000
2987,2986,00000010,fe000ce3,0,00000000
2988,2987,00000008,00108093,1,000003e4
2989,2988,0000000c,00208463,0,00000000
2990,2989,00000010,fe000ce3,0,00000000
2991,2990,00000008,00108093,1,000003e5
2992,2991,0000000c,00208463,0,00000000
2993,2992,00000010,fe000ce3,0,00000000
2994,2993,00000008,00108093,1,000003e6
2995,2994,0000000c,00208463,0,00000000
2996,2995,00000010,fe000ce3,0,00000000
2997,2996,00000008,00108093,1,000003e7
2998,2997,0000000c,00208463,0,00000000
2999,2998,00000010,fe000ce3,0,00000000
3000,2999,00000008,00108093,1,000003e8
3001,3000,0000000c,00208463,0,00000000
3002,3001,00000010,fe000ce3,0,00000000
3003,3002,00000008,00108093,1,000003e9
3004,3003,0000000c,00208463,0,00000000
3005,3004,00000010,fe000ce3,0,00000000
3006,3005,00000008,00108093,1,000003ea
3007,3006,0000000c,00208463,0,00000000
3008,3007,00000010,fe000ce3,0,00000000
3009,3008,00000008,00108093,1,000003eb
3010,3009,0000000c,00208463,0,00000000
3011,3010,00000010,fe000ce3,0,00000000
3012,3011,00000008,00108093,1,000003ec
3013,3012,0000000c,00208463,0,00000000
3014,3013,00000010,fe000ce3,0,00000000
3015,3014,00000008,00108093,1,000003ed
3016,3015,0000000c,00208463,0,00000000
3017,3016,00000010,fe000ce3,0,00000000
3018,3017,00000008,00108093,1,000003ee
3019,3018,0000000c,00208463,0,00000000
3020,3019,00000010,fe000ce3,0,00000000
3021,3020,00000008,00108093,1,000003ef
3022,3021,0000000c,00208463,0,00000000
3023,3022,00000010,fe000ce3,0,00000000
3024,3023,00000008,00108093,1,000003f0
3025,3024,0000000c,00208463,0,00000000
3026,3025,00000010,fe000ce3,0,00000000
3027,3026,00000008,00108093,1,000003f1
3028,3027,0000000c,00208463,0,00000000
3029,3028,00000010,fe000ce3,0,00000000
3030,3029,00000008,00108093,1,000003f2
3031,3030,0000000c,00208463,0,00000000
3032,3031,00000010,fe000ce3,0,00000000
3033,3032,00000008,00108093,1,000003f3
3034,3033,0000000c,00208463,0,00000000
3035,3034,00000010,fe000ce3,0,00000000
3036,3035,00000008,00108093,1,000003f4
3037,3036,0000000c,00208463,0,00000000
3038,3037,00000010,fe000ce3,0,00000000
3039,3038,00000008,00108093,1,000003f5
3040,3039,0000000c,00208463,0,00000000
3041,3040,00000010,fe000ce3,0,00000000
3042,3041,00000008,00108093,1,000003f6
3043,3042,0000000c,00208463,0,00000000
3044,3043,00000010,fe000ce3,0,00000000
3045,3044,00000008,00108093,1,000003f7
3046,3045,0000000c,00208463,0,00000000
3047,3046,00000010,fe000ce3,0,00000000
3048,3047,00000008,00108093,1,000003f8
3049,3048,0000000c,00208463,0,00000000
3050,3049,00000010,fe000ce3,0,00000000
3051,3050,00000008,00108093,1,000003f9
3052,3051,0000000c,00208463,0,00000000
3053,3052,00000010,fe000ce3,0,00000000
3054,3053,00000008,00108093,1,000003fa
3055,3054,0000000c,00208463,0,00000000
3056,3055,00000010,fe000ce3,0,00000000
3057,3056,00000008,00108093,1,000003fb
3058,3057,0000000c,00208463,0,00000000
3059,3058,00000010,fe000ce3,0,00000000
3060,3059,00000008,00108093,1,000003fc
3061,3060,0000000c,00208463,0,00000000
3062,3061,00000010,fe000ce3,0,00000000
3063,3062,00000008,00108093,1,000003fd
3064,3063,0000000c,00208463,0,00000000
3065,3064,00000010,fe000ce3,0,00000000
3066,3065,00000008,00108093,1,000003fe
3067,3066,0000000c,00208463,0,00000000
3068,3067,00000010,fe000ce3,0,00000000
3069,3068,00000008,00108093,1,000003ff
3070,3069,0000000c,00208463,0,00000000
3071,3070,00000010,fe000ce3,0,00000000
3072,3071,00000008,00108093,1,00000400
3073,3072,0000000c,00208463,0,00000000
3074,3073,00000010,fe000ce3,0,00000000
3075,3074,00000008,00108093,1,00000401
3076,3075,0000000c,00208463,0,00000000
3077,3076,00000010,fe000ce3,0,00000000
3078,3077,00000008,00108093,1,00000402
3079,3078,0000000c,00208463,0,00000000
3080,3079,00000010,fe000ce3,0,00000000
3081,3080,00000008,00108093,1,00000403
3082,3081,0000000c,00208463,0,00000000
3083,3082,00000010,fe000ce3,0,00000000
3084,3083,00000008,00108093,1,00000404
3085,3084,0000000c,00208463,0,00000000
3086,3085,00000010,fe000ce3,0,00000000
3087,3086,00000008,00108093,1,00000405
3088,3087,0000000c,00208463,0,00000000
3089,3088,00000010,fe000ce3,0,00000000
3090,3089,00000008,00108093,1,00000406
3091,3090,0000000c,00208463,0,00000000
3092,3091,00000010,fe000ce3,0,00000000
3093,3092,00000008,00108093,1,00000407
3094,3093,0000000c,00208463,0,00000000
3095,3094,00000010,fe000ce3,0,00000000
3096,3095,00000008,00108093,1,00000408
3097,3096,0000000c,00208463,0,00000000
3098,3097,00000010,fe000ce3,0,00000000
3099,3098,00000008,00108093,1,00000409
3100,3099,0000000c,00208463,0,00000000
3101,3100,00000010,fe000ce3,0,00000000
3102,3101,00000008,00108093,1,0000040a
3103,3102,0000000c,00208463,0,00000000
3104,3103,00000010,fe000ce3,0,00000000
3105,3104,00000008,00108093,1,0000040b
3106,3105,0000000c,00208463,0,00000000
3107,3106,00000010,fe000ce3,0,00000000
3108,3107,00000008,00108093,1,0000040c
3109,3108,0000000c,00208463,0,00000000
3110,3109,00000010,fe000ce3,0,00000000
3111,3110,00000008,00108093,1,0000040d
3112,3111,0000000c,00208463,0,00000000
3113,3112,00000010,fe000ce3,0,00000000
3114,3113,00000008,00108093,1,0000040e
3115,3114,0000000c,00208463,0,00000000
3116,3115,00000010,fe000ce3,0,00000000
3117,3116,00000008,00108093,1,0000040f
3118,3117,0000000c,00208463,0,00000000
3119,3118,00000010,fe000ce3,0,00000000
3120,3119,00000008,00108093,1,00000410
3121,3120,0000000c,00208463,0,00000000
3122,3121,00000010,fe000ce3,0,00000000
3123,3122,00000008,00108093,1,00000411
3124,3123,0000000c,00208463,0,00000000
3125,3124,00000010,fe000ce3,0,00000000
3126,3125,00000008,00108093,1,00000412
3127,3126,0000000c,00208463,0,00000000
3128,3127,00000010,fe000ce3,0,00000000
3129,3128,00000008,00108093,1,00000413
3130,3129,0000000c,00208463,0,00000000
3131,3130,00000010,fe000ce3,0,00000000
3132,3131,00000008,00108093,1,00000414
3133,3132,0000000c,00208463,0,00000000
3134,3133,00000010,fe000ce3,0,00000000
3135,3134,00000008,00108093,1,00000415
3136,3135,0000000c,00208463,0,00000000
3137,3136,00000010,fe000ce3,0,00000000
3138,3137,00000008,00108093,1,00000416
3139,3138,0000000c,00208463,0,00000000
3140,3139,00000010,fe000ce3,0,00000000
3141,3140,00000008,00108093,1,00000417
3142,3141,0000000c,00208463,0,00000000
3143,3142,00000010,fe000ce3,0,00000000
3144,3143,00000008,00108093,1,00000418
3145,3144,0000000c,00208463,0,00000000
3146,3145,00000010,fe000ce3,0,00000000
3147,3146,00000008,00108093,1,00000419
3148,3147,0000000c,00208463,0,00000000
3149,3148,00000010,fe000ce3,0,00000000
3150,3149,00000008,00108093,1,0000041a
3151,3150,0000000c,00208463,0,00000000
3152,3151,00000010,fe000ce3,0,00000000
3153,3152,00000008,00108093,1,0000041b
3154,3153,0000000c,00208463,0,00000000
3155,3154,00000010,fe000ce3,0,00000000
3156,3155,00000008,00108093,1,0000041c
3157,3156,0000000c,00208463,0,00000000
3158,3157,00000010,fe000ce3,0,00000000
3159,3158,00000008,00108093,1,0000041d
3160,3159,0000000c,00208463,0,00000000
3161,3160,00000010,fe000ce3,0,00000000
3162,3161,00000008,00108093,1,0000041e
3163,3162,0000000c,00208463,0,00000000
3164,3163,00000010,fe000ce3,0,00000000
3165,3164,00000008,00108093,1,0000041f
3166,3165,0000000c,00208463,0,00000000
3167,3166,00000010,fe000ce3,0,00000000
3168,3167,00000008,00108093,1,00000420
3169,3168,0000000c,00208463,0,00000000
3170,3169,00000010,fe000ce3,0,00000000
3171,3170,00000008,00108093,1,00000421
3172,3171,0000000c,00208463,0,00000000
3173,3172,00000010,fe000ce3,0,00000000
3174,3173,00000008,00108093,1,00000422
3175,3174,0000000c,00208463,0,00000000
3176,3175,00000010,fe000ce3,0,00000000
3177,3176,00000008,00108093,1,00000423
3178,3177,0000000c,00208463,0,00000000
3179,3178,00000010,fe000ce3,0,00000000
3180,3179,00000008,00108093,1,00000424
3181,3180,0000000c,00208463,0,00000000
3182,3181,00000010,fe000ce3,0,00000000
3183,3182,00000008,00108093,1,00000425
3184,3183,0000000c,00208463,0,00000000
3185,3184,00000010,fe000ce3,0,00000000
3186,3185,00000008,00108093,1,00000426
3187,3186,0000000c,00208463,0,00000000
3188,3187,00000010,fe000ce3,0,00000000
3189,3188,00000008,00108093,1,00000427
3190,3189,0000000c,00208463,0,00000000
3191,3190,00000010,fe000ce3,0,00000000
3192,3191,00000008,00108093,1,00000428
3193,3192,0000000c,00208463,0,00000000
3194,3193,00000010,fe000ce3,0,00000000
3195,3194,00000008,00108093,1,00000429
3196,3195,0000000c,00208463,0,00000000
3197,3196,00000010,fe000ce3,0,00000000
3198,3197,00000008,00108093,1,0000042a
3199,3198,0000000c,00208463,0,00000000
3200,3199,00000010,fe000ce3,0,00000000
3201,3200,00000008,00108093,1,0000042b
3202,3201,0000000c,00208463,0,00000000
3203,3202,00000010,fe000ce3,0,00000000
3204,3203,00000008,00108093,1,0000042c
3205,3204,0000000c,00208463,0,00000000
3206,3205,00000010,fe000ce3,0,00000000
3207,3206,00000008,00108093,1,0000042d
3208,3207,0000000c,00208463,0,00000000
3209,3208,00000010,fe000ce3,0,00000000
3210,3209,00000008,00108093,1,0000042e
3211,3210,0000000c,00208463,0,00000000
3212,3211,00000010,fe000ce3,0,00000000
3213,3212,00000008,00108093,1,0000042f
3214,3213,0000000c,00208463,0,00000000
3215,3214,00000010,fe000ce3,0,00000000
3216,3215,00000008,00108093,1,00000430
3217,3216,0000000c,00208463,0,00000000
3218,3217,00000010,fe000ce3,0,00000000
3219,3218,00000008,00108093,1,00000431
3220,3219,0000000c,00208463,0,00000000
3221,3220,00000010,fe000ce3,0,00000000
3222,3221,00000008,00108093,1,00000432
3223,3222,0000000c,00208463,0,00000000
3224,3223,00000010,fe000ce3,0,00000000
3225,3224,00000008,00108093,1,00000433
3226,3225,0000000c,00208463,0,00000000
3227,3226,00000010,fe000ce3,0,00000000
3228,3227,00000008,00108093,1,00000434
3229,3228,0000000c,00208463,0,00000000
3230,3229,00000010,fe000ce3,0,00000000
3231,3230,00000008,00108093,1,00000435
3232,3231,0000000c,00208463,0,00000000
3233,3232,00000010,fe000ce3,0,00000000
3234,3233,00000008,00108093,1,00000436
3235,3234,0000000c,00208463,0,00000000
3236,3235,00000010,fe000ce3,0,00000000
3237,3236,00000008,00108093,1,00000437
3238,3237,0000000c,00208463,0,00000000
3239,3238,00000010,fe000ce3,0,00000000
3240,3239,00000008,00108093,1,00000438
3241,3240,0000000c,00208463,0,00000000
3242,3241,00000010,fe000ce3,0,00000000
3243,3242,00000008,00108093,1,00000439
3244,3243,0000000c,00208463,0,00000000
3245,3244,00000010,fe000ce3,0,00000000
3246,3245,00000008,00108093,1,0000043a
3247,3246,0000000c,00208463,0,00000000
3248,3247,00000010,fe000ce3,0,00000000
3249,3248,00000008,00108093,1,0000043b
3250,3249,0000000c,00208463,0,00000000
3251,3250,00000010,fe000ce3,0,00000000
3252,3251,00000008,00108093,1,0000043c
3253,3252,0000000c,00208463,0,00000000
3254,3253,00000010,fe000ce3,0,00000000
3255,3254,00000008,00108093,1,0000043d
3256,3255,0000000c,00208463,0,00000000
3257,3256,00000010,fe000ce3,0,00000000
3258,3257,00000008,00108093,1,0000043e
3259,3258,0000000c,00208463,0,00000000
3260,3259,00000010,fe000ce3,0,00000000
3261,3260,00000008,00108093,1,0000043f
3262,3261,0000000c,00208463,0,00000000
3263,3262,00000010,fe000ce3,0,00000000
3264,3263,00000008,00108093,1,00000440
3265,3264,0000000c,00208463,0,00000000
3266,3265,00000010,fe000ce3,0,00000000
3267,3266,00000008,00108093,1,00000441
3268,3267,0000000c,00208463,0,00000000
3269,3268,00000010,fe000ce3,0,00000000
3270,3269,00000008,00108093,1,00000442
3271,3270,0000000c,00208463,0,00000000
3272,3271,00000010,fe000ce3,0,00000000
3273,3272,00000008,00108093,1,00000443
3274,3273,0000000c,00208463,0,00000000
3275,3274,00000010,fe000ce3,0,00000000
3276,3275,00000008,00108093,1,00000444
3277,3276,0000000c,00208463,0,00000000
3278,3277,00000010,fe000ce3,0,00000000
3279,3278,00000008,00108093,1,00000445
3280,3279,0000000c,00208463,0,00000000
3281,3280,00000010,fe000ce3,0,00000000
3282,3281,00000008,00108093,1,00000446
3283,3282,0000000c,00208463,0,00000000
3284,3283,00000010,fe000ce3,0,00000000
3285,3284,00000008,00108093,1,00000447
3286,3285,0000000c,00208463,0,00000000
3287,3286,00000010,fe000ce3,0,00000000
3288,3287,00000008,00108093,1,00000448
3289,3288,0000000c,00208463,0,00000000
3290,3289,00000010,fe000ce3,0,00000000
3291,3290,00000008,00108093,1,00000449
3292,3291,0000000c,00208463,0,00000000
3293,3292,00000010,fe000ce3,0,00000000
3294,3293,00000008,00108093,1,0000044a
3295,3294,0000000c,00208463,0,00000000
3296,3295,00000010,fe000ce3,0,00000000
3297,3296,00000008,00108093,1,0000044b
3298,3297,0000000c,00208463,0,00000000
3299,3298,00000010,fe000ce3,0,00000000
3300,3299,00000008,00108093,1,0000044c
3301,3300,0000000c,00208463,0,00000000
3302,3301,00000010,fe000ce3,0,00000000
3303,3302,00000008,00108093,1,0000044d
3304,3303,0000000c,00208463,0,00000000
3305,3304,00000010,fe000ce3,0,00000000
3306,3305,00000008,00108093,1,0000044e
3307,3306,0000000c,00208463,0,00000000
3308,3307,00000010,fe000ce3,0,00000000
3309,3308,00000008,00108093,1,0000044f
3310,3309,0000000c,00208463,0,00000000
3311,3310,00000010,fe000ce3,0,00000000
3312,3311,00000008,00108093,1,00000450
3313,3312,0000000c,00208463,0,00000000
3314,3313,00000010,fe000ce3,0,00000000
3315,3314,00000008,00108093,1,00000451
3316,3315,0000000c,00208463,0,00000000
3317,3316,00000010,fe000ce3,0,00000000
3318,3317,00000008,00108093,1,00000452
3319,3318,0000000c,00208463,0,00000000
3320,3319,00000010,fe000ce3,0,00000000
3321,3320,00000008,00108093,1,00000453
3322,3321,0000000c,00208463,0,00000000
3323,3322,00000010,fe000ce3,0,00000000
3324,3323,00000008,00108093,1,00000454
3325,3324,0000000c,00208463,0,00000000
3326,3325,00000010,fe000ce3,0,00000000
3327,3326,00000008,00108093,1,00000455
3328,3327,0000000c,00208463,0,00000000
3329,3328,00000010,fe000ce3,0,00000000
3330,3329,00000008,00108093,1,00000456
3331,3330,0000000c,00208463,0,00000000
3332,3331,00000010,fe000ce3,0,00000000
3333,3332,00000008,00108093,1,00000457
3334,3333,0000000c,00208463,0,00000000
3335,3334,00000010,fe000ce3,0,00000000
3336,3335,00000008,00108093,1,00000458
3337,3336,0000000c,00208463,0,00000000
3338,3337,00000010,fe000ce3,0,00000000
3339,3338,00000008,00108093,1,00000459
3340,3339,0000000c,00208463,0,00000000
3341,3340,00000010,fe000ce3,0,00000000
3342,3341,00000008,00108093,1,0000045a
3343,3342,0000000c,00208463,0,00000000
3344,3343,00000010,fe000ce3,0,00000000
3345,3344,00000008,00108093,1,0000045b
3346,3345,0000000c,00208463,0,00000000
3347,3346,00000010,fe000ce3,0,00000000
3348,3347,00000008,00108093,1,0000045c
3349,3348,0000000c,00208463,0,00000000
3350,3349,00000010,fe000ce3,0,00000000
3351,3350,00000008,00108093,1,0000045d
3352,3351,0000000c,00208463,0,00000000
3353,3352,00000010,fe000ce3,0,00000000
3354,3353,00000008,00108093,1,0000045e
3355,3354,0000000c,00208463,0,00000000
3356,3355,00000010,fe000ce3,0,00000000
3357,3356,00000008,00108093,1,0000045f
3358,3357,0000000c,00208463,0,00000000
3359,3358,00000010,fe000ce3,0,00000000
3360,3359,00000008,00108093,1,00000460
3361,3360,0000000c,00208463,0,00000000
3362,3361,00000010,fe000ce3,0,00000000
3363,3362,00000008,00108093,1,00000461
3364,3363,0000000c,00208463,0,00000000
3365,3364,00000010,fe000ce3,0,00000000
3366,3365,00000008,00108093,1,00000462
3367,3366,0000000c,00208463,0,00000000
3368,3367,00000010,fe000ce3,0,00000000
3369,3368,00000008,00108093,1,00000463
3370,3369,0000000c,00208463,0,00000000
3371,3370,00000010,fe000ce3,0,00000000
3372,3371,00000008,00108093,1,00000464
3373,3372,0000000c,00208463,0,00000000
3374,3373,00000010,fe000ce3,0,00000000
3375,3374,00000008,00108093,1,00000465
3376,3375,0000000c,00208463,0,00000000
3377,3376,00000010,fe000ce3,0,00000000
3378,3377,00000008,00108093,1,00000466
3379,3378,0000000c,00208463,0,00000000
3380,3379,00000010,fe000ce3,0,00000000
3381,3380,00000008,00108093,1,00000467
3382,3381,0000000c,00208463,0,00000000
3383,3382,00000010,fe000ce3,0,00000000
3384,3383,00000008,00108093,1,00000468
3385,3384,0000000c,00208463,0,00000000
3386,3385,00000010,fe000ce3,0,00000000
3387,3386,00000008,00108093,1,00000469
3388,3387,0000000c,00208463,0,00000000
3389,3388,00000010,fe000ce3,0,00000000
3390,3389,00000008,00108093,1,0000046a
3391,3390,0000000c,00208463,0,00000000
3392,3391,00000010,fe000ce3,0,00000000
3393,3392,00000008,00108093,1,0000046b
3394,3393,0000000c,00208463,0,00000000
3395,3394,00000010,fe000ce3,0,00000000
3396,3395,00000008,00108093,1,0000046c
3397,3396,0000000c,00208463,0,00000000
3398,3397,00000010,fe000ce3,0,00000000
3399,3398,00000008,00108093,1,0000046d
3400,3399,0000000c,00208463,0,00000000
3401,3400,00000010,fe000ce3,0,00000000
3402,3401,00000008,00108093,1,0000046e
3403,3402,0000000c,00208463,0,00000000
3404,3403,00000010,fe000ce3,0,00000000
3405,3404,00000008,00108093,1,0000046f
3406,3405,0000000c,00208463,0,00000000
3407,3406,00000010,fe000ce3,0,00000000
3408,3407,00000008,00108093,1,00000470
3409,3408,0000000c,00208463,0,00000000
3410,3409,00000010,fe000ce3,0,00000000
3411,3410,00000008,00108093,1,00000471
3412,3411,0000000c,00208463,0,00000000
3413,3412,00000010,fe000ce3,0,00000000
3414,3413,00000008,00108093,1,00000472
3415,3414,0000000c,00208463,0,00000000
3416,3415,00000010,fe000ce3,0,00000000
3417,3416,00000008,00108093,1,00000473
3418,3417,0000000c,00208463,0,00000000
3419,3418,00000010,fe000ce3,0,00000000
3420,3419,00000008,00108093,1,00000474
3421,3420,0000000c,00208463,0,00000000
3422,3421,00000010,fe000ce3,0,00000000
3423,3422,00000008,00108093,1,00000475
3424,3423,0000000c,00208463,0,00000000
3425,3424,00000010,fe000ce3,0,00000000
3426,3425,00000008,00108093,1,00000476
3427,3426,0000000c,00208463,0,00000000
3428,3427,00000010,fe000ce3,0,00000000
3429,3428,00000008,00108093,1,00000477
3430,3429,0000000c,00208463,0,00000000
3431,3430,00000010,fe000ce3,0,00000000
3432,3431,00000008,00108093,1,00000478
3433,3432,0000000c,00208463,0,00000000
3434,3433,00000010,fe000ce3,0,00000000
3435,3434,00000008,00108093,1,00000479
3436,3435,0000000c,00208463,0,00000000
3437,3436,00000010,fe000ce3,0,00000000
3438,3437,00000008,00108093,1,0000047a
3439,3438,0000000c,00208463,0,00000000
3440,3439,00000010,fe000ce3,0,00000000
3441,3440,00000008,00108093,1,0000047b
3442,3441,0000000c,00208463,0,00000000
3443,3442,00000010,fe000ce3,0,00000000
3444,3443,00000008,00108093,1,0000047c
3445,3444,0000000c,00208463,0,00000000
3446,3445,00000010,fe000ce3,0,00000000
3447,3446,00000008,00108093,1,0000047d
3448,3447,0000000c,00208463,0,00000000
3449,3448,00000010,fe000ce3,0,00000000
3450,3449,00000008,00108093,1,0000047e
3451,3450,0000000c,00208463,0,00000000
3452,3451,00000010,fe000ce3,0,00000000
3453,3452,00000008,00108093,1,0000047f
3454,3453,0000000c,00208463,0,00000000
3455,3454,00000010,fe000ce3,0,00000000
3456,3455,00000008,00108093,1,00000480
3457,3456,0000000c,00208463,0,00000000
3458,3457,00000010,fe000ce3,0,00000000
3459,3458,00000008,00108093,1,00000481
3460,3459,0000000c,00208463,0,00000000
3461,3460,00000010,fe000ce3,0,00000000
3462,3461,00000008,00108093,1,00000482
3463,3462,0000000c,00208463,0,00000000
3464,3463,00000010,fe000ce3,0,00000000
3465,3464,00000008,00108093,1,00000483
3466,3465,0000000c,00208463,0,00000000
3467,3466,00000010,fe000ce3,0,00000000
3468,3467,00000008,00108093,1,00000484
3469,3468,0000000c,00208463,0,00000000
3470,3469,00000010,fe000ce3,0,00000000
3471,3470,00000008,00108093,1,00000485
3472,3471,0000000c,00208463,0,00000000
3473,3472,00000010,fe000ce3,0,00000000
3474,3473,00000008,00108093,1,00000486
3475,3474,0000000c,00208463,0,00000000
3476,3475,00000010,fe000ce3,0,00000000
3477,3476,00000008,00108093,1,00000487
3478,3477,0000000c,00208463,0,00000000
3479,3478,00000010,fe000ce3,0,00000000
3480,3479,00000008,00108093,1,00000488
3481,3480,0000000c,00208463,0,00000000
3482,3481,00000010,fe000ce3,0,00000000
3483,3482,00000008,00108093,1,00000489
3484,3483,0000000c,00208463,0,00000000
3485,3484,00000010,fe000ce3,0,00000000
3486,3485,00000008,00108093,1,0000048a
3487,3486,0000000c,00208463,0,00000000
3488,3487,00000010,fe000ce3,0,00000000
3489,3488,00000008,00108093,1,0000048b
3490,3489,0000000c,00208463,0,00000000
3491,3490,00000010,fe000ce3,0,00000000
3492,3491,00000008,00108093,1,0000048c
3493,3492,0000000c,00208463,0,00000000
3494,3493,00000010,fe000ce3,0,00000000
3495,3494,00000008,00108093,1,0000048d
3496,3495,0000000c,00208463,0,00000000
3497,3496,00000010,fe000ce3,0,00000000
3498,3497,00000008,00108093,1,0000048e
3499,3498,0000000c,00208463,0,00000000
3500,3499,00000010,fe000ce3,0,00000000
3501,3500,00000008,00108093,1,0000048f
3502,3501,0000000c,00208463,0,00000000
3503,3502,00000010,fe000ce3,0,00000000
3504,3503,00000008,00108093,1,00000490
3505,3504,0000000c,00208463,0,00000000
3506,3505,00000010,fe000ce3,0,00000000
3507,3506,00000008,00108093,1,00000491
3508,3507,0000000c,00208463,0,00000000
3509,3508,00000010,fe000ce3,0,00000000
3510,3509,00000008,00108093,1,00000492
3511,3510,0000000c,00208463,0,00000000
3512,3511,00000010,fe000ce3,0,00000000
3513,3512,00000008,00108093,1,00000493
3514,3513,0000000c,00208463,0,00000000
3515,3514,00000010,fe000ce3,0,00000000
3516,3515,00000008,00108093,1,00000494
3517,3516,0000000c,00208463,0,00000000
3518,3517,00000010,fe000ce3,0,00000000
3519,3518,00000008,00108093,1,00000495
3520,3519,0000000c,00208463,0,00000000
3521,3520,00000010,fe000ce3,0,00000000
3522,3521,00000008,00108093,1,00000496
3523,3522,0000000c,00208463,0,00000000
3524,3523,00000010,fe000ce3,0,00000000
3525,3524,00000008,00108093,1,00000497
3526,3525,0000000c,00208463,0,00000000
3527,3526,00000010,fe000ce3,0,00000000
3528,3527,00000008,00108093,1,00000498
3529,3528,0000000c,00208463,0,00000000
3530,3529,00000010,fe000ce3,0,00000000
3531,3530,00000008,00108093,1,00000499
3532,3531,0000000c,00208463,0,00000000
3533,3532,00000010,fe000ce3,0,00000000
3534,3533,00000008,00108093,1,0000049a
3535,3534,0000000c,00208463,0,00000000
3536,3535,00000010,fe000ce3,0,00000000
3537,3536,00000008,00108093,1,0000049b
3538,3537,0000000c,00208463,0,00000000
3539,3538,00000010,fe000ce3,0,00000000
3540,3539,00000008,00108093,1,0000049c
3541,3540,0000000c,00208463,0,00000000
3542,3541,00000010,fe000ce3,0,00000000
3543,3542,00000008,00108093,1,0000049d
3544,3543,0000000c,00208463,0,00000000
3545,3544,00000010,fe000ce3,0,00000000
3546,3545,00000008,00108093,1,0000049e
3547,3546,0000000c,00208463,0,00000000
3548,3547,00000010,fe000ce3,0,00000000
3549,3548,00000008,00108093,1,0000049f
3550,3549,0000000c,00208463,0,00000000
3551,3550,00000010,fe000ce3,0,00000000
3552,3551,00000008,00108093,1,000004a0
3553,3552,0000000c,00208463,0,00000000
3554,3553,00000010,fe000ce3,0,00000000
3555,3554,00000008,00108093,1,000004a1
3556,3555,0000000c,00208463,0,00000000
3557,3556,00000010,fe000ce3,0,00000000
3558,3557,00000008,00108093,1,000004a2
3559,3558,0000000c,00208463,0,00000000
3560,3559,00000010,fe000ce3,0,00000000
3561,3560,00000008,00108093,1,000004a3
3562,3561,0000000c,00208463,0,00000000
3563,3562,00000010,fe000ce3,0,00000000
3564,3563,00000008,00108093,1,000004a4
3565,3564,0000000c,00208463,0,00000000
3566,3565,00000010,fe000ce3,0,00000000
3567,3566,00000008,00108093,1,000004a5
3568,3567,0000000c,00208463,0,00000000
3569,3568,00000010,fe000ce3,0,00000000
3570,3569,00000008,00108093,1,000004a6
3571,3570,0000000c,00208463,0,00000000
3572,3571,00000010,fe000ce3,0,00000000
3573,3572,00000008,00108093,1,000004a7
3574,3573,0000000c,00208463,0,00000000
3575,3574,00000010,fe000ce3,0,00000000
3576,3575,00000008,00108093,1,000004a8
3577,3576,0000000c,00208463,0,00000000
3578,3577,00000010,fe000ce3,0,00000000
3579,3578,00000008,00108093,1,000004a9
3580,3579,0000000c,00208463,0,00000000
3581,3580,00000010,fe000ce3,0,00000000
3582,3581,00000008,00108093,1,000004aa
3583,3582,0000000c,00208463,0,00000000
3584,3583,00000010,fe000ce3,0,00000000
3585,3584,00000008,00108093,1,000004ab
3586,3585,0000000c,00208463,0,00000000
3587,3586,00000010,fe000ce3,0,00000000
3588,3587,00000008,00108093,1,000004ac
3589,3588,0000000c,00208463,0,00000000
3590,3589,00000010,fe000ce3,0,00000000
3591,3590,00000008,00108093,1,000004ad
3592,3591,0000000c,00208463,0,00000000
3593,3592,00000010,fe000ce3,0,00000000
3594,3593,00000008,00108093,1,000004ae
3595,3594,0000000c,00208463,0,00000000
3596,3595,00000010,fe000ce3,0,00000000
3597,3596,00000008,00108093,1,000004af
3598,3597,0000000c,00208463,0,00000000
3599,3598,00000010,fe000ce3,0,00000000
3600,3599,00000008,00108093,1,000004b0
3601,3600,0000000c,00208463,0,00000000
3602,3601,00000010,fe000ce3,0,00000000
3603,3602,00000008,00108093,1,000004b1
3604,3603,0000000c,00208463,0,00000000
3605,3604,00000010,fe000ce3,0,00000000
3606,3605,00000008,00108093,1,000004b2
3607,3606,0000000c,00208463,0,00000000
3608,3607,00000010,fe000ce3,0,00000000
3609,3608,00000008,00108093,1,000004b3
3610,3609,0000000c,00208463,0,00000000
3611,3610,00000010,fe000ce3,0,00000000
3612,3611,00000008,00108093,1,000004b4
3613,3612,0000000c,00208463,0,00000000
3614,3613,00000010,fe000ce3,0,00000000
3615,3614,00000008,00108093,1,000004b5
3616,3615,0000000c,00208463,0,00000000
3617,3616,00000010,fe000ce3,0,00000000
3618,3617,00000008,00108093,1,000004b6
3619,3618,0000000c,00208463,0,00000000
3620,3619,00000010,fe000ce3,0,00000000
3621,3620,00000008,00108093,1,000004b7
3622,3621,0000000c,00208463,0,00000000
3623,3622,00000010,fe000ce3,0,00000000
3624,3623,00000008,00108093,1,000004b8
3625,3624,0000000c,00208463,0,00000000
3626,3625,00000010,fe000ce3,0,00000000
3627,3626,00000008,00108093,1,000004b9
3628,3627,0000000c,00208463,0,00000000
3629,3628,00000010,fe000ce3,0,00000000
3630,3629,00000008,00108093,1,000004ba
3631,3630,0000000c,00208463,0,00000000
3632,3631,00000010,fe000ce3,0,00000000
3633,3632,00000008,00108093,1,000004bb
3634,3633,0000000c,00208463,0,00000000
3635,3634,00000010,fe000ce3,0,00000000
3636,3635,00000008,00108093,1,000004bc
3637,3636,0000000c,00208463,0,00000000
3638,3637,00000010,fe000ce3,0,00000000
3639,3638,00000008,00108093,1,000004bd
3640,3639,0000000c,00208463,0,00000000
3641,3640,00000010,fe000ce3,0,00000000
3642,3641,00000008,00108093,1,000004be
3643,3642,0000000c,00208463,0,00000000
3644,3643,00000010,fe000ce3,0,00000000
3645,3644,00000008,00108093,1,000004bf
3646,3645,0000000c,00208463,0,00000000
3647,3646,00000010,fe000ce3,0,00000000
3648,3647,00000008,00108093,1,000004c0
3649,3648,0000000c,00208463,0,00000000
3650,3649,00000010,fe000ce3,0,00000000
3651,3650,00000008,00108093,1,000004c1
3652,3651,0000000c,00208463,0,00000000
3653,3652,00000010,fe000ce3,0,00000000
3654,3653,00000008,00108093,1,000004c2
3655,3654,0000000c,00208463,0,00000000
3656,3655,00000010,fe000ce3,0,00000000
3657,3656,00000008,00108093,1,000004c3
3658,3657,0000000c,00208463,0,00000000
3659,3658,00000010,fe000ce3,0,00000000
3660,3659,00000008,00108093,1,000004c4
3661,3660,0000000c,00208463,0,00000000
3662,3661,00000010,fe000ce3,0,00000000
3663,3662,00000008,00108093,1,000004c5
3664,3663,0000000c,00208463,0,00000000
3665,3664,00000010,fe000ce3,0,00000000
3666,3665,00000008,00108093,1,000004c6
3667,3666,0000000c,00208463,0,00000000
3668,3667,00000010,fe000ce3,0,00000000
3669,3668,00000008,00108093,1,000004c7
3670,3669,0000000c,00208463,0,00000000
3671,3670,00000010,fe000ce3,0,00000000
3672,3671,00000008,00108093,1,000004c8
3673,3672,0000000c,00208463,0,00000000
3674,3673,00000010,fe000ce3,0,00000000
3675,3674,00000008,00108093,1,000004c9
3676,3675,0000000c,00208463,0,00000000
3677,3676,00000010,fe000ce3,0,00000000
3678,3677,00000008,00108093,1,000004ca
3679,3678,0000000c,00208463,0,00000000
3680,3679,00000010,fe000ce3,0,00000000
3681,3680,00000008,00108093,1,000004cb
3682,3681,0000000c,00208463,0,00000000
3683,3682,00000010,fe000ce3,0,00000000
3684,3683,00000008,00108093,1,000004cc
3685,3684,0000000c,00208463,0,00000000
3686,3685,00000010,fe000ce3,0,00000000
3687,3686,00000008,00108093,1,000004cd
3688,3687,0000000c,00208463,0,00000000
3689,3688,00000010,fe000ce3,0,00000000
3690,3689,00000008,00108093,1,000004ce
3691,3690,0000000c,00208463,0,00000000
3692,3691,00000010,fe000ce3,0,00000000
3693,3692,00000008,00108093,1,000004cf
3694,3693,0000000c,00208463,0,00000000
3695,3694,00000010,fe000ce3,0,00000000
3696,3695,00000008,00108093,1,000004d0
3697,3696,0000000c,00208463,0,00000000
3698,3697,00000010,fe000ce3,0,00000000
3699,3698,00000008,00108093,1,000004d1
3700,3699,0000000c,00208463,0,00000000
3701,3700,00000010,fe000ce3,0,00000000
3702,3701,00000008,00108093,1,000004d2
3703,3702,0000000c,00208463,0,00000000
3704,3703,00000010,fe000ce3,0,00000000
3705,3704,00000008,00108093,1,000004d3
3706,3705,0000000c,00208463,0,00000000
3707,3706,00000010,fe000ce3,0,00000000
3708,3707,00000008,00108093,1,000004d4
3709,3708,0000000c,00208463,0,00000000
3710,3709,00000010,fe000ce3,0,00000000
3711,3710,00000008,00108093,1,000004d5
3712,3711,0000000c,00208463,0,00000000
3713,3712,00000010,fe000ce3,0,00000000
3714,3713,00000008,00108093,1,000004d6
3715,3714,0000000c,00208463,0,00000000
3716,3715,00000010,fe000ce3,0,00000000
3717,3716,00000008,00108093,1,000004d7
3718,3717,0000000c,00208463,0,00000000
3719,3718,00000010,fe000ce3,0,00000000
3720,3719,00000008,00108093,1,000004d8
3721,3720,0000000c,00208463,0,00000000
3722,3721,00000010,fe000ce3,0,00000000
3723,3722,00000008,00108093,1,000004d9
3724,3723,0000000c,00208463,0,00000000
3725,3724,00000010,fe000ce3,0,00000000
3726,3725,00000008,00108093,1,000004da
3727,3726,0000000c,00208463,0,00000000
3728,3727,00000010,fe000ce3,0,00000000
3729,3728,00000008,00108093,1,000004db
3730,3729,0000000c,00208463,0,00000000
3731,3730,00000010,fe000ce3,0,00000000
3732,3731,00000008,00108093,1,000004dc
3733,3732,0000000c,00208463,0,00000000
3734,3733,00000010,fe000ce3,0,00000000
3735,3734,00000008,00108093,1,000004dd
3736,3735,0000000c,00208463,0,00000000
3737,3736,00000010,fe000ce3,0,00000000
3738,3737,00000008,00108093,1,000004de
3739,3738,0000000c,00208463,0,00000000
3740,3739,00000010,fe000ce3,0,00000000
3741,3740,00000008,00108093,1,000004df
3742,3741,0000000c,00208463,0,00000000
3743,3742,00000010,fe000ce3,0,00000000
3744,3743,00000008,00108093,1,000004e0
3745,3744,0000000c,00208463,0,00000000
3746,3745,00000010,fe000ce3,0,00000000
3747,3746,00000008,00108093,1,000004e1
3748,3747,0000000c,00208463,0,00000000
3749,3748,00000010,fe000ce3,0,00000000
3750,3749,00000008,00108093,1,000004e2
3751,3750,0000000c,00208463,0,00000000
3752,3751,00000010,fe000ce3,0,00000000
3753,3752,00000008,00108093,1,000004e3
3754,3753,0000000c,00208463,0,00000000
3755,3754,00000010,fe000ce3,0,00000000
3756,3755,00000008,00108093,1,000004e4
3757,3756,0000000c,00208463,0,00000000
3758,3757,00000010,fe000ce3,0,00000000
3759,3758,00000008,00108093,1,000004e5
3760,3759,0000000c,00208463,0,00000000
3761,3760,00000010,fe000ce3,0,00000000
3762,3761,00000008,00108093,1,000004e6
3763,3762,0000000c,00208463,0,00000000
3764,3763,00000010,fe000ce3,0,00000000
3765,3764,00000008,00108093,1,000004e7
3766,3765,0000000c,00208463,0,00000000
3767,3766,00000010,fe000ce3,0,00000000
3768,3767,00000008,00108093,1,000004e8
3769,3768,0000000c,00208463,0,00000000
3770,3769,00000010,fe000ce3,0,00000000
3771,3770,00000008,00108093,1,000004e9
3772,3771,0000000c,00208463,0,00000000
3773,3772,00000010,fe000ce3,0,00000000
3774,3773,00000008,00108093,1,000004ea
3775,3774,0000000c,00208463,0,00000000
3776,3775,00000010,fe000ce3,0,00000000
3777,3776,00000008,00108093,1,000004eb
3778,3777,0000000c,00208463,0,00000000
3779,3778,00000010,fe000ce3,0,00000000
3780,3779,00000008,00108093,1,000004ec
3781,3780,0000000c,00208463,0,00000000
3782,3781,00000010,fe000ce3,0,00000000
3783,3782,00000008,00108093,1,000004ed
3784,3783,0000000c,00208463,0,00000000
3785,3784,00000010,fe000ce3,0,00000000
3786,3785,00000008,00108093,1,000004ee
3787,3786,0000000c,00208463,0,00000000
3788,3787,00000010,fe000ce3,0,00000000
3789,3788,00000008,00108093,1,000004ef
3790,3789,0000000c,00208463,0,00000000
3791,3790,00000010,fe000ce3,0,00000000
3792,3791,00000008,00108093,1,000004f0
3793,3792,0000000c,00208463,0,00000000
3794,3793,00000010,fe000ce3,0,00000000
3795,3794,00000008,00108093,1,000004f1
3796,3795,0000000c,00208463,0,00000000
3797,3796,00000010,fe000ce3,0,00000000
3798,3797,00000008,00108093,1,000004f2
3799,3798,0000000c,00208463,0,00000000
3800,3799,00000010,fe000ce3,0,00000000
3801,3800,00000008,00108093,1,000004f3
3802,3801,0000000c,00208463,0,00000000
3803,3802,00000010,fe000ce3,0,00000000
3804,3803,00000008,00108093,1,000004f4
3805,3804,0000000c,00208463,0,00000000
3806,3805,00000010,fe000ce3,0,00000000
3807,3806,00000008,00108093,1,000004f5
3808,3807,0000000c,00208463,0,00000000
3809,3808,00000010,fe000ce3,0,00000000
3810,3809,00000008,00108093,1,000004f6
3811,3810,0000000c,00208463,0,00000000
3812,3811,00000010,fe000ce3,0,00000000
3813,3812,00000008,00108093,1,000004f7
3814,3813,0000000c,00208463,0,00000000
3815,3814,00000010,fe000ce3,0,00000000
3816,3815,00000008,00108093,1,000004f8
3817,3816,0000000c,00208463,0,00000000
3818,3817,00000010,fe000ce3,0,00000000
3819,3818,00000008,00108093,1,000004f9
3820,3819,0000000c,00208463,0,00000000
3821,3820,00000010,fe000ce3,0,00000000
3822,3821,00000008,00108093,1,000004fa
3823,3822,0000000c,00208463,0,00000000
3824,3823,00000010,fe000ce3,0,00000000
3825,3824,00000008,00108093,1,000004fb
3826,3825,0000000c,00208463,0,00000000
3827,3826,00000010,fe000ce3,0,00000000
3828,3827,00000008,00108093,1,000004fc
3829,3828,0000000c,00208463,0,00000000
3830,3829,00000010,fe000ce3,0,00000000
3831,3830,00000008,00108093,1,000004fd
3832,3831,0000000c,00208463,0,00000000
3833,3832,00000010,fe000ce3,0,00000000
3834,3833,00000008,00108093,1,000004fe
3835,3834,0000000c,00208463,0,00000000
3836,3835,00000010,fe000ce3,0,00000000
3837,3836,00000008,00108093,1,000004ff
3838,3837,0000000c,00208463,0,00000000
3839,3838,00000010,fe000ce3,0,00000000
3840,3839,00000008,00108093,1,00000500
3841,3840,0000000c,00208463,0,00000000
3842,3841,00000010,fe000ce3,0,00000000
3843,3842,00000008,00108093,1,00000501
3844,3843,0000000c,00208463,0,00000000
3845,3844,00000010,fe000ce3,0,00000000
3846,3845,00000008,00108093,1,00000502
3847,3846,0000000c,00208463,0,00000000
3848,3847,00000010,fe000ce3,0,00000000
3849,3848,00000008,00108093,1,00000503
3850,3849,0000000c,00208463,0,00000000
3851,3850,00000010,fe000ce3,0,00000000
3852,3851,00000008,00108093,1,00000504
3853,3852,0000000c,00208463,0,00000000
3854,3853,00000010,fe000ce3,0,00000000
3855,3854,00000008,00108093,1,00000505
3856,3855,0000000c,00208463,0,00000000
3857,3856,00000010,fe000ce3,0,00000000
3858,3857,00000008,00108093,1,00000506
3859,3858,0000000c,00208463,0,00000000
3860,3859,00000010,fe000ce3,0,00000000
3861,3860,00000008,00108093,1,00000507
3862,3861,0000000c,00208463,0,00000000
3863,3862,00000010,fe000ce3,0,00000000
3864,3863,00000008,00108093,1,00000508
3865,3864,0000000c,00208463,0,00000000
3866,3865,00000010,fe000ce3,0,00000000
3867,3866,00000008,00108093,1,00000509
3868,3867,0000000c,00208463,0,00000000
3869,3868,00000010,fe000ce3,0,00000000
3870,3869,00000008,00108093,1,0000050a
3871,3870,0000000c,00208463,0,00000000
3872,3871,00000010,fe000ce3,0,00000000
3873,3872,00000008,00108093,1,0000050b
3874,3873,0000000c,00208463,0,00000000
3875,3874,00000010,fe000ce3,0,00000000
3876,3875,00000008,00108093,1,0000050c
3877,3876,0000000c,00208463,0,00000000
3878,3877,00000010,fe000ce3,0,00000000
3879,3878,00000008,00108093,1,0000050d
3880,3879,0000000c,00208463,0,00000000
3881,3880,00000010,fe000ce3,0,00000000
3882,3881,00000008,00108093,1,0000050e
3883,3882,0000000c,00208463,0,00000000
3884,3883,00000010,fe000ce3,0,00000000
3885,3884,00000008,00108093,1,0000050f
3886,3885,0000000c,00208463,0,00000000
3887,3886,00000010,fe000ce3,0,00000000
3888,3887,00000008,00108093,1,00000510
3889,3888,0000000c,00208463,0,00000000
3890,3889,00000010,fe000ce3,0,00000000
3891,3890,00000008,00108093,1,00000511
3892,3891,0000000c,00208463,0,00000000
3893,3892,00000010,fe000ce3,0,00000000
3894,3893,00000008,00108093,1,00000512
3895,3894,0000000c,00208463,0,00000000
3896,3895,00000010,fe000ce3,0,00000000
3897,3896,00000008,00108093,1,00000513
3898,3897,0000000c,00208463,0,00000000
3899,3898,00000010,fe000ce3,0,00000000
3900,3899,00000008,00108093,1,00000514
3901,3900,0000000c,00208463,0,00000000
3902,3901,00000010,fe000ce3,0,00000000
3903,3902,00000008,00108093,1,00000515
3904,3903,0000000c,00208463,0,00000000
3905,3904,00000010,fe000ce3,0,00000000
3906,3905,00000008,00108093,1,00000516
3907,3906,0000000c,00208463,0,00000000
3908,3907,00000010,fe000ce3,0,00000000
3909,3908,00000008,00108093,1,00000517
3910,3909,0000000c,00208463,0,00000000
3911,3910,00000010,fe000ce3,0,00000000
3912,3911,00000008,00108093,1,00000518
3913,3912,0000000c,00208463,0,00000000
3914,3913,00000010,fe000ce3,0,00000000
3915,3914,00000008,00108093,1,00000519
3916,3915,0000000c,00208463,0,00000000
3917,3916,00000010,fe000ce3,0,00000000
3918,3917,00000008,00108093,1,0000051a
3919,3918,0000000c,00208463,0,00000000
3920,3919,00000010,fe000ce3,0,00000000
3921,3920,00000008,00108093,1,0000051b
3922,3921,0000000c,00208463,0,00000000
3923,3922,00000010,fe000ce3,0,00000000
3924,3923,00000008,00108093,1,0000051c
3925,3924,0000000c,00208463,0,00000000
3926,3925,00000010,fe000ce3,0,00000000
3927,3926,00000008,00108093,1,0000051d
3928,3927,0000000c,00208463,0,00000000
3929,3928,00000010,fe000ce3,0,00000000
3930,3929,00000008,00108093,1,0000051e
3931,3930,0000000c,00208463,0,00000000
3932,3931,00000010,fe000ce3,0,00000000
3933,3932,00000008,00108093,1,0000051f
3934,3933,0000000c,00208463,0,00000000
3935,3934,00000010,fe000ce3,0,00000000
3936,3935,00000008,00108093,1,00000520
3937,3936,0000000c,00208463,0,00000000
3938,3937,00000010,fe000ce3,0,00000000
3939,3938,00000008,00108093,1,00000521
3940,3939,0000000c,00208463,0,00000000
3941,3940,00000010,fe000ce3,0,00000000
3942,3941,00000008,00108093,1,00000522
3943,3942,0000000c,00208463,0,00000000
3944,3943,00000010,fe000ce3,0,00000000
3945,3944,00000008,00108093,1,00000523
3946,3945,0000000c,00208463,0,00000000
3947,3946,00000010,fe000ce3,0,00000000
3948,3947,00000008,00108093,1,00000524
3949,3948,0000000c,00208463,0,00000000
3950,3949,00000010,fe000ce3,0,00000000
3951,3950,00000008,00108093,1,00000525
3952,3951,0000000c,00208463,0,00000000
3953,3952,00000010,fe000ce3,0,00000000
3954,3953,00000008,00108093,1,00000526
3955,3954,0000000c,00208463,0,00000000
3956,3955,00000010,fe000ce3,0,00000000
3957,3956,00000008,00108093,1,00000527
3958,3957,0000000c,00208463,0,00000000
3959,3958,00000010,fe000ce3,0,00000000
3960,3959,00000008,00108093,1,00000528
3961,3960,0000000c,00208463,0,00000000
3962,3961,00000010,fe000ce3,0,00000000
3963,3962,00000008,00108093,1,00000529
3964,3963,0000000c,00208463,0,00000000
3965,3964,00000010,fe000ce3,0,00000000
3966,3965,00000008,00108093,1,0000052a
3967,3966,0000000c,00208463,0,00000000
3968,3967,00000010,fe000ce3,0,00000000
3969,3968,00000008,00108093,1,0000052b
3970,3969,0000000c,00208463,0,00000000
3971,3970,00000010,fe000ce3,0,00000000
3972,3971,00000008,00108093,1,0000052c
3973,3972,0000000c,00208463,0,00000000
3974,3973,00000010,fe000ce3,0,00000000
3975,3974,00000008,00108093,1,0000052d
3976,3975,0000000c,00208463,0,00000000
3977,3976,00000010,fe000ce3,0,00000000
3978,3977,00000008,00108093,1,0000052e
3979,3978,0000000c,00208463,0,00000000
3980,3979,00000010,fe000ce3,0,00000000
3981,3980,00000008,00108093,1,0000052f
3982,3981,0000000c,00208463,0,00000000
3983,3982,00000010,fe000ce3,0,00000000
3984,3983,00000008,00108093,1,00000530
3985,3984,0000000c,00208463,0,00000000
3986,3985,00000010,fe000ce3,0,00000000
3987,3986,00000008,00108093,1,00000531
3988,3987,0000000c,00208463,0,00000000
3989,3988,00000010,fe000ce3,0,00000000
3990,3989,00000008,00108093,1,00000532
3991,3990,0000000c,00208463,0,00000000
3992,3991,00000010,fe000ce3,0,00000000
3993,3992,00000008,00108093,1,00000533
3994,3993,0000000c,00208463,0,00000000
3995,3994,00000010,fe000ce3,0,00000000
3996,3995,00000008,00108093,1,00000534
3997,3996,0000000c,00208463,0,00000000
3998,3997,00000010,fe000ce3,0,00000000
3999,3998,00000008,00108093,1,00000535
4000,3999,0000000c,00208463,0,00000000
4001,4000,00000010,fe000ce3,0,00000000
4002,4001,00000008,00108093,1,00000536
4003,4002,0000000c,00208463,0,00000000
4004,4003,00000010,fe000ce3,0,00000000
4005,4004,00000008,00108093,1,00000537
4006,4005,0000000c,00208463,0,00000000
4007,4006,00000010,fe000ce3,0,00000000
4008,4007,00000008,00108093,1,00000538
4009,4008,0000000c,00208463,0,00000000
4010,4009,00000010,fe000ce3,0,00000000
4011,4010,00000008,00108093,1,00000539
4012,4011,0000000c,00208463,0,00000000
4013,4012,00000010,fe000ce3,0,00000000
4014,4013,00000008,00108093,1,0000053a
4015,4014,0000000c,00208463,0,00000000
4016,4015,00000010,fe000ce3,0,00000000
4017,4016,00000008,00108093,1,0000053b
4018,4017,0000000c,00208463,0,00000000
4019,4018,00000010,fe000ce3,0,00000000
4020,4019,00000008,00108093,1,0000053c
4021,4020,0000000c,00208463,0,00000000
4022,4021,00000010,fe000ce3,0,00000000
4023,4022,00000008,00108093,1,0000053d
4024,4023,0000000c,00208463,0,00000000
4025,4024,00000010,fe000ce3,0,00000000
4026,4025,00000008,00108093,1,0000053e
4027,4026,0000000c,00208463,0,00000000
4028,4027,00000010,fe000ce3,0,00000000
4029,4028,00000008,00108093,1,0000053f
4030,4029,0000000c,00208463,0,00000000
4031,4030,00000010,fe000ce3,0,00000000
4032,4031,00000008,00108093,1,00000540
4033,4032,0000000c,00208463,0,00000000
4034,4033,00000010,fe000ce3,0,00000000
4035,4034,00000008,00108093,1,00000541
4036,4035,0000000c,00208463,0,00000000
4037,4036,00000010,fe000ce3,0,00000000
4038,4037,00000008,00108093,1,00000542
4039,4038,0000000c,00208463,0,00000000
4040,4039,00000010,fe000ce3,0,00000000
4041,4040,00000008,00108093,1,00000543
4042,4041,0000000c,00208463,0,00000000
4043,4042,00000010,fe000ce3,0,00000000
4044,4043,00000008,00108093,1,00000544
4045,4044,0000000c,00208463,0,00000000
4046,4045,00000010,fe000ce3,0,00000000
4047,4046,00000008,00108093,1,00000545
4048,4047,0000000c,00208463,0,00000000
4049,4048,00000010,fe000ce3,0,00000000
4050,4049,00000008,00108093,1,00000546
4051,4050,0000000c,00208463,0,00000000
4052,4051,00000010,fe000ce3,0,00000000
4053,4052,00000008,00108093,1,00000547
4054,4053,0000000c,00208463,0,00000000
4055,4054,00000010,fe000ce3,0,00000000
4056,4055,00000008,00108093,1,00000548
4057,4056,0000000c,00208463,0,00000000
4058,4057,00000010,fe000ce3,0,00000000
4059,4058,00000008,00108093,1,00000549
4060,4059,0000000c,00208463,0,00000000
4061,4060,00000010,fe000ce3,0,00000000
4062,4061,00000008,00108093,1,0000054a
4063,4062,0000000c,00208463,0,00000000
4064,4063,00000010,fe000ce3,0,00000000
4065,4064,00000008,00108093,1,0000054b
4066,4065,0000000c,00208463,0,00000000
4067,4066,00000010,fe000ce3,0,00000000
4068,4067,00000008,00108093,1,0000054c
4069,4068,0000000c,00208463,0,00000000
4070,4069,00000010,fe000ce3,0,00000000
4071,4070,00000008,00108093,1,0000054d
4072,4071,0000000c,00208463,0,00000000
4073,4072,00000010,fe000ce3,0,00000000
4074,4073,00000008,00108093,1,0000054e
4075,4074,0000000c,00208463,0,00000000
4076,4075,00000010,fe000ce3,0,00000000
4077,4076,00000008,00108093,1,0000054f
4078,4077,0000000c,00208463,0,00000000
4079,4078,00000010,fe000ce3,0,00000000
4080,4079,00000008,00108093,1,00000550
4081,4080,0000000c,00208463,0,00000000
4082,4081,00000010,fe000ce3,0,00000000
4083,4082,00000008,00108093,1,00000551
4084,4083,0000000c,00208463,0,00000000
4085,4084,00000010,fe000ce3,0,00000000
4086,4085,00000008,00108093,1,00000552
4087,4086,0000000c,00208463,0,00000000
4088,4087,00000010,fe000ce3,0,00000000
4089,4088,00000008,00108093,1,00000553
4090,4089,0000000c,00208463,0,00000000
4091,4090,00000010,fe000ce3,0,00000000
4092,4091,00000008,00108093,1,00000554
4093,4092,0000000c,00208463,0,00000000
4094,4093,00000010,fe000ce3,0,00000000
4095,4094,00000008,00108093,1,00000555
4096,4095,0000000c,00208463,0,00000000
4097,4096,00000010,fe000ce3,0,00000000
4098,4097,00000008,00108093,1,00000556
4099,4098,0000000c,00208463,0,00000000
4100,4099,00000010,fe000ce3,0,00000000
4101,4100,00000008,00108093,1,00000557
4102,4101,0000000c,00208463,0,00000000
4103,4102,00000010,fe000ce3,0,00000000
4104,4103,00000008,00108093,1,00000558
4105,4104,0000000c,00208463,0,00000000
4106,4105,00000010,fe000ce3,0,00000000
4107,4106,00000008,00108093,1,00000559
4108,4107,0000000c,00208463,0,00000000
4109,4108,00000010,fe000ce3,0,00000000
4110,4109,00000008,00108093,1,0000055a
4111,4110,0000000c,00208463,0,00000000
4112,4111,00000010,fe000ce3,0,00000000
4113,4112,00000008,00108093,1,0000055b
4114,4113,0000000c,00208463,0,00000000
4115,4114,00000010,fe000ce3,0,00000000
4116,4115,00000008,00108093,1,0000055c
4117,4116,0000000c,00208463,0,00000000
4118,4117,00000010,fe000ce3,0,00000000
4119,4118,00000008,00108093,1,0000055d
4120,4119,0000000c,00208463,0,00000000
4121,4120,00000010,fe000ce3,0,00000000
4122,4121,00000008,00108093,1,0000055e
4123,4122,0000000c,00208463,0,00000000
4124,4123,00000010,fe000ce3,0,00000000
4125,4124,00000008,00108093,1,0000055f
4126,4125,0000000c,00208463,0,00000000
4127,4126,00000010,fe000ce3,0,00000000
4128,4127,00000008,00108093,1,00000560
4129,4128,0000000c,00208463,0,00000000
4130,4129,00000010,fe000ce3,0,00000000
4131,4130,00000008,00108093,1,00000561
4132,4131,0000000c,00208463,0,00000000
4133,4132,00000010,fe000ce3,0,00000000
4134,4133,00000008,00108093,1,00000562
4135,4134,0000000c,00208463,0,00000000
4136,4135,00000010,fe000ce3,0,00000000
4137,4136,00000008,00108093,1,00000563
4138,4137,0000000c,00208463,0,00000000
4139,4138,00000010,fe000ce3,0,00000000
4140,4139,00000008,00108093,1,00000564
4141,4140,0000000c,00208463,0,00000000
4142,4141,00000010,fe000ce3,0,00000000
4143,4142,00000008,00108093,1,00000565
4144,4143,0000000c,00208463,0,00000000
4145,4144,00000010,fe000ce3,0,00000000
4146,4145,00000008,00108093,1,00000566
4147,4146,0000000c,00208463,0,00000000
4148,4147,00000010,fe000ce3,0,00000000
4149,4148,00000008,00108093,1,00000567
4150,4149,0000000c,00208463,0,00000000
4151,4150,00000010,fe000ce3,0,00000000
4152,4151,00000008,00108093,1,00000568
4153,4152,0000000c,00208463,0,00000000
4154,4153,00000010,fe000ce3,0,00000000
4155,4154,00000008,00108093,1,00000569
4156,4155,0000000c,00208463,0,00000000
4157,4156,00000010,fe000ce3,0,00000000
4158,4157,00000008,00108093,1,0000056a
4159,4158,0000000c,00208463,0,00000000
4160,4159,00000010,fe000ce3,0,00000000
4161,4160,00000008,00108093,1,0000056b
4162,4161,0000000c,00208463,0,00000000
4163,4162,00000010,fe000ce3,0,00000000
4164,4163,00000008,00108093,1,0000056c
4165,4164,0000000c,00208463,0,00000000
4166,4165,00000010,fe000ce3,0,00000000
4167,4166,00000008,00108093,1,0000056d
4168,4167,0000000c,00208463,0,00000000
4169,4168,00000010,fe000ce3,0,00000000
4170,4169,00000008,00108093,1,0000056e
4171,4170,0000000c,00208463,0,00000000
4172,4171,00000010,fe000ce3,0,00000000
4173,4172,00000008,00108093,1,0000056f
4174,4173,0000000c,00208463,0,00000000
4175,4174,00000010,fe000ce3,0,00000000
4176,4175,00000008,00108093,1,00000570
4177,4176,0000000c,00208463,0,00000000
4178,4177,00000010,fe000ce3,0,00000000
4179,4178,00000008,00108093,1,00000571
4180,4179,0000000c,00208463,0,00000000
4181,4180,00000010,fe000ce3,0,00000000
4182,4181,00000008,00108093,1,00000572
4183,4182,0000000c,00208463,0,00000000
4184,4183,00000010,fe000ce3,0,00000000
4185,4184,00000008,00108093,1,00000573
4186,4185,0000000c,00208463,0,00000000
4187,4186,00000010,fe000ce3,0,00000000
4188,4187,00000008,00108093,1,00000574
4189,4188,0000000c,00208463,0,00000000
4190,4189,00000010,fe000ce3,0,00000000
4191,4190,00000008,00108093,1,00000575
4192,4191,0000000c,00208463,0,00000000
4193,4192,00000010,fe000ce3,0,00000000
4194,4193,00000008,00108093,1,00000576
4195,4194,0000000c,00208463,0,00000000
4196,4195,00000010,fe000ce3,0,00000000
4197,4196,00000008,00108093,1,00000577
4198,4197,0000000c,00208463,0,00000000
4199,4198,00000010,fe000ce3,0,00000000
4200,4199,00000008,00108093,1,00000578
4201,4200,0000000c,00208463,0,00000000
4202,4201,00000010,fe000ce3,0,00000000
4203,4202,00000008,00108093,1,00000579
4204,4203,0000000c,00208463,0,00000000
4205,4204,00000010,fe000ce3,0,00000000
4206,4205,00000008,00108093,1,0000057a
4207,4206,0000000c,00208463,0,00000000
4208,4207,00000010,fe000ce3,0,00000000
4209,4208,00000008,00108093,1,0000057b
4210,4209,0000000c,00208463,0,00000000
4211,4210,00000010,fe000ce3,0,00000000
4212,4211,00000008,00108093,1,0000057c
4213,4212,0000000c,00208463,0,00000000
4214,4213,00000010,fe000ce3,0,00000000
4215,4214,00000008,00108093,1,0000057d
4216,4215,0000000c,00208463,0,00000000
4217,4216,00000010,fe000ce3,0,00000000
4218,4217,00000008,00108093,1,0000057e
4219,4218,0000000c,00208463,0,00000000
4220,4219,00000010,fe000ce3,0,00000000
4221,4220,00000008,00108093,1,0000057f
4222,4221,0000000c,00208463,0,00000000
4223,4222,00000010,fe000ce3,0,00000000
4224,4223,00000008,00108093,1,00000580
4225,4224,0000000c,00208463,0,00000000
4226,4225,00000010,fe000ce3,0,00000000
4227,4226,00000008,00108093,1,00000581
4228,4227,0000000c,00208463,0,00000000
4229,4228,00000010,fe000ce3,0,00000000
4230,4229,00000008,00108093,1,00000582
4231,4230,0000000c,00208463,0,00000000
4232,4231,00000010,fe000ce3,0,00000000
4233,4232,00000008,00108093,1,00000583
4234,4233,0000000c,00208463,0,00000000
4235,4234,00000010,fe000ce3,0,00000000
4236,4235,00000008,00108093,1,00000584
4237,4236,0000000c,00208463,0,00000000
4238,4237,00000010,fe000ce3,0,00000000
4239,4238,00000008,00108093,1,00000585
4240,4239,0000000c,00208463,0,00000000
4241,4240,00000010,fe000ce3,0,00000000
4242,4241,00000008,00108093,1,00000586
4243,4242,0000000c,00208463,0,00000000
4244,4243,00000010,fe000ce3,0,00000000
4245,4244,00000008,00108093,1,00000587
4246,4245,0000000c,00208463,0,00000000
4247,4246,00000010,fe000ce3,0,00000000
4248,4247,00000008,00108093,1,00000588
4249,4248,0000000c,00208463,0,00000000
4250,4249,00000010,fe000ce3,0,00000000
4251,4250,00000008,00108093,1,00000589
4252,4251,0000000c,00208463,0,00000000
4253,4252,00000010,fe000ce3,0,00000000
4254,4253,00000008,00108093,1,0000058a
4255,4254,0000000c,00208463,0,00000000
4256,4255,00000010,fe000ce3,0,00000000
4257,4256,00000008,00108093,1,0000058b
4258,4257,0000000c,00208463,0,00000000
4259,4258,00000010,fe000ce3,0,00000000
4260,4259,00000008,00108093,1,0000058c
4261,4260,0000000c,00208463,0,00000000
4262,4261,00000010,fe000ce3,0,00000000
4263,4262,00000008,00108093,1,0000058d
4264,4263,0000000c,00208463,0,00000000
4265,4264,00000010,fe000ce3,0,00000000
4266,4265,00000008,00108093,1,0000058e
4267,4266,0000000c,00208463,0,00000000
4268,4267,00000010,fe000ce3,0,00000000
4269,4268,00000008,00108093,1,0000058f
4270,4269,0000000c,00208463,0,00000000
4271,4270,00000010,fe000ce3,0,00000000
4272,4271,00000008,00108093,1,00000590
4273,4272,0000000c,00208463,0,00000000
4274,4273,00000010,fe000ce3,0,00000000
4275,4274,00000008,00108093,1,00000591
4276,4275,0000000c,00208463,0,00000000
4277,4276,00000010,fe000ce3,0,00000000
4278,4277,00000008,00108093,1,00000592
4279,4278,0000000c,00208463,0,00000000
4280,4279,00000010,fe000ce3,0,00000000
4281,4280,00000008,00108093,1,00000593
4282,4281,0000000c,00208463,0,00000000
4283,4282,00000010,fe000ce3,0,00000000
4284,4283,00000008,00108093,1,00000594
4285,4284,0000000c,00208463,0,00000000
4286,4285,00000010,fe000ce3,0,00000000
4287,4286,00000008,00108093,1,00000595
4288,4287,0000000c,00208463,0,00000000
4289,4288,00000010,fe000ce3,0,00000000
4290,4289,00000008,00108093,1,00000596
4291,4290,0000000c,00208463,0,00000000
4292,4291,00000010,fe000ce3,0,00000000
4293,4292,00000008,00108093,1,00000597
4294,4293,0000000c,00208463,0,00000000
4295,4294,00000010,fe000ce3,0,00000000
4296,4295,00000008,00108093,1,00000598
4297,4296,0000000c,00208463,0,00000000
4298,4297,00000010,fe000ce3,0,00000000
4299,4298,00000008,00108093,1,00000599
4300,4299,0000000c,00208463,0,00000000
4301,4300,00000010,fe000ce3,0,00000000
4302,4301,00000008,00108093,1,0000059a
4303,4302,0000000c,00208463,0,00000000
4304,4303,00000010,fe000ce3,0,00000000
4305,4304,00000008,00108093,1,0000059b
4306,4305,0000000c,00208463,0,00000000
4307,4306,00000010,fe000ce3,0,00000000
4308,4307,00000008,00108093,1,0000059c
4309,4308,0000000c,00208463,0,00000000
4310,4309,00000010,fe000ce3,0,00000000
4311,4310,00000008,00108093,1,0000059d
4312,4311,0000000c,00208463,0,00000000
4313,4312,00000010,fe000ce3,0,00000000
4314,4313,00000008,00108093,1,0000059e
4315,4314,0000000c,00208463,0,00000000
4316,4315,00000010,fe000ce3,0,00000000
4317,4316,00000008,00108093,1,0000059f
4318,4317,0000000c,00208463,0,00000000
4319,4318,00000010,fe000ce3,0,00000000
4320,4319,00000008,00108093,1,000005a0
4321,4320,0000000c,00208463,0,00000000
4322,4321,00000010,fe000ce3,0,00000000
4323,4322,00000008,00108093,1,000005a1
4324,4323,0000000c,00208463,0,00000000
4325,4324,00000010,fe000ce3,0,00000000
4326,4325,00000008,00108093,1,000005a2
4327,4326,0000000c,00208463,0,00000000
4328,4327,00000010,fe000ce3,0,00000000
4329,4328,00000008,00108093,1,000005a3
4330,4329,0000000c,00208463,0,00000000
4331,4330,00000010,fe000ce3,0,00000000
4332,4331,00000008,00108093,1,000005a4
4333,4332,0000000c,00208463,0,00000000
4334,4333,00000010,fe000ce3,0,00000000
4335,4334,00000008,00108093,1,000005a5
4336,4335,0000000c,00208463,0,00000000
4337,4336,00000010,fe000ce3,0,00000000
4338,4337,00000008,00108093,1,000005a6
4339,4338,0000000c,00208463,0,00000000
4340,4339,00000010,fe000ce3,0,00000000
4341,4340,00000008,00108093,1,000005a7
4342,4341,0000000c,00208463,0,00000000
4343,4342,00000010,fe000ce3,0,00000000
4344,4343,00000008,00108093,1,000005a8
4345,4344,0000000c,00208463,0,00000000
4346,4345,00000010,fe000ce3,0,00000000
4347,4346,00000008,00108093,1,000005a9
4348,4347,0000000c,00208463,0,00000000
4349,4348,00000010,fe000ce3,0,00000000
4350,4349,00000008,00108093,1,000005aa
4351,4350,0000000c,00208463,0,00000000
4352,4351,00000010,fe000ce3,0,00000000
4353,4352,00000008,00108093,1,000005ab
4354,4353,0000000c,00208463,0,00000000
4355,4354,00000010,fe000ce3,0,00000000
4356,4355,00000008,00108093,1,000005ac
4357,4356,0000000c,00208463,0,00000000
4358,4357,00000010,fe000ce3,0,00000000
4359,4358,00000008,00108093,1,000005ad
4360,4359,0000000c,00208463,0,00000000
4361,4360,00000010,fe000ce3,0,00000000
4362,4361,00000008,00108093,1,000005ae
4363,4362,0000000c,00208463,0,00000000
4364,4363,00000010,fe000ce3,0,00000000
4365,4364,00000008,00108093,1,000005af
4366,4365,0000000c,00208463,0,00000000
4367,4366,00000010,fe000ce3,0,00000000
4368,4367,00000008,00108093,1,000005b0
4369,4368,0000000c,00208463,0,00000000
4370,4369,00000010,fe000ce3,0,00000000
4371,4370,00000008,00108093,1,000005b1
4372,4371,0000000c,00208463,0,00000000
4373,4372,00000010,fe000ce3,0,00000000
4374,4373,00000008,00108093,1,000005b2
4375,4374,0000000c,00208463,0,00000000
4376,4375,00000010,fe000ce3,0,00000000
4377,4376,00000008,00108093,1,000005b3
4378,4377,0000000c,00208463,0,00000000
4379,4378,00000010,fe000ce3,0,00000000
4380,4379,00000008,00108093,1,000005b4
4381,4380,0000000c,00208463,0,00000000
4382,4381,00000010,fe000ce3,0,00000000
4383,4382,00000008,00108093,1,000005b5
4384,4383,0000000c,00208463,0,00000000
4385,4384,00000010,fe000ce3,0,00000000
4386,4385,00000008,00108093,1,000005b6
4387,4386,0000000c,00208463,0,00000000
4388,4387,00000010,fe000ce3,0,00000000
4389,4388,00000008,00108093,1,000005b7
4390,4389,0000000c,00208463,0,00000000
4391,4390,00000010,fe000ce3,0,00000000
4392,4391,00000008,00108093,1,000005b8
4393,4392,0000000c,00208463,0,00000000
4394,4393,00000010,fe000ce3,0,00000000
4395,4394,00000008,00108093,1,000005b9
4396,4395,0000000c,00208463,0,00000000
4397,4396,00000010,fe000ce3,0,00000000
4398,4397,00000008,00108093,1,000005ba
4399,4398,0000000c,00208463,0,00000000
4400,4399,00000010,fe000ce3,0,00000000
4401,4400,00000008,00108093,1,000005bb
4402,4401,0000000c,00208463,0,00000000
4403,4402,00000010,fe000ce3,0,00000000
4404,4403,00000008,00108093,1,000005bc
4405,4404,0000000c,00208463,0,00000000
4406,4405,00000010,fe000ce3,0,00000000
4407,4406,00000008,00108093,1,000005bd
4408,4407,0000000c,00208463,0,00000000
4409,4408,00000010,fe000ce3,0,00000000
4410,4409,00000008,00108093,1,000005be
4411,4410,0000000c,00208463,0,00000000
4412,4411,00000010,fe000ce3,0,00000000
4413,4412,00000008,00108093,1,000005bf
4414,4413,0000000c,00208463,0,00000000
4415,4414,00000010,fe000ce3,0,00000000
4416,4415,00000008,00108093,1,000005c0
4417,4416,0000000c,00208463,0,00000000
4418,4417,00000010,fe000ce3,0,00000000
4419,4418,00000008,00108093,1,000005c1
4420,4419,0000000c,00208463,0,00000000
4421,4420,00000010,fe000ce3,0,00000000
4422,4421,00000008,00108093,1,000005c2
4423,4422,0000000c,00208463,0,00000000
4424,4423,00000010,fe000ce3,0,00000000
4425,4424,00000008,00108093,1,000005c3
4426,4425,0000000c,00208463,0,00000000
4427,4426,00000010,fe000ce3,0,00000000
4428,4427,00000008,00108093,1,000005c4
4429,4428,0000000c,00208463,0,00000000
4430,4429,00000010,fe000ce3,0,00000000
4431,4430,00000008,00108093,1,000005c5
4432,4431,0000000c,00208463,0,00000000
4433,4432,00000010,fe000ce3,0,00000000
4434,4433,00000008,00108093,1,000005c6
4435,4434,0000000c,00208463,0,00000000
4436,4435,00000010,fe000ce3,0,00000000
4437,4436,00000008,00108093,1,000005c7
4438,4437,0000000c,00208463,0,00000000
4439,4438,00000010,fe000ce3,0,00000000
4440,4439,00000008,00108093,1,000005c8
4441,4440,0000000c,00208463,0,00000000
4442,4441,00000010,fe000ce3,0,00000000
4443,4442,00000008,00108093,1,000005c9
4444,4443,0000000c,00208463,0,00000000
4445,4444,00000010,fe000ce3,0,00000000
4446,4445,00000008,00108093,1,000005ca
4447,4446,0000000c,00208463,0,00000000
4448,4447,00000010,fe000ce3,0,00000000
4449,4448,00000008,00108093,1,000005cb
4450,4449,0000000c,00208463,0,00000000
4451,4450,00000010,fe000ce3,0,00000000
4452,4451,00000008,00108093,1,000005cc
4453,4452,0000000c,00208463,0,00000000
4454,4453,00000010,fe000ce3,0,00000000
4455,4454,00000008,00108093,1,000005cd
4456,4455,0000000c,00208463,0,00000000
4457,4456,00000010,fe000ce3,0,00000000
4458,4457,00000008,00108093,1,000005ce
4459,4458,0000000c,00208463,0,00000000
4460,4459,00000010,fe000ce3,0,00000000
4461,4460,00000008,00108093,1,000005cf
4462,4461,0000000c,00208463,0,00000000
4463,4462,00000010,fe000ce3,0,00000000
4464,4463,00000008,00108093,1,000005d0
4465,4464,0000000c,00208463,0,00000000
4466,4465,00000010,fe000ce3,0,00000000
4467,4466,00000008,00108093,1,000005d1
4468,4467,0000000c,00208463,0,00000000
4469,4468,00000010,fe000ce3,0,00000000
4470,4469,00000008,00108093,1,000005d2
4471,4470,0000000c,00208463,0,00000000
4472,4471,00000010,fe000ce3,0,00000000
4473,4472,00000008,00108093,1,000005d3
4474,4473,0000000c,00208463,0,00000000
4475,4474,00000010,fe000ce3,0,00000000
4476,4475,00000008,00108093,1,000005d4
4477,4476,0000000c,00208463,0,00000000
4478,4477,00000010,fe000ce3,0,00000000
4479,4478,00000008,00108093,1,000005d5
4480,4479,0000000c,00208463,0,00000000
4481,4480,00000010,fe000ce3,0,00000000
4482,4481,00000008,00108093,1,000005d6
4483,4482,0000000c,00208463,0,00000000
4484,4483,00000010,fe000ce3,0,00000000
4485,4484,00000008,00108093,1,000005d7
4486,4485,0000000c,00208463,0,00000000
4487,4486,00000010,fe000ce3,0,00000000
4488,4487,00000008,00108093,1,000005d8
4489,4488,0000000c,00208463,0,00000000
4490,4489,00000010,fe000ce3,0,00000000
4491,4490,00000008,00108093,1,000005d9
4492,4491,0000000c,00208463,0,00000000
4493,4492,00000010,fe000ce3,0,00000000
4494,4493,00000008,00108093,1,000005da
4495,4494,0000000c,00208463,0,00000000
4496,4495,00000010,fe000ce3,0,00000000
4497,4496,00000008,00108093,1,000005db
4498,4497,0000000c,00208463,0,00000000
4499,4498,00000010,fe000ce3,0,00000000
4500,4499,00000008,00108093,1,000005dc
4501,4500,0000000c,00208463,0,00000000
4502,4501,00000010,fe000ce3,0,00000000
4503,4502,00000008,00108093,1,000005dd
4504,4503,0000000c,00208463,0,00000000
4505,4504,00000010,fe000ce3,0,00000000
4506,4505,00000008,00108093,1,000005de
4507,4506,0000000c,00208463,0,00000000
4508,4507,00000010,fe000ce3,0,00000000
4509,4508,00000008,00108093,1,000005df
4510,4509,0000000c,00208463,0,00000000
4511,4510,00000010,fe000ce3,0,00000000
4512,4511,00000008,00108093,1,000005e0
4513,4512,0000000c,00208463,0,00000000
4514,4513,00000010,fe000ce3,0,00000000
4515,4514,00000008,00108093,1,000005e1
4516,4515,0000000c,00208463,0,00000000
4517,4516,00000010,fe000ce3,0,00000000
4518,4517,00000008,00108093,1,000005e2
4519,4518,0000000c,00208463,0,00000000
4520,4519,00000010,fe000ce3,0,00000000
4521,4520,00000008,00108093,1,000005e3
4522,4521,0000000c,00208463,0,00000000
4523,4522,00000010,fe000ce3,0,00000000
4524,4523,00000008,00108093,1,000005e4
4525,4524,0000000c,00208463,0,00000000
4526,4525,00000010,fe000ce3,0,00000000
4527,4526,00000008,00108093,1,000005e5
4528,4527,0000000c,00208463,0,00000000
4529,4528,00000010,fe000ce3,0,00000000
4530,4529,00000008,00108093,1,000005e6
4531,4530,0000000c,00208463,0,00000000
4532,4531,00000010,fe000ce3,0,00000000
4533,4532,00000008,00108093,1,000005e7
4534,4533,0000000c,00208463,0,00000000
4535,4534,00000010,fe000ce3,0,00000000
4536,4535,00000008,00108093,1,000005e8
4537,4536,0000000c,00208463,0,00000000
4538,4537,00000010,fe000ce3,0,00000000
4539,4538,00000008,00108093,1,000005e9
4540,4539,0000000c,00208463,0,00000000
4541,4540,00000010,fe000ce3,0,00000000
4542,4541,00000008,00108093,1,000005ea
4543,4542,0000000c,00208463,0,00000000
4544,4543,00000010,fe000ce3,0,00000000
4545,4544,00000008,00108093,1,000005eb
4546,4545,0000000c,00208463,0,00000000
4547,4546,00000010,fe000ce3,0,00000000
4548,4547,00000008,00108093,1,000005ec
4549,4548,0000000c,00208463,0,00000000
4550,4549,00000010,fe000ce3,0,00000000
4551,4550,00000008,00108093,1,000005ed
4552,4551,0000000c,00208463,0,00000000
4553,4552,00000010,fe000ce3,0,00000000
4554,4553,00000008,00108093,1,000005ee
4555,4554,0000000c,00208463,0,00000000
4556,4555,00000010,fe000ce3,0,00000000
4557,4556,00000008,00108093,1,000005ef
4558,4557,0000000c,00208463,0,00000000
4559,4558,00000010,fe000ce3,0,00000000
4560,4559,00000008,00108093,1,000005f0
4561,4560,0000000c,00208463,0,00000000
4562,4561,00000010,fe000ce3,0,00000000
4563,4562,00000008,00108093,1,000005f1
4564,4563,0000000c,00208463,0,00000000
4565,4564,00000010,fe000ce3,0,00000000
4566,4565,00000008,00108093,1,000005f2
4567,4566,0000000c,00208463,0,00000000
4568,4567,00000010,fe000ce3,0,00000000
4569,4568,00000008,00108093,1,000005f3
4570,4569,0000000c,00208463,0,00000000
4571,4570,00000010,fe000ce3,0,00000000
4572,4571,00000008,00108093,1,000005f4
4573,4572,0000000c,00208463,0,00000000
4574,4573,00000010,fe000ce3,0,00000000
4575,4574,00000008,00108093,1,000005f5
4576,4575,0000000c,00208463,0,00000000
4577,4576,00000010,fe000ce3,0,00000000
4578,4577,00000008,00108093,1,000005f6
4579,4578,0000000c,00208463,0,00000000
4580,4579,00000010,fe000ce3,0,00000000
4581,4580,00000008,00108093,1,000005f7
4582,4581,0000000c,00208463,0,00000000
4583,4582,00000010,fe000ce3,0,00000000
4584,4583,00000008,00108093,1,000005f8
4585,4584,0000000c,00208463,0,00000000
4586,4585,00000010,fe000ce3,0,00000000
4587,4586,00000008,00108093,1,000005f9
4588,4587,0000000c,00208463,0,00000000
4589,4588,00000010,fe000ce3,0,00000000
4590,4589,00000008,00108093,1,000005fa
4591,4590,0000000c,00208463,0,00000000
4592,4591,00000010,fe000ce3,0,00000000
4593,4592,00000008,00108093,1,000005fb
4594,4593,0000000c,00208463,0,00000000
4595,4594,00000010,fe000ce3,0,00000000
4596,4595,00000008,00108093,1,000005fc
4597,4596,0000000c,00208463,0,00000000
4598,4597,00000010,fe000ce3,0,00000000
4599,4598,00000008,00108093,1,000005fd
4600,4599,0000000c,00208463,0,00000000
4601,4600,00000010,fe000ce3,0,00000000
4602,4601,00000008,00108093,1,000005fe
4603,4602,0000000c,00208463,0,00000000
4604,4603,00000010,fe000ce3,0,00000000
4605,4604,00000008,00108093,1,000005ff
4606,4605,0000000c,00208463,0,00000000
4607,4606,00000010,fe000ce3,0,00000000
4608,4607,00000008,00108093,1,00000600
4609,4608,0000000c,00208463,0,00000000
4610,4609,00000010,fe000ce3,0,00000000
4611,4610,00000008,00108093,1,00000601
4612,4611,0000000c,00208463,0,00000000
4613,4612,00000010,fe000ce3,0,00000000
4614,4613,00000008,00108093,1,00000602
4615,4614,0000000c,00208463,0,00000000
4616,4615,00000010,fe000ce3,0,00000000
4617,4616,00000008,00108093,1,00000603
4618,4617,0000000c,00208463,0,00000000
4619,4618,00000010,fe000ce3,0,00000000
4620,4619,00000008,00108093,1,00000604
4621,4620,0000000c,00208463,0,00000000
4622,4621,00000010,fe000ce3,0,00000000
4623,4622,00000008,00108093,1,00000605
4624,4623,0000000c,00208463,0,00000000
4625,4624,00000010,fe000ce3,0,00000000
4626,4625,00000008,00108093,1,00000606
4627,4626,0000000c,00208463,0,00000000
4628,4627,00000010,fe000ce3,0,00000000
4629,4628,00000008,00108093,1,00000607
4630,4629,0000000c,00208463,0,00000000
4631,4630,00000010,fe000ce3,0,00000000
4632,4631,00000008,00108093,1,00000608
4633,4632,0000000c,00208463,0,00000000
4634,4633,00000010,fe000ce3,0,00000000
4635,4634,00000008,00108093,1,00000609
4636,4635,0000000c,00208463,0,00000000
4637,4636,00000010,fe000ce3,0,00000000
4638,4637,00000008,00108093,1,0000060a
4639,4638,0000000c,00208463,0,00000000
4640,4639,00000010,fe000ce3,0,00000000
4641,4640,00000008,00108093,1,0000060b
4642,4641,0000000c,00208463,0,00000000
4643,4642,00000010,fe000ce3,0,00000000
4644,4643,00000008,00108093,1,0000060c
4645,4644,0000000c,00208463,0,00000000
4646,4645,00000010,fe000ce3,0,00000000
4647,4646,00000008,00108093,1,0000060d
4648,4647,0000000c,00208463,0,00000000
4649,4648,00000010,fe000ce3,0,00000000
4650,4649,00000008,00108093,1,0000060e
4651,4650,0000000c,00208463,0,00000000
4652,4651,00000010,fe000ce3,0,00000000
4653,4652,00000008,00108093,1,0000060f
4654,4653,0000000c,00208463,0,00000000
4655,4654,00000010,fe000ce3,0,00000000
4656,4655,00000008,00108093,1,00000610
4657,4656,0000000c,00208463,0,00000000
4658,4657,00000010,fe000ce3,0,00000000
4659,4658,00000008,00108093,1,00000611
4660,4659,0000000c,00208463,0,00000000
4661,4660,00000010,fe000ce3,0,00000000
4662,4661,00000008,00108093,1,00000612
4663,4662,0000000c,00208463,0,00000000
4664,4663,00000010,fe000ce3,0,00000000
4665,4664,00000008,00108093,1,00000613
4666,4665,0000000c,00208463,0,00000000
4667,4666,00000010,fe000ce3,0,00000000
4668,4667,00000008,00108093,1,00000614
4669,4668,0000000c,00208463,0,00000000
4670,4669,00000010,fe000ce3,0,00000000
4671,4670,00000008,00108093,1,00000615
4672,4671,0000000c,00208463,0,00000000
4673,4672,00000010,fe000ce3,0,00000000
4674,4673,00000008,00108093,1,00000616
4675,4674,0000000c,00208463,0,00000000
4676,4675,00000010,fe000ce3,0,00000000
4677,4676,00000008,00108093,1,00000617
4678,4677,0000000c,00208463,0,00000000
4679,4678,00000010,fe000ce3,0,00000000
4680,4679,00000008,00108093,1,00000618
4681,4680,0000000c,00208463,0,00000000
4682,4681,00000010,fe000ce3,0,00000000
4683,4682,00000008,00108093,1,00000619
4684,4683,0000000c,00208463,0,00000000
4685,4684,00000010,fe000ce3,0,00000000
4686,4685,00000008,00108093,1,0000061a
4687,4686,0000000c,00208463,0,00000000
4688,4687,00000010,fe000ce3,0,00000000
4689,4688,00000008,00108093,1,0000061b
4690,4689,0000000c,00208463,0,00000000
4691,4690,00000010,fe000ce3,0,00000000
4692,4691,00000008,00108093,1,0000061c
4693,4692,0000000c,00208463,0,00000000
4694,4693,00000010,fe000ce3,0,00000000
4695,4694,00000008,00108093,1,0000061d
4696,4695,0000000c,00208463,0,00000000
4697,4696,00000010,fe000ce3,0,00000000
4698,4697,00000008,00108093,1,0000061e
4699,4698,0000000c,00208463,0,00000000
4700,4699,00000010,fe000ce3,0,00000000
4701,4700,00000008,00108093,1,0000061f
4702,4701,0000000c,00208463,0,00000000
4703,4702,00000010,fe000ce3,0,00000000
4704,4703,00000008,00108093,1,00000620
4705,4704,0000000c,00208463,0,00000000
4706,4705,00000010,fe000ce3,0,00000000
4707,4706,00000008,00108093,1,00000621
4708,4707,0000000c,00208463,0,00000000
4709,4708,00000010,fe000ce3,0,00000000
4710,4709,00000008,00108093,1,00000622
4711,4710,0000000c,00208463,0,00000000
4712,4711,00000010,fe000ce3,0,00000000
4713,4712,00000008,00108093,1,00000623
4714,4713,0000000c,00208463,0,00000000
4715,4714,00000010,fe000ce3,0,00000000
4716,4715,00000008,00108093,1,00000624
4717,4716,0000000c,00208463,0,00000000
4718,4717,00000010,fe000ce3,0,00000000
4719,4718,00000008,00108093,1,00000625
4720,4719,0000000c,00208463,0,00000000
4721,4720,00000010,fe000ce3,0,00000000
4722,4721,00000008,00108093,1,00000626
4723,4722,0000000c,00208463,0,00000000
4724,4723,00000010,fe000ce3,0,00000000
4725,4724,00000008,00108093,1,00000627
4726,4725,0000000c,00208463,0,00000000
4727,4726,00000010,fe000ce3,0,00000000
4728,4727,00000008,00108093,1,00000628
4729,4728,0000000c,00208463,0,00000000
4730,4729,00000010,fe000ce3,0,00000000
4731,4730,00000008,00108093,1,00000629
4732,4731,0000000c,00208463,0,00000000
4733,4732,00000010,fe000ce3,0,00000000
4734,4733,00000008,00108093,1,0000062a
4735,4734,0000000c,00208463,0,00000000
4736,4735,00000010,fe000ce3,0,00000000
4737,4736,00000008,00108093,1,0000062b
4738,4737,0000000c,00208463,0,00000000
4739,4738,00000010,fe000ce3,0,00000000
4740,4739,00000008,00108093,1,0000062c
4741,4740,0000000c,00208463,0,00000000
4742,4741,00000010,fe000ce3,0,00000000
4743,4742,00000008,00108093,1,0000062d
4744,4743,0000000c,00208463,0,00000000
4745,4744,00000010,fe000ce3,0,00000000
4746,4745,00000008,00108093,1,0000062e
4747,4746,0000000c,00208463,0,00000000
4748,4747,00000010,fe000ce3,0,00000000
4749,4748,00000008,00108093,1,0000062f
4750,4749,0000000c,00208463,0,00000000
4751,4750,00000010,fe000ce3,0,00000000
4752,4751,00000008,00108093,1,00000630
4753,4752,0000000c,00208463,0,00000000
4754,4753,00000010,fe000ce3,0,00000000
4755,4754,00000008,00108093,1,00000631
4756,4755,0000000c,00208463,0,00000000
4757,4756,00000010,fe000ce3,0,00000000
4758,4757,00000008,00108093,1,00000632
4759,4758,0000000c,00208463,0,00000000
4760,4759,00000010,fe000ce3,0,00000000
4761,4760,00000008,00108093,1,00000633
4762,4761,0000000c,00208463,0,00000000
4763,4762,00000010,fe000ce3,0,00000000
4764,4763,00000008,00108093,1,00000634
4765,4764,0000000c,00208463,0,00000000
4766,4765,00000010,fe000ce3,0,00000000
4767,4766,00000008,00108093,1,00000635
4768,4767,0000000c,00208463,0,00000000
4769,4768,00000010,fe000ce3,0,00000000
4770,4769,00000008,00108093,1,00000636
4771,4770,0000000c,00208463,0,00000000
4772,4771,00000010,fe000ce3,0,00000000
4773,4772,00000008,00108093,1,00000637
4774,4773,0000000c,00208463,0,00000000
4775,4774,00000010,fe000ce3,0,00000000
4776,4775,00000008,00108093,1,00000638
4777,4776,0000000c,00208463,0,00000000
4778,4777,00000010,fe000ce3,0,00000000
4779,4778,00000008,00108093,1,00000639
4780,4779,0000000c,00208463,0,00000000
4781,4780,00000010,fe000ce3,0,00000000
4782,4781,00000008,00108093,1,0000063a
4783,4782,0000000c,00208463,0,00000000
4784,4783,00000010,fe000ce3,0,00000000
4785,4784,00000008,00108093,1,0000063b
4786,4785,0000000c,00208463,0,00000000
4787,4786,00000010,fe000ce3,0,00000000
4788,4787,00000008,00108093,1,0000063c
4789,4788,0000000c,00208463,0,00000000
4790,4789,00000010,fe000ce3,0,00000000
4791,4790,00000008,00108093,1,0000063d
4792,4791,0000000c,00208463,0,00000000
4793,4792,00000010,fe000ce3,0,00000000
4794,4793,00000008,00108093,1,0000063e
4795,4794,0000000c,00208463,0,00000000
4796,4795,00000010,fe000ce3,0,00000000
4797,4796,00000008,00108093,1,0000063f
4798,4797,0000000c,00208463,0,00000000
4799,4798,00000010,fe000ce3,0,00000000
4800,4799,00000008,00108093,1,00000640
4801,4800,0000000c,00208463,0,00000000
4802,4801,00000010,fe000ce3,0,00000000
4803,4802,00000008,00108093,1,00000641
4804,4803,0000000c,00208463,0,00000000
4805,4804,00000010,fe000ce3,0,00000000
4806,4805,00000008,00108093,1,00000642
4807,4806,0000000c,00208463,0,00000000
4808,4807,00000010,fe000ce3,0,00000000
4809,4808,00000008,00108093,1,00000643
4810,4809,0000000c,00208463,0,00000000
4811,4810,00000010,fe000ce3,0,00000000
4812,4811,00000008,00108093,1,00000644
4813,4812,0000000c,00208463,0,00000000
4814,4813,00000010,fe000ce3,0,00000000
4815,4814,00000008,00108093,1,00000645
4816,4815,0000000c,00208463,0,00000000
4817,4816,00000010,fe000ce3,0,00000000
4818,4817,00000008,00108093,1,00000646
4819,4818,0000000c,00208463,0,00000000
4820,4819,00000010,fe000ce3,0,00000000
4821,4820,00000008,00108093,1,00000647
4822,4821,0000000c,00208463,0,00000000
4823,4822,00000010,fe000ce3,0,00000000
4824,4823,00000008,00108093,1,00000648
4825,4824,0000000c,00208463,0,00000000
4826,4825,00000010,fe000ce3,0,00000000
4827,4826,00000008,00108093,1,00000649
4828,4827,0000000c,00208463,0,00000000
4829,4828,00000010,fe000ce3,0,00000000
4830,4829,00000008,00108093,1,0000064a
4831,4830,0000000c,00208463,0,00000000
4832,4831,00000010,fe000ce3,0,00000000
4833,4832,00000008,00108093,1,0000064b
4834,4833,0000000c,00208463,0,00000000
4835,4834,00000010,fe000ce3,0,00000000
4836,4835,00000008,00108093,1,0000064c
4837,4836,0000000c,00208463,0,00000000
4838,4837,00000010,fe000ce3,0,00000000
4839,4838,00000008,00108093,1,0000064d
4840,4839,0000000c,00208463,0,00000000
4841,4840,00000010,fe000ce3,0,00000000
4842,4841,00000008,00108093,1,0000064e
4843,4842,0000000c,00208463,0,00000000
4844,4843,00000010,fe000ce3,0,00000000
4845,4844,00000008,00108093,1,0000064f
4846,4845,0000000c,00208463,0,00000000
4847,4846,00000010,fe000ce3,0,00000000
4848,4847,00000008,00108093,1,00000650
4849,4848,0000000c,00208463,0,00000000
4850,4849,00000010,fe000ce3,0,00000000
4851,4850,00000008,00108093,1,00000651
4852,4851,0000000c,00208463,0,00000000
4853,4852,00000010,fe000ce3,0,00000000
4854,4853,00000008,00108093,1,00000652
4855,4854,0000000c,00208463,0,00000000
4856,4855,00000010,fe000ce3,0,00000000
4857,4856,00000008,00108093,1,00000653
4858,4857,0000000c,00208463,0,00000000
4859,4858,00000010,fe000ce3,0,00000000
4860,4859,00000008,00108093,1,00000654
4861,4860,0000000c,00208463,0,00000000
4862,4861,00000010,fe000ce3,0,00000000
4863,4862,00000008,00108093,1,00000655
4864,4863,0000000c,00208463,0,00000000
4865,4864,00000010,fe000ce3,0,00000000
4866,4865,00000008,00108093,1,00000656
4867,4866,0000000c,00208463,0,00000000
4868,4867,00000010,fe000ce3,0,00000000
4869,4868,00000008,00108093,1,00000657
4870,4869,0000000c,00208463,0,00000000
4871,4870,00000010,fe000ce3,0,00000000
4872,4871,00000008,00108093,1,00000658
4873,4872,0000000c,00208463,0,00000000
4874,4873,00000010,fe000ce3,0,00000000
4875,4874,00000008,00108093,1,00000659
4876,4875,0000000c,00208463,0,00000000
4877,4876,00000010,fe000ce3,0,00000000
4878,4877,00000008,00108093,1,0000065a
4879,4878,0000000c,00208463,0,00000000
4880,4879,00000010,fe000ce3,0,00000000
4881,4880,00000008,00108093,1,0000065b
4882,4881,0000000c,00208463,0,00000000
4883,4882,00000010,fe000ce3,0,00000000
4884,4883,00000008,00108093,1,0000065c
4885,4884,0000000c,00208463,0,00000000
4886,4885,00000010,fe000ce3,0,00000000
4887,4886,00000008,00108093,1,0000065d
4888,4887,0000000c,00208463,0,00000000
4889,4888,00000010,fe000ce3,0,00000000
4890,4889,00000008,00108093,1,0000065e
4891,4890,0000000c,00208463,0,00000000
4892,4891,00000010,fe000ce3,0,00000000
4893,4892,00000008,00108093,1,0000065f
4894,4893,0000000c,00208463,0,00000000
4895,4894,00000010,fe000ce3,0,00000000
4896,4895,00000008,00108093,1,00000660
4897,4896,0000000c,00208463,0,00000000
4898,4897,00000010,fe000ce3,0,00000000
4899,4898,00000008,00108093,1,00000661
4900,4899,0000000c,00208463,0,00000000
4901,4900,00000010,fe000ce3,0,00000000
4902,4901,00000008,00108093,1,00000662
4903,4902,0000000c,00208463,0,00000000
4904,4903,00000010,fe000ce3,0,00000000
4905,4904,00000008,00108093,1,00000663
4906,4905,0000000c,00208463,0,00000000
4907,4906,00000010,fe000ce3,0,00000000
4908,4907,00000008,00108093,1,00000664
4909,4908,0000000c,00208463,0,00000000
4910,4909,00000010,fe000ce3,0,00000000
4911,4910,00000008,00108093,1,00000665
4912,4911,0000000c,00208463,0,00000000
4913,4912,00000010,fe000ce3,0,00000000
4914,4913,00000008,00108093,1,00000666
4915,4914,0000000c,00208463,0,00000000
4916,4915,00000010,fe000ce3,0,00000000
4917,4916,00000008,00108093,1,00000667
4918,4917,0000000c,00208463,0,00000000
4919,4918,00000010,fe000ce3,0,00000000
4920,4919,00000008,00108093,1,00000668
4921,4920,0000000c,00208463,0,00000000
4922,4921,00000010,fe000ce3,0,00000000
4923,4922,00000008,00108093,1,00000669
4924,4923,0000000c,00208463,0,00000000
4925,4924,00000010,fe000ce3,0,00000000
4926,4925,00000008,00108093,1,0000066a
4927,4926,0000000c,00208463,0,00000000
4928,4927,00000010,fe000ce3,0,00000000
4929,4928,00000008,00108093,1,0000066b
4930,4929,0000000c,00208463,0,00000000
4931,4930,00000010,fe000ce3,0,00000000
4932,4931,00000008,00108093,1,0000066c
4933,4932,0000000c,00208463,0,00000000
4934,4933,00000010,fe000ce3,0,00000000
4935,4934,00000008,00108093,1,0000066d
4936,4935,0000000c,00208463,0,00000000
4937,4936,00000010,fe000ce3,0,00000000
4938,4937,00000008,00108093,1,0000066e
4939,4938,0000000c,00208463,0,00000000
4940,4939,00000010,fe000ce3,0,00000000
4941,4940,00000008,00108093,1,0000066f
4942,4941,0000000c,00208463,0,00000000
4943,4942,00000010,fe000ce3,0,00000000
4944,4943,00000008,00108093,1,00000670
4945,4944,0000000c,00208463,0,00000000
4946,4945,00000010,fe000ce3,0,00000000
4947,4946,00000008,00108093,1,00000671
4948,4947,0000000c,00208463,0,00000000
4949,4948,00000010,fe000ce3,0,00000000
4950,4949,00000008,00108093,1,00000672
4951,4950,0000000c,00208463,0,00000000
4952,4951,00000010,fe000ce3,0,00000000
4953,4952,00000008,00108093,1,00000673
4954,4953,0000000c,00208463,0,00000000
4955,4954,00000010,fe000ce3,0,00000000
4956,4955,00000008,00108093,1,00000674
4957,4956,0000000c,00208463,0,00000000
4958,4957,00000010,fe000ce3,0,00000000
4959,4958,00000008,00108093,1,00000675
4960,4959,0000000c,00208463,0,00000000
4961,4960,00000010,fe000ce3,0,00000000
4962,4961,00000008,00108093,1,00000676
4963,4962,0000000c,00208463,0,00000000
4964,4963,00000010,fe000ce3,0,00000000
4965,4964,00000008,00108093,1,00000677
4966,4965,0000000c,00208463,0,00000000
4967,4966,00000010,fe000ce3,0,00000000
4968,4967,00000008,00108093,1,00000678
4969,4968,0000000c,00208463,0,00000000
4970,4969,00000010,fe000ce3,0,00000000
4971,4970,00000008,00108093,1,00000679
4972,4971,0000000c,00208463,0,00000000
4973,4972,00000010,fe000ce3,0,00000000
4974,4973,00000008,00108093,1,0000067a
4975,4974,0000000c,00208463,0,00000000
4976,4975,00000010,fe000ce3,0,00000000
4977,4976,00000008,00108093,1,0000067b
4978,4977,0000000c,00208463,0,00000000
4979,4978,00000010,fe000ce3,0,00000000
4980,4979,00000008,00108093,1,0000067c
4981,4980,0000000c,00208463,0,00000000
4982,4981,00000010,fe000ce3,0,00000000
4983,4982,00000008,00108093,1,0000067d
4984,4983,0000000c,00208463,0,00000000
4985,4984,00000010,fe000ce3,0,00000000
4986,4985,00000008,00108093,1,0000067e
4987,4986,0000000c,00208463,0,00000000
4988,4987,00000010,fe000ce3,0,00000000
4989,4988,00000008,00108093,1,0000067f
4990,4989,0000000c,00208463,0,00000000
4991,4990,00000010,fe000ce3,0,00000000
4992,4991,00000008,00108093,1,00000680
4993,4992,0000000c,00208463,0,00000000
4994,4993,00000010,fe000ce3,0,00000000
4995,4994,00000008,00108093,1,00000681
4996,4995,0000000c,00208463,0,00000000
4997,4996,00000010,fe000ce3,0,00000000
4998,4997,00000008,00108093,1,00000682
4999,4998,0000000c,00208463,0,00000000
5000,4999,00000010,fe000ce3,0,00000000
5001,5000,00000008,00108093,1,00000683
5002,5001,0000000c,00208463,0,00000000
5003,5002,00000010,fe000ce3,0,00000000
5004,5003,00000008,00108093,1,00000684
5005,5004,0000000c,00208463,0,00000000
5006,5005,00000010,fe000ce3,0,00000000
5007,5006,00000008,00108093,1,00000685
5008,5007,0000000c,00208463,0,00000000
5009,5008,00000010,fe000ce3,0,00000000
5010,5009,00000008,00108093,1,00000686
5011,5010,0000000c,00208463,0,00000000
5012,5011,00000010,fe000ce3,0,00000000
5013,5012,00000008,00108093,1,00000687
5014,5013,0000000c,00208463,0,00000000
5015,5014,00000010,fe000ce3,0,00000000
5016,5015,00000008,00108093,1,00000688
5017,5016,0000000c,00208463,0,00000000
5018,5017,00000010,fe000ce3,0,00000000
5019,5018,00000008,00108093,1,00000689
5020,5019,0000000c,00208463,0,00000000
5021,5020,00000010,fe000ce3,0,00000000
5022,5021,00000008,00108093,1,0000068a
5023,5022,0000000c,00208463,0,00000000
5024,5023,00000010,fe000ce3,0,00000000
5025,5024,00000008,00108093,1,0000068b
5026,5025,0000000c,00208463,0,00000000
5027,5026,00000010,fe000ce3,0,00000000
5028,5027,00000008,00108093,1,0000068c
5029,5028,0000000c,00208463,0,00000000
5030,5029,00000010,fe000ce3,0,00000000
5031,5030,00000008,00108093,1,0000068d
5032,5031,0000000c,00208463,0,00000000
5033,5032,00000010,fe000ce3,0,00000000
5034,5033,00000008,00108093,1,0000068e
5035,5034,0000000c,00208463,0,00000000
5036,5035,00000010,fe000ce3,0,00000000
5037,5036,00000008,00108093,1,0000068f
5038,5037,0000000c,00208463,0,00000000
5039,5038,00000010,fe000ce3,0,00000000
5040,5039,00000008,00108093,1,00000690
5041,5040,0000000c,00208463,0,00000000
5042,5041,00000010,fe000ce3,0,00000000
5043,5042,00000008,00108093,1,00000691
5044,5043,0000000c,00208463,0,00000000
5045,5044,00000010,fe000ce3,0,00000000
5046,5045,00000008,00108093,1,00000692
5047,5046,0000000c,00208463,0,00000000
5048,5047,00000010,fe000ce3,0,00000000
5049,5048,00000008,00108093,1,00000693
5050,5049,0000000c,00208463,0,00000000
5051,5050,00000010,fe000ce3,0,00000000
5052,5051,00000008,00108093,1,00000694
5053,5052,0000000c,00208463,0,00000000
5054,5053,00000010,fe000ce3,0,00000000
5055,5054,00000008,00108093,1,00000695
5056,5055,0000000c,00208463,0,00000000
5057,5056,00000010,fe000ce3,0,00000000
5058,5057,00000008,00108093,1,00000696
5059,5058,0000000c,00208463,0,00000000
5060,5059,00000010,fe000ce3,0,00000000
5061,5060,00000008,00108093,1,00000697
5062,5061,0000000c,00208463,0,00000000
5063,5062,00000010,fe000ce3,0,00000000
5064,5063,00000008,00108093,1,00000698
5065,5064,0000000c,00208463,0,00000000
5066,5065,00000010,fe000ce3,0,00000000
5067,5066,00000008,00108093,1,00000699
5068,5067,0000000c,00208463,0,00000000
5069,5068,00000010,fe000ce3,0,00000000
5070,5069,00000008,00108093,1,0000069a
5071,5070,0000000c,00208463,0,00000000
5072,5071,00000010,fe000ce3,0,00000000
5073,5072,00000008,00108093,1,0000069b
5074,5073,0000000c,00208463,0,00000000
5075,5074,00000010,fe000ce3,0,00000000
5076,5075,00000008,00108093,1,0000069c
5077,5076,0000000c,00208463,0,00000000
5078,5077,00000010,fe000ce3,0,00000000
5079,5078,00000008,00108093,1,0000069d
5080,5079,0000000c,00208463,0,00000000
5081,5080,00000010,fe000ce3,0,00000000
5082,5081,00000008,00108093,1,0000069e
5083,5082,0000000c,00208463,0,00000000
5084,5083,00000010,fe000ce3,0,00000000
5085,5084,00000008,00108093,1,0000069f
5086,5085,0000000c,00208463,0,00000000
5087,5086,00000010,fe000ce3,0,00000000
5088,5087,00000008,00108093,1,000006a0
5089,5088,0000000c,00208463,0,00000000
5090,5089,00000010,fe000ce3,0,00000000
5091,5090,00000008,00108093,1,000006a1
5092,5091,0000000c,00208463,0,00000000
5093,5092,00000010,fe000ce3,0,00000000
5094,5093,00000008,00108093,1,000006a2
5095,5094,0000000c,00208463,0,00000000
5096,5095,00000010,fe000ce3,0,00000000
5097,5096,00000008,00108093,1,000006a3
5098,5097,0000000c,00208463,0,00000000
5099,5098,00000010,fe000ce3,0,00000000
5100,5099,00000008,00108093,1,000006a4
5101,5100,0000000c,00208463,0,00000000
5102,5101,00000010,fe000ce3,0,00000000
5103,5102,00000008,00108093,1,000006a5
5104,5103,0000000c,00208463,0,00000000
5105,5104,00000010,fe000ce3,0,00000000
5106,5105,00000008,00108093,1,000006a6
5107,5106,0000000c,00208463,0,00000000
5108,5107,00000010,fe000ce3,0,00000000
5109,5108,00000008,00108093,1,000006a7
5110,5109,0000000c,00208463,0,00000000
5111,5110,00000010,fe000ce3,0,00000000
5112,5111,00000008,00108093,1,000006a8
5113,5112,0000000c,00208463,0,00000000
5114,5113,00000010,fe000ce3,0,00000000
5115,5114,00000008,00108093,1,000006a9
5116,5115,0000000c,00208463,0,00000000
5117,5116,00000010,fe000ce3,0,00000000
5118,5117,00000008,00108093,1,000006aa
5119,5118,0000000c,00208463,0,00000000
5120,5119,00000010,fe000ce3,0,00000000
5121,5120,00000008,00108093,1,000006ab
5122,5121,0000000c,00208463,0,00000000
5123,5122,00000010,fe000ce3,0,00000000
5124,5123,00000008,00108093,1,000006ac
5125,5124,0000000c,00208463,0,00000000
5126,5125,00000010,fe000ce3,0,00000000
5127,5126,00000008,00108093,1,000006ad
5128,5127,0000000c,00208463,0,00000000
5129,5128,00000010,fe000ce3,0,00000000
5130,5129,00000008,00108093,1,000006ae
5131,5130,0000000c,00208463,0,00000000
5132,5131,00000010,fe000ce3,0,00000000
5133,5132,00000008,00108093,1,000006af
5134,5133,0000000c,00208463,0,00000000
5135,5134,00000010,fe000ce3,0,00000000
5136,5135,00000008,00108093,1,000006b0
5137,5136,0000000c,00208463,0,00000000
5138,5137,00000010,fe000ce3,0,00000000
5139,5138,00000008,00108093,1,000006b1
5140,5139,0000000c,00208463,0,00000000
5141,5140,00000010,fe000ce3,0,00000000
5142,5141,00000008,00108093,1,000006b2
5143,5142,0000000c,00208463,0,00000000
5144,5143,00000010,fe000ce3,0,00000000
5145,5144,00000008,00108093,1,000006b3
5146,5145,0000000c,00208463,0,00000000
5147,5146,00000010,fe000ce3,0,00000000
5148,5147,00000008,00108093,1,000006b4
5149,5148,0000000c,00208463,0,00000000
5150,5149,00000010,fe000ce3,0,00000000
5151,5150,00000008,00108093,1,000006b5
5152,5151,0000000c,00208463,0,00000000
5153,5152,00000010,fe000ce3,0,00000000
5154,5153,00000008,00108093,1,000006b6
5155,5154,0000000c,00208463,0,00000000
5156,5155,00000010,fe000ce3,0,00000000
5157,5156,00000008,00108093,1,000006b7
5158,5157,0000000c,00208463,0,00000000
5159,5158,00000010,fe000ce3,0,00000000
5160,5159,00000008,00108093,1,000006b8
5161,5160,0000000c,00208463,0,00000000
5162,5161,00000010,fe000ce3,0,00000000
5163,5162,00000008,00108093,1,000006b9
5164,5163,0000000c,00208463,0,00000000
5165,5164,00000010,fe000ce3,0,00000000
5166,5165,00000008,00108093,1,000006ba
5167,5166,0000000c,00208463,0,00000000
5168,5167,00000010,fe000ce3,0,00000000
5169,5168,00000008,00108093,1,000006bb
5170,5169,0000000c,00208463,0,00000000
5171,5170,00000010,fe000ce3,0,00000000
5172,5171,00000008,00108093,1,000006bc
5173,5172,0000000c,00208463,0,00000000
5174,5173,00000010,fe000ce3,0,00000000
5175,5174,00000008,00108093,1,000006bd
5176,5175,0000000c,00208463,0,00000000
5177,5176,00000010,fe000ce3,0,00000000
5178,5177,00000008,00108093,1,000006be
5179,5178,0000000c,00208463,0,00000000
5180,5179,00000010,fe000ce3,0,00000000
5181,5180,00000008,00108093,1,000006bf
5182,5181,0000000c,00208463,0,00000000
5183,5182,00000010,fe000ce3,0,00000000
5184,5183,00000008,00108093,1,000006c0
5185,5184,0000000c,00208463,0,00000000
5186,5185,00000010,fe000ce3,0,00000000
5187,5186,00000008,00108093,1,000006c1
5188,5187,0000000c,00208463,0,00000000
5189,5188,00000010,fe000ce3,0,00000000
5190,5189,00000008,00108093,1,000006c2
5191,5190,0000000c,00208463,0,00000000
5192,5191,00000010,fe000ce3,0,00000000
5193,5192,00000008,00108093,1,000006c3
5194,5193,0000000c,00208463,0,00000000
5195,5194,00000010,fe000ce3,0,00000000
5196,5195,00000008,00108093,1,000006c4
5197,5196,0000000c,00208463,0,00000000
5198,5197,00000010,fe000ce3,0,00000000
5199,5198,00000008,00108093,1,000006c5
5200,5199,0000000c,00208463,0,00000000
5201,5200,00000010,fe000ce3,0,00000000
5202,5201,00000008,00108093,1,000006c6
5203,5202,0000000c,00208463,0,00000000
5204,5203,00000010,fe000ce3,0,00000000
5205,5204,00000008,00108093,1,000006c7
5206,5205,0000000c,00208463,0,00000000
5207,5206,00000010,fe000ce3,0,00000000
5208,5207,00000008,00108093,1,000006c8
5209,5208,0000000c,00208463,0,00000000
5210,5209,00000010,fe000ce3,0,00000000
5211,5210,00000008,00108093,1,000006c9
5212,5211,0000000c,00208463,0,00000000
5213,5212,00000010,fe000ce3,0,00000000
5214,5213,00000008,00108093,1,000006ca
5215,5214,0000000c,00208463,0,00000000
5216,5215,00000010,fe000ce3,0,00000000
5217,5216,00000008,00108093,1,000006cb
5218,5217,0000000c,00208463,0,00000000
5219,5218,00000010,fe000ce3,0,00000000
5220,5219,00000008,00108093,1,000006cc
5221,5220,0000000c,00208463,0,00000000
5222,5221,00000010,fe000ce3,0,00000000
5223,5222,00000008,00108093,1,000006cd
5224,5223,0000000c,00208463,0,00000000
5225,5224,00000010,fe000ce3,0,00000000
5226,5225,00000008,00108093,1,000006ce
5227,5226,0000000c,00208463,0,00000000
5228,5227,00000010,fe000ce3,0,00000000
5229,5228,00000008,00108093,1,000006cf
5230,5229,0000000c,00208463,0,00000000
5231,5230,00000010,fe000ce3,0,00000000
5232,5231,00000008,00108093,1,000006d0
5233,5232,0000000c,00208463,0,00000000
5234,5233,00000010,fe000ce3,0,00000000
5235,5234,00000008,00108093,1,000006d1
5236,5235,0000000c,00208463,0,00000000
5237,5236,00000010,fe000ce3,0,00000000
5238,5237,00000008,00108093,1,000006d2
5239,5238,0000000c,00208463,0,00000000
5240,5239,00000010,fe000ce3,0,00000000
5241,5240,00000008,00108093,1,000006d3
5242,5241,0000000c,00208463,0,00000000
5243,5242,00000010,fe000ce3,0,00000000
5244,5243,00000008,00108093,1,000006d4
5245,5244,0000000c,00208463,0,00000000
5246,5245,00000010,fe000ce3,0,00000000
5247,5246,00000008,00108093,1,000006d5
5248,5247,0000000c,00208463,0,00000000
5249,5248,00000010,fe000ce3,0,00000000
5250,5249,00000008,00108093,1,000006d6
5251,5250,0000000c,00208463,0,00000000
5252,5251,00000010,fe000ce3,0,00000000
5253,5252,00000008,00108093,1,000006d7
5254,5253,0000000c,00208463,0,00000000
5255,5254,00000010,fe000ce3,0,00000000
5256,5255,00000008,00108093,1,000006d8
5257,5256,0000000c,00208463,0,00000000
5258,5257,00000010,fe000ce3,0,00000000
5259,5258,00000008,00108093,1,000006d9
5260,5259,0000000c,00208463,0,00000000
5261,5260,00000010,fe000ce3,0,00000000
5262,5261,00000008,00108093,1,000006da
5263,5262,0000000c,00208463,0,00000000
5264,5263,00000010,fe000ce3,0,00000000
5265,5264,00000008,00108093,1,000006db
5266,5265,0000000c,00208463,0,00000000
5267,5266,00000010,fe000ce3,0,00000000
5268,5267,00000008,00108093,1,000006dc
5269,5268,0000000c,00208463,0,00000000
5270,5269,00000010,fe000ce3,0,00000000
5271,5270,00000008,00108093,1,000006dd
5272,5271,0000000c,00208463,0,00000000
5273,5272,00000010,fe000ce3,0,00000000
5274,5273,00000008,00108093,1,000006de
5275,5274,0000000c,00208463,0,00000000
5276,5275,00000010,fe000ce3,0,00000000
5277,5276,00000008,00108093,1,000006df
5278,5277,0000000c,00208463,0,00000000
5279,5278,00000010,fe000ce3,0,00000000
5280,5279,00000008,00108093,1,000006e0
5281,5280,0000000c,00208463,0,00000000
5282,5281,00000010,fe000ce3,0,00000000
5283,5282,00000008,00108093,1,000006e1
5284,5283,0000000c,00208463,0,00000000
5285,5284,00000010,fe000ce3,0,00000000
5286,5285,00000008,00108093,1,000006e2
5287,5286,0000000c,00208463,0,00000000
5288,5287,00000010,fe000ce3,0,00000000
5289,5288,00000008,00108093,1,000006e3
5290,5289,0000000c,00208463,0,00000000
5291,5290,00000010,fe000ce3,0,00000000
5292,5291,00000008,00108093,1,000006e4
5293,5292,0000000c,00208463,0,00000000
5294,5293,00000010,fe000ce3,0,00000000
5295,5294,00000008,00108093,1,000006e5
5296,5295,0000000c,00208463,0,00000000
5297,5296,00000010,fe000ce3,0,00000000
5298,5297,00000008,00108093,1,000006e6
5299,5298,0000000c,00208463,0,00000000
5300,5299,00000010,fe000ce3,0,00000000
5301,5300,00000008,00108093,1,000006e7
5302,5301,0000000c,00208463,0,00000000
5303,5302,00000010,fe000ce3,0,00000000
5304,5303,00000008,00108093,1,000006e8
5305,5304,0000000c,00208463,0,00000000
5306,5305,00000010,fe000ce3,0,00000000
5307,5306,00000008,00108093,1,000006e9
5308,5307,0000000c,00208463,0,00000000
5309,5308,00000010,fe000ce3,0,00000000
5310,5309,00000008,00108093,1,000006ea
5311,5310,0000000c,00208463,0,00000000
5312,5311,00000010,fe000ce3,0,00000000
5313,5312,00000008,00108093,1,000006eb
5314,5313,0000000c,00208463,0,00000000
5315,5314,00000010,fe000ce3,0,00000000
5316,5315,00000008,00108093,1,000006ec
5317,5316,0000000c,00208463,0,00000000
5318,5317,00000010,fe000ce3,0,00000000
5319,5318,00000008,00108093,1,000006ed
5320,5319,0000000c,00208463,0,00000000
5321,5320,00000010,fe000ce3,0,00000000
5322,5321,00000008,00108093,1,000006ee
5323,5322,0000000c,00208463,0,00000000
5324,5323,00000010,fe000ce3,0,00000000
5325,5324,00000008,00108093,1,000006ef
5326,5325,0000000c,00208463,0,00000000
5327,5326,00000010,fe000ce3,0,00000000
5328,5327,00000008,00108093,1,000006f0
5329,5328,0000000c,00208463,0,00000000
5330,5329,00000010,fe000ce3,0,00000000
5331,5330,00000008,00108093,1,000006f1
5332,5331,0000000c,00208463,0,00000000
5333,5332,00000010,fe000ce3,0,00000000
5334,5333,00000008,00108093,1,000006f2
5335,5334,0000000c,00208463,0,00000000
5336,5335,00000010,fe000ce3,0,00000000
5337,5336,00000008,00108093,1,000006f3
5338,5337,0000000c,00208463,0,00000000
5339,5338,00000010,fe000ce3,0,00000000
5340,5339,00000008,00108093,1,000006f4
5341,5340,0000000c,00208463,0,00000000
5342,5341,00000010,fe000ce3,0,00000000
5343,5342,00000008,00108093,1,000006f5
5344,5343,0000000c,00208463,0,00000000
5345,5344,00000010,fe000ce3,0,00000000
5346,5345,00000008,00108093,1,000006f6
5347,5346,0000000c,00208463,0,00000000
5348,5347,00000010,fe000ce3,0,00000000
5349,5348,00000008,00108093,1,000006f7
5350,5349,0000000c,00208463,0,00000000
5351,5350,00000010,fe000ce3,0,00000000
5352,5351,00000008,00108093,1,000006f8
5353,5352,0000000c,00208463,0,00000000
5354,5353,00000010,fe000ce3,0,00000000
5355,5354,00000008,00108093,1,000006f9
5356,5355,0000000c,00208463,0,00000000
5357,5356,00000010,fe000ce3,0,00000000
5358,5357,00000008,00108093,1,000006fa
5359,5358,0000000c,00208463,0,00000000
5360,5359,00000010,fe000ce3,0,00000000
5361,5360,00000008,00108093,1,000006fb
5362,5361,0000000c,00208463,0,00000000
5363,5362,00000010,fe000ce3,0,00000000
5364,5363,00000008,00108093,1,000006fc
5365,5364,0000000c,00208463,0,00000000
5366,5365,00000010,fe000ce3,0,00000000
5367,5366,00000008,00108093,1,000006fd
5368,5367,0000000c,00208463,0,00000000
5369,5368,00000010,fe000ce3,0,00000000
5370,5369,00000008,00108093,1,000006fe
5371,5370,0000000c,00208463,0,00000000
5372,5371,00000010,fe000ce3,0,00000000
5373,5372,00000008,00108093,1,000006ff
5374,5373,0000000c,00208463,0,00000000
5375,5374,00000010,fe000ce3,0,00000000
5376,5375,00000008,00108093,1,00000700
5377,5376,0000000c,00208463,0,00000000
5378,5377,00000010,fe000ce3,0,00000000
5379,5378,00000008,00108093,1,00000701
5380,5379,0000000c,00208463,0,00000000
5381,5380,00000010,fe000ce3,0,00000000
5382,5381,00000008,00108093,1,00000702
5383,5382,0000000c,00208463,0,00000000
5384,5383,00000010,fe000ce3,0,00000000
5385,5384,00000008,00108093,1,00000703
5386,5385,0000000c,00208463,0,00000000
5387,5386,00000010,fe000ce3,0,00000000
5388,5387,00000008,00108093,1,00000704
5389,5388,0000000c,00208463,0,00000000
5390,5389,00000010,fe000ce3,0,00000000
5391,5390,00000008,00108093,1,00000705
5392,5391,0000000c,00208463,0,00000000
5393,5392,00000010,fe000ce3,0,00000000
5394,5393,00000008,00108093,1,00000706
5395,5394,0000000c,00208463,0,00000000
5396,5395,00000010,fe000ce3,0,00000000
5397,5396,00000008,00108093,1,00000707
5398,5397,0000000c,00208463,0,00000000
5399,5398,00000010,fe000ce3,0,00000000
5400,5399,00000008,00108093,1,00000708
5401,5400,0000000c,00208463,0,00000000
5402,5401,00000010,fe000ce3,0,00000000
5403,5402,00000008,00108093,1,00000709
5404,5403,0000000c,00208463,0,00000000
5405,5404,00000010,fe000ce3,0,00000000
5406,5405,00000008,00108093,1,0000070a
5407,5406,0000000c,00208463,0,00000000
5408,5407,00000010,fe000ce3,0,00000000
5409,5408,00000008,00108093,1,0000070b
5410,5409,0000000c,00208463,0,00000000
5411,5410,00000010,fe000ce3,0,00000000
5412,5411,00000008,00108093,1,0000070c
5413,5412,0000000c,00208463,0,00000000
5414,5413,00000010,fe000ce3,0,00000000
5415,5414,00000008,00108093,1,0000070d
5416,5415,0000000c,00208463,0,00000000
5417,5416,00000010,fe000ce3,0,00000000
5418,5417,00000008,00108093,1,0000070e
5419,5418,0000000c,00208463,0,00000000
5420,5419,00000010,fe000ce3,0,00000000
5421,5420,00000008,00108093,1,0000070f
5422,5421,0000000c,00208463,0,00000000
5423,5422,00000010,fe000ce3,0,00000000
5424,5423,00000008,00108093,1,00000710
5425,5424,0000000c,00208463,0,00000000
5426,5425,00000010,fe000ce3,0,00000000
5427,5426,00000008,00108093,1,00000711
5428,5427,0000000c,00208463,0,00000000
5429,5428,00000010,fe000ce3,0,00000000
5430,5429,00000008,00108093,1,00000712
5431,5430,0000000c,00208463,0,00000000
5432,5431,00000010,fe000ce3,0,00000000
5433,5432,00000008,00108093,1,00000713
5434,5433,0000000c,00208463,0,00000000
5435,5434,00000010,fe000ce3,0,00000000
5436,5435,00000008,00108093,1,00000714
5437,5436,0000000c,00208463,0,00000000
5438,5437,00000010,fe000ce3,0,00000000
5439,5438,00000008,00108093,1,00000715
5440,5439,0000000c,00208463,0,00000000
5441,5440,00000010,fe000ce3,0,00000000
5442,5441,00000008,00108093,1,00000716
5443,5442,0000000c,00208463,0,00000000
5444,5443,00000010,fe000ce3,0,00000000
5445,5444,00000008,00108093,1,00000717
5446,5445,0000000c,00208463,0,00000000
5447,5446,00000010,fe000ce3,0,00000000
5448,5447,00000008,00108093,1,00000718
5449,5448,0000000c,00208463,0,00000000
5450,5449,00000010,fe000ce3,0,00000000
5451,5450,00000008,00108093,1,00000719
5452,5451,0000000c,00208463,0,00000000
5453,5452,00000010,fe000ce3,0,00000000
5454,5453,00000008,00108093,1,0000071a
5455,5454,0000000c,00208463,0,00000000
5456,5455,00000010,fe000ce3,0,00000000
5457,5456,00000008,00108093,1,0000071b
5458,5457,0000000c,00208463,0,00000000
5459,5458,00000010,fe000ce3,0,00000000
5460,5459,00000008,00108093,1,0000071c
5461,5460,0000000c,00208463,0,00000000
5462,5461,00000010,fe000ce3,0,00000000
5463,5462,00000008,00108093,1,0000071d
5464,5463,0000000c,00208463,0,00000000
5465,5464,00000010,fe000ce3,0,00000000
5466,5465,00000008,00108093,1,0000071e
5467,5466,0000000c,00208463,0,00000000
5468,5467,00000010,fe000ce3,0,00000000
5469,5468,00000008,00108093,1,0000071f
5470,5469,0000000c,00208463,0,00000000
5471,5470,00000010,fe000ce3,0,00000000
5472,5471,00000008,00108093,1,00000720
5473,5472,0000000c,00208463,0,00000000
5474,5473,00000010,fe000ce3,0,00000000
5475,5474,00000008,00108093,1,00000721
5476,5475,0000000c,00208463,0,00000000
5477,5476,00000010,fe000ce3,0,00000000
5478,5477,00000008,00108093,1,00000722
5479,5478,0000000c,00208463,0,00000000
5480,5479,00000010,fe000ce3,0,00000000
5481,5480,00000008,00108093,1,00000723
5482,5481,0000000c,00208463,0,00000000
5483,5482,00000010,fe000ce3,0,00000000
5484,5483,00000008,00108093,1,00000724
5485,5484,0000000c,00208463,0,00000000
5486,5485,00000010,fe000ce3,0,00000000
5487,5486,00000008,00108093,1,00000725
5488,5487,0000000c,00208463,0,00000000
5489,5488,00000010,fe000ce3,0,00000000
5490,5489,00000008,00108093,1,00000726
5491,5490,0000000c,00208463,0,00000000
5492,5491,00000010,fe000ce3,0,00000000
5493,5492,00000008,00108093,1,00000727
5494,5493,0000000c,00208463,0,00000000
5495,5494,00000010,fe000ce3,0,00000000
5496,5495,00000008,00108093,1,00000728
5497,5496,0000000c,00208463,0,00000000
5498,5497,00000010,fe000ce3,0,00000000
5499,5498,00000008,00108093,1,00000729
5500,5499,0000000c,00208463,0,00000000
5501,5500,00000010,fe000ce3,0,00000000
5502,5501,00000008,00108093,1,0000072a
5503,5502,0000000c,00208463,0,00000000
5504,5503,00000010,fe000ce3,0,00000000
5505,5504,00000008,00108093,1,0000072b
5506,5505,0000000c,00208463,0,00000000
5507,5506,00000010,fe000ce3,0,00000000
5508,5507,00000008,00108093,1,0000072c
5509,5508,0000000c,00208463,0,00000000
5510,5509,00000010,fe000ce3,0,00000000
5511,5510,00000008,00108093,1,0000072d
5512,5511,0000000c,00208463,0,00000000
5513,5512,00000010,fe000ce3,0,00000000
5514,5513,00000008,00108093,1,0000072e
5515,5514,0000000c,00208463,0,00000000
5516,5515,00000010,fe000ce3,0,00000000
5517,5516,00000008,00108093,1,0000072f
5518,5517,0000000c,00208463,0,00000000
5519,5518,00000010,fe000ce3,0,00000000
5520,5519,00000008,00108093,1,00000730
5521,5520,0000000c,00208463,0,00000000
5522,5521,00000010,fe000ce3,0,00000000
5523,5522,00000008,00108093,1,00000731
5524,5523,0000000c,00208463,0,00000000
5525,5524,00000010,fe000ce3,0,00000000
5526,5525,00000008,00108093,1,00000732
5527,5526,0000000c,00208463,0,00000000
5528,5527,00000010,fe000ce3,0,00000000
5529,5528,00000008,00108093,1,00000733
5530,5529,0000000c,00208463,0,00000000
5531,5530,00000010,fe000ce3,0,00000000
5532,5531,00000008,00108093,1,00000734
5533,5532,0000000c,00208463,0,00000000
5534,5533,00000010,fe000ce3,0,00000000
5535,5534,00000008,00108093,1,00000735
5536,5535,0000000c,00208463,0,00000000
5537,5536,00000010,fe000ce3,0,00000000
5538,5537,00000008,00108093,1,00000736
5539,5538,0000000c,00208463,0,00000000
5540,5539,00000010,fe000ce3,0,00000000
5541,5540,00000008,00108093,1,00000737
5542,5541,0000000c,00208463,0,00000000
5543,5542,00000010,fe000ce3,0,00000000
5544,5543,00000008,00108093,1,00000738
5545,5544,0000000c,00208463,0,00000000
5546,5545,00000010,fe000ce3,0,00000000
5547,5546,00000008,00108093,1,00000739
5548,5547,0000000c,00208463,0,00000000
5549,5548,00000010,fe000ce3,0,00000000
5550,5549,00000008,00108093,1,0000073a
5551,5550,0000000c,00208463,0,00000000
5552,5551,00000010,fe000ce3,0,00000000
5553,5552,00000008,00108093,1,0000073b
5554,5553,0000000c,00208463,0,00000000
5555,5554,00000010,fe000ce3,0,00000000
5556,5555,00000008,00108093,1,0000073c
5557,5556,0000000c,00208463,0,00000000
5558,5557,00000010,fe000ce3,0,00000000
5559,5558,00000008,00108093,1,0000073d
5560,5559,0000000c,00208463,0,00000000
5561,5560,00000010,fe000ce3,0,00000000
5562,5561,00000008,00108093,1,0000073e
5563,5562,0000000c,00208463,0,00000000
5564,5563,00000010,fe000ce3,0,00000000
5565,5564,00000008,00108093,1,0000073f
5566,5565,0000000c,00208463,0,00000000
5567,5566,00000010,fe000ce3,0,00000000
5568,5567,00000008,00108093,1,00000740
5569,5568,0000000c,00208463,0,00000000
5570,5569,00000010,fe000ce3,0,00000000
5571,5570,00000008,00108093,1,00000741
5572,5571,0000000c,00208463,0,00000000
5573,5572,00000010,fe000ce3,0,00000000
5574,5573,00000008,00108093,1,00000742
5575,5574,0000000c,00208463,0,00000000
5576,5575,00000010,fe000ce3,0,00000000
5577,5576,00000008,00108093,1,00000743
5578,5577,0000000c,00208463,0,00000000
5579,5578,00000010,fe000ce3,0,00000000
5580,5579,00000008,00108093,1,00000744
5581,5580,0000000c,00208463,0,00000000
5582,5581,00000010,fe000ce3,0,00000000
5583,5582,00000008,00108093,1,00000745
5584,5583,0000000c,00208463,0,00000000
5585,5584,00000010,fe000ce3,0,00000000
5586,5585,00000008,00108093,1,00000746
5587,5586,0000000c,00208463,0,00000000
5588,5587,00000010,fe000ce3,0,00000000
5589,5588,00000008,00108093,1,00000747
5590,5589,0000000c,00208463,0,00000000
5591,5590,00000010,fe000ce3,0,00000000
5592,5591,00000008,00108093,1,00000748
5593,5592,0000000c,00208463,0,00000000
5594,5593,00000010,fe000ce3,0,00000000
5595,5594,00000008,00108093,1,00000749
5596,5595,0000000c,00208463,0,00000000
5597,5596,00000010,fe000ce3,0,00000000
5598,5597,00000008,00108093,1,0000074a
5599,5598,0000000c,00208463,0,00000000
5600,5599,00000010,fe000ce3,0,00000000
5601,5600,00000008,00108093,1,0000074b
5602,5601,0000000c,00208463,0,00000000
5603,5602,00000010,fe000ce3,0,00000000
5604,5603,00000008,00108093,1,0000074c
5605,5604,0000000c,00208463,0,00000000
5606,5605,00000010,fe000ce3,0,00000000
5607,5606,00000008,00108093,1,0000074d
5608,5607,0000000c,00208463,0,00000000
5609,5608,00000010,fe000ce3,0,00000000
5610,5609,00000008,00108093,1,0000074e
5611,5610,0000000c,00208463,0,00000000
5612,5611,00000010,fe000ce3,0,00000000
5613,5612,00000008,00108093,1,0000074f
5614,5613,0000000c,00208463,0,00000000
5615,5614,00000010,fe000ce3,0,00000000
5616,5615,00000008,00108093,1,00000750
5617,5616,0000000c,00208463,0,00000000
5618,5617,00000010,fe000ce3,0,00000000
5619,5618,00000008,00108093,1,00000751
5620,5619,0000000c,00208463,0,00000000
5621,5620,00000010,fe000ce3,0,00000000
5622,5621,00000008,00108093,1,00000752
5623,5622,0000000c,00208463,0,00000000
5624,5623,00000010,fe000ce3,0,00000000
5625,5624,00000008,00108093,1,00000753
5626,5625,0000000c,00208463,0,00000000
5627,5626,00000010,fe000ce3,0,00000000
5628,5627,00000008,00108093,1,00000754
5629,5628,0000000c,00208463,0,00000000
5630,5629,00000010,fe000ce3,0,00000000
5631,5630,00000008,00108093,1,00000755
5632,5631,0000000c,00208463,0,00000000
5633,5632,00000010,fe000ce3,0,00000000
5634,5633,00000008,00108093,1,00000756
5635,5634,0000000c,00208463,0,00000000
5636,5635,00000010,fe000ce3,0,00000000
5637,5636,00000008,00108093,1,00000757
5638,5637,0000000c,00208463,0,00000000
5639,5638,00000010,fe000ce3,0,00000000
5640,5639,00000008,00108093,1,00000758
5641,5640,0000000c,00208463,0,00000000
5642,5641,00000010,fe000ce3,0,00000000
5643,5642,00000008,00108093,1,00000759
5644,5643,0000000c,00208463,0,00000000
5645,5644,00000010,fe000ce3,0,00000000
5646,5645,00000008,00108093,1,0000075a
5647,5646,0000000c,00208463,0,00000000
5648,5647,00000010,fe000ce3,0,00000000
5649,5648,00000008,00108093,1,0000075b
5650,5649,0000000c,00208463,0,00000000
5651,5650,00000010,fe000ce3,0,00000000
5652,5651,00000008,00108093,1,0000075c
5653,5652,0000000c,00208463,0,00000000
5654,5653,00000010,fe000ce3,0,00000000
5655,5654,00000008,00108093,1,0000075d
5656,5655,0000000c,00208463,0,00000000
5657,5656,00000010,fe000ce3,0,00000000
5658,5657,00000008,00108093,1,0000075e
5659,5658,0000000c,00208463,0,00000000
5660,5659,00000010,fe000ce3,0,00000000
5661,5660,00000008,00108093,1,0000075f
5662,5661,0000000c,00208463,0,00000000
5663,5662,00000010,fe000ce3,0,00000000
5664,5663,00000008,00108093,1,00000760
5665,5664,0000000c,00208463,0,00000000
5666,5665,00000010,fe000ce3,0,00000000
5667,5666,00000008,00108093,1,00000761
5668,5667,0000000c,00208463,0,00000000
5669,5668,00000010,fe000ce3,0,00000000
5670,5669,00000008,00108093,1,00000762
5671,5670,0000000c,00208463,0,00000000
5672,5671,00000010,fe000ce3,0,00000000
5673,5672,00000008,00108093,1,00000763
5674,5673,0000000c,00208463,0,00000000
5675,5674,00000010,fe000ce3,0,00000000
5676,5675,00000008,00108093,1,00000764
5677,5676,0000000c,00208463,0,00000000
5678,5677,00000010,fe000ce3,0,00000000
5679,5678,00000008,00108093,1,00000765
5680,5679,0000000c,00208463,0,00000000
5681,5680,00000010,fe000ce3,0,00000000
5682,5681,00000008,00108093,1,00000766
5683,5682,0000000c,00208463,0,00000000
5684,5683,00000010,fe000ce3,0,00000000
5685,5684,00000008,00108093,1,00000767
5686,5685,0000000c,00208463,0,00000000
5687,5686,00000010,fe000ce3,0,00000000
5688,5687,00000008,00108093,1,00000768
5689,5688,0000000c,00208463,0,00000000
5690,5689,00000010,fe000ce3,0,00000000
5691,5690,00000008,00108093,1,00000769
5692,5691,0000000c,00208463,0,00000000
5693,5692,00000010,fe000ce3,0,00000000
5694,5693,00000008,00108093,1,0000076a
5695,5694,0000000c,00208463,0,00000000
5696,5695,00000010,fe000ce3,0,00000000
5697,5696,00000008,00108093,1,0000076b
5698,5697,0000000c,00208463,0,00000000
5699,5698,00000010,fe000ce3,0,00000000
5700,5699,00000008,00108093,1,0000076c
5701,5700,0000000c,00208463,0,00000000
5702,5701,00000010,fe000ce3,0,00000000
5703,5702,00000008,00108093,1,0000076d
5704,5703,0000000c,00208463,0,00000000
5705,5704,00000010,fe000ce3,0,00000000
5706,5705,00000008,00108093,1,0000076e
5707,5706,0000000c,00208463,0,00000000
5708,5707,00000010,fe000ce3,0,00000000
5709,5708,00000008,00108093,1,0000076f
5710,5709,0000000c,00208463,0,00000000
5711,5710,00000010,fe000ce3,0,00000000
5712,5711,00000008,00108093,1,00000770
5713,5712,0000000c,00208463,0,00000000
5714,5713,00000010,fe000ce3,0,00000000
5715,5714,00000008,00108093,1,00000771
5716,5715,0000000c,00208463,0,00000000
5717,5716,00000010,fe000ce3,0,00000000
5718,5717,00000008,00108093,1,00000772
5719,5718,0000000c,00208463,0,00000000
5720,5719,00000010,fe000ce3,0,00000000
5721,5720,00000008,00108093,1,00000773
5722,5721,0000000c,00208463,0,00000000
5723,5722,00000010,fe000ce3,0,00000000
5724,5723,00000008,00108093,1,00000774
5725,5724,0000000c,00208463,0,00000000
5726,5725,00000010,fe000ce3,0,00000000
5727,5726,00000008,00108093,1,00000775
5728,5727,0000000c,00208463,0,00000000
5729,5728,00000010,fe000ce3,0,00000000
5730,5729,00000008,00108093,1,00000776
5731,5730,0000000c,00208463,0,00000000
5732,5731,00000010,fe000ce3,0,00000000
5733,5732,00000008,00108093,1,00000777
5734,5733,0000000c,00208463,0,00000000
5735,5734,00000010,fe000ce3,0,00000000
5736,5735,00000008,00108093,1,00000778
5737,5736,0000000c,00208463,0,00000000
5738,5737,00000010,fe000ce3,0,00000000
5739,5738,00000008,00108093,1,00000779
5740,5739,0000000c,00208463,0,00000000
5741,5740,00000010,fe000ce3,0,00000000
5742,5741,00000008,00108093,1,0000077a
5743,5742,0000000c,00208463,0,00000000
5744,5743,00000010,fe000ce3,0,00000000
5745,5744,00000008,00108093,1,0000077b
5746,5745,0000000c,00208463,0,00000000
5747,5746,00000010,fe000ce3,0,00000000
5748,5747,00000008,00108093,1,0000077c
5749,5748,0000000c,00208463,0,00000000
5750,5749,00000010,fe000ce3,0,00000000
5751,5750,00000008,00108093,1,0000077d
5752,5751,0000000c,00208463,0,00000000
5753,5752,00000010,fe000ce3,0,00000000
5754,5753,00000008,00108093,1,0000077e
5755,5754,0000000c,00208463,0,00000000
5756,5755,00000010,fe000ce3,0,00000000
5757,5756,00000008,00108093,1,0000077f
5758,5757,0000000c,00208463,0,00000000
5759,5758,00000010,fe000ce3,0,00000000
5760,5759,00000008,00108093,1,00000780
5761,5760,0000000c,00208463,0,00000000
5762,5761,00000010,fe000ce3,0,00000000
5763,5762,00000008,00108093,1,00000781
5764,5763,0000000c,00208463,0,00000000
5765,5764,00000010,fe000ce3,0,00000000
5766,5765,00000008,00108093,1,00000782
5767,5766,0000000c,00208463,0,00000000
5768,5767,00000010,fe000ce3,0,00000000
5769,5768,00000008,00108093,1,00000783
5770,5769,0000000c,00208463,0,00000000
5771,5770,00000010,fe000ce3,0,00000000
5772,5771,00000008,00108093,1,00000784
5773,5772,0000000c,00208463,0,00000000
5774,5773,00000010,fe000ce3,0,00000000
5775,5774,00000008,00108093,1,00000785
5776,5775,0000000c,00208463,0,00000000
5777,5776,00000010,fe000ce3,0,00000000
5778,5777,00000008,00108093,1,00000786
5779,5778,0000000c,00208463,0,00000000
5780,5779,00000010,fe000ce3,0,00000000
5781,5780,00000008,00108093,1,00000787
5782,5781,0000000c,00208463,0,00000000
5783,5782,00000010,fe000ce3,0,00000000
5784,5783,00000008,00108093,1,00000788
5785,5784,0000000c,00208463,0,00000000
5786,5785,00000010,fe000ce3,0,00000000
5787,5786,00000008,00108093,1,00000789
5788,5787,0000000c,00208463,0,00000000
5789,5788,00000010,fe000ce3,0,00000000
5790,5789,00000008,00108093,1,0000078a
5791,5790,0000000c,00208463,0,00000000
5792,5791,00000010,fe000ce3,0,00000000
5793,5792,00000008,00108093,1,0000078b
5794,5793,0000000c,00208463,0,00000000
5795,5794,00000010,fe000ce3,0,00000000
5796,5795,00000008,00108093,1,0000078c
5797,5796,0000000c,00208463,0,00000000
5798,5797,00000010,fe000ce3,0,00000000
5799,5798,00000008,00108093,1,0000078d
5800,5799,0000000c,00208463,0,00000000
5801,5800,00000010,fe000ce3,0,00000000
5802,5801,00000008,00108093,1,0000078e
5803,5802,0000000c,00208463,0,00000000
5804,5803,00000010,fe000ce3,0,00000000
5805,5804,00000008,00108093,1,0000078f
5806,5805,0000000c,00208463,0,00000000
5807,5806,00000010,fe000ce3,0,00000000
5808,5807,00000008,00108093,1,00000790
5809,5808,0000000c,00208463,0,00000000
5810,5809,00000010,fe000ce3,0,00000000
5811,5810,00000008,00108093,1,00000791
5812,5811,0000000c,00208463,0,00000000
5813,5812,00000010,fe000ce3,0,00000000
5814,5813,00000008,00108093,1,00000792
5815,5814,0000000c,00208463,0,00000000
5816,5815,00000010,fe000ce3,0,00000000
5817,5816,00000008,00108093,1,00000793
5818,5817,0000000c,00208463,0,00000000
5819,5818,00000010,fe000ce3,0,00000000
5820,5819,00000008,00108093,1,00000794
5821,5820,0000000c,00208463,0,00000000
5822,5821,00000010,fe000ce3,0,00000000
5823,5822,00000008,00108093,1,00000795
5824,5823,0000000c,00208463,0,00000000
5825,5824,00000010,fe000ce3,0,00000000
5826,5825,00000008,00108093,1,00000796
5827,5826,0000000c,00208463,0,00000000
5828,5827,00000010,fe000ce3,0,00000000
5829,5828,00000008,00108093,1,00000797
5830,5829,0000000c,00208463,0,00000000
5831,5830,00000010,fe000ce3,0,00000000
5832,5831,00000008,00108093,1,00000798
5833,5832,0000000c,00208463,0,00000000
5834,5833,00000010,fe000ce3,0,00000000
5835,5834,00000008,00108093,1,00000799
5836,5835,0000000c,00208463,0,00000000
5837,5836,00000010,fe000ce3,0,00000000
5838,5837,00000008,00108093,1,0000079a
5839,5838,0000000c,00208463,0,00000000
5840,5839,00000010,fe000ce3,0,00000000
5841,5840,00000008,00108093,1,0000079b
5842,5841,0000000c,00208463,0,00000000
5843,5842,00000010,fe000ce3,0,00000000
5844,5843,00000008,00108093,1,0000079c
5845,5844,0000000c,00208463,0,00000000
5846,5845,00000010,fe000ce3,0,00000000
5847,5846,00000008,00108093,1,0000079d
5848,5847,0000000c,00208463,0,00000000
5849,5848,00000010,fe000ce3,0,00000000
5850,5849,00000008,00108093,1,0000079e
5851,5850,0000000c,00208463,0,00000000
5852,5851,00000010,fe000ce3,0,00000000
5853,5852,00000008,00108093,1,0000079f
5854,5853,0000000c,00208463,0,00000000
5855,5854,00000010,fe000ce3,0,00000000
5856,5855,00000008,00108093,1,000007a0
5857,5856,0000000c,00208463,0,00000000
5858,5857,00000010,fe000ce3,0,00000000
5859,5858,00000008,00108093,1,000007a1
5860,5859,0000000c,00208463,0,00000000
5861,5860,00000010,fe000ce3,0,00000000
5862,5861,00000008,00108093,1,000007a2
5863,5862,0000000c,00208463,0,00000000
5864,5863,00000010,fe000ce3,0,00000000
5865,5864,00000008,00108093,1,000007a3
5866,5865,0000000c,00208463,0,00000000
5867,5866,00000010,fe000ce3,0,00000000
5868,5867,00000008,00108093,1,000007a4
5869,5868,0000000c,00208463,0,00000000
5870,5869,00000010,fe000ce3,0,00000000
5871,5870,00000008,00108093,1,000007a5
5872,5871,0000000c,00208463,0,00000000
5873,5872,00000010,fe000ce3,0,00000000
5874,5873,00000008,00108093,1,000007a6
5875,5874,0000000c,00208463,0,00000000
5876,5875,00000010,fe000ce3,0,00000000
5877,5876,00000008,00108093,1,000007a7
5878,5877,0000000c,00208463,0,00000000
5879,5878,00000010,fe000ce3,0,00000000
5880,5879,00000008,00108093,1,000007a8
5881,5880,0000000c,00208463,0,00000000
5882,5881,00000010,fe000ce3,0,00000000
5883,5882,00000008,00108093,1,000007a9
5884,5883,0000000c,00208463,0,00000000
5885,5884,00000010,fe000ce3,0,00000000
5886,5885,00000008,00108093,1,000007aa
5887,5886,0000000c,00208463,0,00000000
5888,5887,00000010,fe000ce3,0,00000000
5889,5888,00000008,00108093,1,000007ab
5890,5889,0000000c,00208463,0,00000000
5891,5890,00000010,fe000ce3,0,00000000
5892,5891,00000008,00108093,1,000007ac
5893,5892,0000000c,00208463,0,00000000
5894,5893,00000010,fe000ce3,0,00000000
5895,5894,00000008,00108093,1,000007ad
5896,5895,0000000c,00208463,0,00000000
5897,5896,00000010,fe000ce3,0,00000000
5898,5897,00000008,00108093,1,000007ae
5899,5898,0000000c,00208463,0,00000000
5900,5899,00000010,fe000ce3,0,00000000
5901,5900,00000008,00108093,1,000007af
5902,5901,0000000c,00208463,0,00000000
5903,5902,00000010,fe000ce3,0,00000000
5904,5903,00000008,00108093,1,000007b0
5905,5904,0000000c,00208463,0,00000000
5906,5905,00000010,fe000ce3,0,00000000
5907,5906,00000008,00108093,1,000007b1
5908,5907,0000000c,00208463,0,00000000
5909,5908,00000010,fe000ce3,0,00000000
5910,5909,00000008,00108093,1,000007b2
5911,5910,0000000c,00208463,0,00000000
5912,5911,00000010,fe000ce3,0,00000000
5913,5912,00000008,00108093,1,000007b3
5914,5913,0000000c,00208463,0,00000000
5915,5914,00000010,fe000ce3,0,00000000
5916,5915,00000008,00108093,1,000007b4
5917,5916,0000000c,00208463,0,00000000
5918,5917,00000010,fe000ce3,0,00000000
5919,5918,00000008,00108093,1,000007b5
5920,5919,0000000c,00208463,0,00000000
5921,5920,00000010,fe000ce3,0,00000000
5922,5921,00000008,00108093,1,000007b6
5923,5922,0000000c,00208463,0,00000000
5924,5923,00000010,fe000ce3,0,00000000
5925,5924,00000008,00108093,1,000007b7
5926,5925,0000000c,00208463,0,00000000
5927,5926,00000010,fe000ce3,0,00000000
5928,5927,00000008,00108093,1,000007b8
5929,5928,0000000c,00208463,0,00000000
5930,5929,00000010,fe000ce3,0,00000000
5931,5930,00000008,00108093,1,000007b9
5932,5931,0000000c,00208463,0,00000000
5933,5932,00000010,fe000ce3,0,00000000
5934,5933,00000008,00108093,1,000007ba
5935,5934,0000000c,00208463,0,00000000
5936,5935,00000010,fe000ce3,0,00000000
5937,5936,00000008,00108093,1,000007bb
5938,5937,0000000c,00208463,0,00000000
5939,5938,00000010,fe000ce3,0,00000000
5940,5939,00000008,00108093,1,000007bc
5941,5940,0000000c,00208463,0,00000000
5942,5941,00000010,fe000ce3,0,00000000
5943,5942,00000008,00108093,1,000007bd
5944,5943,0000000c,00208463,0,00000000
5945,5944,00000010,fe000ce3,0,00000000
5946,5945,00000008,00108093,1,000007be
5947,5946,0000000c,00208463,0,00000000
5948,5947,00000010,fe000ce3,0,00000000
5949,5948,00000008,00108093,1,000007bf
5950,5949,0000000c,00208463,0,00000000
5951,5950,00000010,fe000ce3,0,00000000
5952,5951,00000008,00108093,1,000007c0
5953,5952,0000000c,00208463,0,00000000
5954,5953,00000010,fe000ce3,0,00000000
5955,5954,00000008,00108093,1,000007c1
5956,5955,0000000c,00208463,0,00000000
5957,5956,00000010,fe000ce3,0,00000000
5958,5957,00000008,00108093,1,000007c2
5959,5958,0000000c,00208463,0,00000000
5960,5959,00000010,fe000ce3,0,00000000
5961,5960,00000008,00108093,1,000007c3
5962,5961,0000000c,00208463,0,00000000
5963,5962,00000010,fe000ce3,0,00000000
5964,5963,00000008,00108093,1,000007c4
5965,5964,0000000c,00208463,0,00000000
5966,5965,00000010,fe000ce3,0,00000000
5967,5966,00000008,00108093,1,000007c5
5968,5967,0000000c,00208463,0,00000000
5969,5968,00000010,fe000ce3,0,00000000
5970,5969,00000008,00108093,1,000007c6
5971,5970,0000000c,00208463,0,00000000
5972,5971,00000010,fe000ce3,0,00000000
5973,5972,00000008,00108093,1,000007c7
5974,5973,0000000c,00208463,0,00000000
5975,5974,00000010,fe000ce3,0,00000000
5976,5975,00000008,00108093,1,000007c8
5977,5976,0000000c,00208463,0,00000000
5978,5977,00000010,fe000ce3,0,00000000
5979,5978,00000008,00108093,1,000007c9
5980,5979,0000000c,00208463,0,00000000
5981,5980,00000010,fe000ce3,0,00000000
5982,5981,00000008,00108093,1,000007ca
5983,5982,0000000c,00208463,0,00000000
5984,5983,00000010,fe000ce3,0,00000000
5985,5984,00000008,00108093,1,000007cb
5986,5985,0000000c,00208463,0,00000000
5987,5986,00000010,fe000ce3,0,00000000
5988,5987,00000008,00108093,1,000007cc
5989,5988,0000000c,00208463,0,00000000
5990,5989,00000010,fe000ce3,0,00000000
5991,5990,00000008,00108093,1,000007cd
5992,5991,0000000c,00208463,0,00000000
5993,5992,00000010,fe000ce3,0,00000000
5994,5993,00000008,00108093,1,000007ce
5995,5994,0000000c,00208463,0,00000000
5996,5995,00000010,fe000ce3,0,00000000
5997,5996,00000008,00108093,1,000007cf
5998,5997,0000000c,00208463,0,00000000
5999,5998,00000010,fe000ce3,0,00000000
6000,5999,00000008,00108093,1,000007d0
6001,6000,0000000c,00208463,0,00000000
6002,6001,00000014,00000063,0,00000000
