cycle,index,pc,instruction,rd,value
17,0,00000000,00000093,1,00000000
18,1,00000004,7d000113,2,000007d0
19,2,00000008,00108093,1,00000001
20,3,0000000c,00208463,0,00000000
33,4,00000010,fe000ce3,0,00000000
36,5,00000008,00108093,1,00000002
37,6,0000000c,00208463,0,00000000
38,7,00000010,fe000ce3,0,00000000
41,8,00000008,00108093,1,00000003
42,9,0000000c,00208463,0,00000000
43,10,00000010,fe000ce3,0,00000000
46,11,00000008,00108093,1,00000004
47,12,0000000c,00208463,0,00000000
48,13,00000010,fe000ce3,0,00000000
51,14,00000008,00108093,1,00000005
52,15,0000000c,00208463,0,00000000
53,16,00000010,fe000ce3,0,00000000
56,17,00000008,00108093,1,00000006
57,18,0000000c,00208463,0,00000000
58,19,00000010,fe000ce3,0,00000000
61,20,00000008,00108093,1,00000007
62,21,0000000c,00208463,0,00000000
63,22,00000010,fe000ce3,0,00000000
66,23,00000008,00108093,1,00000008
67,24,0000000c,00208463,0,00000000
68,25,00000010,fe000ce3,0,00000000
71,26,00000008,00108093,1,00000009
72,27,0000000c,00208463,0,00000000
73,28,00000010,fe000ce3,0,00000000
76,29,00000008,00108093,1,0000000a
77,30,0000000c,00208463,0,00000000
78,31,00000010,fe000ce3,0,00000000
81,32,00000008,00108093,1,0000000b
82,33,0000000c,00208463,0,00000000
83,34,00000010,fe000ce3,0,00000000
86,35,00000008,00108093,1,0000000c
87,36,0000000c,00208463,0,00000000
88,37,00000010,fe000ce3,0,00000000
91,38,00000008,00108093,1,0000000d
92,39,0000000c,00208463,0,00000000
93,40,00000010,fe000ce3,0,00000000
96,41,00000008,00108093,1,0000000e
97,42,0000000c,00208463,0,00000000
98,43,00000010,fe000ce3,0,00000000
101,44,00000008,00108093,1,0000000f
102,45,0000000c,00208463,0,00000000
103,46,00000010,fe000ce3,0,00000000
106,47,00000008,00108093,1,00000010
107,48,0000000c,00208463,0,00000000
108,49,00000010,fe000ce3,0,00000000
111,50,00000008,00108093,1,00000011
112,51,0000000c,00208463,0,00000000
113,52,00000010,fe000ce3,0,00000000
116,53,00000008,00108093,1,00000012
117,54,0000000c,00208463,0,00000000
118,55,00000010,fe000ce3,0,00000000
121,56,00000008,00108093,1,00000013
122,57,0000000c,00208463,0,00000000
123,58,00000010,fe000ce3,0,00000000
126,59,00000008,00108093,1,00000014
127,60,0000000c,00208463,0,00000000
128,61,00000010,fe000ce3,0,00000000
131,62,00000008,00108093,1,00000015
132,63,0000000c,00208463,0,00000000
133,64,00000010,fe000ce3,0,00000000
136,65,00000008,00108093,1,00000016
137,66,0000000c,00208463,0,00000000
138,67,00000010,fe000ce3,0,00000000
141,68,00000008,00108093,1,00000017
142,69,0000000c,00208463,0,00000000
143,70,00000010,fe000ce3,0,00000000
146,71,00000008,00108093,1,00000018
147,72,0000000c,00208463,0,00000000
148,73,00000010,fe000ce3,0,00000000
151,74,00000008,00108093,1,00000019
152,75,0000000c,00208463,0,00000000
153,76,00000010,fe000ce3,0,00000000
156,77,00000008,00108093,1,0000001a
157,78,0000000c,00208463,0,00000000
158,79,00000010,fe000ce3,0,00000000
161,80,00000008,00108093,1,0000001b
162,81,0000000c,00208463,0,00000000
163,82,00000010,fe000ce3,0,00000000
166,83,00000008,00108093,1,0000001c
167,84,0000000c,00208463,0,00000000
168,85,00000010,fe000ce3,0,00000000
171,86,00000008,00108093,1,0000001d
172,87,0000000c,00208463,0,00000000
173,88,00000010,fe000ce3,0,00000000
176,89,00000008,00108093,1,0000001e
177,90,0000000c,00208463,0,00000000
178,91,00000010,fe000ce3,0,00000000
181,92,00000008,00108093,1,0000001f
182,93,0000000c,00208463,0,00000000
183,94,00000010,fe000ce3,0,00000000
186,95,00000008,00108093,1,00000020
187,96,0000000c,00208463,0,00000000
188,97,00000010,fe000ce3,0,00000000
191,98,00000008,00108093,1,00000021
192,99,0000000c,00208463,0,00000000
193,100,00000010,fe000ce3,0,00000000
196,101,00000008,00108093,1,00000022
197,102,0000000c,00208463,0,00000000
198,103,00000010,fe000ce3,0,00000000
201,104,00000008,00108093,1,00000023
202,105,0000000c,00208463,0,00000000
203,106,00000010,fe000ce3,0,00000000
206,107,00000008,00108093,1,00000024
207,108,0000000c,00208463,0,00000000
208,109,00000010,fe000ce3,0,00000000
211,110,00000008,00108093,1,00000025
212,111,0000000c,00208463,0,00000000
213,112,00000010,fe000ce3,0,00000000
216,113,00000008,00108093,1,00000026
217,114,0000000c,00208463,0,00000000
218,115,00000010,fe000ce3,0,00000000
221,116,00000008,00108093,1,00000027
222,117,0000000c,00208463,0,00000000
223,118,00000010,fe000ce3,0,00000000
226,119,00000008,00108093,1,00000028
227,120,0000000c,00208463,0,00000000
228,121,00000010,fe000ce3,0,00000000
231,122,00000008,00108093,1,00000029
232,123,0000000c,00208463,0,00000000
233,124,00000010,fe000ce3,0,00000000
236,125,00000008,00108093,1,0000002a
237,126,0000000c,00208463,0,00000000
238,127,00000010,fe000ce3,0,00000000
241,128,00000008,00108093,1,0000002b
242,129,0000000c,00208463,0,00000000
243,130,00000010,fe000ce3,0,00000000
246,131,00000008,00108093,1,0000002c
247,132,0000000c,00208463,0,00000000
248,133,00000010,fe000ce3,0,00000000
251,134,00000008,00108093,1,0000002d
252,135,0000000c,00208463,0,00000000
253,136,00000010,fe000ce3,0,00000000
256,137,00000008,00108093,1,0000002e
257,138,0000000c,00208463,0,00000000
258,139,00000010,fe000ce3,0,00000000
261,140,00000008,00108093,1,0000002f
262,141,0000000c,00208463,0,00000000
263,142,00000010,fe000ce3,0,00000000
266,143,00000008,00108093,1,00000030
267,144,0000000c,00208463,0,00000000
268,145,00000010,fe000ce3,0,00000000
271,146,00000008,00108093,1,00000031
272,147,0000000c,00208463,0,00000000
273,148,00000010,fe000ce3,0,00000000
276,149,00000008,00108093,1,00000032
277,150,0000000c,00208463,0,00000000
278,151,00000010,fe000ce3,0,00000000
281,152,00000008,00108093,1,00000033
282,153,0000000c,00208463,0,00000000
283,154,00000010,fe000ce3,0,00000000
286,155,00000008,00108093,1,00000034
287,156,0000000c,00208463,0,00000000
288,157,00000010,fe000ce3,0,00000000
291,158,00000008,00108093,1,00000035
292,159,0000000c,00208463,0,00000000
293,160,00000010,fe000ce3,0,00000000
296,161,00000008,00108093,1,00000036
297,162,0000000c,00208463,0,00000000
298,163,00000010,fe000ce3,0,00000000
301,164,00000008,00108093,1,00000037
302,165,0000000c,00208463,0,00000000
303,166,00000010,fe000ce3,0,00000000
306,167,00000008,00108093,1,00000038
307,168,0000000c,00208463,0,00000000
308,169,00000010,fe000ce3,0,00000000
311,170,00000008,00108093,1,00000039
312,171,0000000c,00208463,0,00000000
313,172,00000010,fe000ce3,0,00000000
316,173,00000008,00108093,1,0000003a
317,174,0000000c,00208463,0,00000000
318,175,00000010,fe000ce3,0,00000000
321,176,00000008,00108093,1,0000003b
322,177,0000000c,00208463,0,00000000
323,178,00000010,fe000ce3,0,00000000
326,179,00000008,00108093,1,0000003c
327,180,0000000c,00208463,0,00000000
328,181,00000010,fe000ce3,0,00000000
331,182,00000008,00108093,1,0000003d
332,183,0000000c,00208463,0,00000000
333,184,00000010,fe000ce3,0,00000000
336,185,00000008,00108093,1,0000003e
337,186,0000000c,00208463,0,00000000
338,187,00000010,fe000ce3,0,00000000
341,188,00000008,00108093,1,0000003f
342,189,0000000c,00208463,0,00000000
343,190,00000010,fe000ce3,0,00000000
346,191,00000008,00108093,1,00000040
347,192,0000000c,00208463,0,00000000
348,193,00000010,fe000ce3,0,00000000
351,194,00000008,00108093,1,00000041
352,195,0000000c,00208463,0,00000000
353,196,00000010,fe000ce3,0,00000000
356,197,00000008,00108093,1,00000042
357,198,0000000c,00208463,0,00000000
358,199,00000010,fe000ce3,0,00000000
361,200,00000008,00108093,1,00000043
362,201,0000000c,00208463,0,00000000
363,202,00000010,fe000ce3,0,00000000
366,203,00000008,00108093,1,00000044
367,204,0000000c,00208463,0,00000000
368,205,00000010,fe000ce3,0,00000000
371,206,00000008,00108093,1,00000045
372,207,0000000c,00208463,0,00000000
373,208,00000010,fe000ce3,0,00000000
376,209,00000008,00108093,1,00000046
377,210,0000000c,00208463,0,00000000
378,211,00000010,fe000ce3,0,00000000
381,212,00000008,00108093,1,00000047
382,213,0000000c,00208463,0,00000000
383,214,00000010,fe000ce3,0,00000000
386,215,00000008,00108093,1,00000048
387,216,0000000c,00208463,0,00000000
388,217,00000010,fe000ce3,0,00000000
391,218,00000008,00108093,1,00000049
392,219,0000000c,00208463,0,00000000
393,220,00000010,fe000ce3,0,00000000
396,221,00000008,00108093,1,0000004a
397,222,0000000c,00208463,0,00000000
398,223,00000010,fe000ce3,0,00000000
401,224,00000008,00108093,1,0000004b
402,225,0000000c,00208463,0,00000000
403,226,00000010,fe000ce3,0,00000000
406,227,00000008,00108093,1,0000004c
407,228,0000000c,00208463,0,00000000
408,229,00000010,fe000ce3,0,00000000
411,230,00000008,00108093,1,0000004d
412,231,0000000c,00208463,0,00000000
413,232,00000010,fe000ce3,0,00000000
416,233,00000008,00108093,1,0000004e
417,234,0000000c,00208463,0,00000000
418,235,00000010,fe000ce3,0,00000000
421,236,00000008,00108093,1,0000004f
422,237,0000000c,00208463,0,00000000
423,238,00000010,fe000ce3,0,00000000
426,239,00000008,00108093,1,00000050
427,240,0000000c,00208463,0,00000000
428,241,00000010,fe000ce3,0,00000000
431,242,00000008,00108093,1,00000051
432,243,0000000c,00208463,0,00000000
433,244,00000010,fe000ce3,0,00000000
436,245,00000008,00108093,1,00000052
437,246,0000000c,00208463,0,00000000
438,247,00000010,fe000ce3,0,00000000
441,248,00000008,00108093,1,00000053
442,249,0000000c,00208463,0,00000000
443,250,00000010,fe000ce3,0,00000000
446,251,00000008,00108093,1,00000054
447,252,0000000c,00208463,0,00000000
448,253,00000010,fe000ce3,0,00000000
451,254,00000008,00108093,1,00000055
452,255,0000000c,00208463,0,00000000
453,256,00000010,fe000ce3,0,00000000
456,257,00000008,00108093,1,00000056
457,258,0000000c,00208463,0,00000000
458,259,00000010,fe000ce3,0,00000000
461,260,00000008,00108093,1,00000057
462,261,0000000c,00208463,0,00000000
463,262,00000010,fe000ce3,0,00000000
466,263,00000008,00108093,1,00000058
467,264,0000000c,00208463,0,00000000
468,265,00000010,fe000ce3,0,00000000
471,266,00000008,00108093,1,00000059
472,267,0000000c,00208463,0,00000000
473,268,00000010,fe000ce3,0,00000000
476,269,00000008,00108093,1,0000005a
477,270,0000000c,00208463,0,00000000
478,271,00000010,fe000ce3,0,00000000
481,272,00000008,00108093,1,0000005b
482,273,0000000c,00208463,0,00000000
483,274,00000010,fe000ce3,0,00000000
486,275,00000008,00108093,1,0000005c
487,276,0000000c,00208463,0,00000000
488,277,00000010,fe000ce3,0,00000000
491,278,00000008,00108093,1,0000005d
492,279,0000000c,00208463,0,00000000
493,280,00000010,fe000ce3,0,00000000
496,281,00000008,00108093,1,0000005e
497,282,0000000c,00208463,0,00000000
498,283,00000010,fe000ce3,0,00000000
501,284,00000008,00108093,1,0000005f
502,285,0000000c,00208463,0,00000000
503,286,00000010,fe000ce3,0,00000000
506,287,00000008,00108093,1,00000060
507,288,0000000c,00208463,0,00000000
508,289,00000010,fe000ce3,0,00000000
511,290,00000008,00108093,1,00000061
512,291,0000000c,00208463,0,00000000
513,292,00000010,fe000ce3,0,00000000
516,293,00000008,00108093,1,00000062
517,294,0000000c,00208463,0,00000000
518,295,00000010,fe000ce3,0,00000000
521,296,00000008,00108093,1,00000063
522,297,0000000c,00208463,0,00000000
523,298,00000010,fe000ce3,0,00000000
526,299,00000008,00108093,1,00000064
527,300,0000000c,00208463,0,00000000
528,301,00000010,fe000ce3,0,00000000
531,302,00000008,00108093,1,00000065
532,303,0000000c,00208463,0,00000000
533,304,00000010,fe000ce3,0,00000000
536,305,00000008,00108093,1,00000066
537,306,0000000c,00208463,0,00000000
538,307,00000010,fe000ce3,0,00000000
541,308,00000008,00108093,1,00000067
542,309,0000000c,00208463,0,00000000
543,310,00000010,fe000ce3,0,00000000
546,311,00000008,00108093,1,00000068
547,312,0000000c,00208463,0,00000000
548,313,00000010,fe000ce3,0,00000000
551,314,00000008,00108093,1,00000069
552,315,0000000c,00208463,0,00000000
553,316,00000010,fe000ce3,0,00000000
556,317,00000008,00108093,1,0000006a
557,318,0000000c,00208463,0,00000000
558,319,00000010,fe000ce3,0,00000000
561,320,00000008,00108093,1,0000006b
562,321,0000000c,00208463,0,00000000
563,322,00000010,fe000ce3,0,00000000
566,323,00000008,00108093,1,0000006c
567,324,0000000c,00208463,0,00000000
568,325,00000010,fe000ce3,0,00000000
571,326,00000008,00108093,1,0000006d
572,327,0000000c,00208463,0,00000000
573,328,00000010,fe000ce3,0,00000000
576,329,00000008,00108093,1,0000006e
577,330,0000000c,00208463,0,00000000
578,331,00000010,fe000ce3,0,00000000
581,332,00000008,00108093,1,0000006f
582,333,0000000c,00208463,0,00000000
583,334,00000010,fe000ce3,0,00000000
586,335,00000008,00108093,1,00000070
587,336,0000000c,00208463,0,00000000
588,337,00000010,fe000ce3,0,00000000
591,338,00000008,00108093,1,00000071
592,339,0000000c,00208463,0,00000000
593,340,00000010,fe000ce3,0,00000000
596,341,00000008,00108093,1,00000072
597,342,0000000c,00208463,0,00000000
598,343,00000010,fe000ce3,0,00000000
601,344,00000008,00108093,1,00000073
602,345,0000000c,00208463,0,00000000
603,346,00000010,fe000ce3,0,00000000
606,347,00000008,00108093,1,00000074
607,348,0000000c,00208463,0,00000000
608,349,00000010,fe000ce3,0,00000000
611,350,00000008,00108093,1,00000075
612,351,0000000c,00208463,0,00000000
613,352,00000010,fe000ce3,0,00000000
616,353,00000008,00108093,1,00000076
617,354,0000000c,00208463,0,00000000
618,355,00000010,fe000ce3,0,00000000
621,356,00000008,00108093,1,00000077
622,357,0000000c,00208463,0,00000000
623,358,00000010,fe000ce3,0,00000000
626,359,00000008,00108093,1,00000078
627,360,0000000c,00208463,0,00000000
628,361,00000010,fe000ce3,0,00000000
631,362,00000008,00108093,1,00000079
632,363,0000000c,00208463,0,00000000
633,364,00000010,fe000ce3,0,00000000
636,365,00000008,00108093,1,0000007a
637,366,0000000c,00208463,0,00000000
638,367,00000010,fe000ce3,0,00000000
641,368,00000008,00108093,1,0000007b
642,369,0000000c,00208463,0,00000000
643,370,00000010,fe000ce3,0,00000000
646,371,00000008,00108093,1,0000007c
647,372,0000000c,00208463,0,00000000
648,373,00000010,fe000ce3,0,00000000
651,374,00000008,00108093,1,0000007d
652,375,0000000c,00208463,0,00000000
653,376,00000010,fe000ce3,0,00000000
656,377,00000008,00108093,1,0000007e
657,378,0000000c,00208463,0,00000000
658,379,00000010,fe000ce3,0,00000000
661,380,00000008,00108093,1,0000007f
662,381,0000000c,00208463,0,00000000
663,382,00000010,fe000ce3,0,00000000
666,383,00000008,00108093,1,00000080
667,384,0000000c,00208463,0,00000000
668,385,00000010,fe000ce3,0,00000000
671,386,00000008,00108093,1,00000081
672,387,0000000c,00208463,0,00000000
673,388,00000010,fe000ce3,0,00000000
676,389,00000008,00108093,1,00000082
677,390,0000000c,00208463,0,00000000
678,391,00000010,fe000ce3,0,00000000
681,392,00000008,00108093,1,00000083
682,393,0000000c,00208463,0,00000000
683,394,00000010,fe000ce3,0,00000000
686,395,00000008,00108093,1,00000084
687,396,0000000c,00208463,0,00000000
688,397,00000010,fe000ce3,0,00000000
691,398,00000008,00108093,1,00000085
692,399,0000000c,00208463,0,00000000
693,400,00000010,fe000ce3,0,00000000
696,401,00000008,00108093,1,00000086
697,402,0000000c,00208463,0,00000000
698,403,00000010,fe000ce3,0,00000000
701,404,00000008,00108093,1,00000087
702,405,0000000c,00208463,0,00000000
703,406,00000010,fe000ce3,0,00000000
706,407,00000008,00108093,1,00000088
707,408,0000000c,00208463,0,00000000
708,409,00000010,fe000ce3,0,00000000
711,410,00000008,00108093,1,00000089
712,411,0000000c,00208463,0,00000000
713,412,00000010,fe000ce3,0,00000000
716,413,00000008,00108093,1,0000008a
717,414,0000000c,00208463,0,00000000
718,415,00000010,fe000ce3,0,00000000
721,416,00000008,00108093,1,0000008b
722,417,0000000c,00208463,0,00000000
723,418,00000010,fe000ce3,0,00000000
726,419,00000008,00108093,1,0000008c
727,420,0000000c,00208463,0,00000000
728,421,00000010,fe000ce3,0,00000000
731,422,00000008,00108093,1,0000008d
732,423,0000000c,00208463,0,00000000
733,424,00000010,fe000ce3,0,00000000
736,425,00000008,00108093,1,0000008e
737,426,0000000c,00208463,0,00000000
738,427,00000010,fe000ce3,0,00000000
741,428,00000008,00108093,1,0000008f
742,429,0000000c,00208463,0,00000000
743,430,00000010,fe000ce3,0,00000000
746,431,00000008,00108093,1,00000090
747,432,0000000c,00208463,0,00000000
748,433,00000010,fe000ce3,0,00000000
751,434,00000008,00108093,1,00000091
752,435,0000000c,00208463,0,00000000
753,436,00000010,fe000ce3,0,00000000
756,437,00000008,00108093,1,00000092
757,438,0000000c,00208463,0,00000000
758,439,00000010,fe000ce3,0,00000000
761,440,00000008,00108093,1,00000093
762,441,0000000c,00208463,0,00000000
763,442,00000010,fe000ce3,0,00000000
766,443,00000008,00108093,1,00000094
767,444,0000000c,00208463,0,00000000
768,445,00000010,fe000ce3,0,00000000
771,446,00000008,00108093,1,00000095
772,447,0000000c,00208463,0,00000000
773,448,00000010,fe000ce3,0,00000000
776,449,00000008,00108093,1,00000096
777,450,0000000c,00208463,0,00000000
778,451,00000010,fe000ce3,0,00000000
781,452,00000008,00108093,1,00000097
782,453,0000000c,00208463,0,00000000
783,454,00000010,fe000ce3,0,00000000
786,455,00000008,00108093,1,00000098
787,456,0000000c,00208463,0,00000000
788,457,00000010,fe000ce3,0,00000000
791,458,00000008,00108093,1,00000099
792,459,0000000c,00208463,0,00000000
793,460,00000010,fe000ce3,0,00000000
796,461,00000008,00108093,1,0000009a
797,462,0000000c,00208463,0,00000000
798,463,00000010,fe000ce3,0,00000000
801,464,00000008,00108093,1,0000009b
802,465,0000000c,00208463,0,00000000
803,466,00000010,fe000ce3,0,00000000
806,467,00000008,00108093,1,0000009c
807,468,0000000c,00208463,0,00000000
808,469,00000010,fe000ce3,0,00000000
811,470,00000008,00108093,1,0000009d
812,471,0000000c,00208463,0,00000000
813,472,00000010,fe000ce3,0,00000000
816,473,00000008,00108093,1,0000009e
817,474,0000000c,00208463,0,00000000
818,475,00000010,fe000ce3,0,00000000
821,476,00000008,00108093,1,0000009f
822,477,0000000c,00208463,0,00000000
823,478,00000010,fe000ce3,0,00000000
826,479,00000008,00108093,1,000000a0
827,480,0000000c,00208463,0,00000000
828,481,00000010,fe000ce3,0,00000000
831,482,00000008,00108093,1,000000a1
832,483,0000000c,00208463,0,00000000
833,484,00000010,fe000ce3,0,00000000
836,485,00000008,00108093,1,000000a2
837,486,0000000c,00208463,0,00000000
838,487,00000010,fe000ce3,0,00000000
841,488,00000008,00108093,1,000000a3
842,489,0000000c,00208463,0,00000000
843,490,00000010,fe000ce3,0,00000000
846,491,00000008,00108093,1,000000a4
847,492,0000000c,00208463,0,00000000
848,493,00000010,fe000ce3,0,00000000
851,494,00000008,00108093,1,000000a5
852,495,0000000c,00208463,0,00000000
853,496,00000010,fe000ce3,0,00000000
856,497,00000008,00108093,1,000000a6
857,498,0000000c,00208463,0,00000000
858,499,00000010,fe000ce3,0,00000000
861,500,00000008,00108093,1,000000a7
862,501,0000000c,00208463,0,00000000
863,502,00000010,fe000ce3,0,00000000
866,503,00000008,00108093,1,000000a8
867,504,0000000c,00208463,0,00000000
868,505,00000010,fe000ce3,0,00000000
871,506,00000008,00108093,1,000000a9
872,507,0000000c,00208463,0,00000000
873,508,00000010,fe000ce3,0,00000000
876,509,00000008,00108093,1,000000aa
877,510,0000000c,00208463,0,00000000
878,511,00000010,fe000ce3,0,00000000
881,512,00000008,00108093,1,000000ab
882,513,0000000c,00208463,0,00000000
883,514,00000010,fe000ce3,0,00000000
886,515,00000008,00108093,1,000000ac
887,516,0000000c,00208463,0,00000000
888,517,00000010,fe000ce3,0,00000000
891,518,00000008,00108093,1,000000ad
892,519,0000000c,00208463,0,00000000
893,520,00000010,fe000ce3,0,00000000
896,521,00000008,00108093,1,000000ae
897,522,0000000c,00208463,0,00000000
898,523,00000010,fe000ce3,0,00000000
901,524,00000008,00108093,1,000000af
902,525,0000000c,00208463,0,00000000
903,526,00000010,fe000ce3,0,00000000
906,527,00000008,00108093,1,000000b0
907,528,0000000c,00208463,0,00000000
908,529,00000010,fe000ce3,0,00000000
911,530,00000008,00108093,1,000000b1
912,531,0000000c,00208463,0,00000000
913,532,00000010,fe000ce3,0,00000000
916,533,00000008,00108093,1,000000b2
917,534,0000000c,00208463,0,00000000
918,535,00000010,fe000ce3,0,00000000
921,536,00000008,00108093,1,000000b3
922,537,0000000c,00208463,0,00000000
923,538,00000010,fe000ce3,0,00000000
926,539,00000008,00108093,1,000000b4
927,540,0000000c,00208463,0,00000000
928,541,00000010,fe000ce3,0,00000000
931,542,00000008,00108093,1,000000b5
932,543,0000000c,00208463,0,00000000
933,544,00000010,fe000ce3,0,00000000
936,545,00000008,00108093,1,000000b6
937,546,0000000c,00208463,0,00000000
938,547,00000010,fe000ce3,0,00000000
941,548,00000008,00108093,1,000000b7
942,549,0000000c,00208463,0,00000000
943,550,00000010,fe000ce3,0,00000000
946,551,00000008,00108093,1,000000b8
947,552,0000000c,00208463,0,00000000
948,553,00000010,fe000ce3,0,00000000
951,554,00000008,00108093,1,000000b9
952,555,0000000c,00208463,0,00000000
953,556,00000010,fe000ce3,0,00000000
956,557,00000008,00108093,1,000000ba
957,558,0000000c,00208463,0,00000000
958,559,00000010,fe000ce3,0,00000000
961,560,00000008,00108093,1,000000bb
962,561,0000000c,00208463,0,00000000
963,562,00000010,fe000ce3,0,00000000
966,563,00000008,00108093,1,000000bc
967,564,0000000c,00208463,0,00000000
968,565,00000010,fe000ce3,0,00000000
971,566,00000008,00108093,1,000000bd
972,567,0000000c,00208463,0,00000000
973,568,00000010,fe000ce3,0,00000000
976,569,00000008,00108093,1,000000be
977,570,0000000c,00208463,0,00000000
978,571,00000010,fe000ce3,0,00000000
981,572,00000008,00108093,1,000000bf
982,573,0000000c,00208463,0,00000000
983,574,00000010,fe000ce3,0,00000000
986,575,00000008,00108093,1,000000c0
987,576,0000000c,00208463,0,00000000
988,577,00000010,fe000ce3,0,00000000
991,578,00000008,00108093,1,000000c1
992,579,0000000c,00208463,0,00000000
993,580,00000010,fe000ce3,0,00000000
996,581,00000008,00108093,1,000000c2
997,582,0000000c,00208463,0,00000000
998,583,00000010,fe000ce3,0,00000000
1001,584,00000008,00108093,1,000000c3
1002,585,0000000c,00208463,0,00000000
1003,586,00000010,fe000ce3,0,00000000
1006,587,00000008,00108093,1,000000c4
1007,588,0000000c,00208463,0,00000000
1008,589,00000010,fe000ce3,0,00000000
1011,590,00000008,00108093,1,000000c5
1012,591,0000000c,00208463,0,00000000
1013,592,00000010,fe000ce3,0,00000000
1016,593,00000008,00108093,1,000000c6
1017,594,0000000c,00208463,0,00000000
1018,595,00000010,fe000ce3,0,00000000
1021,596,00000008,00108093,1,000000c7
1022,597,0000000c,00208463,0,00000000
1023,598,00000010,fe000ce3,0,00000000
1026,599,00000008,00108093,1,000000c8
1027,600,0000000c,00208463,0,00000000
1028,601,00000010,fe000ce3,0,00000000
1031,602,00000008,00108093,1,000000c9
1032,603,0000000c,00208463,0,00000000
1033,604,00000010,fe000ce3,0,00000000
1036,605,00000008,00108093,1,000000ca
1037,606,0000000c,00208463,0,00000000
1038,607,00000010,fe000ce3,0,00000000
1041,608,00000008,00108093,1,000000cb
1042,609,0000000c,00208463,0,00000000
1043,610,00000010,fe000ce3,0,00000000
1046,611,00000008,00108093,1,000000cc
1047,612,0000000c,00208463,0,00000000
1048,613,00000010,fe000ce3,0,00000000
1051,614,00000008,00108093,1,000000cd
1052,615,0000000c,00208463,0,00000000
1053,616,00000010,fe000ce3,0,00000000
1056,617,00000008,00108093,1,000000ce
1057,618,0000000c,00208463,0,00000000
1058,619,00000010,fe000ce3,0,00000000
1061,620,00000008,00108093,1,000000cf
1062,621,0000000c,00208463,0,00000000
1063,622,00000010,fe000ce3,0,00000000
1066,623,00000008,00108093,1,000000d0
1067,624,0000000c,00208463,0,00000000
1068,625,00000010,fe000ce3,0,00000000
1071,626,00000008,00108093,1,000000d1
1072,627,0000000c,00208463,0,00000000
1073,628,00000010,fe000ce3,0,00000000
1076,629,00000008,00108093,1,000000d2
1077,630,0000000c,00208463,0,00000000
1078,631,00000010,fe000ce3,0,00000000
1081,632,00000008,00108093,1,000000d3
1082,633,0000000c,00208463,0,00000000
1083,634,00000010,fe000ce3,0,00000000
1086,635,00000008,00108093,1,000000d4
1087,636,0000000c,00208463,0,00000000
1088,637,00000010,fe000ce3,0,00000000
1091,638,00000008,00108093,1,000000d5
1092,639,0000000c,00208463,0,00000000
1093,640,00000010,fe000ce3,0,00000000
1096,641,00000008,00108093,1,000000d6
1097,642,0000000c,00208463,0,00000000
1098,643,00000010,fe000ce3,0,00000000
1101,644,00000008,00108093,1,000000d7
1102,645,0000000c,00208463,0,00000000
1103,646,00000010,fe000ce3,0,00000000
1106,647,00000008,00108093,1,000000d8
1107,648,0000000c,00208463,0,00000000
1108,649,00000010,fe000ce3,0,00000000
1111,650,00000008,00108093,1,000000d9
1112,651,0000000c,00208463,0,00000000
1113,652,00000010,fe000ce3,0,00000000
1116,653,00000008,00108093,1,000000da
1117,654,0000000c,00208463,0,00000000
1118,655,00000010,fe000ce3,0,00000000
1121,656,00000008,00108093,1,000000db
1122,657,0000000c,00208463,0,00000000
1123,658,00000010,fe000ce3,0,00000000
1126,659,00000008,00108093,1,000000dc
1127,660,0000000c,00208463,0,00000000
1128,661,00000010,fe000ce3,0,00000000
1131,662,00000008,00108093,1,000000dd
1132,663,0000000c,00208463,0,00000000
1133,664,00000010,fe000ce3,0,00000000
1136,665,00000008,00108093,1,000000de
1137,666,0000000c,00208463,0,00000000
1138,667,00000010,fe000ce3,0,00000000
1141,668,00000008,00108093,1,000000df
1142,669,0000000c,00208463,0,00000000
1143,670,00000010,fe000ce3,0,00000000
1146,671,00000008,00108093,1,000000e0
1147,672,0000000c,00208463,0,00000000
1148,673,00000010,fe000ce3,0,00000000
1151,674,00000008,00108093,1,000000e1
1152,675,0000000c,00208463,0,00000000
1153,676,00000010,fe000ce3,0,00000000
1156,677,00000008,00108093,1,000000e2
1157,678,0000000c,00208463,0,00000000
1158,679,00000010,fe000ce3,0,00000000
1161,680,00000008,00108093,1,000000e3
1162,681,0000000c,00208463,0,00000000
1163,682,00000010,fe000ce3,0,00000000
1166,683,00000008,00108093,1,000000e4
1167,684,0000000c,00208463,0,00000000
1168,685,00000010,fe000ce3,0,00000000
1171,686,00000008,00108093,1,000000e5
1172,687,0000000c,00208463,0,00000000
1173,688,00000010,fe000ce3,0,00000000
1176,689,00000008,00108093,1,000000e6
1177,690,0000000c,00208463,0,00000000
1178,691,00000010,fe000ce3,0,00000000
1181,692,00000008,00108093,1,000000e7
1182,693,0000000c,00208463,0,00000000
1183,694,00000010,fe000ce3,0,00000000
1186,695,00000008,00108093,1,000000e8
1187,696,0000000c,00208463,0,00000000
1188,697,00000010,fe000ce3,0,00000000
1191,698,00000008,00108093,1,000000e9
1192,699,0000000c,00208463,0,00000000
1193,700,00000010,fe000ce3,0,00000000
1196,701,00000008,00108093,1,000000ea
1197,702,0000000c,00208463,0,00000000
1198,703,00000010,fe000ce3,0,00000000
1201,704,00000008,00108093,1,000000eb
1202,705,0000000c,00208463,0,00000000
1203,706,00000010,fe000ce3,0,00000000
1206,707,00000008,00108093,1,000000ec
1207,708,0000000c,00208463,0,00000000
1208,709,00000010,fe000ce3,0,00000000
1211,710,00000008,00108093,1,000000ed
1212,711,0000000c,00208463,0,00000000
1213,712,00000010,fe000ce3,0,00000000
1216,713,00000008,00108093,1,000000ee
1217,714,0000000c,00208463,0,00000000
1218,715,00000010,fe000ce3,0,00000000
1221,716,00000008,00108093,1,000000ef
1222,717,0000000c,00208463,0,00000000
1223,718,00000010,fe000ce3,0,00000000
1226,719,00000008,00108093,1,000000f0
1227,720,0000000c,00208463,0,00000000
1228,721,00000010,fe000ce3,0,00000000
1231,722,00000008,00108093,1,000000f1
1232,723,0000000c,00208463,0,00000000
1233,724,00000010,fe000ce3,0,00000000
1236,725,00000008,00108093,1,000000f2
1237,726,0000000c,00208463,0,00000000
1238,727,00000010,fe000ce3,0,00000000
1241,728,00000008,00108093,1,000000f3
1242,729,0000000c,00208463,0,00000000
1243,730,00000010,fe000ce3,0,00000000
1246,731,00000008,00108093,1,000000f4
1247,732,0000000c,00208463,0,00000000
1248,733,00000010,fe000ce3,0,00000000
1251,734,00000008,00108093,1,000000f5
1252,735,0000000c,00208463,0,00000000
1253,736,00000010,fe000ce3,0,00000000
1256,737,00000008,00108093,1,000000f6
1257,738,0000000c,00208463,0,00000000
1258,739,00000010,fe000ce3,0,00000000
1261,740,00000008,00108093,1,000000f7
1262,741,0000000c,00208463,0,00000000
1263,742,00000010,fe000ce3,0,00000000
1266,743,00000008,00108093,1,000000f8
1267,744,0000000c,00208463,0,00000000
1268,745,00000010,fe000ce3,0,00000000
1271,746,00000008,00108093,1,000000f9
1272,747,0000000c,00208463,0,00000000
1273,748,00000010,fe000ce3,0,00000000
1276,749,00000008,00108093,1,000000fa
1277,750,0000000c,00208463,0,00000000
1278,751,00000010,fe000ce3,0,00000000
1281,752,00000008,00108093,1,000000fb
1282,753,0000000c,00208463,0,00000000
1283,754,00000010,fe000ce3,0,00000000
1286,755,00000008,00108093,1,000000fc
1287,756,0000000c,00208463,0,00000000
1288,757,00000010,fe000ce3,0,00000000
1291,758,00000008,00108093,1,000000fd
1292,759,0000000c,00208463,0,00000000
1293,760,00000010,fe000ce3,0,00000000
1296,761,00000008,00108093,1,000000fe
1297,762,0000000c,00208463,0,00000000
1298,763,00000010,fe000ce3,0,00000000
1301,764,00000008,00108093,1,000000ff
1302,765,0000000c,00208463,0,00000000
1303,766,00000010,fe000ce3,0,00000000
1306,767,00000008,00108093,1,00000100
1307,768,0000000c,00208463,0,00000000
1308,769,00000010,fe000ce3,0,00000000
1311,770,00000008,00108093,1,00000101
1312,771,0000000c,00208463,0,00000000
1313,772,00000010,fe000ce3,0,00000000
1316,773,00000008,00108093,1,00000102
1317,774,0000000c,00208463,0,00000000
1318,775,00000010,fe000ce3,0,00000000
1321,776,00000008,00108093,1,00000103
1322,777,0000000c,00208463,0,00000000
1323,778,00000010,fe000ce3,0,00000000
1326,779,00000008,00108093,1,00000104
1327,780,0000000c,00208463,0,00000000
1328,781,00000010,fe000ce3,0,00000000
1331,782,00000008,00108093,1,00000105
1332,783,0000000c,00208463,0,00000000
1333,784,00000010,fe000ce3,0,00000000
1336,785,00000008,00108093,1,00000106
1337,786,0000000c,00208463,0,00000000
1338,787,00000010,fe000ce3,0,00000000
1341,788,00000008,00108093,1,00000107
1342,789,0000000c,00208463,0,00000000
1343,790,00000010,fe000ce3,0,00000000
1346,791,00000008,00108093,1,00000108
1347,792,0000000c,00208463,0,00000000
1348,793,00000010,fe000ce3,0,00000000
1351,794,00000008,00108093,1,00000109
1352,795,0000000c,00208463,0,00000000
1353,796,00000010,fe000ce3,0,00000000
1356,797,00000008,00108093,1,0000010a
1357,798,0000000c,00208463,0,00000000
1358,799,00000010,fe000ce3,0,00000000
1361,800,00000008,00108093,1,0000010b
1362,801,0000000c,00208463,0,00000000
1363,802,00000010,fe000ce3,0,00000000
1366,803,00000008,00108093,1,0000010c
1367,804,0000000c,00208463,0,00000000
1368,805,00000010,fe000ce3,0,00000000
1371,806,00000008,00108093,1,0000010d
1372,807,0000000c,00208463,0,00000000
1373,808,00000010,fe000ce3,0,00000000
1376,809,00000008,00108093,1,0000010e
1377,810,0000000c,00208463,0,00000000
1378,811,00000010,fe000ce3,0,00000000
1381,812,00000008,00108093,1,0000010f
1382,813,0000000c,00208463,0,00000000
1383,814,00000010,fe000ce3,0,00000000
1386,815,00000008,00108093,1,00000110
1387,816,0000000c,00208463,0,00000000
1388,817,00000010,fe000ce3,0,00000000
1391,818,00000008,00108093,1,00000111
1392,819,0000000c,00208463,0,00000000
1393,820,00000010,fe000ce3,0,00000000
1396,821,00000008,00108093,1,00000112
1397,822,0000000c,00208463,0,00000000
1398,823,00000010,fe000ce3,0,00000000
1401,824,00000008,00108093,1,00000113
1402,825,0000000c,00208463,0,00000000
1403,826,00000010,fe000ce3,0,00000000
1406,827,00000008,00108093,1,00000114
1407,828,0000000c,00208463,0,00000000
1408,829,00000010,fe000ce3,0,00000000
1411,830,00000008,00108093,1,00000115
1412,831,0000000c,00208463,0,00000000
1413,832,00000010,fe000ce3,0,00000000
1416,833,00000008,00108093,1,00000116
1417,834,0000000c,00208463,0,00000000
1418,835,00000010,fe000ce3,0,00000000
1421,836,00000008,00108093,1,00000117
1422,837,0000000c,00208463,0,00000000
1423,838,00000010,fe000ce3,0,00000000
1426,839,00000008,00108093,1,00000118
1427,840,0000000c,00208463,0,00000000
1428,841,00000010,fe000ce3,0,00000000
1431,842,00000008,00108093,1,00000119
1432,843,0000000c,00208463,0,00000000
1433,844,00000010,fe000ce3,0,00000000
1436,845,00000008,00108093,1,0000011a
1437,846,0000000c,00208463,0,00000000
1438,847,00000010,fe000ce3,0,00000000
1441,848,00000008,00108093,1,0000011b
1442,849,0000000c,00208463,0,00000000
1443,850,00000010,fe000ce3,0,00000000
1446,851,00000008,00108093,1,0000011c
1447,852,0000000c,00208463,0,00000000
1448,853,00000010,fe000ce3,0,00000000
1451,854,00000008,00108093,1,0000011d
1452,855,0000000c,00208463,0,00000000
1453,856,00000010,fe000ce3,0,00000000
1456,857,00000008,00108093,1,0000011e
1457,858,0000000c,00208463,0,00000000
1458,859,00000010,fe000ce3,0,00000000
1461,860,00000008,00108093,1,0000011f
1462,861,0000000c,00208463,0,00000000
1463,862,00000010,fe000ce3,0,00000000
1466,863,00000008,00108093,1,00000120
1467,864,0000000c,00208463,0,00000000
1468,865,00000010,fe000ce3,0,00000000
1471,866,00000008,00108093,1,00000121
1472,867,0000000c,00208463,0,00000000
1473,868,00000010,fe000ce3,0,00000000
1476,869,00000008,00108093,1,00000122
1477,870,0000000c,00208463,0,00000000
1478,871,00000010,fe000ce3,0,00000000
1481,872,00000008,00108093,1,00000123
1482,873,0000000c,00208463,0,00000000
1483,874,00000010,fe000ce3,0,00000000
1486,875,00000008,00108093,1,00000124
1487,876,0000000c,00208463,0,00000000
1488,877,00000010,fe000ce3,0,00000000
1491,878,00000008,00108093,1,00000125
1492,879,0000000c,00208463,0,00000000
1493,880,00000010,fe000ce3,0,00000000
1496,881,00000008,00108093,1,00000126
1497,882,0000000c,00208463,0,00000000
1498,883,00000010,fe000ce3,0,00000000
1501,884,00000008,00108093,1,00000127
1502,885,0000000c,00208463,0,00000000
1503,886,00000010,fe000ce3,0,00000000
1506,887,00000008,00108093,1,00000128
1507,888,0000000c,00208463,0,00000000
1508,889,00000010,fe000ce3,0,00000000
1511,890,00000008,00108093,1,00000129
1512,891,0000000c,00208463,0,00000000
1513,892,00000010,fe000ce3,0,00000000
1516,893,00000008,00108093,1,0000012a
1517,894,0000000c,00208463,0,00000000
1518,895,00000010,fe000ce3,0,00000000
1521,896,00000008,00108093,1,0000012b
1522,897,0000000c,00208463,0,00000000
1523,898,00000010,fe000ce3,0,00000000
1526,899,00000008,00108093,1,0000012c
1527,900,0000000c,00208463,0,00000000
1528,901,00000010,fe000ce3,0,00000000
1531,902,00000008,00108093,1,0000012d
1532,903,0000000c,00208463,0,00000000
1533,904,00000010,fe000ce3,0,00000000
1536,905,00000008,00108093,1,0000012e
1537,906,0000000c,00208463,0,00000000
1538,907,00000010,fe000ce3,0,00000000
1541,908,00000008,00108093,1,0000012f
1542,909,0000000c,00208463,0,00000000
1543,910,00000010,fe000ce3,0,00000000
1546,911,00000008,00108093,1,00000130
1547,912,0000000c,00208463,0,00000000
1548,913,00000010,fe000ce3,0,00000000
1551,914,00000008,00108093,1,00000131
1552,915,0000000c,00208463,0,00000000
1553,916,00000010,fe000ce3,0,00000000
1556,917,00000008,00108093,1,00000132
1557,918,0000000c,00208463,0,00000000
1558,919,00000010,fe000ce3,0,00000000
1561,920,00000008,00108093,1,00000133
1562,921,0000000c,00208463,0,00000000
1563,922,00000010,fe000ce3,0,00000000
1566,923,00000008,00108093,1,00000134
1567,924,0000000c,00208463,0,00000000
1568,925,00000010,fe000ce3,0,00000000
1571,926,00000008,00108093,1,00000135
1572,927,0000000c,00208463,0,00000000
1573,928,00000010,fe000ce3,0,00000000
1576,929,00000008,00108093,1,00000136
1577,930,0000000c,00208463,0,00000000
1578,931,00000010,fe000ce3,0,00000000
1581,932,00000008,00108093,1,00000137
1582,933,0000000c,00208463,0,00000000
1583,934,00000010,fe000ce3,0,00000000
1586,935,00000008,00108093,1,00000138
1587,936,0000000c,00208463,0,00000000
1588,937,00000010,fe000ce3,0,00000000
1591,938,00000008,00108093,1,00000139
1592,939,0000000c,00208463,0,00000000
1593,940,00000010,fe000ce3,0,00000000
1596,941,00000008,00108093,1,0000013a
1597,942,0000000c,00208463,0,00000000
1598,943,00000010,fe000ce3,0,00000000
1601,944,00000008,00108093,1,0000013b
1602,945,0000000c,00208463,0,00000000
1603,946,00000010,fe000ce3,0,00000000
1606,947,00000008,00108093,1,0000013c
1607,948,0000000c,00208463,0,00000000
1608,949,00000010,fe000ce3,0,00000000
1611,950,00000008,00108093,1,0000013d
1612,951,0000000c,00208463,0,00000000
1613,952,00000010,fe000ce3,0,00000000
1616,953,00000008,00108093,1,0000013e
1617,954,0000000c,00208463,0,00000000
1618,955,00000010,fe000ce3,0,00000000
1621,956,00000008,00108093,1,0000013f
1622,957,0000000c,00208463,0,00000000
1623,958,00000010,fe000ce3,0,00000000
1626,959,00000008,00108093,1,00000140
1627,960,0000000c,00208463,0,00000000
1628,961,00000010,fe000ce3,0,00000000
1631,962,00000008,00108093,1,00000141
1632,963,0000000c,00208463,0,00000000
1633,964,00000010,fe000ce3,0,00000000
1636,965,00000008,00108093,1,00000142
1637,966,0000000c,00208463,0,00000000
1638,967,00000010,fe000ce3,0,00000000
1641,968,00000008,00108093,1,00000143
1642,969,0000000c,00208463,0,00000000
1643,970,00000010,fe000ce3,0,00000000
1646,971,00000008,00108093,1,00000144
1647,972,0000000c,00208463,0,00000000
1648,973,00000010,fe000ce3,0,00000000
1651,974,00000008,00108093,1,00000145
1652,975,0000000c,00208463,0,00000000
1653,976,00000010,fe000ce3,0,00000000
1656,977,00000008,00108093,1,00000146
1657,978,0000000c,00208463,0,00000000
1658,979,00000010,fe000ce3,0,00000000
1661,980,00000008,00108093,1,00000147
1662,981,0000000c,00208463,0,00000000
1663,982,00000010,fe000ce3,0,00000000
1666,983,00000008,00108093,1,00000148
1667,984,0000000c,00208463,0,00000000
1668,985,00000010,fe000ce3,0,00000000
1671,986,00000008,00108093,1,00000149
1672,987,0000000c,00208463,0,00000000
1673,988,00000010,fe000ce3,0,00000000
1676,989,00000008,00108093,1,0000014a
1677,990,0000000c,00208463,0,00000000
1678,991,00000010,fe000ce3,0,00000000
1681,992,00000008,00108093,1,0000014b
1682,993,0000000c,00208463,0,00000000
1683,994,00000010,fe000ce3,0,00000000
1686,995,00000008,00108093,1,0000014c
1687,996,0000000c,00208463,0,00000000
1688,997,00000010,fe000ce3,0,00000000
1691,998,00000008,00108093,1,0000014d
1692,999,0000000c,00208463,0,00000000
1693,1000,00000010,fe000ce3,0,00000000
1696,1001,00000008,00108093,1,0000014e
1697,1002,0000000c,00208463,0,00000000
1698,1003,00000010,fe000ce3,0,00000000
1701,1004,00000008,00108093,1,0000014f
1702,1005,0000000c,00208463,0,00000000
1703,1006,00000010,fe000ce3,0,00000000
1706,1007,00000008,00108093,1,00000150
1707,1008,0000000c,00208463,0,00000000
1708,1009,00000010,fe000ce3,0,00000000
1711,1010,00000008,00108093,1,00000151
1712,1011,0000000c,00208463,0,00000000
1713,1012,00000010,fe000ce3,0,00000000
1716,1013,00000008,00108093,1,00000152
1717,1014,0000000c,00208463,0,00000000
1718,1015,00000010,fe000ce3,0,00000000
1721,1016,00000008,00108093,1,00000153
1722,1017,0000000c,00208463,0,00000000
1723,1018,00000010,fe000ce3,0,00000000
1726,1019,00000008,00108093,1,00000154
1727,1020,0000000c,00208463,0,00000000
1728,1021,00000010,fe000ce3,0,00000000
1731,1022,00000008,00108093,1,00000155
1732,1023,0000000c,00208463,0,00000000
1733,1024,00000010,fe000ce3,0,00000000
1736,1025,00000008,00108093,1,00000156
1737,1026,0000000c,00208463,0,00000000
1738,1027,00000010,fe000ce3,0,00000000
1741,1028,00000008,00108093,1,00000157
1742,1029,0000000c,00208463,0,00000000
1743,1030,00000010,fe000ce3,0,00000000
1746,1031,00000008,00108093,1,00000158
1747,1032,0000000c,00208463,0,00000000
1748,1033,00000010,fe000ce3,0,00000000
1751,1034,00000008,00108093,1,00000159
1752,1035,0000000c,00208463,0,00000000
1753,1036,00000010,fe000ce3,0,00000000
1756,1037,00000008,00108093,1,0000015a
1757,1038,0000000c,00208463,0,00000000
1758,1039,00000010,fe000ce3,0,00000000
1761,1040,00000008,00108093,1,0000015b
1762,1041,0000000c,00208463,0,00000000
1763,1042,00000010,fe000ce3,0,00000000
1766,1043,00000008,00108093,1,0000015c
1767,1044,0000000c,00208463,0,00000000
1768,1045,00000010,fe000ce3,0,00000000
1771,1046,00000008,00108093,1,0000015d
1772,1047,0000000c,00208463,0,00000000
1773,1048,00000010,fe000ce3,0,00000000
1776,1049,00000008,00108093,1,0000015e
1777,1050,0000000c,00208463,0,00000000
1778,1051,00000010,fe000ce3,0,00000000
1781,1052,00000008,00108093,1,0000015f
1782,1053,0000000c,00208463,0,00000000
1783,1054,00000010,fe000ce3,0,00000000
1786,1055,00000008,00108093,1,00000160
1787,1056,0000000c,00208463,0,00000000
1788,1057,00000010,fe000ce3,0,00000000
1791,1058,00000008,00108093,1,00000161
1792,1059,0000000c,00208463,0,00000000
1793,1060,00000010,fe000ce3,0,00000000
1796,1061,00000008,00108093,1,00000162
1797,1062,0000000c,00208463,0,00000000
1798,1063,00000010,fe000ce3,0,00000000
1801,1064,00000008,00108093,1,00000163
1802,1065,0000000c,00208463,0,00000000
1803,1066,00000010,fe000ce3,0,00000000
1806,1067,00000008,00108093,1,00000164
1807,1068,0000000c,00208463,0,00000000
1808,1069,00000010,fe000ce3,0,00000000
1811,1070,00000008,00108093,1,00000165
1812,1071,0000000c,00208463,0,00000000
1813,1072,00000010,fe000ce3,0,00000000
1816,1073,00000008,00108093,1,00000166
1817,1074,0000000c,00208463,0,00000000
1818,1075,00000010,fe000ce3,0,00000000
1821,1076,00000008,00108093,1,00000167
1822,1077,0000000c,00208463,0,00000000
1823,1078,00000010,fe000ce3,0,00000000
1826,1079,00000008,00108093,1,00000168
1827,1080,0000000c,00208463,0,00000000
1828,1081,00000010,fe000ce3,0,00000000
1831,1082,00000008,00108093,1,00000169
1832,1083,0000000c,00208463,0,00000000
1833,1084,00000010,fe000ce3,0,00000000
1836,1085,00000008,00108093,1,0000016a
1837,1086,0000000c,00208463,0,00000000
1838,1087,00000010,fe000ce3,0,00000000
1841,1088,00000008,00108093,1,0000016b
1842,1089,0000000c,00208463,0,00000000
1843,1090,00000010,fe000ce3,0,00000000
1846,1091,00000008,00108093,1,0000016c
1847,1092,0000000c,00208463,0,00000000
1848,1093,00000010,fe000ce3,0,00000000
1851,1094,00000008,00108093,1,0000016d
1852,1095,0000000c,00208463,0,00000000
1853,1096,00000010,fe000ce3,0,00000000
1856,1097,00000008,00108093,1,0000016e
1857,1098,0000000c,00208463,0,00000000
1858,1099,00000010,fe000ce3,0,00000000
1861,1100,00000008,00108093,1,0000016f
1862,1101,0000000c,00208463,0,00000000
1863,1102,00000010,fe000ce3,0,00000000
1866,1103,00000008,00108093,1,00000170
1867,1104,0000000c,00208463,0,00000000
1868,1105,00000010,fe000ce3,0,00000000
1871,1106,00000008,00108093,1,00000171
1872,1107,0000000c,00208463,0,00000000
1873,1108,00000010,fe000ce3,0,00000000
1876,1109,00000008,00108093,1,00000172
1877,1110,0000000c,00208463,0,00000000
1878,1111,00000010,fe000ce3,0,00000000
1881,1112,00000008,00108093,1,00000173
1882,1113,0000000c,00208463,0,00000000
1883,1114,00000010,fe000ce3,0,00000000
1886,1115,00000008,00108093,1,00000174
1887,1116,0000000c,00208463,0,00000000
1888,1117,00000010,fe000ce3,0,00000000
1891,1118,00000008,00108093,1,00000175
1892,1119,0000000c,00208463,0,00000000
1893,1120,00000010,fe000ce3,0,00000000
1896,1121,00000008,00108093,1,00000176
1897,1122,0000000c,00208463,0,00000000
1898,1123,00000010,fe000ce3,0,00000000
1901,1124,00000008,00108093,1,00000177
1902,1125,0000000c,00208463,0,00000000
1903,1126,00000010,fe000ce3,0,00000000
1906,1127,00000008,00108093,1,00000178
1907,1128,0000000c,00208463,0,00000000
1908,1129,00000010,fe000ce3,0,00000000
1911,1130,00000008,00108093,1,00000179
1912,1131,0000000c,00208463,0,00000000
1913,1132,00000010,fe000ce3,0,00000000
1916,1133,00000008,00108093,1,0000017a
1917,1134,0000000c,00208463,0,00000000
1918,1135,00000010,fe000ce3,0,00000000
1921,1136,00000008,00108093,1,0000017b
1922,1137,0000000c,00208463,0,00000000
1923,1138,00000010,fe000ce3,0,00000000
1926,1139,00000008,00108093,1,0000017c
1927,1140,0000000c,00208463,0,00000000
1928,1141,00000010,fe000ce3,0,00000000
1931,1142,00000008,00108093,1,0000017d
1932,1143,0000000c,00208463,0,00000000
1933,1144,00000010,fe000ce3,0,00000000
1936,1145,00000008,00108093,1,0000017e
1937,1146,0000000c,00208463,0,00000000
1938,1147,00000010,fe000ce3,0,00000000
1941,1148,00000008,00108093,1,0000017f
1942,1149,0000000c,00208463,0,00000000
1943,1150,00000010,fe000ce3,0,00000000
1946,1151,00000008,00108093,1,00000180
1947,1152,0000000c,00208463,0,00000000
1948,1153,00000010,fe000ce3,0,00000000
1951,1154,00000008,00108093,1,00000181
1952,1155,0000000c,00208463,0,00000000
1953,1156,00000010,fe000ce3,0,00000000
1956,1157,00000008,00108093,1,00000182
1957,1158,0000000c,00208463,0,00000000
1958,1159,00000010,fe000ce3,0,00000000
1961,1160,00000008,00108093,1,00000183
1962,1161,0000000c,00208463,0,00000000
1963,1162,00000010,fe000ce3,0,00000000
1966,1163,00000008,00108093,1,00000184
1967,1164,0000000c,00208463,0,00000000
1968,1165,00000010,fe000ce3,0,00000000
1971,1166,00000008,00108093,1,00000185
1972,1167,0000000c,00208463,0,00000000
1973,1168,00000010,fe000ce3,0,00000000
1976,1169,00000008,00108093,1,00000186
1977,1170,0000000c,00208463,0,00000000
1978,1171,00000010,fe000ce3,0,00000000
1981,1172,00000008,00108093,1,00000187
1982,1173,0000000c,00208463,0,00000000
1983,1174,00000010,fe000ce3,0,00000000
1986,1175,00000008,00108093,1,00000188
1987,1176,0000000c,00208463,0,00000000
1988,1177,00000010,fe000ce3,0,00000000
1991,1178,00000008,00108093,1,00000189
1992,1179,0000000c,00208463,0,00000000
1993,1180,00000010,fe000ce3,0,00000000
1996,1181,00000008,00108093,1,0000018a
1997,1182,0000000c,00208463,0,00000000
1998,1183,00000010,fe000ce3,0,00000000
2001,1184,00000008,00108093,1,0000018b
2002,1185,0000000c,00208463,0,00000000
2003,1186,00000010,fe000ce3,0,00000000
2006,1187,00000008,00108093,1,0000018c
2007,1188,0000000c,00208463,0,00000000
2008,1189,00000010,fe000ce3,0,00000000
2011,1190,00000008,00108093,1,0000018d
2012,1191,0000000c,00208463,0,00000000
2013,1192,00000010,fe000ce3,0,00000000
2016,1193,00000008,00108093,1,0000018e
2017,1194,0000000c,00208463,0,00000000
2018,1195,00000010,fe000ce3,0,00000000
2021,1196,00000008,00108093,1,0000018f
2022,1197,0000000c,00208463,0,00000000
2023,1198,00000010,fe000ce3,0,00000000
2026,1199,00000008,00108093,1,00000190
2027,1200,0000000c,00208463,0,00000000
2028,1201,00000010,fe000ce3,0,00000000
2031,1202,00000008,00108093,1,00000191
2032,1203,0000000c,00208463,0,00000000
2033,1204,00000010,fe000ce3,0,00000000
2036,1205,00000008,00108093,1,00000192
2037,1206,0000000c,00208463,0,00000000
2038,1207,00000010,fe000ce3,0,00000000
2041,1208,00000008,00108093,1,00000193
2042,1209,0000000c,00208463,0,00000000
2043,1210,00000010,fe000ce3,0,00000000
2046,1211,00000008,00108093,1,00000194
2047,1212,0000000c,00208463,0,00000000
2048,1213,00000010,fe000ce3,0,00000000
2051,1214,00000008,00108093,1,00000195
2052,1215,0000000c,00208463,0,00000000
2053,1216,00000010,fe000ce3,0,00000000
2056,1217,00000008,00108093,1,00000196
2057,1218,0000000c,00208463,0,00000000
2058,1219,00000010,fe000ce3,0,00000000
2061,1220,00000008,00108093,1,00000197
2062,1221,0000000c,00208463,0,00000000
2063,1222,00000010,fe000ce3,0,00000000
2066,1223,00000008,00108093,1,00000198
2067,1224,0000000c,00208463,0,00000000
2068,1225,00000010,fe000ce3,0,00000000
2071,1226,00000008,00108093,1,00000199
2072,1227,0000000c,00208463,0,00000000
2073,1228,00000010,fe000ce3,0,00000000
2076,1229,00000008,00108093,1,0000019a
2077,1230,0000000c,00208463,0,00000000
2078,1231,00000010,fe000ce3,0,00000000
2081,1232,00000008,00108093,1,0000019b
2082,1233,0000000c,00208463,0,00000000
2083,1234,00000010,fe000ce3,0,00000000
2086,1235,00000008,00108093,1,0000019c
2087,1236,0000000c,00208463,0,00000000
2088,1237,00000010,fe000ce3,0,00000000
2091,1238,00000008,00108093,1,0000019d
2092,1239,0000000c,00208463,0,00000000
2093,1240,00000010,fe000ce3,0,00000000
2096,1241,00000008,00108093,1,0000019e
2097,1242,0000000c,00208463,0,00000000
2098,1243,00000010,fe000ce3,0,00000000
2101,1244,00000008,00108093,1,0000019f
2102,1245,0000000c,00208463,0,00000000
2103,1246,00000010,fe000ce3,0,00000000
2106,1247,00000008,00108093,1,000001a0
2107,1248,0000000c,00208463,0,00000000
2108,1249,00000010,fe000ce3,0,00000000
2111,1250,00000008,00108093,1,000001a1
2112,1251,0000000c,00208463,0,00000000
2113,1252,00000010,fe000ce3,0,00000000
2116,1253,00000008,00108093,1,000001a2
2117,1254,0000000c,00208463,0,00000000
2118,1255,00000010,fe000ce3,0,00000000
2121,1256,00000008,00108093,1,000001a3
2122,1257,0000000c,00208463,0,00000000
2123,1258,00000010,fe000ce3,0,00000000
2126,1259,00000008,00108093,1,000001a4
2127,1260,0000000c,00208463,0,00000000
2128,1261,00000010,fe000ce3,0,00000000
2131,1262,00000008,00108093,1,000001a5
2132,1263,0000000c,00208463,0,00000000
2133,1264,00000010,fe000ce3,0,00000000
2136,1265,00000008,00108093,1,000001a6
2137,1266,0000000c,00208463,0,00000000
2138,1267,00000010,fe000ce3,0,00000000
2141,1268,00000008,00108093,1,000001a7
2142,1269,0000000c,00208463,0,00000000
2143,1270,00000010,fe000ce3,0,00000000
2146,1271,00000008,00108093,1,000001a8
2147,1272,0000000c,00208463,0,00000000
2148,1273,00000010,fe000ce3,0,00000000
2151,1274,00000008,00108093,1,000001a9
2152,1275,0000000c,00208463,0,00000000
2153,1276,00000010,fe000ce3,0,00000000
2156,1277,00000008,00108093,1,000001aa
2157,1278,0000000c,00208463,0,00000000
2158,1279,00000010,fe000ce3,0,00000000
2161,1280,00000008,00108093,1,000001ab
2162,1281,0000000c,00208463,0,00000000
2163,1282,00000010,fe000ce3,0,00000000
2166,1283,00000008,00108093,1,000001ac
2167,1284,0000000c,00208463,0,00000000
2168,1285,00000010,fe000ce3,0,00000000
2171,1286,00000008,00108093,1,000001ad
2172,1287,0000000c,00208463,0,00000000
2173,1288,00000010,fe000ce3,0,00000000
2176,1289,00000008,00108093,1,000001ae
2177,1290,0000000c,00208463,0,00000000
2178,1291,00000010,fe000ce3,0,00000000
2181,1292,00000008,00108093,1,000001af
2182,1293,0000000c,00208463,0,00000000
2183,1294,00000010,fe000ce3,0,00000000
2186,1295,00000008,00108093,1,000001b0
2187,1296,0000000c,00208463,0,00000000
2188,1297,00000010,fe000ce3,0,00000000
2191,1298,00000008,00108093,1,000001b1
2192,1299,0000000c,00208463,0,00000000
2193,1300,00000010,fe000ce3,0,00000000
2196,1301,00000008,00108093,1,000001b2
2197,1302,0000000c,00208463,0,00000000
2198,1303,00000010,fe000ce3,0,00000000
2201,1304,00000008,00108093,1,000001b3
2202,1305,0000000c,00208463,0,00000000
2203,1306,00000010,fe000ce3,0,00000000
2206,1307,00000008,00108093,1,000001b4
2207,1308,0000000c,00208463,0,00000000
2208,1309,00000010,fe000ce3,0,00000000
2211,1310,00000008,00108093,1,000001b5
2212,1311,0000000c,00208463,0,00000000
2213,1312,00000010,fe000ce3,0,00000000
2216,1313,00000008,00108093,1,000001b6
2217,1314,0000000c,00208463,0,00000000
2218,1315,00000010,fe000ce3,0,00000000
2221,1316,00000008,00108093,1,000001b7
2222,1317,0000000c,00208463,0,00000000
2223,1318,00000010,fe000ce3,0,00000000
2226,1319,00000008,00108093,1,000001b8
2227,1320,0000000c,00208463,0,00000000
2228,1321,00000010,fe000ce3,0,00000000
2231,1322,00000008,00108093,1,000001b9
2232,1323,0000000c,00208463,0,00000000
2233,1324,00000010,fe000ce3,0,00000000
2236,1325,00000008,00108093,1,000001ba
2237,1326,0000000c,00208463,0,00000000
2238,1327,00000010,fe000ce3,0,00000000
2241,1328,00000008,00108093,1,000001bb
2242,1329,0000000c,00208463,0,00000000
2243,1330,00000010,fe000ce3,0,00000000
2246,1331,00000008,00108093,1,000001bc
2247,1332,0000000c,00208463,0,00000000
2248,1333,00000010,fe000ce3,0,00000000
2251,1334,00000008,00108093,1,000001bd
2252,1335,0000000c,00208463,0,00000000
2253,1336,00000010,fe000ce3,0,00000000
2256,1337,00000008,00108093,1,000001be
2257,1338,0000000c,00208463,0,00000000
2258,1339,00000010,fe000ce3,0,00000000
2261,1340,00000008,00108093,1,000001bf
2262,1341,0000000c,00208463,0,00000000
2263,1342,00000010,fe000ce3,0,00000000
2266,1343,00000008,00108093,1,000001c0
2267,1344,0000000c,00208463,0,00000000
2268,1345,00000010,fe000ce3,0,00000000
2271,1346,00000008,00108093,1,000001c1
2272,1347,0000000c,00208463,0,00000000
2273,1348,00000010,fe000ce3,0,00000000
2276,1349,00000008,00108093,1,000001c2
2277,1350,0000000c,00208463,0,00000000
2278,1351,00000010,fe000ce3,0,00000000
2281,1352,00000008,00108093,1,000001c3
2282,1353,0000000c,00208463,0,00000000
2283,1354,00000010,fe000ce3,0,00000000
2286,1355,00000008,00108093,1,000001c4
2287,1356,0000000c,00208463,0,00000000
2288,1357,00000010,fe000ce3,0,00000000
2291,1358,00000008,00108093,1,000001c5
2292,1359,0000000c,00208463,0,00000000
2293,1360,00000010,fe000ce3,0,00000000
2296,1361,00000008,00108093,1,000001c6
2297,1362,0000000c,00208463,0,00000000
2298,1363,00000010,fe000ce3,0,00000000
2301,1364,00000008,00108093,1,000001c7
2302,1365,0000000c,00208463,0,00000000
2303,1366,00000010,fe000ce3,0,00000000
2306,1367,00000008,00108093,1,000001c8
2307,1368,0000000c,00208463,0,00000000
2308,1369,00000010,fe000ce3,0,00000000
2311,1370,00000008,00108093,1,000001c9
2312,1371,0000000c,00208463,0,00000000
2313,1372,00000010,fe000ce3,0,00000000
2316,1373,00000008,00108093,1,000001ca
2317,1374,0000000c,00208463,0,00000000
2318,1375,00000010,fe000ce3,0,00000000
2321,1376,00000008,00108093,1,000001cb
2322,1377,0000000c,00208463,0,00000000
2323,1378,00000010,fe000ce3,0,00000000
2326,1379,00000008,00108093,1,000001cc
2327,1380,0000000c,00208463,0,00000000
2328,1381,00000010,fe000ce3,0,00000000
2331,1382,00000008,00108093,1,000001cd
2332,1383,0000000c,00208463,0,00000000
2333,1384,00000010,fe000ce3,0,00000000
2336,1385,00000008,00108093,1,000001ce
2337,1386,0000000c,00208463,0,00000000
2338,1387,00000010,fe000ce3,0,00000000
2341,1388,00000008,00108093,1,000001cf
2342,1389,0000000c,00208463,0,00000000
2343,1390,00000010,fe000ce3,0,00000000
2346,1391,00000008,00108093,1,000001d0
2347,1392,0000000c,00208463,0,00000000
2348,1393,00000010,fe000ce3,0,00000000
2351,1394,00000008,00108093,1,000001d1
2352,1395,0000000c,00208463,0,00000000
2353,1396,00000010,fe000ce3,0,00000000
2356,1397,00000008,00108093,1,000001d2
2357,1398,0000000c,00208463,0,00000000
2358,1399,00000010,fe000ce3,0,00000000
2361,1400,00000008,00108093,1,000001d3
2362,1401,0000000c,00208463,0,00000000
2363,1402,00000010,fe000ce3,0,00000000
2366,1403,00000008,00108093,1,000001d4
2367,1404,0000000c,00208463,0,00000000
2368,1405,00000010,fe000ce3,0,00000000
2371,1406,00000008,00108093,1,000001d5
2372,1407,0000000c,00208463,0,00000000
2373,1408,00000010,fe000ce3,0,00000000
2376,1409,00000008,00108093,1,000001d6
2377,1410,0000000c,00208463,0,00000000
2378,1411,00000010,fe000ce3,0,00000000
2381,1412,00000008,00108093,1,000001d7
2382,1413,0000000c,00208463,0,00000000
2383,1414,00000010,fe000ce3,0,00000000
2386,1415,00000008,00108093,1,000001d8
2387,1416,0000000c,00208463,0,00000000
2388,1417,00000010,fe000ce3,0,00000000
2391,1418,00000008,00108093,1,000001d9
2392,1419,0000000c,00208463,0,00000000
2393,1420,00000010,fe000ce3,0,00000000
2396,1421,00000008,00108093,1,000001da
2397,1422,0000000c,00208463,0,00000000
2398,1423,00000010,fe000ce3,0,00000000
2401,1424,00000008,00108093,1,000001db
2402,1425,0000000c,00208463,0,00000000
2403,1426,00000010,fe000ce3,0,00000000
2406,1427,00000008,00108093,1,000001dc
2407,1428,0000000c,00208463,0,00000000
2408,1429,00000010,fe000ce3,0,00000000
2411,1430,00000008,00108093,1,000001dd
2412,1431,0000000c,00208463,0,00000000
2413,1432,00000010,fe000ce3,0,00000000
2416,1433,00000008,00108093,1,000001de
2417,1434,0000000c,00208463,0,00000000
2418,1435,00000010,fe000ce3,0,00000000
2421,1436,00000008,00108093,1,000001df
2422,1437,0000000c,00208463,0,00000000
2423,1438,00000010,fe000ce3,0,00000000
2426,1439,00000008,00108093,1,000001e0
2427,1440,0000000c,00208463,0,00000000
2428,1441,00000010,fe000ce3,0,00000000
2431,1442,00000008,00108093,1,000001e1
2432,1443,0000000c,00208463,0,00000000
2433,1444,00000010,fe000ce3,0,00000000
2436,1445,00000008,00108093,1,000001e2
2437,1446,0000000c,00208463,0,00000000
2438,1447,00000010,fe000ce3,0,00000000
2441,1448,00000008,00108093,1,000001e3
2442,1449,0000000c,00208463,0,00000000
2443,1450,00000010,fe000ce3,0,00000000
2446,1451,00000008,00108093,1,000001e4
2447,1452,0000000c,00208463,0,00000000
2448,1453,00000010,fe000ce3,0,00000000
2451,1454,00000008,00108093,1,000001e5
2452,1455,0000000c,00208463,0,00000000
2453,1456,00000010,fe000ce3,0,00000000
2456,1457,00000008,00108093,1,000001e6
2457,1458,0000000c,00208463,0,00000000
2458,1459,00000010,fe000ce3,0,00000000
2461,1460,00000008,00108093,1,000001e7
2462,1461,0000000c,00208463,0,00000000
2463,1462,00000010,fe000ce3,0,00000000
2466,1463,00000008,00108093,1,000001e8
2467,1464,0000000c,00208463,0,00000000
2468,1465,00000010,fe000ce3,0,00000000
2471,1466,00000008,00108093,1,000001e9
2472,1467,0000000c,00208463,0,00000000
2473,1468,00000010,fe000ce3,0,00000000
2476,1469,00000008,00108093,1,000001ea
2477,1470,0000000c,00208463,0,00000000
2478,1471,00000010,fe000ce3,0,00000000
2481,1472,00000008,00108093,1,000001eb
2482,1473,0000000c,00208463,0,00000000
2483,1474,00000010,fe000ce3,0,00000000
2486,1475,00000008,00108093,1,000001ec
2487,1476,0000000c,00208463,0,00000000
2488,1477,00000010,fe000ce3,0,00000000
2491,1478,00000008,00108093,1,000001ed
2492,1479,0000000c,00208463,0,00000000
2493,1480,00000010,fe000ce3,0,00000000
2496,1481,00000008,00108093,1,000001ee
2497,1482,0000000c,00208463,0,00000000
2498,1483,00000010,fe000ce3,0,00000000
2501,1484,00000008,00108093,1,000001ef
2502,1485,0000000c,00208463,0,00000000
2503,1486,00000010,fe000ce3,0,00000000
2506,1487,00000008,00108093,1,000001f0
2507,1488,0000000c,00208463,0,00000000
2508,1489,00000010,fe000ce3,0,00000000
2511,1490,00000008,00108093,1,000001f1
2512,1491,0000000c,00208463,0,00000000
2513,1492,00000010,fe000ce3,0,00000000
2516,1493,00000008,00108093,1,000001f2
2517,1494,0000000c,00208463,0,00000000
2518,1495,00000010,fe000ce3,0,00000000
2521,1496,00000008,00108093,1,000001f3
2522,1497,0000000c,00208463,0,00000000
2523,1498,00000010,fe000ce3,0,00000000
2526,1499,00000008,00108093,1,000001f4
2527,1500,0000000c,00208463,0,00000000
2528,1501,00000010,fe000ce3,0,00000000
2531,1502,00000008,00108093,1,000001f5
2532,1503,0000000c,00208463,0,00000000
2533,1504,00000010,fe000ce3,0,00000000
2536,1505,00000008,00108093,1,000001f6
2537,1506,0000000c,00208463,0,00000000
2538,1507,00000010,fe000ce3,0,00000000
2541,1508,00000008,00108093,1,000001f7
2542,1509,0000000c,00208463,0,00000000
2543,1510,00000010,fe000ce3,0,00000000
2546,1511,00000008,00108093,1,000001f8
2547,1512,0000000c,00208463,0,00000000
2548,1513,00000010,fe000ce3,0,00000000
2551,1514,00000008,00108093,1,000001f9
2552,1515,0000000c,00208463,0,00000000
2553,1516,00000010,fe000ce3,0,00000000
2556,1517,00000008,00108093,1,000001fa
2557,1518,0000000c,00208463,0,00000000
2558,1519,00000010,fe000ce3,0,00000000
2561,1520,00000008,00108093,1,000001fb
2562,1521,0000000c,00208463,0,00000000
2563,1522,00000010,fe000ce3,0,00000000
2566,1523,00000008,00108093,1,000001fc
2567,1524,0000000c,00208463,0,00000000
2568,1525,00000010,fe000ce3,0,00000000
2571,1526,00000008,00108093,1,000001fd
2572,1527,0000000c,00208463,0,00000000
2573,1528,00000010,fe000ce3,0,00000000
2576,1529,00000008,00108093,1,000001fe
2577,1530,0000000c,00208463,0,00000000
2578,1531,00000010,fe000ce3,0,00000000
2581,1532,00000008,00108093,1,000001ff
2582,1533,0000000c,00208463,0,00000000
2583,1534,00000010,fe000ce3,0,00000000
2586,1535,00000008,00108093,1,00000200
2587,1536,0000000c,00208463,0,00000000
2588,1537,00000010,fe000ce3,0,00000000
2591,1538,00000008,00108093,1,00000201
2592,1539,0000000c,00208463,0,00000000
2593,1540,00000010,fe000ce3,0,00000000
2596,1541,00000008,00108093,1,00000202
2597,1542,0000000c,00208463,0,00000000
2598,1543,00000010,fe000ce3,0,00000000
2601,1544,00000008,00108093,1,00000203
2602,1545,0000000c,00208463,0,00000000
2603,1546,00000010,fe000ce3,0,00000000
2606,1547,00000008,00108093,1,00000204
2607,1548,0000000c,00208463,0,00000000
2608,1549,00000010,fe000ce3,0,00000000
2611,1550,00000008,00108093,1,00000205
2612,1551,0000000c,00208463,0,00000000
2613,1552,00000010,fe000ce3,0,00000000
2616,1553,00000008,00108093,1,00000206
2617,1554,0000000c,00208463,0,00000000
2618,1555,00000010,fe000ce3,0,00000000
2621,1556,00000008,00108093,1,00000207
2622,1557,0000000c,00208463,0,00000000
2623,1558,00000010,fe000ce3,0,00000000
2626,1559,00000008,00108093,1,00000208
2627,1560,0000000c,00208463,0,00000000
2628,1561,00000010,fe000ce3,0,00000000
2631,1562,00000008,00108093,1,00000209
2632,1563,0000000c,00208463,0,00000000
2633,1564,00000010,fe000ce3,0,00000000
2636,1565,00000008,00108093,1,0000020a
2637,1566,0000000c,00208463,0,00000000
2638,1567,00000010,fe000ce3,0,00000000
2641,1568,00000008,00108093,1,0000020b
2642,1569,0000000c,00208463,0,00000000
2643,1570,00000010,fe000ce3,0,00000000
2646,1571,00000008,00108093,1,0000020c
2647,1572,0000000c,00208463,0,00000000
2648,1573,00000010,fe000ce3,0,00000000
2651,1574,00000008,00108093,1,0000020d
2652,1575,0000000c,00208463,0,00000000
2653,1576,00000010,fe000ce3,0,00000000
2656,1577,00000008,00108093,1,0000020e
2657,1578,0000000c,00208463,0,00000000
2658,1579,00000010,fe000ce3,0,00000000
2661,1580,00000008,00108093,1,0000020f
2662,1581,0000000c,00208463,0,00000000
2663,1582,00000010,fe000ce3,0,00000000
2666,1583,00000008,00108093,1,00000210
2667,1584,0000000c,00208463,0,00000000
2668,1585,00000010,fe000ce3,0,00000000
2671,1586,00000008,00108093,1,00000211
2672,1587,0000000c,00208463,0,00000000
2673,1588,00000010,fe000ce3,0,00000000
2676,1589,00000008,00108093,1,00000212
2677,1590,0000000c,00208463,0,00000000
2678,1591,00000010,fe000ce3,0,00000000
2681,1592,00000008,00108093,1,00000213
2682,1593,0000000c,00208463,0,00000000
2683,1594,00000010,fe000ce3,0,00000000
2686,1595,00000008,00108093,1,00000214
2687,1596,0000000c,00208463,0,00000000
2688,1597,00000010,fe000ce3,0,00000000
2691,1598,00000008,00108093,1,00000215
2692,1599,0000000c,00208463,0,00000000
2693,1600,00000010,fe000ce3,0,00000000
2696,1601,00000008,00108093,1,00000216
2697,1602,0000000c,00208463,0,00000000
2698,1603,00000010,fe000ce3,0,00000000
2701,1604,00000008,00108093,1,00000217
2702,1605,0000000c,00208463,0,00000000
2703,1606,00000010,fe000ce3,0,00000000
2706,1607,00000008,00108093,1,00000218
2707,1608,0000000c,00208463,0,00000000
2708,1609,00000010,fe000ce3,0,00000000
2711,1610,00000008,00108093,1,00000219
2712,1611,0000000c,00208463,0,00000000
2713,1612,00000010,fe000ce3,0,00000000
2716,1613,00000008,00108093,1,0000021a
2717,1614,0000000c,00208463,0,00000000
2718,1615,00000010,fe000ce3,0,00000000
2721,1616,00000008,00108093,1,0000021b
2722,1617,0000000c,00208463,0,00000000
2723,1618,00000010,fe000ce3,0,00000000
2726,1619,00000008,00108093,1,0000021c
2727,1620,0000000c,00208463,0,00000000
2728,1621,00000010,fe000ce3,0,00000000
2731,1622,00000008,00108093,1,0000021d
2732,1623,0000000c,00208463,0,00000000
2733,1624,00000010,fe000ce3,0,00000000
2736,1625,00000008,00108093,1,0000021e
2737,1626,0000000c,00208463,0,00000000
2738,1627,00000010,fe000ce3,0,00000000
2741,1628,00000008,00108093,1,0000021f
2742,1629,0000000c,00208463,0,00000000
2743,1630,00000010,fe000ce3,0,00000000
2746,1631,00000008,00108093,1,00000220
2747,1632,0000000c,00208463,0,00000000
2748,1633,00000010,fe000ce3,0,00000000
2751,1634,00000008,00108093,1,00000221
2752,1635,0000000c,00208463,0,00000000
2753,1636,00000010,fe000ce3,0,00000000
2756,1637,00000008,00108093,1,00000222
2757,1638,0000000c,00208463,0,00000000
2758,1639,00000010,fe000ce3,0,00000000
2761,1640,00000008,00108093,1,00000223
2762,1641,0000000c,00208463,0,00000000
2763,1642,00000010,fe000ce3,0,00000000
2766,1643,00000008,00108093,1,00000224
2767,1644,0000000c,00208463,0,00000000
2768,1645,00000010,fe000ce3,0,00000000
2771,1646,00000008,00108093,1,00000225
2772,1647,0000000c,00208463,0,00000000
2773,1648,00000010,fe000ce3,0,00000000
2776,1649,00000008,00108093,1,00000226
2777,1650,0000000c,00208463,0,00000000
2778,1651,00000010,fe000ce3,0,00000000
2781,1652,00000008,00108093,1,00000227
2782,1653,0000000c,00208463,0,00000000
2783,1654,00000010,fe000ce3,0,00000000
2786,1655,00000008,00108093,1,00000228
2787,1656,0000000c,00208463,0,00000000
2788,1657,00000010,fe000ce3,0,00000000
2791,1658,00000008,00108093,1,00000229
2792,1659,0000000c,00208463,0,00000000
2793,1660,00000010,fe000ce3,0,00000000
2796,1661,00000008,00108093,1,0000022a
2797,1662,0000000c,00208463,0,00000000
2798,1663,00000010,fe000ce3,0,00000000
2801,1664,00000008,00108093,1,0000022b
2802,1665,0000000c,00208463,0,00000000
2803,1666,00000010,fe000ce3,0,00000000
2806,1667,00000008,00108093,1,0000022c
2807,1668,0000000c,00208463,0,00000000
2808,1669,00000010,fe000ce3,0,00000000
2811,1670,00000008,00108093,1,0000022d
2812,1671,0000000c,00208463,0,00000000
2813,1672,00000010,fe000ce3,0,00000000
2816,1673,00000008,00108093,1,0000022e
2817,1674,0000000c,00208463,0,00000000
2818,1675,00000010,fe000ce3,0,00000000
2821,1676,00000008,00108093,1,0000022f
2822,1677,0000000c,00208463,0,00000000
2823,1678,00000010,fe000ce3,0,00000000
2826,1679,00000008,00108093,1,00000230
2827,1680,0000000c,00208463,0,00000000
2828,1681,00000010,fe000ce3,0,00000000
2831,1682,00000008,00108093,1,00000231
2832,1683,0000000c,00208463,0,00000000
2833,1684,00000010,fe000ce3,0,00000000
2836,1685,00000008,00108093,1,00000232
2837,1686,0000000c,00208463,0,00000000
2838,1687,00000010,fe000ce3,0,00000000
2841,1688,00000008,00108093,1,00000233
2842,1689,0000000c,00208463,0,00000000
2843,1690,00000010,fe000ce3,0,00000000
2846,1691,00000008,00108093,1,00000234
2847,1692,0000000c,00208463,0,00000000
2848,1693,00000010,fe000ce3,0,00000000
2851,1694,00000008,00108093,1,00000235
2852,1695,0000000c,00208463,0,00000000
2853,1696,00000010,fe000ce3,0,00000000
2856,1697,00000008,00108093,1,00000236
2857,1698,0000000c,00208463,0,00000000
2858,1699,00000010,fe000ce3,0,00000000
2861,1700,00000008,00108093,1,00000237
2862,1701,0000000c,00208463,0,00000000
2863,1702,00000010,fe000ce3,0,00000000
2866,1703,00000008,00108093,1,00000238
2867,1704,0000000c,00208463,0,00000000
2868,1705,00000010,fe000ce3,0,00000000
2871,1706,00000008,00108093,1,00000239
2872,1707,0000000c,00208463,0,00000000
2873,1708,00000010,fe000ce3,0,00000000
2876,1709,00000008,00108093,1,0000023a
2877,1710,0000000c,00208463,0,00000000
2878,1711,00000010,fe000ce3,0,00000000
2881,1712,00000008,00108093,1,0000023b
2882,1713,0000000c,00208463,0,00000000
2883,1714,00000010,fe000ce3,0,00000000
2886,1715,00000008,00108093,1,0000023c
2887,1716,0000000c,00208463,0,00000000
2888,1717,00000010,fe000ce3,0,00000000
2891,1718,00000008,00108093,1,0000023d
2892,1719,0000000c,00208463,0,00000000
2893,1720,00000010,fe000ce3,0,00000000
2896,1721,00000008,00108093,1,0000023e
2897,1722,0000000c,00208463,0,00000000
2898,1723,00000010,fe000ce3,0,00000000
2901,1724,00000008,00108093,1,0000023f
2902,1725,0000000c,00208463,0,00000000
2903,1726,00000010,fe000ce3,0,00000000
2906,1727,00000008,00108093,1,00000240
2907,1728,0000000c,00208463,0,00000000
2908,1729,00000010,fe000ce3,0,00000000
2911,1730,00000008,00108093,1,00000241
2912,1731,0000000c,00208463,0,00000000
2913,1732,00000010,fe000ce3,0,00000000
2916,1733,00000008,00108093,1,00000242
2917,1734,0000000c,00208463,0,00000000
2918,1735,00000010,fe000ce3,0,00000000
2921,1736,00000008,00108093,1,00000243
2922,1737,0000000c,00208463,0,00000000
2923,1738,00000010,fe000ce3,0,00000000
2926,1739,00000008,00108093,1,00000244
2927,1740,0000000c,00208463,0,00000000
2928,1741,00000010,fe000ce3,0,00000000
2931,1742,00000008,00108093,1,00000245
2932,1743,0000000c,00208463,0,00000000
2933,1744,00000010,fe000ce3,0,00000000
2936,1745,00000008,00108093,1,00000246
2937,1746,0000000c,00208463,0,00000000
2938,1747,00000010,fe000ce3,0,00000000
2941,1748,00000008,00108093,1,00000247
2942,1749,0000000c,00208463,0,00000000
2943,1750,00000010,fe000ce3,0,00000000
2946,1751,00000008,00108093,1,00000248
2947,1752,0000000c,00208463,0,00000000
2948,1753,00000010,fe000ce3,0,00000000
2951,1754,00000008,00108093,1,00000249
2952,1755,0000000c,00208463,0,00000000
2953,1756,00000010,fe000ce3,0,00000000
2956,1757,00000008,00108093,1,0000024a
2957,1758,0000000c,00208463,0,00000000
2958,1759,00000010,fe000ce3,0,00000000
2961,1760,00000008,00108093,1,0000024b
2962,1761,0000000c,00208463,0,00000000
2963,1762,00000010,fe000ce3,0,00000000
2966,1763,00000008,00108093,1,0000024c
2967,1764,0000000c,00208463,0,00000000
2968,1765,00000010,fe000ce3,0,00000000
2971,1766,00000008,00108093,1,0000024d
2972,1767,0000000c,00208463,0,00000000
2973,1768,00000010,fe000ce3,0,00000000
2976,1769,00000008,00108093,1,0000024e
2977,1770,0000000c,00208463,0,00000000
2978,1771,00000010,fe000ce3,0,00000000
2981,1772,00000008,00108093,1,0000024f
2982,1773,0000000c,00208463,0,00000000
2983,1774,00000010,fe000ce3,0,00000000
2986,1775,00000008,00108093,1,00000250
2987,1776,0000000c,00208463,0,00000000
2988,1777,00000010,fe000ce3,0,00000000
2991,1778,00000008,00108093,1,00000251
2992,1779,0000000c,00208463,0,00000000
2993,1780,00000010,fe000ce3,0,00000000
2996,1781,00000008,00108093,1,00000252
2997,1782,0000000c,00208463,0,00000000
2998,1783,00000010,fe000ce3,0,00000000
3001,1784,00000008,00108093,1,00000253
3002,1785,0000000c,00208463,0,00000000
3003,1786,00000010,fe000ce3,0,00000000
3006,1787,00000008,00108093,1,00000254
3007,1788,0000000c,00208463,0,00000000
3008,1789,00000010,fe000ce3,0,00000000
3011,1790,00000008,00108093,1,00000255
3012,1791,0000000c,00208463,0,00000000
3013,1792,00000010,fe000ce3,0,00000000
3016,1793,00000008,00108093,1,00000256
3017,1794,0000000c,00208463,0,00000000
3018,1795,00000010,fe000ce3,0,00000000
3021,1796,00000008,00108093,1,00000257
3022,1797,0000000c,00208463,0,00000000
3023,1798,00000010,fe000ce3,0,00000000
3026,1799,00000008,00108093,1,00000258
3027,1800,0000000c,00208463,0,00000000
3028,1801,00000010,fe000ce3,0,00000000
3031,1802,00000008,00108093,1,00000259
3032,1803,0000000c,00208463,0,00000000
3033,1804,00000010,fe000ce3,0,00000000
3036,1805,00000008,00108093,1,0000025a
3037,1806,0000000c,00208463,0,00000000
3038,1807,00000010,fe000ce3,0,00000000
3041,1808,00000008,00108093,1,0000025b
3042,1809,0000000c,00208463,0,00000000
3043,1810,00000010,fe000ce3,0,00000000
3046,1811,00000008,00108093,1,0000025c
3047,1812,0000000c,00208463,0,00000000
3048,1813,00000010,fe000ce3,0,00000000
3051,1814,00000008,00108093,1,0000025d
3052,1815,0000000c,00208463,0,00000000
3053,1816,00000010,fe000ce3,0,00000000
3056,1817,00000008,00108093,1,0000025e
3057,1818,0000000c,00208463,0,00000000
3058,1819,00000010,fe000ce3,0,00000000
3061,1820,00000008,00108093,1,0000025f
3062,1821,0000000c,00208463,0,00000000
3063,1822,00000010,fe000ce3,0,00000000
3066,1823,00000008,00108093,1,00000260
3067,1824,0000000c,00208463,0,00000000
3068,1825,00000010,fe000ce3,0,00000000
3071,1826,00000008,00108093,1,00000261
3072,1827,0000000c,00208463,0,00000000
3073,1828,00000010,fe000ce3,0,00000000
3076,1829,00000008,00108093,1,00000262
3077,1830,0000000c,00208463,0,00000000
3078,1831,00000010,fe000ce3,0,00000000
3081,1832,00000008,00108093,1,00000263
3082,1833,0000000c,00208463,0,00000000
3083,1834,00000010,fe000ce3,0,00000000
3086,1835,00000008,00108093,1,00000264
3087,1836,0000000c,00208463,0,00000000
3088,1837,00000010,fe000ce3,0,00000000
3091,1838,00000008,00108093,1,00000265
3092,1839,0000000c,00208463,0,00000000
3093,1840,00000010,fe000ce3,0,00000000
3096,1841,00000008,00108093,1,00000266
3097,1842,0000000c,00208463,0,00000000
3098,1843,00000010,fe000ce3,0,00000000
3101,1844,00000008,00108093,1,00000267
3102,1845,0000000c,00208463,0,00000000
3103,1846,00000010,fe000ce3,0,00000000
3106,1847,00000008,00108093,1,00000268
3107,1848,0000000c,00208463,0,00000000
3108,1849,00000010,fe000ce3,0,00000000
3111,1850,00000008,00108093,1,00000269
3112,1851,0000000c,00208463,0,00000000
3113,1852,00000010,fe000ce3,0,00000000
3116,1853,00000008,00108093,1,0000026a
3117,1854,0000000c,00208463,0,00000000
3118,1855,00000010,fe000ce3,0,00000000
3121,1856,00000008,00108093,1,0000026b
3122,1857,0000000c,00208463,0,00000000
3123,1858,00000010,fe000ce3,0,00000000
3126,1859,00000008,00108093,1,0000026c
3127,1860,0000000c,00208463,0,00000000
3128,1861,00000010,fe000ce3,0,00000000
3131,1862,00000008,00108093,1,0000026d
3132,1863,0000000c,00208463,0,00000000
3133,1864,00000010,fe000ce3,0,00000000
3136,1865,00000008,00108093,1,0000026e
3137,1866,0000000c,00208463,0,00000000
3138,1867,00000010,fe000ce3,0,00000000
3141,1868,00000008,00108093,1,0000026f
3142,1869,0000000c,00208463,0,00000000
3143,1870,00000010,fe000ce3,0,00000000
3146,1871,00000008,00108093,1,00000270
3147,1872,0000000c,00208463,0,00000000
3148,1873,00000010,fe000ce3,0,00000000
3151,1874,00000008,00108093,1,00000271
3152,1875,0000000c,00208463,0,00000000
3153,1876,00000010,fe000ce3,0,00000000
3156,1877,00000008,00108093,1,00000272
3157,1878,0000000c,00208463,0,00000000
3158,1879,00000010,fe000ce3,0,00000000
3161,1880,00000008,00108093,1,00000273
3162,1881,0000000c,00208463,0,00000000
3163,1882,00000010,fe000ce3,0,00000000
3166,1883,00000008,00108093,1,00000274
3167,1884,0000000c,00208463,0,00000000
3168,1885,00000010,fe000ce3,0,00000000
3171,1886,00000008,00108093,1,00000275
3172,1887,0000000c,00208463,0,00000000
3173,1888,00000010,fe000ce3,0,00000000
3176,1889,00000008,00108093,1,00000276
3177,1890,0000000c,00208463,0,00000000
3178,1891,00000010,fe000ce3,0,00000000
3181,1892,00000008,00108093,1,00000277
3182,1893,0000000c,00208463,0,00000000
3183,1894,00000010,fe000ce3,0,00000000
3186,1895,00000008,00108093,1,00000278
3187,1896,0000000c,00208463,0,00000000
3188,1897,00000010,fe000ce3,0,00000000
3191,1898,00000008,00108093,1,00000279
3192,1899,0000000c,00208463,0,00000000
3193,1900,00000010,fe000ce3,0,00000000
3196,1901,00000008,00108093,1,0000027a
3197,1902,0000000c,00208463,0,00000000
3198,1903,00000010,fe000ce3,0,00000000
3201,1904,00000008,00108093,1,0000027b
3202,1905,0000000c,00208463,0,00000000
3203,1906,00000010,fe000ce3,0,00000000
3206,1907,00000008,00108093,1,0000027c
3207,1908,0000000c,00208463,0,00000000
3208,1909,00000010,fe000ce3,0,00000000
3211,1910,00000008,00108093,1,0000027d
3212,1911,0000000c,00208463,0,00000000
3213,1912,00000010,fe000ce3,0,00000000
3216,1913,00000008,00108093,1,0000027e
3217,1914,0000000c,00208463,0,00000000
3218,1915,00000010,fe000ce3,0,00000000
3221,1916,00000008,00108093,1,0000027f
3222,1917,0000000c,00208463,0,00000000
3223,1918,00000010,fe000ce3,0,00000000
3226,1919,00000008,00108093,1,00000280
3227,1920,0000000c,00208463,0,00000000
3228,1921,00000010,fe000ce3,0,00000000
3231,1922,00000008,00108093,1,00000281
3232,1923,0000000c,00208463,0,00000000
3233,1924,00000010,fe000ce3,0,00000000
3236,1925,00000008,00108093,1,00000282
3237,1926,0000000c,00208463,0,00000000
3238,1927,00000010,fe000ce3,0,00000000
3241,1928,00000008,00108093,1,00000283
3242,1929,0000000c,00208463,0,00000000
3243,1930,00000010,fe000ce3,0,00000000
3246,1931,00000008,00108093,1,00000284
3247,1932,0000000c,00208463,0,00000000
3248,1933,00000010,fe000ce3,0,00000000
3251,1934,00000008,00108093,1,00000285
3252,1935,0000000c,00208463,0,00000000
3253,1936,00000010,fe000ce3,0,00000000
3256,1937,00000008,00108093,1,00000286
3257,1938,0000000c,00208463,0,00000000
3258,1939,00000010,fe000ce3,0,00000000
3261,1940,00000008,00108093,1,00000287
3262,1941,0000000c,00208463,0,00000000
3263,1942,00000010,fe000ce3,0,00000000
3266,1943,00000008,00108093,1,00000288
3267,1944,0000000c,00208463,0,00000000
3268,1945,00000010,fe000ce3,0,00000000
3271,1946,00000008,00108093,1,00000289
3272,1947,0000000c,00208463,0,00000000
3273,1948,00000010,fe000ce3,0,00000000
3276,1949,00000008,00108093,1,0000028a
3277,1950,0000000c,00208463,0,00000000
3278,1951,00000010,fe000ce3,0,00000000
3281,1952,00000008,00108093,1,0000028b
3282,1953,0000000c,00208463,0,00000000
3283,1954,00000010,fe000ce3,0,00000000
3286,1955,00000008,00108093,1,0000028c
3287,1956,0000000c,00208463,0,00000000
3288,1957,00000010,fe000ce3,0,00000000
3291,1958,00000008,00108093,1,0000028d
3292,1959,0000000c,00208463,0,00000000
3293,1960,00000010,fe000ce3,0,00000000
3296,1961,00000008,00108093,1,0000028e
3297,1962,0000000c,00208463,0,00000000
3298,1963,00000010,fe000ce3,0,00000000
3301,1964,00000008,00108093,1,0000028f
3302,1965,0000000c,00208463,0,00000000
3303,1966,00000010,fe000ce3,0,00000000
3306,1967,00000008,00108093,1,00000290
3307,1968,0000000c,00208463,0,00000000
3308,1969,00000010,fe000ce3,0,00000000
3311,1970,00000008,00108093,1,00000291
3312,1971,0000000c,00208463,0,00000000
3313,1972,00000010,fe000ce3,0,00000000
3316,1973,00000008,00108093,1,00000292
3317,1974,0000000c,00208463,0,00000000
3318,1975,00000010,fe000ce3,0,00000000
3321,1976,00000008,00108093,1,00000293
3322,1977,0000000c,00208463,0,00000000
3323,1978,00000010,fe000ce3,0,00000000
3326,1979,00000008,00108093,1,00000294
3327,1980,0000000c,00208463,0,00000000
3328,1981,00000010,fe000ce3,0,00000000
3331,1982,00000008,00108093,1,00000295
3332,1983,0000000c,00208463,0,00000000
3333,1984,00000010,fe000ce3,0,00000000
3336,1985,00000008,00108093,1,00000296
3337,1986,0000000c,00208463,0,00000000
3338,1987,00000010,fe000ce3,0,00000000
3341,1988,00000008,00108093,1,00000297
3342,1989,0000000c,00208463,0,00000000
3343,1990,00000010,fe000ce3,0,00000000
3346,1991,00000008,00108093,1,00000298
3347,1992,0000000c,00208463,0,00000000
3348,1993,00000010,fe000ce3,0,00000000
3351,1994,00000008,00108093,1,00000299
3352,1995,0000000c,00208463,0,00000000
3353,1996,00000010,fe000ce3,0,00000000
3356,1997,00000008,00108093,1,0000029a
3357,1998,0000000c,00208463,0,00000000
3358,1999,00000010,fe000ce3,0,00000000
3361,2000,00000008,00108093,1,0000029b
3362,2001,0000000c,00208463,0,00000000
3363,2002,00000010,fe000ce3,0,00000000
3366,2003,00000008,00108093,1,0000029c
3367,2004,0000000c,00208463,0,00000000
3368,2005,00000010,fe000ce3,0,00000000
3371,2006,00000008,00108093,1,0000029d
3372,2007,0000000c,00208463,0,00000000
3373,2008,00000010,fe000ce3,0,00000000
3376,2009,00000008,00108093,1,0000029e
3377,2010,0000000c,00208463,0,00000000
3378,2011,00000010,fe000ce3,0,00000000
3381,2012,00000008,00108093,1,0000029f
3382,2013,0000000c,00208463,0,00000000
3383,2014,00000010,fe000ce3,0,00000000
3386,2015,00000008,00108093,1,000002a0
3387,2016,0000000c,00208463,0,00000000
3388,2017,00000010,fe000ce3,0,00000000
3391,2018,00000008,00108093,1,000002a1
3392,2019,0000000c,00208463,0,00000000
3393,2020,00000010,fe000ce3,0,00000000
3396,2021,00000008,00108093,1,000002a2
3397,2022,0000000c,00208463,0,00000000
3398,2023,00000010,fe000ce3,0,00000000
3401,2024,00000008,00108093,1,000002a3
3402,2025,0000000c,00208463,0,00000000
3403,2026,00000010,fe000ce3,0,00000000
3406,2027,00000008,00108093,1,000002a4
3407,2028,0000000c,00208463,0,00000000
3408,2029,00000010,fe000ce3,0,00000000
3411,2030,00000008,00108093,1,000002a5
3412,2031,0000000c,00208463,0,00000000
3413,2032,00000010,fe000ce3,0,00000000
3416,2033,00000008,00108093,1,000002a6
3417,2034,0000000c,00208463,0,00000000
3418,2035,00000010,fe000ce3,0,00000000
3421,2036,00000008,00108093,1,000002a7
3422,2037,0000000c,00208463,0,00000000
3423,2038,00000010,fe000ce3,0,00000000
3426,2039,00000008,00108093,1,000002a8
3427,2040,0000000c,00208463,0,00000000
3428,2041,00000010,fe000ce3,0,00000000
3431,2042,00000008,00108093,1,000002a9
3432,2043,0000000c,00208463,0,00000000
3433,2044,00000010,fe000ce3,0,00000000
3436,2045,00000008,00108093,1,000002aa
3437,2046,0000000c,00208463,0,00000000
3438,2047,00000010,fe000ce3,0,00000000
3441,2048,00000008,00108093,1,000002ab
3442,2049,0000000c,00208463,0,00000000
3443,2050,00000010,fe000ce3,0,00000000
3446,2051,00000008,00108093,1,000002ac
3447,2052,0000000c,00208463,0,00000000
3448,2053,00000010,fe000ce3,0,00000000
3451,2054,00000008,00108093,1,000002ad
3452,2055,0000000c,00208463,0,00000000
3453,2056,00000010,fe000ce3,0,00000000
3456,2057,00000008,00108093,1,000002ae
3457,2058,0000000c,00208463,0,00000000
3458,2059,00000010,fe000ce3,0,00000000
3461,2060,00000008,00108093,1,000002af
3462,2061,0000000c,00208463,0,00000000
3463,2062,00000010,fe000ce3,0,00000000
3466,2063,00000008,00108093,1,000002b0
3467,2064,0000000c,00208463,0,00000000
3468,2065,00000010,fe000ce3,0,00000000
3471,2066,00000008,00108093,1,000002b1
3472,2067,0000000c,00208463,0,00000000
3473,2068,00000010,fe000ce3,0,00000000
3476,2069,00000008,00108093,1,000002b2
3477,2070,0000000c,00208463,0,00000000
3478,2071,00000010,fe000ce3,0,00000000
3481,2072,00000008,00108093,1,000002b3
3482,2073,0000000c,00208463,0,00000000
3483,2074,00000010,fe000ce3,0,00000000
3486,2075,00000008,00108093,1,000002b4
3487,2076,0000000c,00208463,0,00000000
3488,2077,00000010,fe000ce3,0,00000000
3491,2078,00000008,00108093,1,000002b5
3492,2079,0000000c,00208463,0,00000000
3493,2080,00000010,fe000ce3,0,00000000
3496,2081,00000008,00108093,1,000002b6
3497,2082,0000000c,00208463,0,00000000
3498,2083,00000010,fe000ce3,0,00000000
3501,2084,00000008,00108093,1,000002b7
3502,2085,0000000c,00208463,0,00000000
3503,2086,00000010,fe000ce3,0,00000000
3506,2087,00000008,00108093,1,000002b8
3507,2088,0000000c,00208463,0,00000000
3508,2089,00000010,fe000ce3,0,00000000
3511,2090,00000008,00108093,1,000002b9
3512,2091,0000000c,00208463,0,00000000
3513,2092,00000010,fe000ce3,0,00000000
3516,2093,00000008,00108093,1,000002ba
3517,2094,0000000c,00208463,0,00000000
3518,2095,00000010,fe000ce3,0,00000000
3521,2096,00000008,00108093,1,000002bb
3522,2097,0000000c,00208463,0,00000000
3523,2098,00000010,fe000ce3,0,00000000
3526,2099,00000008,00108093,1,000002bc
3527,2100,0000000c,00208463,0,00000000
3528,2101,00000010,fe000ce3,0,00000000
3531,2102,00000008,00108093,1,000002bd
3532,2103,0000000c,00208463,0,00000000
3533,2104,00000010,fe000ce3,0,00000000
3536,2105,00000008,00108093,1,000002be
3537,2106,0000000c,00208463,0,00000000
3538,2107,00000010,fe000ce3,0,00000000
3541,2108,00000008,00108093,1,000002bf
3542,2109,0000000c,00208463,0,00000000
3543,2110,00000010,fe000ce3,0,00000000
3546,2111,00000008,00108093,1,000002c0
3547,2112,0000000c,00208463,0,00000000
3548,2113,00000010,fe000ce3,0,00000000
3551,2114,00000008,00108093,1,000002c1
3552,2115,0000000c,00208463,0,00000000
3553,2116,00000010,fe000ce3,0,00000000
3556,2117,00000008,00108093,1,000002c2
3557,2118,0000000c,00208463,0,00000000
3558,2119,00000010,fe000ce3,0,00000000
3561,2120,00000008,00108093,1,000002c3
3562,2121,0000000c,00208463,0,00000000
3563,2122,00000010,fe000ce3,0,00000000
3566,2123,00000008,00108093,1,000002c4
3567,2124,0000000c,00208463,0,00000000
3568,2125,00000010,fe000ce3,0,00000000
3571,2126,00000008,00108093,1,000002c5
3572,2127,0000000c,00208463,0,00000000
3573,2128,00000010,fe000ce3,0,00000000
3576,2129,00000008,00108093,1,000002c6
3577,2130,0000000c,00208463,0,00000000
3578,2131,00000010,fe000ce3,0,00000000
3581,2132,00000008,00108093,1,000002c7
3582,2133,0000000c,00208463,0,00000000
3583,2134,00000010,fe000ce3,0,00000000
3586,2135,00000008,00108093,1,000002c8
3587,2136,0000000c,00208463,0,00000000
3588,2137,00000010,fe000ce3,0,00000000
3591,2138,00000008,00108093,1,000002c9
3592,2139,0000000c,00208463,0,00000000
3593,2140,00000010,fe000ce3,0,00000000
3596,2141,00000008,00108093,1,000002ca
3597,2142,0000000c,00208463,0,00000000
3598,2143,00000010,fe000ce3,0,00000000
3601,2144,00000008,00108093,1,000002cb
3602,2145,0000000c,00208463,0,00000000
3603,2146,00000010,fe000ce3,0,00000000
3606,2147,00000008,00108093,1,000002cc
3607,2148,0000000c,00208463,0,00000000
3608,2149,00000010,fe000ce3,0,00000000
3611,2150,00000008,00108093,1,000002cd
3612,2151,0000000c,00208463,0,00000000
3613,2152,00000010,fe000ce3,0,00000000
3616,2153,00000008,00108093,1,000002ce
3617,2154,0000000c,00208463,0,00000000
3618,2155,00000010,fe000ce3,0,00000000
3621,2156,00000008,00108093,1,000002cf
3622,2157,0000000c,00208463,0,00000000
3623,2158,00000010,fe000ce3,0,00000000
3626,2159,00000008,00108093,1,000002d0
3627,2160,0000000c,00208463,0,00000000
3628,2161,00000010,fe000ce3,0,00000000
3631,2162,00000008,00108093,1,000002d1
3632,2163,0000000c,00208463,0,00000000
3633,2164,00000010,fe000ce3,0,00000000
3636,2165,00000008,00108093,1,000002d2
3637,2166,0000000c,00208463,0,00000000
3638,2167,00000010,fe000ce3,0,00000000
3641,2168,00000008,00108093,1,000002d3
3642,2169,0000000c,00208463,0,00000000
3643,2170,00000010,fe000ce3,0,00000000
3646,2171,00000008,00108093,1,000002d4
3647,2172,0000000c,00208463,0,00000000
3648,2173,00000010,fe000ce3,0,00000000
3651,2174,00000008,00108093,1,000002d5
3652,2175,0000000c,00208463,0,00000000
3653,2176,00000010,fe000ce3,0,00000000
3656,2177,00000008,00108093,1,000002d6
3657,2178,0000000c,00208463,0,00000000
3658,2179,00000010,fe000ce3,0,00000000
3661,2180,00000008,00108093,1,000002d7
3662,2181,0000000c,00208463,0,00000000
3663,2182,00000010,fe000ce3,0,00000000
3666,2183,00000008,00108093,1,000002d8
3667,2184,0000000c,00208463,0,00000000
3668,2185,00000010,fe000ce3,0,00000000
3671,2186,00000008,00108093,1,000002d9
3672,2187,0000000c,00208463,0,00000000
3673,2188,00000010,fe000ce3,0,00000000
3676,2189,00000008,00108093,1,000002da
3677,2190,0000000c,00208463,0,00000000
3678,2191,00000010,fe000ce3,0,00000000
3681,2192,00000008,00108093,1,000002db
3682,2193,0000000c,00208463,0,00000000
3683,2194,00000010,fe000ce3,0,00000000
3686,2195,00000008,00108093,1,000002dc
3687,2196,0000000c,00208463,0,00000000
3688,2197,00000010,fe000ce3,0,00000000
3691,2198,00000008,00108093,1,000002dd
3692,2199,0000000c,00208463,0,00000000
3693,2200,00000010,fe000ce3,0,00000000
3696,2201,00000008,00108093,1,000002de
3697,2202,0000000c,00208463,0,00000000
3698,2203,00000010,fe000ce3,0,00000000
3701,2204,00000008,00108093,1,000002df
3702,2205,0000000c,00208463,0,00000000
3703,2206,00000010,fe000ce3,0,00000000
3706,2207,00000008,00108093,1,000002e0
3707,2208,0000000c,00208463,0,00000000
3708,2209,00000010,fe000ce3,0,00000000
3711,2210,00000008,00108093,1,000002e1
3712,2211,0000000c,00208463,0,00000000
3713,2212,00000010,fe000ce3,0,00000000
3716,2213,00000008,00108093,1,000002e2
3717,2214,0000000c,00208463,0,00000000
3718,2215,00000010,fe000ce3,0,00000000
3721,2216,00000008,00108093,1,000002e3
3722,2217,0000000c,00208463,0,00000000
3723,2218,00000010,fe000ce3,0,00000000
3726,2219,00000008,00108093,1,000002e4
3727,2220,0000000c,00208463,0,00000000
3728,2221,00000010,fe000ce3,0,00000000
3731,2222,00000008,00108093,1,000002e5
3732,2223,0000000c,00208463,0,00000000
3733,2224,00000010,fe000ce3,0,00000000
3736,2225,00000008,00108093,1,000002e6
3737,2226,0000000c,00208463,0,00000000
3738,2227,00000010,fe000ce3,0,00000000
3741,2228,00000008,00108093,1,000002e7
3742,2229,0000000c,00208463,0,00000000
3743,2230,00000010,fe000ce3,0,00000000
3746,2231,00000008,00108093,1,000002e8
3747,2232,0000000c,00208463,0,00000000
3748,2233,00000010,fe000ce3,0,00000000
3751,2234,00000008,00108093,1,000002e9
3752,2235,0000000c,00208463,0,00000000
3753,2236,00000010,fe000ce3,0,00000000
3756,2237,00000008,00108093,1,000002ea
3757,2238,0000000c,00208463,0,00000000
3758,2239,00000010,fe000ce3,0,00000000
3761,2240,00000008,00108093,1,000002eb
3762,2241,0000000c,00208463,0,00000000
3763,2242,00000010,fe000ce3,0,00000000
3766,2243,00000008,00108093,1,000002ec
3767,2244,0000000c,00208463,0,00000000
3768,2245,00000010,fe000ce3,0,00000000
3771,2246,00000008,00108093,1,000002ed
3772,2247,0000000c,00208463,0,00000000
3773,2248,00000010,fe000ce3,0,00000000
3776,2249,00000008,00108093,1,000002ee
3777,2250,0000000c,00208463,0,00000000
3778,2251,00000010,fe000ce3,0,00000000
3781,2252,00000008,00108093,1,000002ef
3782,2253,0000000c,00208463,0,00000000
3783,2254,00000010,fe000ce3,0,00000000
3786,2255,00000008,00108093,1,000002f0
3787,2256,0000000c,00208463,0,00000000
3788,2257,00000010,fe000ce3,0,00000000
3791,2258,00000008,00108093,1,000002f1
3792,2259,0000000c,00208463,0,00000000
3793,2260,00000010,fe000ce3,0,00000000
3796,2261,00000008,00108093,1,000002f2
3797,2262,0000000c,00208463,0,00000000
3798,2263,00000010,fe000ce3,0,00000000
3801,2264,00000008,00108093,1,000002f3
3802,2265,0000000c,00208463,0,00000000
3803,2266,00000010,fe000ce3,0,00000000
3806,2267,00000008,00108093,1,000002f4
3807,2268,0000000c,00208463,0,00000000
3808,2269,00000010,fe000ce3,0,00000000
3811,2270,00000008,00108093,1,000002f5
3812,2271,0000000c,00208463,0,00000000
3813,2272,00000010,fe000ce3,0,00000000
3816,2273,00000008,00108093,1,000002f6
3817,2274,0000000c,00208463,0,00000000
3818,2275,00000010,fe000ce3,0,00000000
3821,2276,00000008,00108093,1,000002f7
3822,2277,0000000c,00208463,0,00000000
3823,2278,00000010,fe000ce3,0,00000000
3826,2279,00000008,00108093,1,000002f8
3827,2280,0000000c,00208463,0,00000000
3828,2281,00000010,fe000ce3,0,00000000
3831,2282,00000008,00108093,1,000002f9
3832,2283,0000000c,00208463,0,00000000
3833,2284,00000010,fe000ce3,0,00000000
3836,2285,00000008,00108093,1,000002fa
3837,2286,0000000c,00208463,0,00000000
3838,2287,00000010,fe000ce3,0,00000000
3841,2288,00000008,00108093,1,000002fb
3842,2289,0000000c,00208463,0,00000000
3843,2290,00000010,fe000ce3,0,00000000
3846,2291,00000008,00108093,1,000002fc
3847,2292,0000000c,00208463,0,00000000
3848,2293,00000010,fe000ce3,0,00000000
3851,2294,00000008,00108093,1,000002fd
3852,2295,0000000c,00208463,0,00000000
3853,2296,00000010,fe000ce3,0,00000000
3856,2297,00000008,00108093,1,000002fe
3857,2298,0000000c,00208463,0,00000000
3858,2299,00000010,fe000ce3,0,00000000
3861,2300,00000008,00108093,1,000002ff
3862,2301,0000000c,00208463,0,00000000
3863,2302,00000010,fe000ce3,0,00000000
3866,2303,00000008,00108093,1,00000300
3867,2304,0000000c,00208463,0,00000000
3868,2305,00000010,fe000ce3,0,00000000
3871,2306,00000008,00108093,1,00000301
3872,2307,0000000c,00208463,0,00000000
3873,2308,00000010,fe000ce3,0,00000000
3876,2309,00000008,00108093,1,00000302
3877,2310,0000000c,00208463,0,00000000
3878,2311,00000010,fe000ce3,0,00000000
3881,2312,00000008,00108093,1,00000303
3882,2313,0000000c,00208463,0,00000000
3883,2314,00000010,fe000ce3,0,00000000
3886,2315,00000008,00108093,1,00000304
3887,2316,0000000c,00208463,0,00000000
3888,2317,00000010,fe000ce3,0,00000000
3891,2318,00000008,00108093,1,00000305
3892,2319,0000000c,00208463,0,00000000
3893,2320,00000010,fe000ce3,0,00000000
3896,2321,00000008,00108093,1,00000306
3897,2322,0000000c,00208463,0,00000000
3898,2323,00000010,fe000ce3,0,00000000
3901,2324,00000008,00108093,1,00000307
3902,2325,0000000c,00208463,0,00000000
3903,2326,00000010,fe000ce3,0,00000000
3906,2327,00000008,00108093,1,00000308
3907,2328,0000000c,00208463,0,00000000
3908,2329,00000010,fe000ce3,0,00000000
3911,2330,00000008,00108093,1,00000309
3912,2331,0000000c,00208463,0,00000000
3913,2332,00000010,fe000ce3,0,00000000
3916,2333,00000008,00108093,1,0000030a
3917,2334,0000000c,00208463,0,00000000
3918,2335,00000010,fe000ce3,0,00000000
3921,2336,00000008,00108093,1,0000030b
3922,2337,0000000c,00208463,0,00000000
3923,2338,00000010,fe000ce3,0,00000000
3926,2339,00000008,00108093,1,0000030c
3927,2340,0000000c,00208463,0,00000000
3928,2341,00000010,fe000ce3,0,00000000
3931,2342,00000008,00108093,1,0000030d
3932,2343,0000000c,00208463,0,00000000
3933,2344,00000010,fe000ce3,0,00000000
3936,2345,00000008,00108093,1,0000030e
3937,2346,0000000c,00208463,0,00000000
3938,2347,00000010,fe000ce3,0,00000000
3941,2348,00000008,00108093,1,0000030f
3942,2349,0000000c,00208463,0,00000000
3943,2350,00000010,fe000ce3,0,00000000
3946,2351,00000008,00108093,1,00000310
3947,2352,0000000c,00208463,0,00000000
3948,2353,00000010,fe000ce3,0,00000000
3951,2354,00000008,00108093,1,00000311
3952,2355,0000000c,00208463,0,00000000
3953,2356,00000010,fe000ce3,0,00000000
3956,2357,00000008,00108093,1,00000312
3957,2358,0000000c,00208463,0,00000000
3958,2359,00000010,fe000ce3,0,00000000
3961,2360,00000008,00108093,1,00000313
3962,2361,0000000c,00208463,0,00000000
3963,2362,00000010,fe000ce3,0,00000000
3966,2363,00000008,00108093,1,00000314
3967,2364,0000000c,00208463,0,00000000
3968,2365,00000010,fe000ce3,0,00000000
3971,2366,00000008,00108093,1,00000315
3972,2367,0000000c,00208463,0,00000000
3973,2368,00000010,fe000ce3,0,00000000
3976,2369,00000008,00108093,1,00000316
3977,2370,0000000c,00208463,0,00000000
3978,2371,00000010,fe000ce3,0,00000000
3981,2372,00000008,00108093,1,00000317
3982,2373,0000000c,00208463,0,00000000
3983,2374,00000010,fe000ce3,0,00000000
3986,2375,00000008,00108093,1,00000318
3987,2376,0000000c,00208463,0,00000000
3988,2377,00000010,fe000ce3,0,00000000
3991,2378,00000008,00108093,1,00000319
3992,2379,0000000c,00208463,0,00000000
3993,2380,00000010,fe000ce3,0,00000000
3996,2381,00000008,00108093,1,0000031a
3997,2382,0000000c,00208463,0,00000000
3998,2383,00000010,fe000ce3,0,00000000
4001,2384,00000008,00108093,1,0000031b
4002,2385,0000000c,00208463,0,00000000
4003,2386,00000010,fe000ce3,0,00000000
4006,2387,00000008,00108093,1,0000031c
4007,2388,0000000c,00208463,0,00000000
4008,2389,00000010,fe000ce3,0,00000000
4011,2390,00000008,00108093,1,0000031d
4012,2391,0000000c,00208463,0,00000000
4013,2392,00000010,fe000ce3,0,00000000
4016,2393,00000008,00108093,1,0000031e
4017,2394,0000000c,00208463,0,00000000
4018,2395,00000010,fe000ce3,0,00000000
4021,2396,00000008,00108093,1,0000031f
4022,2397,0000000c,00208463,0,00000000
4023,2398,00000010,fe000ce3,0,00000000
4026,2399,00000008,00108093,1,00000320
4027,2400,0000000c,00208463,0,00000000
4028,2401,00000010,fe000ce3,0,00000000
4031,2402,00000008,00108093,1,00000321
4032,2403,0000000c,00208463,0,00000000
4033,2404,00000010,fe000ce3,0,00000000
4036,2405,00000008,00108093,1,00000322
4037,2406,0000000c,00208463,0,00000000
4038,2407,00000010,fe000ce3,0,00000000
4041,2408,00000008,00108093,1,00000323
4042,2409,0000000c,00208463,0,00000000
4043,2410,00000010,fe000ce3,0,00000000
4046,2411,00000008,00108093,1,00000324
4047,2412,0000000c,00208463,0,00000000
4048,2413,00000010,fe000ce3,0,00000000
4051,2414,00000008,00108093,1,00000325
4052,2415,0000000c,00208463,0,00000000
4053,2416,00000010,fe000ce3,0,00000000
4056,2417,00000008,00108093,1,00000326
4057,2418,0000000c,00208463,0,00000000
4058,2419,00000010,fe000ce3,0,00000000
4061,2420,00000008,00108093,1,00000327
4062,2421,0000000c,00208463,0,00000000
4063,2422,00000010,fe000ce3,0,00000000
4066,2423,00000008,00108093,1,00000328
4067,2424,0000000c,00208463,0,00000000
4068,2425,00000010,fe000ce3,0,00000000
4071,2426,00000008,00108093,1,00000329
4072,2427,0000000c,00208463,0,00000000
4073,2428,00000010,fe000ce3,0,00000000
4076,2429,00000008,00108093,1,0000032a
4077,2430,0000000c,00208463,0,00000000
4078,2431,00000010,fe000ce3,0,00000000
4081,2432,00000008,00108093,1,0000032b
4082,2433,0000000c,00208463,0,00000000
4083,2434,00000010,fe000ce3,0,00000000
4086,2435,00000008,00108093,1,0000032c
4087,2436,0000000c,00208463,0,00000000
4088,2437,00000010,fe000ce3,0,00000000
4091,2438,00000008,00108093,1,0000032d
4092,2439,0000000c,00208463,0,00000000
4093,2440,00000010,fe000ce3,0,00000000
4096,2441,00000008,00108093,1,0000032e
4097,2442,0000000c,00208463,0,00000000
4098,2443,00000010,fe000ce3,0,00000000
4101,2444,00000008,00108093,1,0000032f
4102,2445,0000000c,00208463,0,00000000
4103,2446,00000010,fe000ce3,0,00000000
4106,2447,00000008,00108093,1,00000330
4107,2448,0000000c,00208463,0,00000000
4108,2449,00000010,fe000ce3,0,00000000
4111,2450,00000008,00108093,1,00000331
4112,2451,0000000c,00208463,0,00000000
4113,2452,00000010,fe000ce3,0,00000000
4116,2453,00000008,00108093,1,00000332
4117,2454,0000000c,00208463,0,00000000
4118,2455,00000010,fe000ce3,0,00000000
4121,2456,00000008,00108093,1,00000333
4122,2457,0000000c,00208463,0,00000000
4123,2458,00000010,fe000ce3,0,00000000
4126,2459,00000008,00108093,1,00000334
4127,2460,0000000c,00208463,0,00000000
4128,2461,00000010,fe000ce3,0,00000000
4131,2462,00000008,00108093,1,00000335
4132,2463,0000000c,00208463,0,00000000
4133,2464,00000010,fe000ce3,0,00000000
4136,2465,00000008,00108093,1,00000336
4137,2466,0000000c,00208463,0,00000000
4138,2467,00000010,fe000ce3,0,00000000
4141,2468,00000008,00108093,1,00000337
4142,2469,0000000c,00208463,0,00000000
4143,2470,00000010,fe000ce3,0,00000000
4146,2471,00000008,00108093,1,00000338
4147,2472,0000000c,00208463,0,00000000
4148,2473,00000010,fe000ce3,0,00000000
4151,2474,00000008,00108093,1,00000339
4152,2475,0000000c,00208463,0,00000000
4153,2476,00000010,fe000ce3,0,00000000
4156,2477,00000008,00108093,1,0000033a
4157,2478,0000000c,00208463,0,00000000
4158,2479,00000010,fe000ce3,0,00000000
4161,2480,00000008,00108093,1,0000033b
4162,2481,0000000c,00208463,0,00000000
4163,2482,00000010,fe000ce3,0,00000000
4166,2483,00000008,00108093,1,0000033c
4167,2484,0000000c,00208463,0,00000000
4168,2485,00000010,fe000ce3,0,00000000
4171,2486,00000008,00108093,1,0000033d
4172,2487,0000000c,00208463,0,00000000
4173,2488,00000010,fe000ce3,0,00000000
4176,2489,00000008,00108093,1,0000033e
4177,2490,0000000c,00208463,0,00000000
4178,2491,00000010,fe000ce3,0,00000000
4181,2492,00000008,00108093,1,0000033f
4182,2493,0000000c,00208463,0,00000000
4183,2494,00000010,fe000ce3,0,00000000
4186,2495,00000008,00108093,1,00000340
4187,2496,0000000c,00208463,0,00000000
4188,2497,00000010,fe000ce3,0,00000000
4191,2498,00000008,00108093,1,00000341
4192,2499,0000000c,00208463,0,00000000
4193,2500,00000010,fe000ce3,0,00000000
4196,2501,00000008,00108093,1,00000342
4197,2502,0000000c,00208463,0,00000000
4198,2503,00000010,fe000ce3,0,00000000
4201,2504,00000008,00108093,1,00000343
4202,2505,0000000c,00208463,0,00000000
4203,2506,00000010,fe000ce3,0,00000000
4206,2507,00000008,00108093,1,00000344
4207,2508,0000000c,00208463,0,00000000
4208,2509,00000010,fe000ce3,0,00000000
4211,2510,00000008,00108093,1,00000345
4212,2511,0000000c,00208463,0,00000000
4213,2512,00000010,fe000ce3,0,00000000
4216,2513,00000008,00108093,1,00000346
4217,2514,0000000c,00208463,0,00000000
4218,2515,00000010,fe000ce3,0,00000000
4221,2516,00000008,00108093,1,00000347
4222,2517,0000000c,00208463,0,00000000
4223,2518,00000010,fe000ce3,0,00000000
4226,2519,00000008,00108093,1,00000348
4227,2520,0000000c,00208463,0,00000000
4228,2521,00000010,fe000ce3,0,00000000
4231,2522,00000008,00108093,1,00000349
4232,2523,0000000c,00208463,0,00000000
4233,2524,00000010,fe000ce3,0,00000000
4236,2525,00000008,00108093,1,0000034a
4237,2526,0000000c,00208463,0,00000000
4238,2527,00000010,fe000ce3,0,00000000
4241,2528,00000008,00108093,1,0000034b
4242,2529,0000000c,00208463,0,00000000
4243,2530,00000010,fe000ce3,0,00000000
4246,2531,00000008,00108093,1,0000034c
4247,2532,0000000c,00208463,0,00000000
4248,2533,00000010,fe000ce3,0,00000000
4251,2534,00000008,00108093,1,0000034d
4252,2535,0000000c,00208463,0,00000000
4253,2536,00000010,fe000ce3,0,00000000
4256,2537,00000008,00108093,1,0000034e
4257,2538,0000000c,00208463,0,00000000
4258,2539,00000010,fe000ce3,0,00000000
4261,2540,00000008,00108093,1,0000034f
4262,2541,0000000c,00208463,0,00000000
4263,2542,00000010,fe000ce3,0,00000000
4266,2543,00000008,00108093,1,00000350
4267,2544,0000000c,00208463,0,00000000
4268,2545,00000010,fe000ce3,0,00000000
4271,2546,00000008,00108093,1,00000351
4272,2547,0000000c,00208463,0,00000000
4273,2548,00000010,fe000ce3,0,00000000
4276,2549,00000008,00108093,1,00000352
4277,2550,0000000c,00208463,0,00000000
4278,2551,00000010,fe000ce3,0,00000000
4281,2552,00000008,00108093,1,00000353
4282,2553,0000000c,00208463,0,00000000
4283,2554,00000010,fe000ce3,0,00000000
4286,2555,00000008,00108093,1,00000354
4287,2556,0000000c,00208463,0,00000000
4288,2557,00000010,fe000ce3,0,00000000
4291,2558,00000008,00108093,1,00000355
4292,2559,0000000c,00208463,0,00000000
4293,2560,00000010,fe000ce3,0,00000000
4296,2561,00000008,00108093,1,00000356
4297,2562,0000000c,00208463,0,00000000
4298,2563,00000010,fe000ce3,0,00000000
4301,2564,00000008,00108093,1,00000357
4302,2565,0000000c,00208463,0,00000000
4303,2566,00000010,fe000ce3,0,00000000
4306,2567,00000008,00108093,1,00000358
4307,2568,0000000c,00208463,0,00000000
4308,2569,00000010,fe000ce3,0,00000000
4311,2570,00000008,00108093,1,00000359
4312,2571,0000000c,00208463,0,00000000
4313,2572,00000010,fe000ce3,0,00000000
4316,2573,00000008,00108093,1,0000035a
4317,2574,0000000c,00208463,0,00000000
4318,2575,00000010,fe000ce3,0,00000000
4321,2576,00000008,00108093,1,0000035b
4322,2577,0000000c,00208463,0,00000000
4323,2578,00000010,fe000ce3,0,00000000
4326,2579,00000008,00108093,1,0000035c
4327,2580,0000000c,00208463,0,00000000
4328,2581,00000010,fe000ce3,0,00000000
4331,2582,00000008,00108093,1,0000035d
4332,2583,0000000c,00208463,0,00000000
4333,2584,00000010,fe000ce3,0,00000000
4336,2585,00000008,00108093,1,0000035e
4337,2586,0000000c,00208463,0,00000000
4338,2587,00000010,fe000ce3,0,00000000
4341,2588,00000008,00108093,1,0000035f
4342,2589,0000000c,00208463,0,00000000
4343,2590,00000010,fe000ce3,0,00000000
4346,2591,00000008,00108093,1,00000360
4347,2592,0000000c,00208463,0,00000000
4348,2593,00000010,fe000ce3,0,00000000
4351,2594,00000008,00108093,1,00000361
4352,2595,0000000c,00208463,0,00000000
4353,2596,00000010,fe000ce3,0,00000000
4356,2597,00000008,00108093,1,00000362
4357,2598,0000000c,00208463,0,00000000
4358,2599,00000010,fe000ce3,0,00000000
4361,2600,00000008,00108093,1,00000363
4362,2601,0000000c,00208463,0,00000000
4363,2602,00000010,fe000ce3,0,00000000
4366,2603,00000008,00108093,1,00000364
4367,2604,0000000c,00208463,0,00000000
4368,2605,00000010,fe000ce3,0,00000000
4371,2606,00000008,00108093,1,00000365
4372,2607,0000000c,00208463,0,00000000
4373,2608,00000010,fe000ce3,0,00000000
4376,2609,00000008,00108093,1,00000366
4377,2610,0000000c,00208463,0,00000000
4378,2611,00000010,fe000ce3,0,00000000
4381,2612,00000008,00108093,1,00000367
4382,2613,0000000c,00208463,0,00000000
4383,2614,00000010,fe000ce3,0,00000000
4386,2615,00000008,00108093,1,00000368
4387,2616,0000000c,00208463,0,00000000
4388,2617,00000010,fe000ce3,0,00000000
4391,2618,00000008,00108093,1,00000369
4392,2619,0000000c,00208463,0,00000000
4393,2620,00000010,fe000ce3,0,00000000
4396,2621,00000008,00108093,1,0000036a
4397,2622,0000000c,00208463,0,00000000
4398,2623,00000010,fe000ce3,0,00000000
4401,2624,00000008,00108093,1,0000036b
4402,2625,0000000c,00208463,0,00000000
4403,2626,00000010,fe000ce3,0,00000000
4406,2627,00000008,00108093,1,0000036c
4407,2628,0000000c,00208463,0,00000000
4408,2629,00000010,fe000ce3,0,00000000
4411,2630,00000008,00108093,1,0000036d
4412,2631,0000000c,00208463,0,00000000
4413,2632,00000010,fe000ce3,0,00000000
4416,2633,00000008,00108093,1,0000036e
4417,2634,0000000c,00208463,0,00000000
4418,2635,00000010,fe000ce3,0,00000000
4421,2636,00000008,00108093,1,0000036f
4422,2637,0000000c,00208463,0,00000000
4423,2638,00000010,fe000ce3,0,00000000
4426,2639,00000008,00108093,1,00000370
4427,2640,0000000c,00208463,0,00000000
4428,2641,00000010,fe000ce3,0,00000000
4431,2642,00000008,00108093,1,00000371
4432,2643,0000000c,00208463,0,00000000
4433,2644,00000010,fe000ce3,0,00000000
4436,2645,00000008,00108093,1,00000372
4437,2646,0000000c,00208463,0,00000000
4438,2647,00000010,fe000ce3,0,00000000
4441,2648,00000008,00108093,1,00000373
4442,2649,0000000c,00208463,0,00000000
4443,2650,00000010,fe000ce3,0,00000000
4446,2651,00000008,00108093,1,00000374
4447,2652,0000000c,00208463,0,00000000
4448,2653,00000010,fe000ce3,0,00000000
4451,2654,00000008,00108093,1,00000375
4452,2655,0000000c,00208463,0,00000000
4453,2656,00000010,fe000ce3,0,00000000
4456,2657,00000008,00108093,1,00000376
4457,2658,0000000c,00208463,0,00000000
4458,2659,00000010,fe000ce3,0,00000000
4461,2660,00000008,00108093,1,00000377
4462,2661,0000000c,00208463,0,00000000
4463,2662,00000010,fe000ce3,0,00000000
4466,2663,00000008,00108093,1,00000378
4467,2664,0000000c,00208463,0,00000000
4468,2665,00000010,fe000ce3,0,00000000
4471,2666,00000008,00108093,1,00000379
4472,2667,0000000c,00208463,0,00000000
4473,2668,00000010,fe000ce3,0,00000000
4476,2669,00000008,00108093,1,0000037a
4477,2670,0000000c,00208463,0,00000000
4478,2671,00000010,fe000ce3,0,00000000
4481,2672,00000008,00108093,1,0000037b
4482,2673,0000000c,00208463,0,00000000
4483,2674,00000010,fe000ce3,0,00000000
4486,2675,00000008,00108093,1,0000037c
4487,2676,0000000c,00208463,0,00000000
4488,2677,00000010,fe000ce3,0,00000000
4491,2678,00000008,00108093,1,0000037d
4492,2679,0000000c,00208463,0,00000000
4493,2680,00000010,fe000ce3,0,00000000
4496,2681,00000008,00108093,1,0000037e
4497,2682,0000000c,00208463,0,00000000
4498,2683,00000010,fe000ce3,0,00000000
4501,2684,00000008,00108093,1,0000037f
4502,2685,0000000c,00208463,0,00000000
4503,2686,00000010,fe000ce3,0,00000000
4506,2687,00000008,00108093,1,00000380
4507,2688,0000000c,00208463,0,00000000
4508,2689,00000010,fe000ce3,0,00000000
4511,2690,00000008,00108093,1,00000381
4512,2691,0000000c,00208463,0,00000000
4513,2692,00000010,fe000ce3,0,00000000
4516,2693,00000008,00108093,1,00000382
4517,2694,0000000c,00208463,0,00000000
4518,2695,00000010,fe000ce3,0,00000000
4521,2696,00000008,00108093,1,00000383
4522,2697,0000000c,00208463,0,00000000
4523,2698,00000010,fe000ce3,0,00000000
4526,2699,00000008,00108093,1,00000384
4527,2700,0000000c,00208463,0,00000000
4528,2701,00000010,fe000ce3,0,00000000
4531,2702,00000008,00108093,1,00000385
4532,2703,0000000c,00208463,0,00000000
4533,2704,00000010,fe000ce3,0,00000000
4536,2705,00000008,00108093,1,00000386
4537,2706,0000000c,00208463,0,00000000
4538,2707,00000010,fe000ce3,0,00000000
4541,2708,00000008,00108093,1,00000387
4542,2709,0000000c,00208463,0,00000000
4543,2710,00000010,fe000ce3,0,00000000
4546,2711,00000008,00108093,1,00000388
4547,2712,0000000c,00208463,0,00000000
4548,2713,00000010,fe000ce3,0,00000000
4551,2714,00000008,00108093,1,00000389
4552,2715,0000000c,00208463,0,00000000
4553,2716,00000010,fe000ce3,0,00000000
4556,2717,00000008,00108093,1,0000038a
4557,2718,0000000c,00208463,0,00000000
4558,2719,00000010,fe000ce3,0,00000000
4561,2720,00000008,00108093,1,0000038b
4562,2721,0000000c,00208463,0,00000000
4563,2722,00000010,fe000ce3,0,00000000
4566,2723,00000008,00108093,1,0000038c
4567,2724,0000000c,00208463,0,00000000
4568,2725,00000010,fe000ce3,0,00000000
4571,2726,00000008,00108093,1,0000038d
4572,2727,0000000c,00208463,0,00000000
4573,2728,00000010,fe000ce3,0,00000000
4576,2729,00000008,00108093,1,0000038e
4577,2730,0000000c,00208463,0,00000000
4578,2731,00000010,fe000ce3,0,00000000
4581,2732,00000008,00108093,1,0000038f
4582,2733,0000000c,00208463,0,00000000
4583,2734,00000010,fe000ce3,0,00000000
4586,2735,00000008,00108093,1,00000390
4587,2736,0000000c,00208463,0,00000000
4588,2737,00000010,fe000ce3,0,00000000
4591,2738,00000008,00108093,1,00000391
4592,2739,0000000c,00208463,0,00000000
4593,2740,00000010,fe000ce3,0,00000000
4596,2741,00000008,00108093,1,00000392
4597,2742,0000000c,00208463,0,00000000
4598,2743,00000010,fe000ce3,0,00000000
4601,2744,00000008,00108093,1,00000393
4602,2745,0000000c,00208463,0,00000000
4603,2746,00000010,fe000ce3,0,00000000
4606,2747,00000008,00108093,1,00000394
4607,2748,0000000c,00208463,0,00000000
4608,2749,00000010,fe000ce3,0,00000000
4611,2750,00000008,00108093,1,00000395
4612,2751,0000000c,00208463,0,00000000
4613,2752,00000010,fe000ce3,0,00000000
4616,2753,00000008,00108093,1,00000396
4617,2754,0000000c,00208463,0,00000000
4618,2755,00000010,fe000ce3,0,00000000
4621,2756,00000008,00108093,1,00000397
4622,2757,0000000c,00208463,0,00000000
4623,2758,00000010,fe000ce3,0,00000000
4626,2759,00000008,00108093,1,00000398
4627,2760,0000000c,00208463,0,00000000
4628,2761,00000010,fe000ce3,0,00000000
4631,2762,00000008,00108093,1,00000399
4632,2763,0000000c,00208463,0,00000000
4633,2764,00000010,fe000ce3,0,00000000
4636,2765,00000008,00108093,1,0000039a
4637,2766,0000000c,00208463,0,00000000
4638,2767,00000010,fe000ce3,0,00000000
4641,2768,00000008,00108093,1,0000039b
4642,2769,0000000c,00208463,0,00000000
4643,2770,00000010,fe000ce3,0,00000000
4646,2771,00000008,00108093,1,0000039c
4647,2772,0000000c,00208463,0,00000000
4648,2773,00000010,fe000ce3,0,00000000
4651,2774,00000008,00108093,1,0000039d
4652,2775,0000000c,00208463,0,00000000
4653,2776,00000010,fe000ce3,0,00000000
4656,2777,00000008,00108093,1,0000039e
4657,2778,0000000c,00208463,0,00000000
4658,2779,00000010,fe000ce3,0,00000000
4661,2780,00000008,00108093,1,0000039f
4662,2781,0000000c,00208463,0,00000000
4663,2782,00000010,fe000ce3,0,00000000
4666,2783,00000008,00108093,1,000003a0
4667,2784,0000000c,00208463,0,00000000
4668,2785,00000010,fe000ce3,0,00000000
4671,2786,00000008,00108093,1,000003a1
4672,2787,0000000c,00208463,0,00000000
4673,2788,00000010,fe000ce3,0,00000000
4676,2789,00000008,00108093,1,000003a2
4677,2790,0000000c,00208463,0,00000000
4678,2791,00000010,fe000ce3,0,00000000
4681,2792,00000008,00108093,1,000003a3
4682,2793,0000000c,00208463,0,00000000
4683,2794,00000010,fe000ce3,0,00000000
4686,2795,00000008,00108093,1,000003a4
4687,2796,0000000c,00208463,0,00000000
4688,2797,00000010,fe000ce3,0,00000000
4691,2798,00000008,00108093,1,000003a5
4692,2799,0000000c,00208463,0,00000000
4693,2800,00000010,fe000ce3,0,00000000
4696,2801,00000008,00108093,1,000003a6
4697,2802,0000000c,00208463,0,00000000
4698,2803,00000010,fe000ce3,0,00000000
4701,2804,00000008,00108093,1,000003a7
4702,2805,0000000c,00208463,0,00000000
4703,2806,00000010,fe000ce3,0,00000000
4706,2807,00000008,00108093,1,000003a8
4707,2808,0000000c,00208463,0,00000000
4708,2809,00000010,fe000ce3,0,00000000
4711,2810,00000008,00108093,1,000003a9
4712,2811,0000000c,00208463,0,00000000
4713,2812,00000010,fe000ce3,0,00000000
4716,2813,00000008,00108093,1,000003aa
4717,2814,0000000c,00208463,0,00000000
4718,2815,00000010,fe000ce3,0,00000000
4721,2816,00000008,00108093,1,000003ab
4722,2817,0000000c,00208463,0,00000000
4723,2818,00000010,fe000ce3,0,00000000
4726,2819,00000008,00108093,1,000003ac
4727,2820,0000000c,00208463,0,00000000
4728,2821,00000010,fe000ce3,0,00000000
4731,2822,00000008,00108093,1,000003ad
4732,2823,0000000c,00208463,0,00000000
4733,2824,00000010,fe000ce3,0,00000000
4736,2825,00000008,00108093,1,000003ae
4737,2826,0000000c,00208463,0,00000000
4738,2827,00000010,fe000ce3,0,00000000
4741,2828,00000008,00108093,1,000003af
4742,2829,0000000c,00208463,0,00000000
4743,2830,00000010,fe000ce3,0,00000000
4746,2831,00000008,00108093,1,000003b0
4747,2832,0000000c,00208463,0,00000000
4748,2833,00000010,fe000ce3,0,00000000
4751,2834,00000008,00108093,1,000003b1
4752,2835,0000000c,00208463,0,00000000
4753,2836,00000010,fe000ce3,0,00000000
4756,2837,00000008,00108093,1,000003b2
4757,2838,0000000c,00208463,0,00000000
4758,2839,00000010,fe000ce3,0,00000000
4761,2840,00000008,00108093,1,000003b3
4762,2841,0000000c,00208463,0,00000000
4763,2842,00000010,fe000ce3,0,00000000
4766,2843,00000008,00108093,1,000003b4
4767,2844,0000000c,00208463,0,00000000
4768,2845,00000010,fe000ce3,0,00000000
4771,2846,00000008,00108093,1,000003b5
4772,2847,0000000c,00208463,0,00000000
4773,2848,00000010,fe000ce3,0,00000000
4776,2849,00000008,00108093,1,000003b6
4777,2850,0000000c,00208463,0,00000000
4778,2851,00000010,fe000ce3,0,00000000
4781,2852,00000008,00108093,1,000003b7
4782,2853,0000000c,00208463,0,00000000
4783,2854,00000010,fe000ce3,0,00000000
4786,2855,00000008,00108093,1,000003b8
4787,2856,0000000c,00208463,0,00000000
4788,2857,00000010,fe000ce3,0,00000000
4791,2858,00000008,00108093,1,000003b9
4792,2859,0000000c,00208463,0,00000000
4793,2860,00000010,fe000ce3,0,00000000
4796,2861,00000008,00108093,1,000003ba
4797,2862,0000000c,00208463,0,00000000
4798,2863,00000010,fe000ce3,0,00000000
4801,2864,00000008,00108093,1,000003bb
4802,2865,0000000c,00208463,0,00000000
4803,2866,00000010,fe000ce3,0,00000000
4806,2867,00000008,00108093,1,000003bc
4807,2868,0000000c,00208463,0,00000000
4808,2869,00000010,fe000ce3,0,00000000
4811,2870,00000008,00108093,1,000003bd
4812,2871,0000000c,00208463,0,00000000
4813,2872,00000010,fe000ce3,0,00000000
4816,2873,00000008,00108093,1,000003be
4817,2874,0000000c,00208463,0,00000000
4818,2875,00000010,fe000ce3,0,00000000
4821,2876,00000008,00108093,1,000003bf
4822,2877,0000000c,00208463,0,00000000
4823,2878,00000010,fe000ce3,0,00000000
4826,2879,00000008,00108093,1,000003c0
4827,2880,0000000c,00208463,0,00000000
4828,2881,00000010,fe000ce3,0,00000000
4831,2882,00000008,00108093,1,000003c1
4832,2883,0000000c,00208463,0,00000000
4833,2884,00000010,fe000ce3,0,00000000
4836,2885,00000008,00108093,1,000003c2
4837,2886,0000000c,00208463,0,00000000
4838,2887,00000010,fe000ce3,0,00000000
4841,2888,00000008,00108093,1,000003c3
4842,2889,0000000c,00208463,0,00000000
4843,2890,00000010,fe000ce3,0,00000000
4846,2891,00000008,00108093,1,000003c4
4847,2892,0000000c,00208463,0,00000000
4848,2893,00000010,fe000ce3,0,00000000
4851,2894,00000008,00108093,1,000003c5
4852,2895,0000000c,00208463,0,00000000
4853,2896,00000010,fe000ce3,0,00000000
4856,2897,00000008,00108093,1,000003c6
4857,2898,0000000c,00208463,0,00000000
4858,2899,00000010,fe000ce3,0,00000000
4861,2900,00000008,00108093,1,000003c7
4862,2901,0000000c,00208463,0,00000000
4863,2902,00000010,fe000ce3,0,00000000
4866,2903,00000008,00108093,1,000003c8
4867,2904,0000000c,00208463,0,00000000
4868,2905,00000010,fe000ce3,0,00000000
4871,2906,00000008,00108093,1,000003c9
4872,2907,0000000c,00208463,0,00000000
4873,2908,00000010,fe000ce3,0,00000000
4876,2909,00000008,00108093,1,000003ca
4877,2910,0000000c,00208463,0,00000000
4878,2911,00000010,fe000ce3,0,00000000
4881,2912,00000008,00108093,1,000003cb
4882,2913,0000000c,00208463,0,00000000
4883,2914,00000010,fe000ce3,0,00000000
4886,2915,00000008,00108093,1,000003cc
4887,2916,0000000c,00208463,0,00000000
4888,2917,00000010,fe000ce3,0,00000000
4891,2918,00000008,00108093,1,000003cd
4892,2919,0000000c,00208463,0,00000000
4893,2920,00000010,fe000ce3,0,00000000
4896,2921,00000008,00108093,1,000003ce
4897,2922,0000000c,00208463,0,00000000
4898,2923,00000010,fe000ce3,0,00000000
4901,2924,00000008,00108093,1,000003cf
4902,2925,0000000c,00208463,0,00000000
4903,2926,00000010,fe000ce3,0,00000000
4906,2927,00000008,00108093,1,000003d0
4907,2928,0000000c,00208463,0,00000000
4908,2929,00000010,fe000ce3,0,00000000
4911,2930,00000008,00108093,1,000003d1
4912,2931,0000000c,00208463,0,00000000
4913,2932,00000010,fe000ce3,0,00000000
4916,2933,00000008,00108093,1,000003d2
4917,2934,0000000c,00208463,0,00000000
4918,2935,00000010,fe000ce3,0,00000000
4921,2936,00000008,00108093,1,000003d3
4922,2937,0000000c,00208463,0,00000000
4923,2938,00000010,fe000ce3,0,00000000
4926,2939,00000008,00108093,1,000003d4
4927,2940,0000000c,00208463,0,00000000
4928,2941,00000010,fe000ce3,0,00000000
4931,2942,00000008,00108093,1,000003d5
4932,2943,0000000c,00208463,0,00000000
4933,2944,00000010,fe000ce3,0,00000000
4936,2945,00000008,00108093,1,000003d6
4937,2946,0000000c,00208463,0,00000000
4938,2947,00000010,fe000ce3,0,00000000
4941,2948,00000008,00108093,1,000003d7
4942,2949,0000000c,00208463,0,00000000
4943,2950,00000010,fe000ce3,0,00000000
4946,2951,00000008,00108093,1,000003d8
4947,2952,0000000c,00208463,0,00000000
4948,2953,00000010,fe000ce3,0,00000000
4951,2954,00000008,00108093,1,000003d9
4952,2955,0000000c,00208463,0,00000000
4953,2956,00000010,fe000ce3,0,00000000
4956,2957,00000008,00108093,1,000003da
4957,2958,0000000c,00208463,0,00000000
4958,2959,00000010,fe000ce3,0,00000000
4961,2960,00000008,00108093,1,000003db
4962,2961,0000000c,00208463,0,00000000
4963,2962,00000010,fe000ce3,0,00000000
4966,2963,00000008,00108093,1,000003dc
4967,2964,0000000c,00208463,0,00000000
4968,2965,00000010,fe000ce3,0,00000000
4971,2966,00000008,00108093,1,000003dd
4972,2967,0000000c,00208463,0,00000000
4973,2968,00000010,fe000ce3,0,00000000
4976,2969,00000008,00108093,1,000003de
4977,2970,0000000c,00208463,0,00000000
4978,2971,00000010,fe000ce3,0,00000000
4981,2972,00000008,00108093,1,000003df
4982,2973,0000000c,00208463,0,00000000
4983,2974,00000010,fe000ce3,0,00000000
4986,2975,00000008,00108093,1,000003e0
4987,2976,0000000c,00208463,0,00000000
4988,2977,00000010,fe000ce3,0,00000000
4991,2978,00000008,00108093,1,000003e1
4992,2979,0000000c,00208463,0,00000000
4993,2980,00000010,fe000ce3,0,00000000
4996,2981,00000008,00108093,1,000003e2
4997,2982,0000000c,00208463,0,00000000
4998,2983,00000010,fe000ce3,0,00000000
5001,2984,00000008,00108093,1,000003e3
5002,2985,0000000c,00208463,0,00000000
5003,2986,00000010,fe000ce3,0,00000000
5006,2987,00000008,00108093,1,000003e4
5007,2988,0000000c,00208463,0,00000000
5008,2989,00000010,fe000ce3,0,00000000
5011,2990,00000008,00108093,1,000003e5
5012,2991,0000000c,00208463,0,00000000
5013,2992,00000010,fe000ce3,0,00000000
5016,2993,00000008,00108093,1,000003e6
5017,2994,0000000c,00208463,0,00000000
5018,2995,00000010,fe000ce3,0,00000000
5021,2996,00000008,00108093,1,000003e7
5022,2997,0000000c,00208463,0,00000000
5023,2998,00000010,fe000ce3,0,00000000
5026,2999,00000008,00108093,1,000003e8
5027,3000,0000000c,00208463,0,00000000
5028,3001,00000010,fe000ce3,0,00000000
5031,3002,00000008,00108093,1,000003e9
5032,3003,0000000c,00208463,0,00000000
5033,3004,00000010,fe000ce3,0,00000000
5036,3005,00000008,00108093,1,000003ea
5037,3006,0000000c,00208463,0,00000000
5038,3007,00000010,fe000ce3,0,00000000
5041,3008,00000008,00108093,1,000003eb
5042,3009,0000000c,00208463,0,00000000
5043,3010,00000010,fe000ce3,0,00000000
5046,3011,00000008,00108093,1,000003ec
5047,3012,0000000c,00208463,0,00000000
5048,3013,00000010,fe000ce3,0,00000000
5051,3014,00000008,00108093,1,000003ed
5052,3015,0000000c,00208463,0,00000000
5053,3016,00000010,fe000ce3,0,00000000
5056,3017,00000008,00108093,1,000003ee
5057,3018,0000000c,00208463,0,00000000
5058,3019,00000010,fe000ce3,0,00000000
5061,3020,00000008,00108093,1,000003ef
5062,3021,0000000c,00208463,0,00000000
5063,3022,00000010,fe000ce3,0,00000000
5066,3023,00000008,00108093,1,000003f0
5067,3024,0000000c,00208463,0,00000000
5068,3025,00000010,fe000ce3,0,00000000
5071,3026,00000008,00108093,1,000003f1
5072,3027,0000000c,00208463,0,00000000
5073,3028,00000010,fe000ce3,0,00000000
5076,3029,00000008,00108093,1,000003f2
5077,3030,0000000c,00208463,0,00000000
5078,3031,00000010,fe000ce3,0,00000000
5081,3032,00000008,00108093,1,000003f3
5082,3033,0000000c,00208463,0,00000000
5083,3034,00000010,fe000ce3,0,00000000
5086,3035,00000008,00108093,1,000003f4
5087,3036,0000000c,00208463,0,00000000
5088,3037,00000010,fe000ce3,0,00000000
5091,3038,00000008,00108093,1,000003f5
5092,3039,0000000c,00208463,0,00000000
5093,3040,00000010,fe000ce3,0,00000000
5096,3041,00000008,00108093,1,000003f6
5097,3042,0000000c,00208463,0,00000000
5098,3043,00000010,fe000ce3,0,00000000
5101,3044,00000008,00108093,1,000003f7
5102,3045,0000000c,00208463,0,00000000
5103,3046,00000010,fe000ce3,0,00000000
5106,3047,00000008,00108093,1,000003f8
5107,3048,0000000c,00208463,0,00000000
5108,3049,00000010,fe000ce3,0,00000000
5111,3050,00000008,00108093,1,000003f9
5112,3051,0000000c,00208463,0,00000000
5113,3052,00000010,fe000ce3,0,00000000
5116,3053,00000008,00108093,1,000003fa
5117,3054,0000000c,00208463,0,00000000
5118,3055,00000010,fe000ce3,0,00000000
5121,3056,00000008,00108093,1,000003fb
5122,3057,0000000c,00208463,0,00000000
5123,3058,00000010,fe000ce3,0,00000000
5126,3059,00000008,00108093,1,000003fc
5127,3060,0000000c,00208463,0,00000000
5128,3061,00000010,fe000ce3,0,00000000
5131,3062,00000008,00108093,1,000003fd
5132,3063,0000000c,00208463,0,00000000
5133,3064,00000010,fe000ce3,0,00000000
5136,3065,00000008,00108093,1,000003fe
5137,3066,0000000c,00208463,0,00000000
5138,3067,00000010,fe000ce3,0,00000000
5141,3068,00000008,00108093,1,000003ff
5142,3069,0000000c,00208463,0,00000000
5143,3070,00000010,fe000ce3,0,00000000
5146,3071,00000008,00108093,1,00000400
5147,3072,0000000c,00208463,0,00000000
5148,3073,00000010,fe000ce3,0,00000000
5151,3074,00000008,00108093,1,00000401
5152,3075,0000000c,00208463,0,00000000
5153,3076,00000010,fe000ce3,0,00000000
5156,3077,00000008,00108093,1,00000402
5157,3078,0000000c,00208463,0,00000000
5158,3079,00000010,fe000ce3,0,00000000
5161,3080,00000008,00108093,1,00000403
5162,3081,0000000c,00208463,0,00000000
5163,3082,00000010,fe000ce3,0,00000000
5166,3083,00000008,00108093,1,00000404
5167,3084,0000000c,00208463,0,00000000
5168,3085,00000010,fe000ce3,0,00000000
5171,3086,00000008,00108093,1,00000405
5172,3087,0000000c,00208463,0,00000000
5173,3088,00000010,fe000ce3,0,00000000
5176,3089,00000008,00108093,1,00000406
5177,3090,0000000c,00208463,0,00000000
5178,3091,00000010,fe000ce3,0,00000000
5181,3092,00000008,00108093,1,00000407
5182,3093,0000000c,00208463,0,00000000
5183,3094,00000010,fe000ce3,0,00000000
5186,3095,00000008,00108093,1,00000408
5187,3096,0000000c,00208463,0,00000000
5188,3097,00000010,fe000ce3,0,00000000
5191,3098,00000008,00108093,1,00000409
5192,3099,0000000c,00208463,0,00000000
5193,3100,00000010,fe000ce3,0,00000000
5196,3101,00000008,00108093,1,0000040a
5197,3102,0000000c,00208463,0,00000000
5198,3103,00000010,fe000ce3,0,00000000
5201,3104,00000008,00108093,1,0000040b
5202,3105,0000000c,00208463,0,00000000
5203,3106,00000010,fe000ce3,0,00000000
5206,3107,00000008,00108093,1,0000040c
5207,3108,0000000c,00208463,0,00000000
5208,3109,00000010,fe000ce3,0,00000000
5211,3110,00000008,00108093,1,0000040d
5212,3111,0000000c,00208463,0,00000000
5213,3112,00000010,fe000ce3,0,00000000
5216,3113,00000008,00108093,1,0000040e
5217,3114,0000000c,00208463,0,00000000
5218,3115,00000010,fe000ce3,0,00000000
5221,3116,00000008,00108093,1,0000040f
5222,3117,0000000c,00208463,0,00000000
5223,3118,00000010,fe000ce3,0,00000000
5226,3119,00000008,00108093,1,00000410
5227,3120,0000000c,00208463,0,00000000
5228,3121,00000010,fe000ce3,0,00000000
5231,3122,00000008,00108093,1,00000411
5232,3123,0000000c,00208463,0,00000000
5233,3124,00000010,fe000ce3,0,00000000
5236,3125,00000008,00108093,1,00000412
5237,3126,0000000c,00208463,0,00000000
5238,3127,00000010,fe000ce3,0,00000000
5241,3128,00000008,00108093,1,00000413
5242,3129,0000000c,00208463,0,00000000
5243,3130,00000010,fe000ce3,0,00000000
5246,3131,00000008,00108093,1,00000414
5247,3132,0000000c,00208463,0,00000000
5248,3133,00000010,fe000ce3,0,00000000
5251,3134,00000008,00108093,1,00000415
5252,3135,0000000c,00208463,0,00000000
5253,3136,00000010,fe000ce3,0,00000000
5256,3137,00000008,00108093,1,00000416
5257,3138,0000000c,00208463,0,00000000
5258,3139,00000010,fe000ce3,0,00000000
5261,3140,00000008,00108093,1,00000417
5262,3141,0000000c,00208463,0,00000000
5263,3142,00000010,fe000ce3,0,00000000
5266,3143,00000008,00108093,1,00000418
5267,3144,0000000c,00208463,0,00000000
5268,3145,00000010,fe000ce3,0,00000000
5271,3146,00000008,00108093,1,00000419
5272,3147,0000000c,00208463,0,00000000
5273,3148,00000010,fe000ce3,0,00000000
5276,3149,00000008,00108093,1,0000041a
5277,3150,0000000c,00208463,0,00000000
5278,3151,00000010,fe000ce3,0,00000000
5281,3152,00000008,00108093,1,0000041b
5282,3153,0000000c,00208463,0,00000000
5283,3154,00000010,fe000ce3,0,00000000
5286,3155,00000008,00108093,1,0000041c
5287,3156,0000000c,00208463,0,00000000
5288,3157,00000010,fe000ce3,0,00000000
5291,3158,00000008,00108093,1,0000041d
5292,3159,0000000c,00208463,0,00000000
5293,3160,00000010,fe000ce3,0,00000000
5296,3161,00000008,00108093,1,0000041e
5297,3162,0000000c,00208463,0,00000000
5298,3163,00000010,fe000ce3,0,00000000
5301,3164,00000008,00108093,1,0000041f
5302,3165,0000000c,00208463,0,00000000
5303,3166,00000010,fe000ce3,0,00000000
5306,3167,00000008,00108093,1,00000420
5307,3168,0000000c,00208463,0,00000000
5308,3169,00000010,fe000ce3,0,00000000
5311,3170,00000008,00108093,1,00000421
5312,3171,0000000c,00208463,0,00000000
5313,3172,00000010,fe000ce3,0,00000000
5316,3173,00000008,00108093,1,00000422
5317,3174,0000000c,00208463,0,00000000
5318,3175,00000010,fe000ce3,0,00000000
5321,3176,00000008,00108093,1,00000423
5322,3177,0000000c,00208463,0,00000000
5323,3178,00000010,fe000ce3,0,00000000
5326,3179,00000008,00108093,1,00000424
5327,3180,0000000c,00208463,0,00000000
5328,3181,00000010,fe000ce3,0,00000000
5331,3182,00000008,00108093,1,00000425
5332,3183,0000000c,00208463,0,00000000
5333,3184,00000010,fe000ce3,0,00000000
5336,3185,00000008,00108093,1,00000426
5337,3186,0000000c,00208463,0,00000000
5338,3187,00000010,fe000ce3,0,00000000
5341,3188,00000008,00108093,1,00000427
5342,3189,0000000c,00208463,0,00000000
5343,3190,00000010,fe000ce3,0,00000000
5346,3191,00000008,00108093,1,00000428
5347,3192,0000000c,00208463,0,00000000
5348,3193,00000010,fe000ce3,0,00000000
5351,3194,00000008,00108093,1,00000429
5352,3195,0000000c,00208463,0,00000000
5353,3196,00000010,fe000ce3,0,00000000
5356,3197,00000008,00108093,1,0000042a
5357,3198,0000000c,00208463,0,00000000
5358,3199,00000010,fe000ce3,0,00000000
5361,3200,00000008,00108093,1,0000042b
5362,3201,0000000c,00208463,0,00000000
5363,3202,00000010,fe000ce3,0,00000000
5366,3203,00000008,00108093,1,0000042c
5367,3204,0000000c,00208463,0,00000000
5368,3205,00000010,fe000ce3,0,00000000
5371,3206,00000008,00108093,1,0000042d
5372,3207,0000000c,00208463,0,00000000
5373,3208,00000010,fe000ce3,0,00000000
5376,3209,00000008,00108093,1,0000042e
5377,3210,0000000c,00208463,0,00000000
5378,3211,00000010,fe000ce3,0,00000000
5381,3212,00000008,00108093,1,0000042f
5382,3213,0000000c,00208463,0,00000000
5383,3214,00000010,fe000ce3,0,00000000
5386,3215,00000008,00108093,1,00000430
5387,3216,0000000c,00208463,0,00000000
5388,3217,00000010,fe000ce3,0,00000000
5391,3218,00000008,00108093,1,00000431
5392,3219,0000000c,00208463,0,00000000
5393,3220,00000010,fe000ce3,0,00000000
5396,3221,00000008,00108093,1,00000432
5397,3222,0000000c,00208463,0,00000000
5398,3223,00000010,fe000ce3,0,00000000
5401,3224,00000008,00108093,1,00000433
5402,3225,0000000c,00208463,0,00000000
5403,3226,00000010,fe000ce3,0,00000000
5406,3227,00000008,00108093,1,00000434
5407,3228,0000000c,00208463,0,00000000
5408,3229,00000010,fe000ce3,0,00000000
5411,3230,00000008,00108093,1,00000435
5412,3231,0000000c,00208463,0,00000000
5413,3232,00000010,fe000ce3,0,00000000
5416,3233,00000008,00108093,1,00000436
5417,3234,0000000c,00208463,0,00000000
5418,3235,00000010,fe000ce3,0,00000000
5421,3236,00000008,00108093,1,00000437
5422,3237,0000000c,00208463,0,00000000
5423,3238,00000010,fe000ce3,0,00000000
5426,3239,00000008,00108093,1,00000438
5427,3240,0000000c,00208463,0,00000000
5428,3241,00000010,fe000ce3,0,00000000
5431,3242,00000008,00108093,1,00000439
5432,3243,0000000c,00208463,0,00000000
5433,3244,00000010,fe000ce3,0,00000000
5436,3245,00000008,00108093,1,0000043a
5437,3246,0000000c,00208463,0,00000000
5438,3247,00000010,fe000ce3,0,00000000
5441,3248,00000008,00108093,1,0000043b
5442,3249,0000000c,00208463,0,00000000
5443,3250,00000010,fe000ce3,0,00000000
5446,3251,00000008,00108093,1,0000043c
5447,3252,0000000c,00208463,0,00000000
5448,3253,00000010,fe000ce3,0,00000000
5451,3254,00000008,00108093,1,0000043d
5452,3255,0000000c,00208463,0,00000000
5453,3256,00000010,fe000ce3,0,00000000
5456,3257,00000008,00108093,1,0000043e
5457,3258,0000000c,00208463,0,00000000
5458,3259,00000010,fe000ce3,0,00000000
5461,3260,00000008,00108093,1,0000043f
5462,3261,0000000c,00208463,0,00000000
5463,3262,00000010,fe000ce3,0,00000000
5466,3263,00000008,00108093,1,00000440
5467,3264,0000000c,00208463,0,00000000
5468,3265,00000010,fe000ce3,0,00000000
5471,3266,00000008,00108093,1,00000441
5472,3267,0000000c,00208463,0,00000000
5473,3268,00000010,fe000ce3,0,00000000
5476,3269,00000008,00108093,1,00000442
5477,3270,0000000c,00208463,0,00000000
5478,3271,00000010,fe000ce3,0,00000000
5481,3272,00000008,00108093,1,00000443
5482,3273,0000000c,00208463,0,00000000
5483,3274,00000010,fe000ce3,0,00000000
5486,3275,00000008,00108093,1,00000444
5487,3276,0000000c,00208463,0,00000000
5488,3277,00000010,fe000ce3,0,00000000
5491,3278,00000008,00108093,1,00000445
5492,3279,0000000c,00208463,0,00000000
5493,3280,00000010,fe000ce3,0,00000000
5496,3281,00000008,00108093,1,00000446
5497,3282,0000000c,00208463,0,00000000
5498,3283,00000010,fe000ce3,0,00000000
5501,3284,00000008,00108093,1,00000447
5502,3285,0000000c,00208463,0,00000000
5503,3286,00000010,fe000ce3,0,00000000
5506,3287,00000008,00108093,1,00000448
5507,3288,0000000c,00208463,0,00000000
5508,3289,00000010,fe000ce3,0,00000000
5511,3290,00000008,00108093,1,00000449
5512,3291,0000000c,00208463,0,00000000
5513,3292,00000010,fe000ce3,0,00000000
5516,3293,00000008,00108093,1,0000044a
5517,3294,0000000c,00208463,0,00000000
5518,3295,00000010,fe000ce3,0,00000000
5521,3296,00000008,00108093,1,0000044b
5522,3297,0000000c,00208463,0,00000000
5523,3298,00000010,fe000ce3,0,00000000
5526,3299,00000008,00108093,1,0000044c
5527,3300,0000000c,00208463,0,00000000
5528,3301,00000010,fe000ce3,0,00000000
5531,3302,00000008,00108093,1,0000044d
5532,3303,0000000c,00208463,0,00000000
5533,3304,00000010,fe000ce3,0,00000000
5536,3305,00000008,00108093,1,0000044e
5537,3306,0000000c,00208463,0,00000000
5538,3307,00000010,fe000ce3,0,00000000
5541,3308,00000008,00108093,1,0000044f
5542,3309,0000000c,00208463,0,00000000
5543,3310,00000010,fe000ce3,0,00000000
5546,3311,00000008,00108093,1,00000450
5547,3312,0000000c,00208463,0,00000000
5548,3313,00000010,fe000ce3,0,00000000
5551,3314,00000008,00108093,1,00000451
5552,3315,0000000c,00208463,0,00000000
5553,3316,00000010,fe000ce3,0,00000000
5556,3317,00000008,00108093,1,00000452
5557,3318,0000000c,00208463,0,00000000
5558,3319,00000010,fe000ce3,0,00000000
5561,3320,00000008,00108093,1,00000453
5562,3321,0000000c,00208463,0,00000000
5563,3322,00000010,fe000ce3,0,00000000
5566,3323,00000008,00108093,1,00000454
5567,3324,0000000c,00208463,0,00000000
5568,3325,00000010,fe000ce3,0,00000000
5571,3326,00000008,00108093,1,00000455
5572,3327,0000000c,00208463,0,00000000
5573,3328,00000010,fe000ce3,0,00000000
5576,3329,00000008,00108093,1,00000456
5577,3330,0000000c,00208463,0,00000000
5578,3331,00000010,fe000ce3,0,00000000
5581,3332,00000008,00108093,1,00000457
5582,3333,0000000c,00208463,0,00000000
5583,3334,00000010,fe000ce3,0,00000000
5586,3335,00000008,00108093,1,00000458
5587,3336,0000000c,00208463,0,00000000
5588,3337,00000010,fe000ce3,0,00000000
5591,3338,00000008,00108093,1,00000459
5592,3339,0000000c,00208463,0,00000000
5593,3340,00000010,fe000ce3,0,00000000
5596,3341,00000008,00108093,1,0000045a
5597,3342,0000000c,00208463,0,00000000
5598,3343,00000010,fe000ce3,0,00000000
5601,3344,00000008,00108093,1,0000045b
5602,3345,0000000c,00208463,0,00000000
5603,3346,00000010,fe000ce3,0,00000000
5606,3347,00000008,00108093,1,0000045c
5607,3348,0000000c,00208463,0,00000000
5608,3349,00000010,fe000ce3,0,00000000
5611,3350,00000008,00108093,1,0000045d
5612,3351,0000000c,00208463,0,00000000
5613,3352,00000010,fe000ce3,0,00000000
5616,3353,00000008,00108093,1,0000045e
5617,3354,0000000c,00208463,0,00000000
5618,3355,00000010,fe000ce3,0,00000000
5621,3356,00000008,00108093,1,0000045f
5622,3357,0000000c,00208463,0,00000000
5623,3358,00000010,fe000ce3,0,00000000
5626,3359,00000008,00108093,1,00000460
5627,3360,0000000c,00208463,0,00000000
5628,3361,00000010,fe000ce3,0,00000000
5631,3362,00000008,00108093,1,00000461
5632,3363,0000000c,00208463,0,00000000
5633,3364,00000010,fe000ce3,0,00000000
5636,3365,00000008,00108093,1,00000462
5637,3366,0000000c,00208463,0,00000000
5638,3367,00000010,fe000ce3,0,00000000
5641,3368,00000008,00108093,1,00000463
5642,3369,0000000c,00208463,0,00000000
5643,3370,00000010,fe000ce3,0,00000000
5646,3371,00000008,00108093,1,00000464
5647,3372,0000000c,00208463,0,00000000
5648,3373,00000010,fe000ce3,0,00000000
5651,3374,00000008,00108093,1,00000465
5652,3375,0000000c,00208463,0,00000000
5653,3376,00000010,fe000ce3,0,00000000
5656,3377,00000008,00108093,1,00000466
5657,3378,0000000c,00208463,0,00000000
5658,3379,00000010,fe000ce3,0,00000000
5661,3380,00000008,00108093,1,00000467
5662,3381,0000000c,00208463,0,00000000
5663,3382,00000010,fe000ce3,0,00000000
5666,3383,00000008,00108093,1,00000468
5667,3384,0000000c,00208463,0,00000000
5668,3385,00000010,fe000ce3,0,00000000
5671,3386,00000008,00108093,1,00000469
5672,3387,0000000c,00208463,0,00000000
5673,3388,00000010,fe000ce3,0,00000000
5676,3389,00000008,00108093,1,0000046a
5677,3390,0000000c,00208463,0,00000000
5678,3391,00000010,fe000ce3,0,00000000
5681,3392,00000008,00108093,1,0000046b
5682,3393,0000000c,00208463,0,00000000
5683,3394,00000010,fe000ce3,0,00000000
5686,3395,00000008,00108093,1,0000046c
5687,3396,0000000c,00208463,0,00000000
5688,3397,00000010,fe000ce3,0,00000000
5691,3398,00000008,00108093,1,0000046d
5692,3399,0000000c,00208463,0,00000000
5693,3400,00000010,fe000ce3,0,00000000
5696,3401,00000008,00108093,1,0000046e
5697,3402,0000000c,00208463,0,00000000
5698,3403,00000010,fe000ce3,0,00000000
5701,3404,00000008,00108093,1,0000046f
5702,3405,0000000c,00208463,0,00000000
5703,3406,00000010,fe000ce3,0,00000000
5706,3407,00000008,00108093,1,00000470
5707,3408,0000000c,00208463,0,00000000
5708,3409,00000010,fe000ce3,0,00000000
5711,3410,00000008,00108093,1,00000471
5712,3411,0000000c,00208463,0,00000000
5713,3412,00000010,fe000ce3,0,00000000
5716,3413,00000008,00108093,1,00000472
5717,3414,0000000c,00208463,0,00000000
5718,3415,00000010,fe000ce3,0,00000000
5721,3416,00000008,00108093,1,00000473
5722,3417,0000000c,00208463,0,00000000
5723,3418,00000010,fe000ce3,0,00000000
5726,3419,00000008,00108093,1,00000474
5727,3420,0000000c,00208463,0,00000000
5728,3421,00000010,fe000ce3,0,00000000
5731,3422,00000008,00108093,1,00000475
5732,3423,0000000c,00208463,0,00000000
5733,3424,00000010,fe000ce3,0,00000000
5736,3425,00000008,00108093,1,00000476
5737,3426,0000000c,00208463,0,00000000
5738,3427,00000010,fe000ce3,0,00000000
5741,3428,00000008,00108093,1,00000477
5742,3429,0000000c,00208463,0,00000000
5743,3430,00000010,fe000ce3,0,00000000
5746,3431,00000008,00108093,1,00000478
5747,3432,0000000c,00208463,0,00000000
5748,3433,00000010,fe000ce3,0,00000000
5751,3434,00000008,00108093,1,00000479
5752,3435,0000000c,00208463,0,00000000
5753,3436,00000010,fe000ce3,0,00000000
5756,3437,00000008,00108093,1,0000047a
5757,3438,0000000c,00208463,0,00000000
5758,3439,00000010,fe000ce3,0,00000000
5761,3440,00000008,00108093,1,0000047b
5762,3441,0000000c,00208463,0,00000000
5763,3442,00000010,fe000ce3,0,00000000
5766,3443,00000008,00108093,1,0000047c
5767,3444,0000000c,00208463,0,00000000
5768,3445,00000010,fe000ce3,0,00000000
5771,3446,00000008,00108093,1,0000047d
5772,3447,0000000c,00208463,0,00000000
5773,3448,00000010,fe000ce3,0,00000000
5776,3449,00000008,00108093,1,0000047e
5777,3450,0000000c,00208463,0,00000000
5778,3451,00000010,fe000ce3,0,00000000
5781,3452,00000008,00108093,1,0000047f
5782,3453,0000000c,00208463,0,00000000
5783,3454,00000010,fe000ce3,0,00000000
5786,3455,00000008,00108093,1,00000480
5787,3456,0000000c,00208463,0,00000000
5788,3457,00000010,fe000ce3,0,00000000
5791,3458,00000008,00108093,1,00000481
5792,3459,0000000c,00208463,0,00000000
5793,3460,00000010,fe000ce3,0,00000000
5796,3461,00000008,00108093,1,00000482
5797,3462,0000000c,00208463,0,00000000
5798,3463,00000010,fe000ce3,0,00000000
5801,3464,00000008,00108093,1,00000483
5802,3465,0000000c,00208463,0,00000000
5803,3466,00000010,fe000ce3,0,00000000
5806,3467,00000008,00108093,1,00000484
5807,3468,0000000c,00208463,0,00000000
5808,3469,00000010,fe000ce3,0,00000000
5811,3470,00000008,00108093,1,00000485
5812,3471,0000000c,00208463,0,00000000
5813,3472,00000010,fe000ce3,0,00000000
5816,3473,00000008,00108093,1,00000486
5817,3474,0000000c,00208463,0,00000000
5818,3475,00000010,fe000ce3,0,00000000
5821,3476,00000008,00108093,1,00000487
5822,3477,0000000c,00208463,0,00000000
5823,3478,00000010,fe000ce3,0,00000000
5826,3479,00000008,00108093,1,00000488
5827,3480,0000000c,00208463,0,00000000
5828,3481,00000010,fe000ce3,0,00000000
5831,3482,00000008,00108093,1,00000489
5832,3483,0000000c,00208463,0,00000000
5833,3484,00000010,fe000ce3,0,00000000
5836,3485,00000008,00108093,1,0000048a
5837,3486,0000000c,00208463,0,00000000
5838,3487,00000010,fe000ce3,0,00000000
5841,3488,00000008,00108093,1,0000048b
5842,3489,0000000c,00208463,0,00000000
5843,3490,00000010,fe000ce3,0,00000000
5846,3491,00000008,00108093,1,0000048c
5847,3492,0000000c,00208463,0,00000000
5848,3493,00000010,fe000ce3,0,00000000
5851,3494,00000008,00108093,1,0000048d
5852,3495,0000000c,00208463,0,00000000
5853,3496,00000010,fe000ce3,0,00000000
5856,3497,00000008,00108093,1,0000048e
5857,3498,0000000c,00208463,0,00000000
5858,3499,00000010,fe000ce3,0,00000000
5861,3500,00000008,00108093,1,0000048f
5862,3501,0000000c,00208463,0,00000000
5863,3502,00000010,fe000ce3,0,00000000
5866,3503,00000008,00108093,1,00000490
5867,3504,0000000c,00208463,0,00000000
5868,3505,00000010,fe000ce3,0,00000000
5871,3506,00000008,00108093,1,00000491
5872,3507,0000000c,00208463,0,00000000
5873,3508,00000010,fe000ce3,0,00000000
5876,3509,00000008,00108093,1,00000492
5877,3510,0000000c,00208463,0,00000000
5878,3511,00000010,fe000ce3,0,00000000
5881,3512,00000008,00108093,1,00000493
5882,3513,0000000c,00208463,0,00000000
5883,3514,00000010,fe000ce3,0,00000000
5886,3515,00000008,00108093,1,00000494
5887,3516,0000000c,00208463,0,00000000
5888,3517,00000010,fe000ce3,0,00000000
5891,3518,00000008,00108093,1,00000495
5892,3519,0000000c,00208463,0,00000000
5893,3520,00000010,fe000ce3,0,00000000
5896,3521,00000008,00108093,1,00000496
5897,3522,0000000c,00208463,0,00000000
5898,3523,00000010,fe000ce3,0,00000000
5901,3524,00000008,00108093,1,00000497
5902,3525,0000000c,00208463,0,00000000
5903,3526,00000010,fe000ce3,0,00000000
5906,3527,00000008,00108093,1,00000498
5907,3528,0000000c,00208463,0,00000000
5908,3529,00000010,fe000ce3,0,00000000
5911,3530,00000008,00108093,1,00000499
5912,3531,0000000c,00208463,0,00000000
5913,3532,00000010,fe000ce3,0,00000000
5916,3533,00000008,00108093,1,0000049a
5917,3534,0000000c,00208463,0,00000000
5918,3535,00000010,fe000ce3,0,00000000
5921,3536,00000008,00108093,1,0000049b
5922,3537,0000000c,00208463,0,00000000
5923,3538,00000010,fe000ce3,0,00000000
5926,3539,00000008,00108093,1,0000049c
5927,3540,0000000c,00208463,0,00000000
5928,3541,00000010,fe000ce3,0,00000000
5931,3542,00000008,00108093,1,0000049d
5932,3543,0000000c,00208463,0,00000000
5933,3544,00000010,fe000ce3,0,00000000
5936,3545,00000008,00108093,1,0000049e
5937,3546,0000000c,00208463,0,00000000
5938,3547,00000010,fe000ce3,0,00000000
5941,3548,00000008,00108093,1,0000049f
5942,3549,0000000c,00208463,0,00000000
5943,3550,00000010,fe000ce3,0,00000000
5946,3551,00000008,00108093,1,000004a0
5947,3552,0000000c,00208463,0,00000000
5948,3553,00000010,fe000ce3,0,00000000
5951,3554,00000008,00108093,1,000004a1
5952,3555,0000000c,00208463,0,00000000
5953,3556,00000010,fe000ce3,0,00000000
5956,3557,00000008,00108093,1,000004a2
5957,3558,0000000c,00208463,0,00000000
5958,3559,00000010,fe000ce3,0,00000000
5961,3560,00000008,00108093,1,000004a3
5962,3561,0000000c,00208463,0,00000000
5963,3562,00000010,fe000ce3,0,00000000
5966,3563,00000008,00108093,1,000004a4
5967,3564,0000000c,00208463,0,00000000
5968,3565,00000010,fe000ce3,0,00000000
5971,3566,00000008,00108093,1,000004a5
5972,3567,0000000c,00208463,0,00000000
5973,3568,00000010,fe000ce3,0,00000000
5976,3569,00000008,00108093,1,000004a6
5977,3570,0000000c,00208463,0,00000000
5978,3571,00000010,fe000ce3,0,00000000
5981,3572,00000008,00108093,1,000004a7
5982,3573,0000000c,00208463,0,00000000
5983,3574,00000010,fe000ce3,0,00000000
5986,3575,00000008,00108093,1,000004a8
5987,3576,0000000c,00208463,0,00000000
5988,3577,00000010,fe000ce3,0,00000000
5991,3578,00000008,00108093,1,000004a9
5992,3579,0000000c,00208463,0,00000000
5993,3580,00000010,fe000ce3,0,00000000
5996,3581,00000008,00108093,1,000004aa
5997,3582,0000000c,00208463,0,00000000
5998,3583,00000010,fe000ce3,0,00000000
6001,3584,00000008,00108093,1,000004ab
6002,3585,0000000c,00208463,0,00000000
6003,3586,00000010,fe000ce3,0,00000000
6006,3587,00000008,00108093,1,000004ac
6007,3588,0000000c,00208463,0,00000000
6008,3589,00000010,fe000ce3,0,00000000
6011,3590,00000008,00108093,1,000004ad
6012,3591,0000000c,00208463,0,00000000
6013,3592,00000010,fe000ce3,0,00000000
6016,3593,00000008,00108093,1,000004ae
6017,3594,0000000c,00208463,0,00000000
6018,3595,00000010,fe000ce3,0,00000000
6021,3596,00000008,00108093,1,000004af
6022,3597,0000000c,00208463,0,00000000
6023,3598,00000010,fe000ce3,0,00000000
6026,3599,00000008,00108093,1,000004b0
6027,3600,0000000c,00208463,0,00000000
6028,3601,00000010,fe000ce3,0,00000000
6031,3602,00000008,00108093,1,000004b1
6032,3603,0000000c,00208463,0,00000000
6033,3604,00000010,fe000ce3,0,00000000
6036,3605,00000008,00108093,1,000004b2
6037,3606,0000000c,00208463,0,00000000
6038,3607,00000010,fe000ce3,0,00000000
6041,3608,00000008,00108093,1,000004b3
6042,3609,0000000c,00208463,0,00000000
6043,3610,00000010,fe000ce3,0,00000000
6046,3611,00000008,00108093,1,000004b4
6047,3612,0000000c,00208463,0,00000000
6048,3613,00000010,fe000ce3,0,00000000
6051,3614,00000008,00108093,1,000004b5
6052,3615,0000000c,00208463,0,00000000
6053,3616,00000010,fe000ce3,0,00000000
6056,3617,00000008,00108093,1,000004b6
6057,3618,0000000c,00208463,0,00000000
6058,3619,00000010,fe000ce3,0,00000000
6061,3620,00000008,00108093,1,000004b7
6062,3621,0000000c,00208463,0,00000000
6063,3622,00000010,fe000ce3,0,00000000
6066,3623,00000008,00108093,1,000004b8
6067,3624,0000000c,00208463,0,00000000
6068,3625,00000010,fe000ce3,0,00000000
6071,3626,00000008,00108093,1,000004b9
6072,3627,0000000c,00208463,0,00000000
6073,3628,00000010,fe000ce3,0,00000000
6076,3629,00000008,00108093,1,000004ba
6077,3630,0000000c,00208463,0,00000000
6078,3631,00000010,fe000ce3,0,00000000
6081,3632,00000008,00108093,1,000004bb
6082,3633,0000000c,00208463,0,00000000
6083,3634,00000010,fe000ce3,0,00000000
6086,3635,00000008,00108093,1,000004bc
6087,3636,0000000c,00208463,0,00000000
6088,3637,00000010,fe000ce3,0,00000000
6091,3638,00000008,00108093,1,000004bd
6092,3639,0000000c,00208463,0,00000000
6093,3640,00000010,fe000ce3,0,00000000
6096,3641,00000008,00108093,1,000004be
6097,3642,0000000c,00208463,0,00000000
6098,3643,00000010,fe000ce3,0,00000000
6101,3644,00000008,00108093,1,000004bf
6102,3645,0000000c,00208463,0,00000000
6103,3646,00000010,fe000ce3,0,00000000
6106,3647,00000008,00108093,1,000004c0
6107,3648,0000000c,00208463,0,00000000
6108,3649,00000010,fe000ce3,0,00000000
6111,3650,00000008,00108093,1,000004c1
6112,3651,0000000c,00208463,0,00000000
6113,3652,00000010,fe000ce3,0,00000000
6116,3653,00000008,00108093,1,000004c2
6117,3654,0000000c,00208463,0,00000000
6118,3655,00000010,fe000ce3,0,00000000
6121,3656,00000008,00108093,1,000004c3
6122,3657,0000000c,00208463,0,00000000
6123,3658,00000010,fe000ce3,0,00000000
6126,3659,00000008,00108093,1,000004c4
6127,3660,0000000c,00208463,0,00000000
6128,3661,00000010,fe000ce3,0,00000000
6131,3662,00000008,00108093,1,000004c5
6132,3663,0000000c,00208463,0,00000000
6133,3664,00000010,fe000ce3,0,00000000
6136,3665,00000008,00108093,1,000004c6
6137,3666,0000000c,00208463,0,00000000
6138,3667,00000010,fe000ce3,0,00000000
6141,3668,00000008,00108093,1,000004c7
6142,3669,0000000c,00208463,0,00000000
6143,3670,00000010,fe000ce3,0,00000000
6146,3671,00000008,00108093,1,000004c8
6147,3672,0000000c,00208463,0,00000000
6148,3673,00000010,fe000ce3,0,00000000
6151,3674,00000008,00108093,1,000004c9
6152,3675,0000000c,00208463,0,00000000
6153,3676,00000010,fe000ce3,0,00000000
6156,3677,00000008,00108093,1,000004ca
6157,3678,0000000c,00208463,0,00000000
6158,3679,00000010,fe000ce3,0,00000000
6161,3680,00000008,00108093,1,000004cb
6162,3681,0000000c,00208463,0,00000000
6163,3682,00000010,fe000ce3,0,00000000
6166,3683,00000008,00108093,1,000004cc
6167,3684,0000000c,00208463,0,00000000
6168,3685,00000010,fe000ce3,0,00000000
6171,3686,00000008,00108093,1,000004cd
6172,3687,0000000c,00208463,0,00000000
6173,3688,00000010,fe000ce3,0,00000000
6176,3689,00000008,00108093,1,000004ce
6177,3690,0000000c,00208463,0,00000000
6178,3691,00000010,fe000ce3,0,00000000
6181,3692,00000008,00108093,1,000004cf
6182,3693,0000000c,00208463,0,00000000
6183,3694,00000010,fe000ce3,0,00000000
6186,3695,00000008,00108093,1,000004d0
6187,3696,0000000c,00208463,0,00000000
6188,3697,00000010,fe000ce3,0,00000000
6191,3698,00000008,00108093,1,000004d1
6192,3699,0000000c,00208463,0,00000000
6193,3700,00000010,fe000ce3,0,00000000
6196,3701,00000008,00108093,1,000004d2
6197,3702,0000000c,00208463,0,00000000
6198,3703,00000010,fe000ce3,0,00000000
6201,3704,00000008,00108093,1,000004d3
6202,3705,0000000c,00208463,0,00000000
6203,3706,00000010,fe000ce3,0,00000000
6206,3707,00000008,00108093,1,000004d4
6207,3708,0000000c,00208463,0,00000000
6208,3709,00000010,fe000ce3,0,00000000
6211,3710,00000008,00108093,1,000004d5
6212,3711,0000000c,00208463,0,00000000
6213,3712,00000010,fe000ce3,0,00000000
6216,3713,00000008,00108093,1,000004d6
6217,3714,0000000c,00208463,0,00000000
6218,3715,00000010,fe000ce3,0,00000000
6221,3716,00000008,00108093,1,000004d7
6222,3717,0000000c,00208463,0,00000000
6223,3718,00000010,fe000ce3,0,00000000
6226,3719,00000008,00108093,1,000004d8
6227,3720,0000000c,00208463,0,00000000
6228,3721,00000010,fe000ce3,0,00000000
6231,3722,00000008,00108093,1,000004d9
6232,3723,0000000c,00208463,0,00000000
6233,3724,00000010,fe000ce3,0,00000000
6236,3725,00000008,00108093,1,000004da
6237,3726,0000000c,00208463,0,00000000
6238,3727,00000010,fe000ce3,0,00000000
6241,3728,00000008,00108093,1,000004db
6242,3729,0000000c,00208463,0,00000000
6243,3730,00000010,fe000ce3,0,00000000
6246,3731,00000008,00108093,1,000004dc
6247,3732,0000000c,00208463,0,00000000
6248,3733,00000010,fe000ce3,0,00000000
6251,3734,00000008,00108093,1,000004dd
6252,3735,0000000c,00208463,0,00000000
6253,3736,00000010,fe000ce3,0,00000000
6256,3737,00000008,00108093,1,000004de
6257,3738,0000000c,00208463,0,00000000
6258,3739,00000010,fe000ce3,0,00000000
6261,3740,00000008,00108093,1,000004df
6262,3741,0000000c,00208463,0,00000000
6263,3742,00000010,fe000ce3,0,00000000
6266,3743,00000008,00108093,1,000004e0
6267,3744,0000000c,00208463,0,00000000
6268,3745,00000010,fe000ce3,0,00000000
6271,3746,00000008,00108093,1,000004e1
6272,3747,0000000c,00208463,0,00000000
6273,3748,00000010,fe000ce3,0,00000000
6276,3749,00000008,00108093,1,000004e2
6277,3750,0000000c,00208463,0,00000000
6278,3751,00000010,fe000ce3,0,00000000
6281,3752,00000008,00108093,1,000004e3
6282,3753,0000000c,00208463,0,00000000
6283,3754,00000010,fe000ce3,0,00000000
6286,3755,00000008,00108093,1,000004e4
6287,3756,0000000c,00208463,0,00000000
6288,3757,00000010,fe000ce3,0,00000000
6291,3758,00000008,00108093,1,000004e5
6292,3759,0000000c,00208463,0,00000000
6293,3760,00000010,fe000ce3,0,00000000
6296,3761,00000008,00108093,1,000004e6
6297,3762,0000000c,00208463,0,00000000
6298,3763,00000010,fe000ce3,0,00000000
6301,3764,00000008,00108093,1,000004e7
6302,3765,0000000c,00208463,0,00000000
6303,3766,00000010,fe000ce3,0,00000000
6306,3767,00000008,00108093,1,000004e8
6307,3768,0000000c,00208463,0,00000000
6308,3769,00000010,fe000ce3,0,00000000
6311,3770,00000008,00108093,1,000004e9
6312,3771,0000000c,00208463,0,00000000
6313,3772,00000010,fe000ce3,0,00000000
6316,3773,00000008,00108093,1,000004ea
6317,3774,0000000c,00208463,0,00000000
6318,3775,00000010,fe000ce3,0,00000000
6321,3776,00000008,00108093,1,000004eb
6322,3777,0000000c,00208463,0,00000000
6323,3778,00000010,fe000ce3,0,00000000
6326,3779,00000008,00108093,1,000004ec
6327,3780,0000000c,00208463,0,00000000
6328,3781,00000010,fe000ce3,0,00000000
6331,3782,00000008,00108093,1,000004ed
6332,3783,0000000c,00208463,0,00000000
6333,3784,00000010,fe000ce3,0,00000000
6336,3785,00000008,00108093,1,000004ee
6337,3786,0000000c,00208463,0,00000000
6338,3787,00000010,fe000ce3,0,00000000
6341,3788,00000008,00108093,1,000004ef
6342,3789,0000000c,00208463,0,00000000
6343,3790,00000010,fe000ce3,0,00000000
6346,3791,00000008,00108093,1,000004f0
6347,3792,0000000c,00208463,0,00000000
6348,3793,00000010,fe000ce3,0,00000000
6351,3794,00000008,00108093,1,000004f1
6352,3795,0000000c,00208463,0,00000000
6353,3796,00000010,fe000ce3,0,00000000
6356,3797,00000008,00108093,1,000004f2
6357,3798,0000000c,00208463,0,00000000
6358,3799,00000010,fe000ce3,0,00000000
6361,3800,00000008,00108093,1,000004f3
6362,3801,0000000c,00208463,0,00000000
6363,3802,00000010,fe000ce3,0,00000000
6366,3803,00000008,00108093,1,000004f4
6367,3804,0000000c,00208463,0,00000000
6368,3805,00000010,fe000ce3,0,00000000
6371,3806,00000008,00108093,1,000004f5
6372,3807,0000000c,00208463,0,00000000
6373,3808,00000010,fe000ce3,0,00000000
6376,3809,00000008,00108093,1,000004f6
6377,3810,0000000c,00208463,0,00000000
6378,3811,00000010,fe000ce3,0,00000000
6381,3812,00000008,00108093,1,000004f7
6382,3813,0000000c,00208463,0,00000000
6383,3814,00000010,fe000ce3,0,00000000
6386,3815,00000008,00108093,1,000004f8
6387,3816,0000000c,00208463,0,00000000
6388,3817,00000010,fe000ce3,0,00000000
6391,3818,00000008,00108093,1,000004f9
6392,3819,0000000c,00208463,0,00000000
6393,3820,00000010,fe000ce3,0,00000000
6396,3821,00000008,00108093,1,000004fa
6397,3822,0000000c,00208463,0,00000000
6398,3823,00000010,fe000ce3,0,00000000
6401,3824,00000008,00108093,1,000004fb
6402,3825,0000000c,00208463,0,00000000
6403,3826,00000010,fe000ce3,0,00000000
6406,3827,00000008,00108093,1,000004fc
6407,3828,0000000c,00208463,0,00000000
6408,3829,00000010,fe000ce3,0,00000000
6411,3830,00000008,00108093,1,000004fd
6412,3831,0000000c,00208463,0,00000000
6413,3832,00000010,fe000ce3,0,00000000
6416,3833,00000008,00108093,1,000004fe
6417,3834,0000000c,00208463,0,00000000
6418,3835,00000010,fe000ce3,0,00000000
6421,3836,00000008,00108093,1,000004ff
6422,3837,0000000c,00208463,0,00000000
6423,3838,00000010,fe000ce3,0,00000000
6426,3839,00000008,00108093,1,00000500
6427,3840,0000000c,00208463,0,00000000
6428,3841,00000010,fe000ce3,0,00000000
6431,3842,00000008,00108093,1,00000501
6432,3843,0000000c,00208463,0,00000000
6433,3844,00000010,fe000ce3,0,00000000
6436,3845,00000008,00108093,1,00000502
6437,3846,0000000c,00208463,0,00000000
6438,3847,00000010,fe000ce3,0,00000000
6441,3848,00000008,00108093,1,00000503
6442,3849,0000000c,00208463,0,00000000
6443,3850,00000010,fe000ce3,0,00000000
6446,3851,00000008,00108093,1,00000504
6447,3852,0000000c,00208463,0,00000000
6448,3853,00000010,fe000ce3,0,00000000
6451,3854,00000008,00108093,1,00000505
6452,3855,0000000c,00208463,0,00000000
6453,3856,00000010,fe000ce3,0,00000000
6456,3857,00000008,00108093,1,00000506
6457,3858,0000000c,00208463,0,00000000
6458,3859,00000010,fe000ce3,0,00000000
6461,3860,00000008,00108093,1,00000507
6462,3861,0000000c,00208463,0,00000000
6463,3862,00000010,fe000ce3,0,00000000
6466,3863,00000008,00108093,1,00000508
6467,3864,0000000c,00208463,0,00000000
6468,3865,00000010,fe000ce3,0,00000000
6471,3866,00000008,00108093,1,00000509
6472,3867,0000000c,00208463,0,00000000
6473,3868,00000010,fe000ce3,0,00000000
6476,3869,00000008,00108093,1,0000050a
6477,3870,0000000c,00208463,0,00000000
6478,3871,00000010,fe000ce3,0,00000000
6481,3872,00000008,00108093,1,0000050b
6482,3873,0000000c,00208463,0,00000000
6483,3874,00000010,fe000ce3,0,00000000
6486,3875,00000008,00108093,1,0000050c
6487,3876,0000000c,00208463,0,00000000
6488,3877,00000010,fe000ce3,0,00000000
6491,3878,00000008,00108093,1,0000050d
6492,3879,0000000c,00208463,0,00000000
6493,3880,00000010,fe000ce3,0,00000000
6496,3881,00000008,00108093,1,0000050e
6497,3882,0000000c,00208463,0,00000000
6498,3883,00000010,fe000ce3,0,00000000
6501,3884,00000008,00108093,1,0000050f
6502,3885,0000000c,00208463,0,00000000
6503,3886,00000010,fe000ce3,0,00000000
6506,3887,00000008,00108093,1,00000510
6507,3888,0000000c,00208463,0,00000000
6508,3889,00000010,fe000ce3,0,00000000
6511,3890,00000008,00108093,1,00000511
6512,3891,0000000c,00208463,0,00000000
6513,3892,00000010,fe000ce3,0,00000000
6516,3893,00000008,00108093,1,00000512
6517,3894,0000000c,00208463,0,00000000
6518,3895,00000010,fe000ce3,0,00000000
6521,3896,00000008,00108093,1,00000513
6522,3897,0000000c,00208463,0,00000000
6523,3898,00000010,fe000ce3,0,00000000
6526,3899,00000008,00108093,1,00000514
6527,3900,0000000c,00208463,0,00000000
6528,3901,00000010,fe000ce3,0,00000000
6531,3902,00000008,00108093,1,00000515
6532,3903,0000000c,00208463,0,00000000
6533,3904,00000010,fe000ce3,0,00000000
6536,3905,00000008,00108093,1,00000516
6537,3906,0000000c,00208463,0,00000000
6538,3907,00000010,fe000ce3,0,00000000
6541,3908,00000008,00108093,1,00000517
6542,3909,0000000c,00208463,0,00000000
6543,3910,00000010,fe000ce3,0,00000000
6546,3911,00000008,00108093,1,00000518
6547,3912,0000000c,00208463,0,00000000
6548,3913,00000010,fe000ce3,0,00000000
6551,3914,00000008,00108093,1,00000519
6552,3915,0000000c,00208463,0,00000000
6553,3916,00000010,fe000ce3,0,00000000
6556,3917,00000008,00108093,1,0000051a
6557,3918,0000000c,00208463,0,00000000
6558,3919,00000010,fe000ce3,0,00000000
6561,3920,00000008,00108093,1,0000051b
6562,3921,0000000c,00208463,0,00000000
6563,3922,00000010,fe000ce3,0,00000000
6566,3923,00000008,00108093,1,0000051c
6567,3924,0000000c,00208463,0,00000000
6568,3925,00000010,fe000ce3,0,00000000
6571,3926,00000008,00108093,1,0000051d
6572,3927,0000000c,00208463,0,00000000
6573,3928,00000010,fe000ce3,0,00000000
6576,3929,00000008,00108093,1,0000051e
6577,3930,0000000c,00208463,0,00000000
6578,3931,00000010,fe000ce3,0,00000000
6581,3932,00000008,00108093,1,0000051f
6582,3933,0000000c,00208463,0,00000000
6583,3934,00000010,fe000ce3,0,00000000
6586,3935,00000008,00108093,1,00000520
6587,3936,0000000c,00208463,0,00000000
6588,3937,00000010,fe000ce3,0,00000000
6591,3938,00000008,00108093,1,00000521
6592,3939,0000000c,00208463,0,00000000
6593,3940,00000010,fe000ce3,0,00000000
6596,3941,00000008,00108093,1,00000522
6597,3942,0000000c,00208463,0,00000000
6598,3943,00000010,fe000ce3,0,00000000
6601,3944,00000008,00108093,1,00000523
6602,3945,0000000c,00208463,0,00000000
6603,3946,00000010,fe000ce3,0,00000000
6606,3947,00000008,00108093,1,00000524
6607,3948,0000000c,00208463,0,00000000
6608,3949,00000010,fe000ce3,0,00000000
6611,3950,00000008,00108093,1,00000525
6612,3951,0000000c,00208463,0,00000000
6613,3952,00000010,fe000ce3,0,00000000
6616,3953,00000008,00108093,1,00000526
6617,3954,0000000c,00208463,0,00000000
6618,3955,00000010,fe000ce3,0,00000000
6621,3956,00000008,00108093,1,00000527
6622,3957,0000000c,00208463,0,00000000
6623,3958,00000010,fe000ce3,0,00000000
6626,3959,00000008,00108093,1,00000528
6627,3960,0000000c,00208463,0,00000000
6628,3961,00000010,fe000ce3,0,00000000
6631,3962,00000008,00108093,1,00000529
6632,3963,0000000c,00208463,0,00000000
6633,3964,00000010,fe000ce3,0,00000000
6636,3965,00000008,00108093,1,0000052a
6637,3966,0000000c,00208463,0,00000000
6638,3967,00000010,fe000ce3,0,00000000
6641,3968,00000008,00108093,1,0000052b
6642,3969,0000000c,00208463,0,00000000
6643,3970,00000010,fe000ce3,0,00000000
6646,3971,00000008,00108093,1,0000052c
6647,3972,0000000c,00208463,0,00000000
6648,3973,00000010,fe000ce3,0,00000000
6651,3974,00000008,00108093,1,0000052d
6652,3975,0000000c,00208463,0,00000000
6653,3976,00000010,fe000ce3,0,00000000
6656,3977,00000008,00108093,1,0000052e
6657,3978,0000000c,00208463,0,00000000
6658,3979,00000010,fe000ce3,0,00000000
6661,3980,00000008,00108093,1,0000052f
6662,3981,0000000c,00208463,0,00000000
6663,3982,00000010,fe000ce3,0,00000000
6666,3983,00000008,00108093,1,00000530
6667,3984,0000000c,00208463,0,00000000
6668,3985,00000010,fe000ce3,0,00000000
6671,3986,00000008,00108093,1,00000531
6672,3987,0000000c,00208463,0,00000000
6673,3988,00000010,fe000ce3,0,00000000
6676,3989,00000008,00108093,1,00000532
6677,3990,0000000c,00208463,0,00000000
6678,3991,00000010,fe000ce3,0,00000000
6681,3992,00000008,00108093,1,00000533
6682,3993,0000000c,00208463,0,00000000
6683,3994,00000010,fe000ce3,0,00000000
6686,3995,00000008,00108093,1,00000534
6687,3996,0000000c,00208463,0,00000000
6688,3997,00000010,fe000ce3,0,00000000
6691,3998,00000008,00108093,1,00000535
6692,3999,0000000c,00208463,0,00000000
6693,4000,00000010,fe000ce3,0,00000000
6696,4001,00000008,00108093,1,00000536
6697,4002,0000000c,00208463,0,00000000
6698,4003,00000010,fe000ce3,0,00000000
6701,4004,00000008,00108093,1,00000537
6702,4005,0000000c,00208463,0,00000000
6703,4006,00000010,fe000ce3,0,00000000
6706,4007,00000008,00108093,1,00000538
6707,4008,0000000c,00208463,0,00000000
6708,4009,00000010,fe000ce3,0,00000000
6711,4010,00000008,00108093,1,00000539
6712,4011,0000000c,00208463,0,00000000
6713,4012,00000010,fe000ce3,0,00000000
6716,4013,00000008,00108093,1,0000053a
6717,4014,0000000c,00208463,0,00000000
6718,4015,00000010,fe000ce3,0,00000000
6721,4016,00000008,00108093,1,0000053b
6722,4017,0000000c,00208463,0,00000000
6723,4018,00000010,fe000ce3,0,00000000
6726,4019,00000008,00108093,1,0000053c
6727,4020,0000000c,00208463,0,00000000
6728,4021,00000010,fe000ce3,0,00000000
6731,4022,00000008,00108093,1,0000053d
6732,4023,0000000c,00208463,0,00000000
6733,4024,00000010,fe000ce3,0,00000000
6736,4025,00000008,00108093,1,0000053e
6737,4026,0000000c,00208463,0,00000000
6738,4027,00000010,fe000ce3,0,00000000
6741,4028,00000008,00108093,1,0000053f
6742,4029,0000000c,00208463,0,00000000
6743,4030,00000010,fe000ce3,0,00000000
6746,4031,00000008,00108093,1,00000540
6747,4032,0000000c,00208463,0,00000000
6748,4033,00000010,fe000ce3,0,00000000
6751,4034,00000008,00108093,1,00000541
6752,4035,0000000c,00208463,0,00000000
6753,4036,00000010,fe000ce3,0,00000000
6756,4037,00000008,00108093,1,00000542
6757,4038,0000000c,00208463,0,00000000
6758,4039,00000010,fe000ce3,0,00000000
6761,4040,00000008,00108093,1,00000543
6762,4041,0000000c,00208463,0,00000000
6763,4042,00000010,fe000ce3,0,00000000
6766,4043,00000008,00108093,1,00000544
6767,4044,0000000c,00208463,0,00000000
6768,4045,00000010,fe000ce3,0,00000000
6771,4046,00000008,00108093,1,00000545
6772,4047,0000000c,00208463,0,00000000
6773,4048,00000010,fe000ce3,0,00000000
6776,4049,00000008,00108093,1,00000546
6777,4050,0000000c,00208463,0,00000000
6778,4051,00000010,fe000ce3,0,00000000
6781,4052,00000008,00108093,1,00000547
6782,4053,0000000c,00208463,0,00000000
6783,4054,00000010,fe000ce3,0,00000000
6786,4055,00000008,00108093,1,00000548
6787,4056,0000000c,00208463,0,00000000
6788,4057,00000010,fe000ce3,0,00000000
6791,4058,00000008,00108093,1,00000549
6792,4059,0000000c,00208463,0,00000000
6793,4060,00000010,fe000ce3,0,00000000
6796,4061,00000008,00108093,1,0000054a
6797,4062,0000000c,00208463,0,00000000
6798,4063,00000010,fe000ce3,0,00000000
6801,4064,00000008,00108093,1,0000054b
6802,4065,0000000c,00208463,0,00000000
6803,4066,00000010,fe000ce3,0,00000000
6806,4067,00000008,00108093,1,0000054c
6807,4068,0000000c,00208463,0,00000000
6808,4069,00000010,fe000ce3,0,00000000
6811,4070,00000008,00108093,1,0000054d
6812,4071,0000000c,00208463,0,00000000
6813,4072,00000010,fe000ce3,0,00000000
6816,4073,00000008,00108093,1,0000054e
6817,4074,0000000c,00208463,0,00000000
6818,4075,00000010,fe000ce3,0,00000000
6821,4076,00000008,00108093,1,0000054f
6822,4077,0000000c,00208463,0,00000000
6823,4078,00000010,fe000ce3,0,00000000
6826,4079,00000008,00108093,1,00000550
6827,4080,0000000c,00208463,0,00000000
6828,4081,00000010,fe000ce3,0,00000000
6831,4082,00000008,00108093,1,00000551
6832,4083,0000000c,00208463,0,00000000
6833,4084,00000010,fe000ce3,0,00000000
6836,4085,00000008,00108093,1,00000552
6837,4086,0000000c,00208463,0,00000000
6838,4087,00000010,fe000ce3,0,00000000
6841,4088,00000008,00108093,1,00000553
6842,4089,0000000c,00208463,0,00000000
6843,4090,00000010,fe000ce3,0,00000000
6846,4091,00000008,00108093,1,00000554
6847,4092,0000000c,00208463,0,00000000
6848,4093,00000010,fe000ce3,0,00000000
6851,4094,00000008,00108093,1,00000555
6852,4095,0000000c,00208463,0,00000000
6853,4096,00000010,fe000ce3,0,00000000
6856,4097,00000008,00108093,1,00000556
6857,4098,0000000c,00208463,0,00000000
6858,4099,00000010,fe000ce3,0,00000000
6861,4100,00000008,00108093,1,00000557
6862,4101,0000000c,00208463,0,00000000
6863,4102,00000010,fe000ce3,0,00000000
6866,4103,00000008,00108093,1,00000558
6867,4104,0000000c,00208463,0,00000000
6868,4105,00000010,fe000ce3,0,00000000
6871,4106,00000008,00108093,1,00000559
6872,4107,0000000c,00208463,0,00000000
6873,4108,00000010,fe000ce3,0,00000000
6876,4109,00000008,00108093,1,0000055a
6877,4110,0000000c,00208463,0,00000000
6878,4111,00000010,fe000ce3,0,00000000
6881,4112,00000008,00108093,1,0000055b
6882,4113,0000000c,00208463,0,00000000
6883,4114,00000010,fe000ce3,0,00000000
6886,4115,00000008,00108093,1,0000055c
6887,4116,0000000c,00208463,0,00000000
6888,4117,00000010,fe000ce3,0,00000000
6891,4118,00000008,00108093,1,0000055d
6892,4119,0000000c,00208463,0,00000000
6893,4120,00000010,fe000ce3,0,00000000
6896,4121,00000008,00108093,1,0000055e
6897,4122,0000000c,00208463,0,00000000
6898,4123,00000010,fe000ce3,0,00000000
6901,4124,00000008,00108093,1,0000055f
6902,4125,0000000c,00208463,0,00000000
6903,4126,00000010,fe000ce3,0,00000000
6906,4127,00000008,00108093,1,00000560
6907,4128,0000000c,00208463,0,00000000
6908,4129,00000010,fe000ce3,0,00000000
6911,4130,00000008,00108093,1,00000561
6912,4131,0000000c,00208463,0,00000000
6913,4132,00000010,fe000ce3,0,00000000
6916,4133,00000008,00108093,1,00000562
6917,4134,0000000c,00208463,0,00000000
6918,4135,00000010,fe000ce3,0,00000000
6921,4136,00000008,00108093,1,00000563
6922,4137,0000000c,00208463,0,00000000
6923,4138,00000010,fe000ce3,0,00000000
6926,4139,00000008,00108093,1,00000564
6927,4140,0000000c,00208463,0,00000000
6928,4141,00000010,fe000ce3,0,00000000
6931,4142,00000008,00108093,1,00000565
6932,4143,0000000c,00208463,0,00000000
6933,4144,00000010,fe000ce3,0,00000000
6936,4145,00000008,00108093,1,00000566
6937,4146,0000000c,00208463,0,00000000
6938,4147,00000010,fe000ce3,0,00000000
6941,4148,00000008,00108093,1,00000567
6942,4149,0000000c,00208463,0,00000000
6943,4150,00000010,fe000ce3,0,00000000
6946,4151,00000008,00108093,1,00000568
6947,4152,0000000c,00208463,0,00000000
6948,4153,00000010,fe000ce3,0,00000000
6951,4154,00000008,00108093,1,00000569
6952,4155,0000000c,00208463,0,00000000
6953,4156,00000010,fe000ce3,0,00000000
6956,4157,00000008,00108093,1,0000056a
6957,4158,0000000c,00208463,0,00000000
6958,4159,00000010,fe000ce3,0,00000000
6961,4160,00000008,00108093,1,0000056b
6962,4161,0000000c,00208463,0,00000000
6963,4162,00000010,fe000ce3,0,00000000
6966,4163,00000008,00108093,1,0000056c
6967,4164,0000000c,00208463,0,00000000
6968,4165,00000010,fe000ce3,0,00000000
6971,4166,00000008,00108093,1,0000056d
6972,4167,0000000c,00208463,0,00000000
6973,4168,00000010,fe000ce3,0,00000000
6976,4169,00000008,00108093,1,0000056e
6977,4170,0000000c,00208463,0,00000000
6978,4171,00000010,fe000ce3,0,00000000
6981,4172,00000008,00108093,1,0000056f
6982,4173,0000000c,00208463,0,00000000
6983,4174,00000010,fe000ce3,0,00000000
6986,4175,00000008,00108093,1,00000570
6987,4176,0000000c,00208463,0,00000000
6988,4177,00000010,fe000ce3,0,00000000
6991,4178,00000008,00108093,1,00000571
6992,4179,0000000c,00208463,0,00000000
6993,4180,00000010,fe000ce3,0,00000000
6996,4181,00000008,00108093,1,00000572
6997,4182,0000000c,00208463,0,00000000
6998,4183,00000010,fe000ce3,0,00000000
7001,4184,00000008,00108093,1,00000573
7002,4185,0000000c,00208463,0,00000000
7003,4186,00000010,fe000ce3,0,00000000
7006,4187,00000008,00108093,1,00000574
7007,4188,0000000c,00208463,0,00000000
7008,4189,00000010,fe000ce3,0,00000000
7011,4190,00000008,00108093,1,00000575
7012,4191,0000000c,00208463,0,00000000
7013,4192,00000010,fe000ce3,0,00000000
7016,4193,00000008,00108093,1,00000576
7017,4194,0000000c,00208463,0,00000000
7018,4195,00000010,fe000ce3,0,00000000
7021,4196,00000008,00108093,1,00000577
7022,4197,0000000c,00208463,0,00000000
7023,4198,00000010,fe000ce3,0,00000000
7026,4199,00000008,00108093,1,00000578
7027,4200,0000000c,00208463,0,00000000
7028,4201,00000010,fe000ce3,0,00000000
7031,4202,00000008,00108093,1,00000579
7032,4203,0000000c,00208463,0,00000000
7033,4204,00000010,fe000ce3,0,00000000
7036,4205,00000008,00108093,1,0000057a
7037,4206,0000000c,00208463,0,00000000
7038,4207,00000010,fe000ce3,0,00000000
7041,4208,00000008,00108093,1,0000057b
7042,4209,0000000c,00208463,0,00000000
7043,4210,00000010,fe000ce3,0,00000000
7046,4211,00000008,00108093,1,0000057c
7047,4212,0000000c,00208463,0,00000000
7048,4213,00000010,fe000ce3,0,00000000
7051,4214,00000008,00108093,1,0000057d
7052,4215,0000000c,00208463,0,00000000
7053,4216,00000010,fe000ce3,0,00000000
7056,4217,00000008,00108093,1,0000057e
7057,4218,0000000c,00208463,0,00000000
7058,4219,00000010,fe000ce3,0,00000000
7061,4220,00000008,00108093,1,0000057f
7062,4221,0000000c,00208463,0,00000000
7063,4222,00000010,fe000ce3,0,00000000
7066,4223,00000008,00108093,1,00000580
7067,4224,0000000c,00208463,0,00000000
7068,4225,00000010,fe000ce3,0,00000000
7071,4226,00000008,00108093,1,00000581
7072,4227,0000000c,00208463,0,00000000
7073,4228,00000010,fe000ce3,0,00000000
7076,4229,00000008,00108093,1,00000582
7077,4230,0000000c,00208463,0,00000000
7078,4231,00000010,fe000ce3,0,00000000
7081,4232,00000008,00108093,1,00000583
7082,4233,0000000c,00208463,0,00000000
7083,4234,00000010,fe000ce3,0,00000000
7086,4235,00000008,00108093,1,00000584
7087,4236,0000000c,00208463,0,00000000
7088,4237,00000010,fe000ce3,0,00000000
7091,4238,00000008,00108093,1,00000585
7092,4239,0000000c,00208463,0,00000000
7093,4240,00000010,fe000ce3,0,00000000
7096,4241,00000008,00108093,1,00000586
7097,4242,0000000c,00208463,0,00000000
7098,4243,00000010,fe000ce3,0,00000000
7101,4244,00000008,00108093,1,00000587
7102,4245,0000000c,00208463,0,00000000
7103,4246,00000010,fe000ce3,0,00000000
7106,4247,00000008,00108093,1,00000588
7107,4248,0000000c,00208463,0,00000000
7108,4249,00000010,fe000ce3,0,00000000
7111,4250,00000008,00108093,1,00000589
7112,4251,0000000c,00208463,0,00000000
7113,4252,00000010,fe000ce3,0,00000000
7116,4253,00000008,00108093,1,0000058a
7117,4254,0000000c,00208463,0,00000000
7118,4255,00000010,fe000ce3,0,00000000
7121,4256,00000008,00108093,1,0000058b
7122,4257,0000000c,00208463,0,00000000
7123,4258,00000010,fe000ce3,0,00000000
7126,4259,00000008,00108093,1,0000058c
7127,4260,0000000c,00208463,0,00000000
7128,4261,00000010,fe000ce3,0,00000000
7131,4262,00000008,00108093,1,0000058d
7132,4263,0000000c,00208463,0,00000000
7133,4264,00000010,fe000ce3,0,00000000
7136,4265,00000008,00108093,1,0000058e
7137,4266,0000000c,00208463,0,00000000
7138,4267,00000010,fe000ce3,0,00000000
7141,4268,00000008,00108093,1,0000058f
7142,4269,0000000c,00208463,0,00000000
7143,4270,00000010,fe000ce3,0,00000000
7146,4271,00000008,00108093,1,00000590
7147,4272,0000000c,00208463,0,00000000
7148,4273,00000010,fe000ce3,0,00000000
7151,4274,00000008,00108093,1,00000591
7152,4275,0000000c,00208463,0,00000000
7153,4276,00000010,fe000ce3,0,00000000
7156,4277,00000008,00108093,1,00000592
7157,4278,0000000c,00208463,0,00000000
7158,4279,00000010,fe000ce3,0,00000000
7161,4280,00000008,00108093,1,00000593
7162,4281,0000000c,00208463,0,00000000
7163,4282,00000010,fe000ce3,0,00000000
7166,4283,00000008,00108093,1,00000594
7167,4284,0000000c,00208463,0,00000000
7168,4285,00000010,fe000ce3,0,00000000
7171,4286,00000008,00108093,1,00000595
7172,4287,0000000c,00208463,0,00000000
7173,4288,00000010,fe000ce3,0,00000000
7176,4289,00000008,00108093,1,00000596
7177,4290,0000000c,00208463,0,00000000
7178,4291,00000010,fe000ce3,0,00000000
7181,4292,00000008,00108093,1,00000597
7182,4293,0000000c,00208463,0,00000000
7183,4294,00000010,fe000ce3,0,00000000
7186,4295,00000008,00108093,1,00000598
7187,4296,0000000c,00208463,0,00000000
7188,4297,00000010,fe000ce3,0,00000000
7191,4298,00000008,00108093,1,00000599
7192,4299,0000000c,00208463,0,00000000
7193,4300,00000010,fe000ce3,0,00000000
7196,4301,00000008,00108093,1,0000059a
7197,4302,0000000c,00208463,0,00000000
7198,4303,00000010,fe000ce3,0,00000000
7201,4304,00000008,00108093,1,0000059b
7202,4305,0000000c,00208463,0,00000000
7203,4306,00000010,fe000ce3,0,00000000
7206,4307,00000008,00108093,1,0000059c
7207,4308,0000000c,00208463,0,00000000
7208,4309,00000010,fe000ce3,0,00000000
7211,4310,00000008,00108093,1,0000059d
7212,4311,0000000c,00208463,0,00000000
7213,4312,00000010,fe000ce3,0,00000000
7216,4313,00000008,00108093,1,0000059e
7217,4314,0000000c,00208463,0,00000000
7218,4315,00000010,fe000ce3,0,00000000
7221,4316,00000008,00108093,1,0000059f
7222,4317,0000000c,00208463,0,00000000
7223,4318,00000010,fe000ce3,0,00000000
7226,4319,00000008,00108093,1,000005a0
7227,4320,0000000c,00208463,0,00000000
7228,4321,00000010,fe000ce3,0,00000000
7231,4322,00000008,00108093,1,000005a1
7232,4323,0000000c,00208463,0,00000000
7233,4324,00000010,fe000ce3,0,00000000
7236,4325,00000008,00108093,1,000005a2
7237,4326,0000000c,00208463,0,00000000
7238,4327,00000010,fe000ce3,0,00000000
7241,4328,00000008,00108093,1,000005a3
7242,4329,0000000c,00208463,0,00000000
7243,4330,00000010,fe000ce3,0,00000000
7246,4331,00000008,00108093,1,000005a4
7247,4332,0000000c,00208463,0,00000000
7248,4333,00000010,fe000ce3,0,00000000
7251,4334,00000008,00108093,1,000005a5
7252,4335,0000000c,00208463,0,00000000
7253,4336,00000010,fe000ce3,0,00000000
7256,4337,00000008,00108093,1,000005a6
7257,4338,0000000c,00208463,0,00000000
7258,4339,00000010,fe000ce3,0,00000000
7261,4340,00000008,00108093,1,000005a7
7262,4341,0000000c,00208463,0,00000000
7263,4342,00000010,fe000ce3,0,00000000
7266,4343,00000008,00108093,1,000005a8
7267,4344,0000000c,00208463,0,00000000
7268,4345,00000010,fe000ce3,0,00000000
7271,4346,00000008,00108093,1,000005a9
7272,4347,0000000c,00208463,0,00000000
7273,4348,00000010,fe000ce3,0,00000000
7276,4349,00000008,00108093,1,000005aa
7277,4350,0000000c,00208463,0,00000000
7278,4351,00000010,fe000ce3,0,00000000
7281,4352,00000008,00108093,1,000005ab
7282,4353,0000000c,00208463,0,00000000
7283,4354,00000010,fe000ce3,0,00000000
7286,4355,00000008,00108093,1,000005ac
7287,4356,0000000c,00208463,0,00000000
7288,4357,00000010,fe000ce3,0,00000000
7291,4358,00000008,00108093,1,000005ad
7292,4359,0000000c,00208463,0,00000000
7293,4360,00000010,fe000ce3,0,00000000
7296,4361,00000008,00108093,1,000005ae
7297,4362,0000000c,00208463,0,00000000
7298,4363,00000010,fe000ce3,0,00000000
7301,4364,00000008,00108093,1,000005af
7302,4365,0000000c,00208463,0,00000000
7303,4366,00000010,fe000ce3,0,00000000
7306,4367,00000008,00108093,1,000005b0
7307,4368,0000000c,00208463,0,00000000
7308,4369,00000010,fe000ce3,0,00000000
7311,4370,00000008,00108093,1,000005b1
7312,4371,0000000c,00208463,0,00000000
7313,4372,00000010,fe000ce3,0,00000000
7316,4373,00000008,00108093,1,000005b2
7317,4374,0000000c,00208463,0,00000000
7318,4375,00000010,fe000ce3,0,00000000
7321,4376,00000008,00108093,1,000005b3
7322,4377,0000000c,00208463,0,00000000
7323,4378,00000010,fe000ce3,0,00000000
7326,4379,00000008,00108093,1,000005b4
7327,4380,0000000c,00208463,0,00000000
7328,4381,00000010,fe000ce3,0,00000000
7331,4382,00000008,00108093,1,000005b5
7332,4383,0000000c,00208463,0,00000000
7333,4384,00000010,fe000ce3,0,00000000
7336,4385,00000008,00108093,1,000005b6
7337,4386,0000000c,00208463,0,00000000
7338,4387,00000010,fe000ce3,0,00000000
7341,4388,00000008,00108093,1,000005b7
7342,4389,0000000c,00208463,0,00000000
7343,4390,00000010,fe000ce3,0,00000000
7346,4391,00000008,00108093,1,000005b8
7347,4392,0000000c,00208463,0,00000000
7348,4393,00000010,fe000ce3,0,00000000
7351,4394,00000008,00108093,1,000005b9
7352,4395,0000000c,00208463,0,00000000
7353,4396,00000010,fe000ce3,0,00000000
7356,4397,00000008,00108093,1,000005ba
7357,4398,0000000c,00208463,0,00000000
7358,4399,00000010,fe000ce3,0,00000000
7361,4400,00000008,00108093,1,000005bb
7362,4401,0000000c,00208463,0,00000000
7363,4402,00000010,fe000ce3,0,00000000
7366,4403,00000008,00108093,1,000005bc
7367,4404,0000000c,00208463,0,00000000
7368,4405,00000010,fe000ce3,0,00000000
7371,4406,00000008,00108093,1,000005bd
7372,4407,0000000c,00208463,0,00000000
7373,4408,00000010,fe000ce3,0,00000000
7376,4409,00000008,00108093,1,000005be
7377,4410,0000000c,00208463,0,00000000
7378,4411,00000010,fe000ce3,0,00000000
7381,4412,00000008,00108093,1,000005bf
7382,4413,0000000c,00208463,0,00000000
7383,4414,00000010,fe000ce3,0,00000000
7386,4415,00000008,00108093,1,000005c0
7387,4416,0000000c,00208463,0,00000000
7388,4417,00000010,fe000ce3,0,00000000
7391,4418,00000008,00108093,1,000005c1
7392,4419,0000000c,00208463,0,00000000
7393,4420,00000010,fe000ce3,0,00000000
7396,4421,00000008,00108093,1,000005c2
7397,4422,0000000c,00208463,0,00000000
7398,4423,00000010,fe000ce3,0,00000000
7401,4424,00000008,00108093,1,000005c3
7402,4425,0000000c,00208463,0,00000000
7403,4426,00000010,fe000ce3,0,00000000
7406,4427,00000008,00108093,1,000005c4
7407,4428,0000000c,00208463,0,00000000
7408,4429,00000010,fe000ce3,0,00000000
7411,4430,00000008,00108093,1,000005c5
7412,4431,0000000c,00208463,0,00000000
7413,4432,00000010,fe000ce3,0,00000000
7416,4433,00000008,00108093,1,000005c6
7417,4434,0000000c,00208463,0,00000000
7418,4435,00000010,fe000ce3,0,00000000
7421,4436,00000008,00108093,1,000005c7
7422,4437,0000000c,00208463,0,00000000
7423,4438,00000010,fe000ce3,0,00000000
7426,4439,00000008,00108093,1,000005c8
7427,4440,0000000c,00208463,0,00000000
7428,4441,00000010,fe000ce3,0,00000000
7431,4442,00000008,00108093,1,000005c9
7432,4443,0000000c,00208463,0,00000000
7433,4444,00000010,fe000ce3,0,00000000
7436,4445,00000008,00108093,1,000005ca
7437,4446,0000000c,00208463,0,00000000
7438,4447,00000010,fe000ce3,0,00000000
7441,4448,00000008,00108093,1,000005cb
7442,4449,0000000c,00208463,0,00000000
7443,4450,00000010,fe000ce3,0,00000000
7446,4451,00000008,00108093,1,000005cc
7447,4452,0000000c,00208463,0,00000000
7448,4453,00000010,fe000ce3,0,00000000
7451,4454,00000008,00108093,1,000005cd
7452,4455,0000000c,00208463,0,00000000
7453,4456,00000010,fe000ce3,0,00000000
7456,4457,00000008,00108093,1,000005ce
7457,4458,0000000c,00208463,0,00000000
7458,4459,00000010,fe000ce3,0,00000000
7461,4460,00000008,00108093,1,000005cf
7462,4461,0000000c,00208463,0,00000000
7463,4462,00000010,fe000ce3,0,00000000
7466,4463,00000008,00108093,1,000005d0
7467,4464,0000000c,00208463,0,00000000
7468,4465,00000010,fe000ce3,0,00000000
7471,4466,00000008,00108093,1,000005d1
7472,4467,0000000c,00208463,0,00000000
7473,4468,00000010,fe000ce3,0,00000000
7476,4469,00000008,00108093,1,000005d2
7477,4470,0000000c,00208463,0,00000000
7478,4471,00000010,fe000ce3,0,00000000
7481,4472,00000008,00108093,1,000005d3
7482,4473,0000000c,00208463,0,00000000
7483,4474,00000010,fe000ce3,0,00000000
7486,4475,00000008,00108093,1,000005d4
7487,4476,0000000c,00208463,0,00000000
7488,4477,00000010,fe000ce3,0,00000000
7491,4478,00000008,00108093,1,000005d5
7492,4479,0000000c,00208463,0,00000000
7493,4480,00000010,fe000ce3,0,00000000
7496,4481,00000008,00108093,1,000005d6
7497,4482,0000000c,00208463,0,00000000
7498,4483,00000010,fe000ce3,0,00000000
7501,4484,00000008,00108093,1,000005d7
7502,4485,0000000c,00208463,0,00000000
7503,4486,00000010,fe000ce3,0,00000000
7506,4487,00000008,00108093,1,000005d8
7507,4488,0000000c,00208463,0,00000000
7508,4489,00000010,fe000ce3,0,00000000
7511,4490,00000008,00108093,1,000005d9
7512,4491,0000000c,00208463,0,00000000
7513,4492,00000010,fe000ce3,0,00000000
7516,4493,00000008,00108093,1,000005da
7517,4494,0000000c,00208463,0,00000000
7518,4495,00000010,fe000ce3,0,00000000
7521,4496,00000008,00108093,1,000005db
7522,4497,0000000c,00208463,0,00000000
7523,4498,00000010,fe000ce3,0,00000000
7526,4499,00000008,00108093,1,000005dc
7527,4500,0000000c,00208463,0,00000000
7528,4501,00000010,fe000ce3,0,00000000
7531,4502,00000008,00108093,1,000005dd
7532,4503,0000000c,00208463,0,00000000
7533,4504,00000010,fe000ce3,0,00000000
7536,4505,00000008,00108093,1,000005de
7537,4506,0000000c,00208463,0,00000000
7538,4507,00000010,fe000ce3,0,00000000
7541,4508,00000008,00108093,1,000005df
7542,4509,0000000c,00208463,0,00000000
7543,4510,00000010,fe000ce3,0,00000000
7546,4511,00000008,00108093,1,000005e0
7547,4512,0000000c,00208463,0,00000000
7548,4513,00000010,fe000ce3,0,00000000
7551,4514,00000008,00108093,1,000005e1
7552,4515,0000000c,00208463,0,00000000
7553,4516,00000010,fe000ce3,0,00000000
7556,4517,00000008,00108093,1,000005e2
7557,4518,0000000c,00208463,0,00000000
7558,4519,00000010,fe000ce3,0,00000000
7561,4520,00000008,00108093,1,000005e3
7562,4521,0000000c,00208463,0,00000000
7563,4522,00000010,fe000ce3,0,00000000
7566,4523,00000008,00108093,1,000005e4
7567,4524,0000000c,00208463,0,00000000
7568,4525,00000010,fe000ce3,0,00000000
7571,4526,00000008,00108093,1,000005e5
7572,4527,0000000c,00208463,0,00000000
7573,4528,00000010,fe000ce3,0,00000000
7576,4529,00000008,00108093,1,000005e6
7577,4530,0000000c,00208463,0,00000000
7578,4531,00000010,fe000ce3,0,00000000
7581,4532,00000008,00108093,1,000005e7
7582,4533,0000000c,00208463,0,00000000
7583,4534,00000010,fe000ce3,0,00000000
7586,4535,00000008,00108093,1,000005e8
7587,4536,0000000c,00208463,0,00000000
7588,4537,00000010,fe000ce3,0,00000000
7591,4538,00000008,00108093,1,000005e9
7592,4539,0000000c,00208463,0,00000000
7593,4540,00000010,fe000ce3,0,00000000
7596,4541,00000008,00108093,1,000005ea
7597,4542,0000000c,00208463,0,00000000
7598,4543,00000010,fe000ce3,0,00000000
7601,4544,00000008,00108093,1,000005eb
7602,4545,0000000c,00208463,0,00000000
7603,4546,00000010,fe000ce3,0,00000000
7606,4547,00000008,00108093,1,000005ec
7607,4548,0000000c,00208463,0,00000000
7608,4549,00000010,fe000ce3,0,00000000
7611,4550,00000008,00108093,1,000005ed
7612,4551,0000000c,00208463,0,00000000
7613,4552,00000010,fe000ce3,0,00000000
7616,4553,00000008,00108093,1,000005ee
7617,4554,0000000c,00208463,0,00000000
7618,4555,00000010,fe000ce3,0,00000000
7621,4556,00000008,00108093,1,000005ef
7622,4557,0000000c,00208463,0,00000000
7623,4558,00000010,fe000ce3,0,00000000
7626,4559,00000008,00108093,1,000005f0
7627,4560,0000000c,00208463,0,00000000
7628,4561,00000010,fe000ce3,0,00000000
7631,4562,00000008,00108093,1,000005f1
7632,4563,0000000c,00208463,0,00000000
7633,4564,00000010,fe000ce3,0,00000000
7636,4565,00000008,00108093,1,000005f2
7637,4566,0000000c,00208463,0,00000000
7638,4567,00000010,fe000ce3,0,00000000
7641,4568,00000008,00108093,1,000005f3
7642,4569,0000000c,00208463,0,00000000
7643,4570,00000010,fe000ce3,0,00000000
7646,4571,00000008,00108093,1,000005f4
7647,4572,0000000c,00208463,0,00000000
7648,4573,00000010,fe000ce3,0,00000000
7651,4574,00000008,00108093,1,000005f5
7652,4575,0000000c,00208463,0,00000000
7653,4576,00000010,fe000ce3,0,00000000
7656,4577,00000008,00108093,1,000005f6
7657,4578,0000000c,00208463,0,00000000
7658,4579,00000010,fe000ce3,0,00000000
7661,4580,00000008,00108093,1,000005f7
7662,4581,0000000c,00208463,0,00000000
7663,4582,00000010,fe000ce3,0,00000000
7666,4583,00000008,00108093,1,000005f8
7667,4584,0000000c,00208463,0,00000000
7668,4585,00000010,fe000ce3,0,00000000
7671,4586,00000008,00108093,1,000005f9
7672,4587,0000000c,00208463,0,00000000
7673,4588,00000010,fe000ce3,0,00000000
7676,4589,00000008,00108093,1,000005fa
7677,4590,0000000c,00208463,0,00000000
7678,4591,00000010,fe000ce3,0,00000000
7681,4592,00000008,00108093,1,000005fb
7682,4593,0000000c,00208463,0,00000000
7683,4594,00000010,fe000ce3,0,00000000
7686,4595,00000008,00108093,1,000005fc
7687,4596,0000000c,00208463,0,00000000
7688,4597,00000010,fe000ce3,0,00000000
7691,4598,00000008,00108093,1,000005fd
7692,4599,0000000c,00208463,0,00000000
7693,4600,00000010,fe000ce3,0,00000000
7696,4601,00000008,00108093,1,000005fe
7697,4602,0000000c,00208463,0,00000000
7698,4603,00000010,fe000ce3,0,00000000
7701,4604,00000008,00108093,1,000005ff
7702,4605,0000000c,00208463,0,00000000
7703,4606,00000010,fe000ce3,0,00000000
7706,4607,00000008,00108093,1,00000600
7707,4608,0000000c,00208463,0,00000000
7708,4609,00000010,fe000ce3,0,00000000
7711,4610,00000008,00108093,1,00000601
7712,4611,0000000c,00208463,0,00000000
7713,4612,00000010,fe000ce3,0,00000000
7716,4613,00000008,00108093,1,00000602
7717,4614,0000000c,00208463,0,00000000
7718,4615,00000010,fe000ce3,0,00000000
7721,4616,00000008,00108093,1,00000603
7722,4617,0000000c,00208463,0,00000000
7723,4618,00000010,fe000ce3,0,00000000
7726,4619,00000008,00108093,1,00000604
7727,4620,0000000c,00208463,0,00000000
7728,4621,00000010,fe000ce3,0,00000000
7731,4622,00000008,00108093,1,00000605
7732,4623,0000000c,00208463,0,00000000
7733,4624,00000010,fe000ce3,0,00000000
7736,4625,00000008,00108093,1,00000606
7737,4626,0000000c,00208463,0,00000000
7738,4627,00000010,fe000ce3,0,00000000
7741,4628,00000008,00108093,1,00000607
7742,4629,0000000c,00208463,0,00000000
7743,4630,00000010,fe000ce3,0,00000000
7746,4631,00000008,00108093,1,00000608
7747,4632,0000000c,00208463,0,00000000
7748,4633,00000010,fe000ce3,0,00000000
7751,4634,00000008,00108093,1,00000609
7752,4635,0000000c,00208463,0,00000000
7753,4636,00000010,fe000ce3,0,00000000
7756,4637,00000008,00108093,1,0000060a
7757,4638,0000000c,00208463,0,00000000
7758,4639,00000010,fe000ce3,0,00000000
7761,4640,00000008,00108093,1,0000060b
7762,4641,0000000c,00208463,0,00000000
7763,4642,00000010,fe000ce3,0,00000000
7766,4643,00000008,00108093,1,0000060c
7767,4644,0000000c,00208463,0,00000000
7768,4645,00000010,fe000ce3,0,00000000
7771,4646,00000008,00108093,1,0000060d
7772,4647,0000000c,00208463,0,00000000
7773,4648,00000010,fe000ce3,0,00000000
7776,4649,00000008,00108093,1,0000060e
7777,4650,0000000c,00208463,0,00000000
7778,4651,00000010,fe000ce3,0,00000000
7781,4652,00000008,00108093,1,0000060f
7782,4653,0000000c,00208463,0,00000000
7783,4654,00000010,fe000ce3,0,00000000
7786,4655,00000008,00108093,1,00000610
7787,4656,0000000c,00208463,0,00000000
7788,4657,00000010,fe000ce3,0,00000000
7791,4658,00000008,00108093,1,00000611
7792,4659,0000000c,00208463,0,00000000
7793,4660,00000010,fe000ce3,0,00000000
7796,4661,00000008,00108093,1,00000612
7797,4662,0000000c,00208463,0,00000000
7798,4663,00000010,fe000ce3,0,00000000
7801,4664,00000008,00108093,1,00000613
7802,4665,0000000c,00208463,0,00000000
7803,4666,00000010,fe000ce3,0,00000000
7806,4667,00000008,00108093,1,00000614
7807,4668,0000000c,00208463,0,00000000
7808,4669,00000010,fe000ce3,0,00000000
7811,4670,00000008,00108093,1,00000615
7812,4671,0000000c,00208463,0,00000000
7813,4672,00000010,fe000ce3,0,00000000
7816,4673,00000008,00108093,1,00000616
7817,4674,0000000c,00208463,0,00000000
7818,4675,00000010,fe000ce3,0,00000000
7821,4676,00000008,00108093,1,00000617
7822,4677,0000000c,00208463,0,00000000
7823,4678,00000010,fe000ce3,0,00000000
7826,4679,00000008,00108093,1,00000618
7827,4680,0000000c,00208463,0,00000000
7828,4681,00000010,fe000ce3,0,00000000
7831,4682,00000008,00108093,1,00000619
7832,4683,0000000c,00208463,0,00000000
7833,4684,00000010,fe000ce3,0,00000000
7836,4685,00000008,00108093,1,0000061a
7837,4686,0000000c,00208463,0,00000000
7838,4687,00000010,fe000ce3,0,00000000
7841,4688,00000008,00108093,1,0000061b
7842,4689,0000000c,00208463,0,00000000
7843,4690,00000010,fe000ce3,0,00000000
7846,4691,00000008,00108093,1,0000061c
7847,4692,0000000c,00208463,0,00000000
7848,4693,00000010,fe000ce3,0,00000000
7851,4694,00000008,00108093,1,0000061d
7852,4695,0000000c,00208463,0,00000000
7853,4696,00000010,fe000ce3,0,00000000
7856,4697,00000008,00108093,1,0000061e
7857,4698,0000000c,00208463,0,00000000
7858,4699,00000010,fe000ce3,0,00000000
7861,4700,00000008,00108093,1,0000061f
7862,4701,0000000c,00208463,0,00000000
7863,4702,00000010,fe000ce3,0,00000000
7866,4703,00000008,00108093,1,00000620
7867,4704,0000000c,00208463,0,00000000
7868,4705,00000010,fe000ce3,0,00000000
7871,4706,00000008,00108093,1,00000621
7872,4707,0000000c,00208463,0,00000000
7873,4708,00000010,fe000ce3,0,00000000
7876,4709,00000008,00108093,1,00000622
7877,4710,0000000c,00208463,0,00000000
7878,4711,00000010,fe000ce3,0,00000000
7881,4712,00000008,00108093,1,00000623
7882,4713,0000000c,00208463,0,00000000
7883,4714,00000010,fe000ce3,0,00000000
7886,4715,00000008,00108093,1,00000624
7887,4716,0000000c,00208463,0,00000000
7888,4717,00000010,fe000ce3,0,00000000
7891,4718,00000008,00108093,1,00000625
7892,4719,0000000c,00208463,0,00000000
7893,4720,00000010,fe000ce3,0,00000000
7896,4721,00000008,00108093,1,00000626
7897,4722,0000000c,00208463,0,00000000
7898,4723,00000010,fe000ce3,0,00000000
7901,4724,00000008,00108093,1,00000627
7902,4725,0000000c,00208463,0,00000000
7903,4726,00000010,fe000ce3,0,00000000
7906,4727,00000008,00108093,1,00000628
7907,4728,0000000c,00208463,0,00000000
7908,4729,00000010,fe000ce3,0,00000000
7911,4730,00000008,00108093,1,00000629
7912,4731,0000000c,00208463,0,00000000
7913,4732,00000010,fe000ce3,0,00000000
7916,4733,00000008,00108093,1,0000062a
7917,4734,0000000c,00208463,0,00000000
7918,4735,00000010,fe000ce3,0,00000000
7921,4736,00000008,00108093,1,0000062b
7922,4737,0000000c,00208463,0,00000000
7923,4738,00000010,fe000ce3,0,00000000
7926,4739,00000008,00108093,1,0000062c
7927,4740,0000000c,00208463,0,00000000
7928,4741,00000010,fe000ce3,0,00000000
7931,4742,00000008,00108093,1,0000062d
7932,4743,0000000c,00208463,0,00000000
7933,4744,00000010,fe000ce3,0,00000000
7936,4745,00000008,00108093,1,0000062e
7937,4746,0000000c,00208463,0,00000000
7938,4747,00000010,fe000ce3,0,00000000
7941,4748,00000008,00108093,1,0000062f
7942,4749,0000000c,00208463,0,00000000
7943,4750,00000010,fe000ce3,0,00000000
7946,4751,00000008,00108093,1,00000630
7947,4752,0000000c,00208463,0,00000000
7948,4753,00000010,fe000ce3,0,00000000
7951,4754,00000008,00108093,1,00000631
7952,4755,0000000c,00208463,0,00000000
7953,4756,00000010,fe000ce3,0,00000000
7956,4757,00000008,00108093,1,00000632
7957,4758,0000000c,00208463,0,00000000
7958,4759,00000010,fe000ce3,0,00000000
7961,4760,00000008,00108093,1,00000633
7962,4761,0000000c,00208463,0,00000000
7963,4762,00000010,fe000ce3,0,00000000
7966,4763,00000008,00108093,1,00000634
7967,4764,0000000c,00208463,0,00000000
7968,4765,00000010,fe000ce3,0,00000000
7971,4766,00000008,00108093,1,00000635
7972,4767,0000000c,00208463,0,00000000
7973,4768,00000010,fe000ce3,0,00000000
7976,4769,00000008,00108093,1,00000636
7977,4770,0000000c,00208463,0,00000000
7978,4771,00000010,fe000ce3,0,00000000
7981,4772,00000008,00108093,1,00000637
7982,4773,0000000c,00208463,0,00000000
7983,4774,00000010,fe000ce3,0,00000000
7986,4775,00000008,00108093,1,00000638
7987,4776,0000000c,00208463,0,00000000
7988,4777,00000010,fe000ce3,0,00000000
7991,4778,00000008,00108093,1,00000639
7992,4779,0000000c,00208463,0,00000000
7993,4780,00000010,fe000ce3,0,00000000
7996,4781,00000008,00108093,1,0000063a
7997,4782,0000000c,00208463,0,00000000
7998,4783,00000010,fe000ce3,0,00000000
8001,4784,00000008,00108093,1,0000063b
8002,4785,0000000c,00208463,0,00000000
8003,4786,00000010,fe000ce3,0,00000000
8006,4787,00000008,00108093,1,0000063c
8007,4788,0000000c,00208463,0,00000000
8008,4789,00000010,fe000ce3,0,00000000
8011,4790,00000008,00108093,1,0000063d
8012,4791,0000000c,00208463,0,00000000
8013,4792,00000010,fe000ce3,0,00000000
8016,4793,00000008,00108093,1,0000063e
8017,4794,0000000c,00208463,0,00000000
8018,4795,00000010,fe000ce3,0,00000000
8021,4796,00000008,00108093,1,0000063f
8022,4797,0000000c,00208463,0,00000000
8023,4798,00000010,fe000ce3,0,00000000
8026,4799,00000008,00108093,1,00000640
8027,4800,0000000c,00208463,0,00000000
8028,4801,00000010,fe000ce3,0,00000000
8031,4802,00000008,00108093,1,00000641
8032,4803,0000000c,00208463,0,00000000
8033,4804,00000010,fe000ce3,0,00000000
8036,4805,00000008,00108093,1,00000642
8037,4806,0000000c,00208463,0,00000000
8038,4807,00000010,fe000ce3,0,00000000
8041,4808,00000008,00108093,1,00000643
8042,4809,0000000c,00208463,0,00000000
8043,4810,00000010,fe000ce3,0,00000000
8046,4811,00000008,00108093,1,00000644
8047,4812,0000000c,00208463,0,00000000
8048,4813,00000010,fe000ce3,0,00000000
8051,4814,00000008,00108093,1,00000645
8052,4815,0000000c,00208463,0,00000000
8053,4816,00000010,fe000ce3,0,00000000
8056,4817,00000008,00108093,1,00000646
8057,4818,0000000c,00208463,0,00000000
8058,4819,00000010,fe000ce3,0,00000000
8061,4820,00000008,00108093,1,00000647
8062,4821,0000000c,00208463,0,00000000
8063,4822,00000010,fe000ce3,0,00000000
8066,4823,00000008,00108093,1,00000648
8067,4824,0000000c,00208463,0,00000000
8068,4825,00000010,fe000ce3,0,00000000
8071,4826,00000008,00108093,1,00000649
8072,4827,0000000c,00208463,0,00000000
8073,4828,00000010,fe000ce3,0,00000000
8076,4829,00000008,00108093,1,0000064a
8077,4830,0000000c,00208463,0,00000000
8078,4831,00000010,fe000ce3,0,00000000
8081,4832,00000008,00108093,1,0000064b
8082,4833,0000000c,00208463,0,00000000
8083,4834,00000010,fe000ce3,0,00000000
8086,4835,00000008,00108093,1,0000064c
8087,4836,0000000c,00208463,0,00000000
8088,4837,00000010,fe000ce3,0,00000000
8091,4838,00000008,00108093,1,0000064d
8092,4839,0000000c,00208463,0,00000000
8093,4840,00000010,fe000ce3,0,00000000
8096,4841,00000008,00108093,1,0000064e
8097,4842,0000000c,00208463,0,00000000
8098,4843,00000010,fe000ce3,0,00000000
8101,4844,00000008,00108093,1,0000064f
8102,4845,0000000c,00208463,0,00000000
8103,4846,00000010,fe000ce3,0,00000000
8106,4847,00000008,00108093,1,00000650
8107,4848,0000000c,00208463,0,00000000
8108,4849,00000010,fe000ce3,0,00000000
8111,4850,00000008,00108093,1,00000651
8112,4851,0000000c,00208463,0,00000000
8113,4852,00000010,fe000ce3,0,00000000
8116,4853,00000008,00108093,1,00000652
8117,4854,0000000c,00208463,0,00000000
8118,4855,00000010,fe000ce3,0,00000000
8121,4856,00000008,00108093,1,00000653
8122,4857,0000000c,00208463,0,00000000
8123,4858,00000010,fe000ce3,0,00000000
8126,4859,00000008,00108093,1,00000654
8127,4860,0000000c,00208463,0,00000000
8128,4861,00000010,fe000ce3,0,00000000
8131,4862,00000008,00108093,1,00000655
8132,4863,0000000c,00208463,0,00000000
8133,4864,00000010,fe000ce3,0,00000000
8136,4865,00000008,00108093,1,00000656
8137,4866,0000000c,00208463,0,00000000
8138,4867,00000010,fe000ce3,0,00000000
8141,4868,00000008,00108093,1,00000657
8142,4869,0000000c,00208463,0,00000000
8143,4870,00000010,fe000ce3,0,00000000
8146,4871,00000008,00108093,1,00000658
8147,4872,0000000c,00208463,0,00000000
8148,4873,00000010,fe000ce3,0,00000000
8151,4874,00000008,00108093,1,00000659
8152,4875,0000000c,00208463,0,00000000
8153,4876,00000010,fe000ce3,0,00000000
8156,4877,00000008,00108093,1,0000065a
8157,4878,0000000c,00208463,0,00000000
8158,4879,00000010,fe000ce3,0,00000000
8161,4880,00000008,00108093,1,0000065b
8162,4881,0000000c,00208463,0,00000000
8163,4882,00000010,fe000ce3,0,00000000
8166,4883,00000008,00108093,1,0000065c
8167,4884,0000000c,00208463,0,00000000
8168,4885,00000010,fe000ce3,0,00000000
8171,4886,00000008,00108093,1,0000065d
8172,4887,0000000c,00208463,0,00000000
8173,4888,00000010,fe000ce3,0,00000000
8176,4889,00000008,00108093,1,0000065e
8177,4890,0000000c,00208463,0,00000000
8178,4891,00000010,fe000ce3,0,00000000
8181,4892,00000008,00108093,1,0000065f
8182,4893,0000000c,00208463,0,00000000
8183,4894,00000010,fe000ce3,0,00000000
8186,4895,00000008,00108093,1,00000660
8187,4896,0000000c,00208463,0,00000000
8188,4897,00000010,fe000ce3,0,00000000
8191,4898,00000008,00108093,1,00000661
8192,4899,0000000c,00208463,0,00000000
8193,4900,00000010,fe000ce3,0,00000000
8196,4901,00000008,00108093,1,00000662
8197,4902,0000000c,00208463,0,00000000
8198,4903,00000010,fe000ce3,0,00000000
8201,4904,00000008,00108093,1,00000663
8202,4905,0000000c,00208463,0,00000000
8203,4906,00000010,fe000ce3,0,00000000
8206,4907,00000008,00108093,1,00000664
8207,4908,0000000c,00208463,0,00000000
8208,4909,00000010,fe000ce3,0,00000000
8211,4910,00000008,00108093,1,00000665
8212,4911,0000000c,00208463,0,00000000
8213,4912,00000010,fe000ce3,0,00000000
8216,4913,00000008,00108093,1,00000666
8217,4914,0000000c,00208463,0,00000000
8218,4915,00000010,fe000ce3,0,00000000
8221,4916,00000008,00108093,1,00000667
8222,4917,0000000c,00208463,0,00000000
8223,4918,00000010,fe000ce3,0,00000000
8226,4919,00000008,00108093,1,00000668
8227,4920,0000000c,00208463,0,00000000
8228,4921,00000010,fe000ce3,0,00000000
8231,4922,00000008,00108093,1,00000669
8232,4923,0000000c,00208463,0,00000000
8233,4924,00000010,fe000ce3,0,00000000
8236,4925,00000008,00108093,1,0000066a
8237,4926,0000000c,00208463,0,00000000
8238,4927,00000010,fe000ce3,0,00000000
8241,4928,00000008,00108093,1,0000066b
8242,4929,0000000c,00208463,0,00000000
8243,4930,00000010,fe000ce3,0,00000000
8246,4931,00000008,00108093,1,0000066c
8247,4932,0000000c,00208463,0,00000000
8248,4933,00000010,fe000ce3,0,00000000
8251,4934,00000008,00108093,1,0000066d
8252,4935,0000000c,00208463,0,00000000
8253,4936,00000010,fe000ce3,0,00000000
8256,4937,00000008,00108093,1,0000066e
8257,4938,0000000c,00208463,0,00000000
8258,4939,00000010,fe000ce3,0,00000000
8261,4940,00000008,00108093,1,0000066f
8262,4941,0000000c,00208463,0,00000000
8263,4942,00000010,fe000ce3,0,00000000
8266,4943,00000008,00108093,1,00000670
8267,4944,0000000c,00208463,0,00000000
8268,4945,00000010,fe000ce3,0,00000000
8271,4946,00000008,00108093,1,00000671
8272,4947,0000000c,00208463,0,00000000
8273,4948,00000010,fe000ce3,0,00000000
8276,4949,00000008,00108093,1,00000672
8277,4950,0000000c,00208463,0,00000000
8278,4951,00000010,fe000ce3,0,00000000
8281,4952,00000008,00108093,1,00000673
8282,4953,0000000c,00208463,0,00000000
8283,4954,00000010,fe000ce3,0,00000000
8286,4955,00000008,00108093,1,00000674
8287,4956,0000000c,00208463,0,00000000
8288,4957,00000010,fe000ce3,0,00000000
8291,4958,00000008,00108093,1,00000675
8292,4959,0000000c,00208463,0,00000000
8293,4960,00000010,fe000ce3,0,00000000
8296,4961,00000008,00108093,1,00000676
8297,4962,0000000c,00208463,0,00000000
8298,4963,00000010,fe000ce3,0,00000000
8301,4964,00000008,00108093,1,00000677
8302,4965,0000000c,00208463,0,00000000
8303,4966,00000010,fe000ce3,0,00000000
8306,4967,00000008,00108093,1,00000678
8307,4968,0000000c,00208463,0,00000000
8308,4969,00000010,fe000ce3,0,00000000
8311,4970,00000008,00108093,1,00000679
8312,4971,0000000c,00208463,0,00000000
8313,4972,00000010,fe000ce3,0,00000000
8316,4973,00000008,00108093,1,0000067a
8317,4974,0000000c,00208463,0,00000000
8318,4975,00000010,fe000ce3,0,00000000
8321,4976,00000008,00108093,1,0000067b
8322,4977,0000000c,00208463,0,00000000
8323,4978,00000010,fe000ce3,0,00000000
8326,4979,00000008,00108093,1,0000067c
8327,4980,0000000c,00208463,0,00000000
8328,4981,00000010,fe000ce3,0,00000000
8331,4982,00000008,00108093,1,0000067d
8332,4983,0000000c,00208463,0,00000000
8333,4984,00000010,fe000ce3,0,00000000
8336,4985,00000008,00108093,1,0000067e
8337,4986,0000000c,00208463,0,00000000
8338,4987,00000010,fe000ce3,0,00000000
8341,4988,00000008,00108093,1,0000067f
8342,4989,0000000c,00208463,0,00000000
8343,4990,00000010,fe000ce3,0,00000000
8346,4991,00000008,00108093,1,00000680
8347,4992,0000000c,00208463,0,00000000
8348,4993,00000010,fe000ce3,0,00000000
8351,4994,00000008,00108093,1,00000681
8352,4995,0000000c,00208463,0,00000000
8353,4996,00000010,fe000ce3,0,00000000
8356,4997,00000008,00108093,1,00000682
8357,4998,0000000c,00208463,0,00000000
8358,4999,00000010,fe000ce3,0,00000000
8361,5000,00000008,00108093,1,00000683
8362,5001,0000000c,00208463,0,00000000
8363,5002,00000010,fe000ce3,0,00000000
8366,5003,00000008,00108093,1,00000684
8367,5004,0000000c,00208463,0,00000000
8368,5005,00000010,fe000ce3,0,00000000
8371,5006,00000008,00108093,1,00000685
8372,5007,0000000c,00208463,0,00000000
8373,5008,00000010,fe000ce3,0,00000000
8376,5009,00000008,00108093,1,00000686
8377,5010,0000000c,00208463,0,00000000
8378,5011,00000010,fe000ce3,0,00000000
8381,5012,00000008,00108093,1,00000687
8382,5013,0000000c,00208463,0,00000000
8383,5014,00000010,fe000ce3,0,00000000
8386,5015,00000008,00108093,1,00000688
8387,5016,0000000c,00208463,0,00000000
8388,5017,00000010,fe000ce3,0,00000000
8391,5018,00000008,00108093,1,00000689
8392,5019,0000000c,00208463,0,00000000
8393,5020,00000010,fe000ce3,0,00000000
8396,5021,00000008,00108093,1,0000068a
8397,5022,0000000c,00208463,0,00000000
8398,5023,00000010,fe000ce3,0,00000000
8401,5024,00000008,00108093,1,0000068b
8402,5025,0000000c,00208463,0,00000000
8403,5026,00000010,fe000ce3,0,00000000
8406,5027,00000008,00108093,1,0000068c
8407,5028,0000000c,00208463,0,00000000
8408,5029,00000010,fe000ce3,0,00000000
8411,5030,00000008,00108093,1,0000068d
8412,5031,0000000c,00208463,0,00000000
8413,5032,00000010,fe000ce3,0,00000000
8416,5033,00000008,00108093,1,0000068e
8417,5034,0000000c,00208463,0,00000000
8418,5035,00000010,fe000ce3,0,00000000
8421,5036,00000008,00108093,1,0000068f
8422,5037,0000000c,00208463,0,00000000
8423,5038,00000010,fe000ce3,0,00000000
8426,5039,00000008,00108093,1,00000690
8427,5040,0000000c,00208463,0,00000000
8428,5041,00000010,fe000ce3,0,00000000
8431,5042,00000008,00108093,1,00000691
8432,5043,0000000c,00208463,0,00000000
8433,5044,00000010,fe000ce3,0,00000000
8436,5045,00000008,00108093,1,00000692
8437,5046,0000000c,00208463,0,00000000
8438,5047,00000010,fe000ce3,0,00000000
8441,5048,00000008,00108093,1,00000693
8442,5049,0000000c,00208463,0,00000000
8443,5050,00000010,fe000ce3,0,00000000
8446,5051,00000008,00108093,1,00000694
8447,5052,0000000c,00208463,0,00000000
8448,5053,00000010,fe000ce3,0,00000000
8451,5054,00000008,00108093,1,00000695
8452,5055,0000000c,00208463,0,00000000
8453,5056,00000010,fe000ce3,0,00000000
8456,5057,00000008,00108093,1,00000696
8457,5058,0000000c,00208463,0,00000000
8458,5059,00000010,fe000ce3,0,00000000
8461,5060,00000008,00108093,1,00000697
8462,5061,0000000c,00208463,0,00000000
8463,5062,00000010,fe000ce3,0,00000000
8466,5063,00000008,00108093,1,00000698
8467,5064,0000000c,00208463,0,00000000
8468,5065,00000010,fe000ce3,0,00000000
8471,5066,00000008,00108093,1,00000699
8472,5067,0000000c,00208463,0,00000000
8473,5068,00000010,fe000ce3,0,00000000
8476,5069,00000008,00108093,1,0000069a
8477,5070,0000000c,00208463,0,00000000
8478,5071,00000010,fe000ce3,0,00000000
8481,5072,00000008,00108093,1,0000069b
8482,5073,0000000c,00208463,0,00000000
8483,5074,00000010,fe000ce3,0,00000000
8486,5075,00000008,00108093,1,0000069c
8487,5076,0000000c,00208463,0,00000000
8488,5077,00000010,fe000ce3,0,00000000
8491,5078,00000008,00108093,1,0000069d
8492,5079,0000000c,00208463,0,00000000
8493,5080,00000010,fe000ce3,0,00000000
8496,5081,00000008,00108093,1,0000069e
8497,5082,0000000c,00208463,0,00000000
8498,5083,00000010,fe000ce3,0,00000000
8501,5084,00000008,00108093,1,0000069f
8502,5085,0000000c,00208463,0,00000000
8503,5086,00000010,fe000ce3,0,00000000
8506,5087,00000008,00108093,1,000006a0
8507,5088,0000000c,00208463,0,00000000
8508,5089,00000010,fe000ce3,0,00000000
8511,5090,00000008,00108093,1,000006a1
8512,5091,0000000c,00208463,0,00000000
8513,5092,00000010,fe000ce3,0,00000000
8516,5093,00000008,00108093,1,000006a2
8517,5094,0000000c,00208463,0,00000000
8518,5095,00000010,fe000ce3,0,00000000
8521,5096,00000008,00108093,1,000006a3
8522,5097,0000000c,00208463,0,00000000
8523,5098,00000010,fe000ce3,0,00000000
8526,5099,00000008,00108093,1,000006a4
8527,5100,0000000c,00208463,0,00000000
8528,5101,00000010,fe000ce3,0,00000000
8531,5102,00000008,00108093,1,000006a5
8532,5103,0000000c,00208463,0,00000000
8533,5104,00000010,fe000ce3,0,00000000
8536,5105,00000008,00108093,1,000006a6
8537,5106,0000000c,00208463,0,00000000
8538,5107,00000010,fe000ce3,0,00000000
8541,5108,00000008,00108093,1,000006a7
8542,5109,0000000c,00208463,0,00000000
8543,5110,00000010,fe000ce3,0,00000000
8546,5111,00000008,00108093,1,000006a8
8547,5112,0000000c,00208463,0,00000000
8548,5113,00000010,fe000ce3,0,00000000
8551,5114,00000008,00108093,1,000006a9
8552,5115,0000000c,00208463,0,00000000
8553,5116,00000010,fe000ce3,0,00000000
8556,5117,00000008,00108093,1,000006aa
8557,5118,0000000c,00208463,0,00000000
8558,5119,00000010,fe000ce3,0,00000000
8561,5120,00000008,00108093,1,000006ab
8562,5121,0000000c,00208463,0,00000000
8563,5122,00000010,fe000ce3,0,00000000
8566,5123,00000008,00108093,1,000006ac
8567,5124,0000000c,00208463,0,00000000
8568,5125,00000010,fe000ce3,0,00000000
8571,5126,00000008,00108093,1,000006ad
8572,5127,0000000c,00208463,0,00000000
8573,5128,00000010,fe000ce3,0,00000000
8576,5129,00000008,00108093,1,000006ae
8577,5130,0000000c,00208463,0,00000000
8578,5131,00000010,fe000ce3,0,00000000
8581,5132,00000008,00108093,1,000006af
8582,5133,0000000c,00208463,0,00000000
8583,5134,00000010,fe000ce3,0,00000000
8586,5135,00000008,00108093,1,000006b0
8587,5136,0000000c,00208463,0,00000000
8588,5137,00000010,fe000ce3,0,00000000
8591,5138,00000008,00108093,1,000006b1
8592,5139,0000000c,00208463,0,00000000
8593,5140,00000010,fe000ce3,0,00000000
8596,5141,00000008,00108093,1,000006b2
8597,5142,0000000c,00208463,0,00000000
8598,5143,00000010,fe000ce3,0,00000000
8601,5144,00000008,00108093,1,000006b3
8602,5145,0000000c,00208463,0,00000000
8603,5146,00000010,fe000ce3,0,00000000
8606,5147,00000008,00108093,1,000006b4
8607,5148,0000000c,00208463,0,00000000
8608,5149,00000010,fe000ce3,0,00000000
8611,5150,00000008,00108093,1,000006b5
8612,5151,0000000c,00208463,0,00000000
8613,5152,00000010,fe000ce3,0,00000000
8616,5153,00000008,00108093,1,000006b6
8617,5154,0000000c,00208463,0,00000000
8618,5155,00000010,fe000ce3,0,00000000
8621,5156,00000008,00108093,1,000006b7
8622,5157,0000000c,00208463,0,00000000
8623,5158,00000010,fe000ce3,0,00000000
8626,5159,00000008,00108093,1,000006b8
8627,5160,0000000c,00208463,0,00000000
8628,5161,00000010,fe000ce3,0,00000000
8631,5162,00000008,00108093,1,000006b9
8632,5163,0000000c,00208463,0,00000000
8633,5164,00000010,fe000ce3,0,00000000
8636,5165,00000008,00108093,1,000006ba
8637,5166,0000000c,00208463,0,00000000
8638,5167,00000010,fe000ce3,0,00000000
8641,5168,00000008,00108093,1,000006bb
8642,5169,0000000c,00208463,0,00000000
8643,5170,00000010,fe000ce3,0,00000000
8646,5171,00000008,00108093,1,000006bc
8647,5172,0000000c,00208463,0,00000000
8648,5173,00000010,fe000ce3,0,00000000
8651,5174,00000008,00108093,1,000006bd
8652,5175,0000000c,00208463,0,00000000
8653,5176,00000010,fe000ce3,0,00000000
8656,5177,00000008,00108093,1,000006be
8657,5178,0000000c,00208463,0,00000000
8658,5179,00000010,fe000ce3,0,00000000
8661,5180,00000008,00108093,1,000006bf
8662,5181,0000000c,00208463,0,00000000
8663,5182,00000010,fe000ce3,0,00000000
8666,5183,00000008,00108093,1,000006c0
8667,5184,0000000c,00208463,0,00000000
8668,5185,00000010,fe000ce3,0,00000000
8671,5186,00000008,00108093,1,000006c1
8672,5187,0000000c,00208463,0,00000000
8673,5188,00000010,fe000ce3,0,00000000
8676,5189,00000008,00108093,1,000006c2
8677,5190,0000000c,00208463,0,00000000
8678,5191,00000010,fe000ce3,0,00000000
8681,5192,00000008,00108093,1,000006c3
8682,5193,0000000c,00208463,0,00000000
8683,5194,00000010,fe000ce3,0,00000000
8686,5195,00000008,00108093,1,000006c4
8687,5196,0000000c,00208463,0,00000000
8688,5197,00000010,fe000ce3,0,00000000
8691,5198,00000008,00108093,1,000006c5
8692,5199,0000000c,00208463,0,00000000
8693,5200,00000010,fe000ce3,0,00000000
8696,5201,00000008,00108093,1,000006c6
8697,5202,0000000c,00208463,0,00000000
8698,5203,00000010,fe000ce3,0,00000000
8701,5204,00000008,00108093,1,000006c7
8702,5205,0000000c,00208463,0,00000000
8703,5206,00000010,fe000ce3,0,00000000
8706,5207,00000008,00108093,1,000006c8
8707,5208,0000000c,00208463,0,00000000
8708,5209,00000010,fe000ce3,0,00000000
8711,5210,00000008,00108093,1,000006c9
8712,5211,0000000c,00208463,0,00000000
8713,5212,00000010,fe000ce3,0,00000000
8716,5213,00000008,00108093,1,000006ca
8717,5214,0000000c,00208463,0,00000000
8718,5215,00000010,fe000ce3,0,00000000
8721,5216,00000008,00108093,1,000006cb
8722,5217,0000000c,00208463,0,00000000
8723,5218,00000010,fe000ce3,0,00000000
8726,5219,00000008,00108093,1,000006cc
8727,5220,0000000c,00208463,0,00000000
8728,5221,00000010,fe000ce3,0,00000000
8731,5222,00000008,00108093,1,000006cd
8732,5223,0000000c,00208463,0,00000000
8733,5224,00000010,fe000ce3,0,00000000
8736,5225,00000008,00108093,1,000006ce
8737,5226,0000000c,00208463,0,00000000
8738,5227,00000010,fe000ce3,0,00000000
8741,5228,00000008,00108093,1,000006cf
8742,5229,0000000c,00208463,0,00000000
8743,5230,00000010,fe000ce3,0,00000000
8746,5231,00000008,00108093,1,000006d0
8747,5232,0000000c,00208463,0,00000000
8748,5233,00000010,fe000ce3,0,00000000
8751,5234,00000008,00108093,1,000006d1
8752,5235,0000000c,00208463,0,00000000
8753,5236,00000010,fe000ce3,0,00000000
8756,5237,00000008,00108093,1,000006d2
8757,5238,0000000c,00208463,0,00000000
8758,5239,00000010,fe000ce3,0,00000000
8761,5240,00000008,00108093,1,000006d3
8762,5241,0000000c,00208463,0,00000000
8763,5242,00000010,fe000ce3,0,00000000
8766,5243,00000008,00108093,1,000006d4
8767,5244,0000000c,00208463,0,00000000
8768,5245,00000010,fe000ce3,0,00000000
8771,5246,00000008,00108093,1,000006d5
8772,5247,0000000c,00208463,0,00000000
8773,5248,00000010,fe000ce3,0,00000000
8776,5249,00000008,00108093,1,000006d6
8777,5250,0000000c,00208463,0,00000000
8778,5251,00000010,fe000ce3,0,00000000
8781,5252,00000008,00108093,1,000006d7
8782,5253,0000000c,00208463,0,00000000
8783,5254,00000010,fe000ce3,0,00000000
8786,5255,00000008,00108093,1,000006d8
8787,5256,0000000c,00208463,0,00000000
8788,5257,00000010,fe000ce3,0,00000000
8791,5258,00000008,00108093,1,000006d9
8792,5259,0000000c,00208463,0,00000000
8793,5260,00000010,fe000ce3,0,00000000
8796,5261,00000008,00108093,1,000006da
8797,5262,0000000c,00208463,0,00000000
8798,5263,00000010,fe000ce3,0,00000000
8801,5264,00000008,00108093,1,000006db
8802,5265,0000000c,00208463,0,00000000
8803,5266,00000010,fe000ce3,0,00000000
8806,5267,00000008,00108093,1,000006dc
8807,5268,0000000c,00208463,0,00000000
8808,5269,00000010,fe000ce3,0,00000000
8811,5270,00000008,00108093,1,000006dd
8812,5271,0000000c,00208463,0,00000000
8813,5272,00000010,fe000ce3,0,00000000
8816,5273,00000008,00108093,1,000006de
8817,5274,0000000c,00208463,0,00000000
8818,5275,00000010,fe000ce3,0,00000000
8821,5276,00000008,00108093,1,000006df
8822,5277,0000000c,00208463,0,00000000
8823,5278,00000010,fe000ce3,0,00000000
8826,5279,00000008,00108093,1,000006e0
8827,5280,0000000c,00208463,0,00000000
8828,5281,00000010,fe000ce3,0,00000000
8831,5282,00000008,00108093,1,000006e1
8832,5283,0000000c,00208463,0,00000000
8833,5284,00000010,fe000ce3,0,00000000
8836,5285,00000008,00108093,1,000006e2
8837,5286,0000000c,00208463,0,00000000
8838,5287,00000010,fe000ce3,0,00000000
8841,5288,00000008,00108093,1,000006e3
8842,5289,0000000c,00208463,0,00000000
8843,5290,00000010,fe000ce3,0,00000000
8846,5291,00000008,00108093,1,000006e4
8847,5292,0000000c,00208463,0,00000000
8848,5293,00000010,fe000ce3,0,00000000
8851,5294,00000008,00108093,1,000006e5
8852,5295,0000000c,00208463,0,00000000
8853,5296,00000010,fe000ce3,0,00000000
8856,5297,00000008,00108093,1,000006e6
8857,5298,0000000c,00208463,0,00000000
8858,5299,00000010,fe000ce3,0,00000000
8861,5300,00000008,00108093,1,000006e7
8862,5301,0000000c,00208463,0,00000000
8863,5302,00000010,fe000ce3,0,00000000
8866,5303,00000008,00108093,1,000006e8
8867,5304,0000000c,00208463,0,00000000
8868,5305,00000010,fe000ce3,0,00000000
8871,5306,00000008,00108093,1,000006e9
8872,5307,0000000c,00208463,0,00000000
8873,5308,00000010,fe000ce3,0,00000000
8876,5309,00000008,00108093,1,000006ea
8877,5310,0000000c,00208463,0,00000000
8878,5311,00000010,fe000ce3,0,00000000
8881,5312,00000008,00108093,1,000006eb
8882,5313,0000000c,00208463,0,00000000
8883,5314,00000010,fe000ce3,0,00000000
8886,5315,00000008,00108093,1,000006ec
8887,5316,0000000c,00208463,0,00000000
8888,5317,00000010,fe000ce3,0,00000000
8891,5318,00000008,00108093,1,000006ed
8892,5319,0000000c,00208463,0,00000000
8893,5320,00000010,fe000ce3,0,00000000
8896,5321,00000008,00108093,1,000006ee
8897,5322,0000000c,00208463,0,00000000
8898,5323,00000010,fe000ce3,0,00000000
8901,5324,00000008,00108093,1,000006ef
8902,5325,0000000c,00208463,0,00000000
8903,5326,00000010,fe000ce3,0,00000000
8906,5327,00000008,00108093,1,000006f0
8907,5328,0000000c,00208463,0,00000000
8908,5329,00000010,fe000ce3,0,00000000
8911,5330,00000008,00108093,1,000006f1
8912,5331,0000000c,00208463,0,00000000
8913,5332,00000010,fe000ce3,0,00000000
8916,5333,00000008,00108093,1,000006f2
8917,5334,0000000c,00208463,0,00000000
8918,5335,00000010,fe000ce3,0,00000000
8921,5336,00000008,00108093,1,000006f3
8922,5337,0000000c,00208463,0,00000000
8923,5338,00000010,fe000ce3,0,00000000
8926,5339,00000008,00108093,1,000006f4
8927,5340,0000000c,00208463,0,00000000
8928,5341,00000010,fe000ce3,0,00000000
8931,5342,00000008,00108093,1,000006f5
8932,5343,0000000c,00208463,0,00000000
8933,5344,00000010,fe000ce3,0,00000000
8936,5345,00000008,00108093,1,000006f6
8937,5346,0000000c,00208463,0,00000000
8938,5347,00000010,fe000ce3,0,00000000
8941,5348,00000008,00108093,1,000006f7
8942,5349,0000000c,00208463,0,00000000
8943,5350,00000010,fe000ce3,0,00000000
8946,5351,00000008,00108093,1,000006f8
8947,5352,0000000c,00208463,0,00000000
8948,5353,00000010,fe000ce3,0,00000000
8951,5354,00000008,00108093,1,000006f9
8952,5355,0000000c,00208463,0,00000000
8953,5356,00000010,fe000ce3,0,00000000
8956,5357,00000008,00108093,1,000006fa
8957,5358,0000000c,00208463,0,00000000
8958,5359,00000010,fe000ce3,0,00000000
8961,5360,00000008,00108093,1,000006fb
8962,5361,0000000c,00208463,0,00000000
8963,5362,00000010,fe000ce3,0,00000000
8966,5363,00000008,00108093,1,000006fc
8967,5364,0000000c,00208463,0,00000000
8968,5365,00000010,fe000ce3,0,00000000
8971,5366,00000008,00108093,1,000006fd
8972,5367,0000000c,00208463,0,00000000
8973,5368,00000010,fe000ce3,0,00000000
8976,5369,00000008,00108093,1,000006fe
8977,5370,0000000c,00208463,0,00000000
8978,5371,00000010,fe000ce3,0,00000000
8981,5372,00000008,00108093,1,000006ff
8982,5373,0000000c,00208463,0,00000000
8983,5374,00000010,fe000ce3,0,00000000
8986,5375,00000008,00108093,1,00000700
8987,5376,0000000c,00208463,0,00000000
8988,5377,00000010,fe000ce3,0,00000000
8991,5378,00000008,00108093,1,00000701
8992,5379,0000000c,00208463,0,00000000
8993,5380,00000010,fe000ce3,0,00000000
8996,5381,00000008,00108093,1,00000702
8997,5382,0000000c,00208463,0,00000000
8998,5383,00000010,fe000ce3,0,00000000
9001,5384,00000008,00108093,1,00000703
9002,5385,0000000c,00208463,0,00000000
9003,5386,00000010,fe000ce3,0,00000000
9006,5387,00000008,00108093,1,00000704
9007,5388,0000000c,00208463,0,00000000
9008,5389,00000010,fe000ce3,0,00000000
9011,5390,00000008,00108093,1,00000705
9012,5391,0000000c,00208463,0,00000000
9013,5392,00000010,fe000ce3,0,00000000
9016,5393,00000008,00108093,1,00000706
9017,5394,0000000c,00208463,0,00000000
9018,5395,00000010,fe000ce3,0,00000000
9021,5396,00000008,00108093,1,00000707
9022,5397,0000000c,00208463,0,00000000
9023,5398,00000010,fe000ce3,0,00000000
9026,5399,00000008,00108093,1,00000708
9027,5400,0000000c,00208463,0,00000000
9028,5401,00000010,fe000ce3,0,00000000
9031,5402,00000008,00108093,1,00000709
9032,5403,0000000c,00208463,0,00000000
9033,5404,00000010,fe000ce3,0,00000000
9036,5405,00000008,00108093,1,0000070a
9037,5406,0000000c,00208463,0,00000000
9038,5407,00000010,fe000ce3,0,00000000
9041,5408,00000008,00108093,1,0000070b
9042,5409,0000000c,00208463,0,00000000
9043,5410,00000010,fe000ce3,0,00000000
9046,5411,00000008,00108093,1,0000070c
9047,5412,0000000c,00208463,0,00000000
9048,5413,00000010,fe000ce3,0,00000000
9051,5414,00000008,00108093,1,0000070d
9052,5415,0000000c,00208463,0,00000000
9053,5416,00000010,fe000ce3,0,00000000
9056,5417,00000008,00108093,1,0000070e
9057,5418,0000000c,00208463,0,00000000
9058,5419,00000010,fe000ce3,0,00000000
9061,5420,00000008,00108093,1,0000070f
9062,5421,0000000c,00208463,0,00000000
9063,5422,00000010,fe000ce3,0,00000000
9066,5423,00000008,00108093,1,00000710
9067,5424,0000000c,00208463,0,00000000
9068,5425,00000010,fe000ce3,0,00000000
9071,5426,00000008,00108093,1,00000711
9072,5427,0000000c,00208463,0,00000000
9073,5428,00000010,fe000ce3,0,00000000
9076,5429,00000008,00108093,1,00000712
9077,5430,0000000c,00208463,0,00000000
9078,5431,00000010,fe000ce3,0,00000000
9081,5432,00000008,00108093,1,00000713
9082,5433,0000000c,00208463,0,00000000
9083,5434,00000010,fe000ce3,0,00000000
9086,5435,00000008,00108093,1,00000714
9087,5436,0000000c,00208463,0,00000000
9088,5437,00000010,fe000ce3,0,00000000
9091,5438,00000008,00108093,1,00000715
9092,5439,0000000c,00208463,0,00000000
9093,5440,00000010,fe000ce3,0,00000000
9096,5441,00000008,00108093,1,00000716
9097,5442,0000000c,00208463,0,00000000
9098,5443,00000010,fe000ce3,0,00000000
9101,5444,00000008,00108093,1,00000717
9102,5445,0000000c,00208463,0,00000000
9103,5446,00000010,fe000ce3,0,00000000
9106,5447,00000008,00108093,1,00000718
9107,5448,0000000c,00208463,0,00000000
9108,5449,00000010,fe000ce3,0,00000000
9111,5450,00000008,00108093,1,00000719
9112,5451,0000000c,00208463,0,00000000
9113,5452,00000010,fe000ce3,0,00000000
9116,5453,00000008,00108093,1,0000071a
9117,5454,0000000c,00208463,0,00000000
9118,5455,00000010,fe000ce3,0,00000000
9121,5456,00000008,00108093,1,0000071b
9122,5457,0000000c,00208463,0,00000000
9123,5458,00000010,fe000ce3,0,00000000
9126,5459,00000008,00108093,1,0000071c
9127,5460,0000000c,00208463,0,00000000
9128,5461,00000010,fe000ce3,0,00000000
9131,5462,00000008,00108093,1,0000071d
9132,5463,0000000c,00208463,0,00000000
9133,5464,00000010,fe000ce3,0,00000000
9136,5465,00000008,00108093,1,0000071e
9137,5466,0000000c,00208463,0,00000000
9138,5467,00000010,fe000ce3,0,00000000
9141,5468,00000008,00108093,1,0000071f
9142,5469,0000000c,00208463,0,00000000
9143,5470,00000010,fe000ce3,0,00000000
9146,5471,00000008,00108093,1,00000720
9147,5472,0000000c,00208463,0,00000000
9148,5473,00000010,fe000ce3,0,00000000
9151,5474,00000008,00108093,1,00000721
9152,5475,0000000c,00208463,0,00000000
9153,5476,00000010,fe000ce3,0,00000000
9156,5477,00000008,00108093,1,00000722
9157,5478,0000000c,00208463,0,00000000
9158,5479,00000010,fe000ce3,0,00000000
9161,5480,00000008,00108093,1,00000723
9162,5481,0000000c,00208463,0,00000000
9163,5482,00000010,fe000ce3,0,00000000
9166,5483,00000008,00108093,1,00000724
9167,5484,0000000c,00208463,0,00000000
9168,5485,00000010,fe000ce3,0,00000000
9171,5486,00000008,00108093,1,00000725
9172,5487,0000000c,00208463,0,00000000
9173,5488,00000010,fe000ce3,0,00000000
9176,5489,00000008,00108093,1,00000726
9177,5490,0000000c,00208463,0,00000000
9178,5491,00000010,fe000ce3,0,00000000
9181,5492,00000008,00108093,1,00000727
9182,5493,0000000c,00208463,0,00000000
9183,5494,00000010,fe000ce3,0,00000000
9186,5495,00000008,00108093,1,00000728
9187,5496,0000000c,00208463,0,00000000
9188,5497,00000010,fe000ce3,0,00000000
9191,5498,00000008,00108093,1,00000729
9192,5499,0000000c,00208463,0,00000000
9193,5500,00000010,fe000ce3,0,00000000
9196,5501,00000008,00108093,1,0000072a
9197,5502,0000000c,00208463,0,00000000
9198,5503,00000010,fe000ce3,0,00000000
9201,5504,00000008,00108093,1,0000072b
9202,5505,0000000c,00208463,0,00000000
9203,5506,00000010,fe000ce3,0,00000000
9206,5507,00000008,00108093,1,0000072c
9207,5508,0000000c,00208463,0,00000000
9208,5509,00000010,fe000ce3,0,00000000
9211,5510,00000008,00108093,1,0000072d
9212,5511,0000000c,00208463,0,00000000
9213,5512,00000010,fe000ce3,0,00000000
9216,5513,00000008,00108093,1,0000072e
9217,5514,0000000c,00208463,0,00000000
9218,5515,00000010,fe000ce3,0,00000000
9221,5516,00000008,00108093,1,0000072f
9222,5517,0000000c,00208463,0,00000000
9223,5518,00000010,fe000ce3,0,00000000
9226,5519,00000008,00108093,1,00000730
9227,5520,0000000c,00208463,0,00000000
9228,5521,00000010,fe000ce3,0,00000000
9231,5522,00000008,00108093,1,00000731
9232,5523,0000000c,00208463,0,00000000
9233,5524,00000010,fe000ce3,0,00000000
9236,5525,00000008,00108093,1,00000732
9237,5526,0000000c,00208463,0,00000000
9238,5527,00000010,fe000ce3,0,00000000
9241,5528,00000008,00108093,1,00000733
9242,5529,0000000c,00208463,0,00000000
9243,5530,00000010,fe000ce3,0,00000000
9246,5531,00000008,00108093,1,00000734
9247,5532,0000000c,00208463,0,00000000
9248,5533,00000010,fe000ce3,0,00000000
9251,5534,00000008,00108093,1,00000735
9252,5535,0000000c,00208463,0,00000000
9253,5536,00000010,fe000ce3,0,00000000
9256,5537,00000008,00108093,1,00000736
9257,5538,0000000c,00208463,0,00000000
9258,5539,00000010,fe000ce3,0,00000000
9261,5540,00000008,00108093,1,00000737
9262,5541,0000000c,00208463,0,00000000
9263,5542,00000010,fe000ce3,0,00000000
9266,5543,00000008,00108093,1,00000738
9267,5544,0000000c,00208463,0,00000000
9268,5545,00000010,fe000ce3,0,00000000
9271,5546,00000008,00108093,1,00000739
9272,5547,0000000c,00208463,0,00000000
9273,5548,00000010,fe000ce3,0,00000000
9276,5549,00000008,00108093,1,0000073a
9277,5550,0000000c,00208463,0,00000000
9278,5551,00000010,fe000ce3,0,00000000
9281,5552,00000008,00108093,1,0000073b
9282,5553,0000000c,00208463,0,00000000
9283,5554,00000010,fe000ce3,0,00000000
9286,5555,00000008,00108093,1,0000073c
9287,5556,0000000c,00208463,0,00000000
9288,5557,00000010,fe000ce3,0,00000000
9291,5558,00000008,00108093,1,0000073d
9292,5559,0000000c,00208463,0,00000000
9293,5560,00000010,fe000ce3,0,00000000
9296,5561,00000008,00108093,1,0000073e
9297,5562,0000000c,00208463,0,00000000
9298,5563,00000010,fe000ce3,0,00000000
9301,5564,00000008,00108093,1,0000073f
9302,5565,0000000c,00208463,0,00000000
9303,5566,00000010,fe000ce3,0,00000000
9306,5567,00000008,00108093,1,00000740
9307,5568,0000000c,00208463,0,00000000
9308,5569,00000010,fe000ce3,0,00000000
9311,5570,00000008,00108093,1,00000741
9312,5571,0000000c,00208463,0,00000000
9313,5572,00000010,fe000ce3,0,00000000
9316,5573,00000008,00108093,1,00000742
9317,5574,0000000c,00208463,0,00000000
9318,5575,00000010,fe000ce3,0,00000000
9321,5576,00000008,00108093,1,00000743
9322,5577,0000000c,00208463,0,00000000
9323,5578,00000010,fe000ce3,0,00000000
9326,5579,00000008,00108093,1,00000744
9327,5580,0000000c,00208463,0,00000000
9328,5581,00000010,fe000ce3,0,00000000
9331,5582,00000008,00108093,1,00000745
9332,5583,0000000c,00208463,0,00000000
9333,5584,00000010,fe000ce3,0,00000000
9336,5585,00000008,00108093,1,00000746
9337,5586,0000000c,00208463,0,00000000
9338,5587,00000010,fe000ce3,0,00000000
9341,5588,00000008,00108093,1,00000747
9342,5589,0000000c,00208463,0,00000000
9343,5590,00000010,fe000ce3,0,00000000
9346,5591,00000008,00108093,1,00000748
9347,5592,0000000c,00208463,0,00000000
9348,5593,00000010,fe000ce3,0,00000000
9351,5594,00000008,00108093,1,00000749
9352,5595,0000000c,00208463,0,00000000
9353,5596,00000010,fe000ce3,0,00000000
9356,5597,00000008,00108093,1,0000074a
9357,5598,0000000c,00208463,0,00000000
9358,5599,00000010,fe000ce3,0,00000000
9361,5600,00000008,00108093,1,0000074b
9362,5601,0000000c,00208463,0,00000000
9363,5602,00000010,fe000ce3,0,00000000
9366,5603,00000008,00108093,1,0000074c
9367,5604,0000000c,00208463,0,00000000
9368,5605,00000010,fe000ce3,0,00000000
9371,5606,00000008,00108093,1,0000074d
9372,5607,0000000c,00208463,0,00000000
9373,5608,00000010,fe000ce3,0,00000000
9376,5609,00000008,00108093,1,0000074e
9377,5610,0000000c,00208463,0,00000000
9378,5611,00000010,fe000ce3,0,00000000
9381,5612,00000008,00108093,1,0000074f
9382,5613,0000000c,00208463,0,00000000
9383,5614,00000010,fe000ce3,0,00000000
9386,5615,00000008,00108093,1,00000750
9387,5616,0000000c,00208463,0,00000000
9388,5617,00000010,fe000ce3,0,00000000
9391,5618,00000008,00108093,1,00000751
9392,5619,0000000c,00208463,0,00000000
9393,5620,00000010,fe000ce3,0,00000000
9396,5621,00000008,00108093,1,00000752
9397,5622,0000000c,00208463,0,00000000
9398,5623,00000010,fe000ce3,0,00000000
9401,5624,00000008,00108093,1,00000753
9402,5625,0000000c,00208463,0,00000000
9403,5626,00000010,fe000ce3,0,00000000
9406,5627,00000008,00108093,1,00000754
9407,5628,0000000c,00208463,0,00000000
9408,5629,00000010,fe000ce3,0,00000000
9411,5630,00000008,00108093,1,00000755
9412,5631,0000000c,00208463,0,00000000
9413,5632,00000010,fe000ce3,0,00000000
9416,5633,00000008,00108093,1,00000756
9417,5634,0000000c,00208463,0,00000000
9418,5635,00000010,fe000ce3,0,00000000
9421,5636,00000008,00108093,1,00000757
9422,5637,0000000c,00208463,0,00000000
9423,5638,00000010,fe000ce3,0,00000000
9426,5639,00000008,00108093,1,00000758
9427,5640,0000000c,00208463,0,00000000
9428,5641,00000010,fe000ce3,0,00000000
9431,5642,00000008,00108093,1,00000759
9432,5643,0000000c,00208463,0,00000000
9433,5644,00000010,fe000ce3,0,00000000
9436,5645,00000008,00108093,1,0000075a
9437,5646,0000000c,00208463,0,00000000
9438,5647,00000010,fe000ce3,0,00000000
9441,5648,00000008,00108093,1,0000075b
9442,5649,0000000c,00208463,0,00000000
9443,5650,00000010,fe000ce3,0,00000000
9446,5651,00000008,00108093,1,0000075c
9447,5652,0000000c,00208463,0,00000000
9448,5653,00000010,fe000ce3,0,00000000
9451,5654,00000008,00108093,1,0000075d
9452,5655,0000000c,00208463,0,00000000
9453,5656,00000010,fe000ce3,0,00000000
9456,5657,00000008,00108093,1,0000075e
9457,5658,0000000c,00208463,0,00000000
9458,5659,00000010,fe000ce3,0,00000000
9461,5660,00000008,00108093,1,0000075f
9462,5661,0000000c,00208463,0,00000000
9463,5662,00000010,fe000ce3,0,00000000
9466,5663,00000008,00108093,1,00000760
9467,5664,0000000c,00208463,0,00000000
9468,5665,00000010,fe000ce3,0,00000000
9471,5666,00000008,00108093,1,00000761
9472,5667,0000000c,00208463,0,00000000
9473,5668,00000010,fe000ce3,0,00000000
9476,5669,00000008,00108093,1,00000762
9477,5670,0000000c,00208463,0,00000000
9478,5671,00000010,fe000ce3,0,00000000
9481,5672,00000008,00108093,1,00000763
9482,5673,0000000c,00208463,0,00000000
9483,5674,00000010,fe000ce3,0,00000000
9486,5675,00000008,00108093,1,00000764
9487,5676,0000000c,00208463,0,00000000
9488,5677,00000010,fe000ce3,0,00000000
9491,5678,00000008,00108093,1,00000765
9492,5679,0000000c,00208463,0,00000000
9493,5680,00000010,fe000ce3,0,00000000
9496,5681,00000008,00108093,1,00000766
9497,5682,0000000c,00208463,0,00000000
9498,5683,00000010,fe000ce3,0,00000000
9501,5684,00000008,00108093,1,00000767
9502,5685,0000000c,00208463,0,00000000
9503,5686,00000010,fe000ce3,0,00000000
9506,5687,00000008,00108093,1,00000768
9507,5688,0000000c,00208463,0,00000000
9508,5689,00000010,fe000ce3,0,00000000
9511,5690,00000008,00108093,1,00000769
9512,5691,0000000c,00208463,0,00000000
9513,5692,00000010,fe000ce3,0,00000000
9516,5693,00000008,00108093,1,0000076a
9517,5694,0000000c,00208463,0,00000000
9518,5695,00000010,fe000ce3,0,00000000
9521,5696,00000008,00108093,1,0000076b
9522,5697,0000000c,00208463,0,00000000
9523,5698,00000010,fe000ce3,0,00000000
9526,5699,00000008,00108093,1,0000076c
9527,5700,0000000c,00208463,0,00000000
9528,5701,00000010,fe000ce3,0,00000000
9531,5702,00000008,00108093,1,0000076d
9532,5703,0000000c,00208463,0,00000000
9533,5704,00000010,fe000ce3,0,00000000
9536,5705,00000008,00108093,1,0000076e
9537,5706,0000000c,00208463,0,00000000
9538,5707,00000010,fe000ce3,0,00000000
9541,5708,00000008,00108093,1,0000076f
9542,5709,0000000c,00208463,0,00000000
9543,5710,00000010,fe000ce3,0,00000000
9546,5711,00000008,00108093,1,00000770
9547,5712,0000000c,00208463,0,00000000
9548,5713,00000010,fe000ce3,0,00000000
9551,5714,00000008,00108093,1,00000771
9552,5715,0000000c,00208463,0,00000000
9553,5716,00000010,fe000ce3,0,00000000
9556,5717,00000008,00108093,1,00000772
9557,5718,0000000c,00208463,0,00000000
9558,5719,00000010,fe000ce3,0,00000000
9561,5720,00000008,00108093,1,00000773
9562,5721,0000000c,00208463,0,00000000
9563,5722,00000010,fe000ce3,0,00000000
9566,5723,00000008,00108093,1,00000774
9567,5724,0000000c,00208463,0,00000000
9568,5725,00000010,fe000ce3,0,00000000
9571,5726,00000008,00108093,1,00000775
9572,5727,0000000c,00208463,0,00000000
9573,5728,00000010,fe000ce3,0,00000000
9576,5729,00000008,00108093,1,00000776
9577,5730,0000000c,00208463,0,00000000
9578,5731,00000010,fe000ce3,0,00000000
9581,5732,00000008,00108093,1,00000777
9582,5733,0000000c,00208463,0,00000000
9583,5734,00000010,fe000ce3,0,00000000
9586,5735,00000008,00108093,1,00000778
9587,5736,0000000c,00208463,0,00000000
9588,5737,00000010,fe000ce3,0,00000000
9591,5738,00000008,00108093,1,00000779
9592,5739,0000000c,00208463,0,00000000
9593,5740,00000010,fe000ce3,0,00000000
9596,5741,00000008,00108093,1,0000077a
9597,5742,0000000c,00208463,0,00000000
9598,5743,00000010,fe000ce3,0,00000000
9601,5744,00000008,00108093,1,0000077b
9602,5745,0000000c,00208463,0,00000000
9603,5746,00000010,fe000ce3,0,00000000
9606,5747,00000008,00108093,1,0000077c
9607,5748,0000000c,00208463,0,00000000
9608,5749,00000010,fe000ce3,0,00000000
9611,5750,00000008,00108093,1,0000077d
9612,5751,0000000c,00208463,0,00000000
9613,5752,00000010,fe000ce3,0,00000000
9616,5753,00000008,00108093,1,0000077e
9617,5754,0000000c,00208463,0,00000000
9618,5755,00000010,fe000ce3,0,00000000
9621,5756,00000008,00108093,1,0000077f
9622,5757,0000000c,00208463,0,00000000
9623,5758,00000010,fe000ce3,0,00000000
9626,5759,00000008,00108093,1,00000780
9627,5760,0000000c,00208463,0,00000000
9628,5761,00000010,fe000ce3,0,00000000
9631,5762,00000008,00108093,1,00000781
9632,5763,0000000c,00208463,0,00000000
9633,5764,00000010,fe000ce3,0,00000000
9636,5765,00000008,00108093,1,00000782
9637,5766,0000000c,00208463,0,00000000
9638,5767,00000010,fe000ce3,0,00000000
9641,5768,00000008,00108093,1,00000783
9642,5769,0000000c,00208463,0,00000000
9643,5770,00000010,fe000ce3,0,00000000
9646,5771,00000008,00108093,1,00000784
9647,5772,0000000c,00208463,0,00000000
9648,5773,00000010,fe000ce3,0,00000000
9651,5774,00000008,00108093,1,00000785
9652,5775,0000000c,00208463,0,00000000
9653,5776,00000010,fe000ce3,0,00000000
9656,5777,00000008,00108093,1,00000786
9657,5778,0000000c,00208463,0,00000000
9658,5779,00000010,fe000ce3,0,00000000
9661,5780,00000008,00108093,1,00000787
9662,5781,0000000c,00208463,0,00000000
9663,5782,00000010,fe000ce3,0,00000000
9666,5783,00000008,00108093,1,00000788
9667,5784,0000000c,00208463,0,00000000
9668,5785,00000010,fe000ce3,0,00000000
9671,5786,00000008,00108093,1,00000789
9672,5787,0000000c,00208463,0,00000000
9673,5788,00000010,fe000ce3,0,00000000
9676,5789,00000008,00108093,1,0000078a
9677,5790,0000000c,00208463,0,00000000
9678,5791,00000010,fe000ce3,0,00000000
9681,5792,00000008,00108093,1,0000078b
9682,5793,0000000c,00208463,0,00000000
9683,5794,00000010,fe000ce3,0,00000000
9686,5795,00000008,00108093,1,0000078c
9687,5796,0000000c,00208463,0,00000000
9688,5797,00000010,fe000ce3,0,00000000
9691,5798,00000008,00108093,1,0000078d
9692,5799,0000000c,00208463,0,00000000
9693,5800,00000010,fe000ce3,0,00000000
9696,5801,00000008,00108093,1,0000078e
9697,5802,0000000c,00208463,0,00000000
9698,5803,00000010,fe000ce3,0,00000000
9701,5804,00000008,00108093,1,0000078f
9702,5805,0000000c,00208463,0,00000000
9703,5806,00000010,fe000ce3,0,00000000
9706,5807,00000008,00108093,1,00000790
9707,5808,0000000c,00208463,0,00000000
9708,5809,00000010,fe000ce3,0,00000000
9711,5810,00000008,00108093,1,00000791
9712,5811,0000000c,00208463,0,00000000
9713,5812,00000010,fe000ce3,0,00000000
9716,5813,00000008,00108093,1,00000792
9717,5814,0000000c,00208463,0,00000000
9718,5815,00000010,fe000ce3,0,00000000
9721,5816,00000008,00108093,1,00000793
9722,5817,0000000c,00208463,0,00000000
9723,5818,00000010,fe000ce3,0,00000000
9726,5819,00000008,00108093,1,00000794
9727,5820,0000000c,00208463,0,00000000
9728,5821,00000010,fe000ce3,0,00000000
9731,5822,00000008,00108093,1,00000795
9732,5823,0000000c,00208463,0,00000000
9733,5824,00000010,fe000ce3,0,00000000
9736,5825,00000008,00108093,1,00000796
9737,5826,0000000c,00208463,0,00000000
9738,5827,00000010,fe000ce3,0,00000000
9741,5828,00000008,00108093,1,00000797
9742,5829,0000000c,00208463,0,00000000
9743,5830,00000010,fe000ce3,0,00000000
9746,5831,00000008,00108093,1,00000798
9747,5832,0000000c,00208463,0,00000000
9748,5833,00000010,fe000ce3,0,00000000
9751,5834,00000008,00108093,1,00000799
9752,5835,0000000c,00208463,0,00000000
9753,5836,00000010,fe000ce3,0,00000000
9756,5837,00000008,00108093,1,0000079a
9757,5838,0000000c,00208463,0,00000000
9758,5839,00000010,fe000ce3,0,00000000
9761,5840,00000008,00108093,1,0000079b
9762,5841,0000000c,00208463,0,00000000
9763,5842,00000010,fe000ce3,0,00000000
9766,5843,00000008,00108093,1,0000079c
9767,5844,0000000c,00208463,0,00000000
9768,5845,00000010,fe000ce3,0,00000000
9771,5846,00000008,00108093,1,0000079d
9772,5847,0000000c,00208463,0,00000000
9773,5848,00000010,fe000ce3,0,00000000
9776,5849,00000008,00108093,1,0000079e
9777,5850,0000000c,00208463,0,00000000
9778,5851,00000010,fe000ce3,0,00000000
9781,5852,00000008,00108093,1,0000079f
9782,5853,0000000c,00208463,0,00000000
9783,5854,00000010,fe000ce3,0,00000000
9786,5855,00000008,00108093,1,000007a0
9787,5856,0000000c,00208463,0,00000000
9788,5857,00000010,fe000ce3,0,00000000
9791,5858,00000008,00108093,1,000007a1
9792,5859,0000000c,00208463,0,00000000
9793,5860,00000010,fe000ce3,0,00000000
9796,5861,00000008,00108093,1,000007a2
9797,5862,0000000c,00208463,0,00000000
9798,5863,00000010,fe000ce3,0,00000000
9801,5864,00000008,00108093,1,000007a3
9802,5865,0000000c,00208463,0,00000000
9803,5866,00000010,fe000ce3,0,00000000
9806,5867,00000008,00108093,1,000007a4
9807,5868,0000000c,00208463,0,00000000
9808,5869,00000010,fe000ce3,0,00000000
9811,5870,00000008,00108093,1,000007a5
9812,5871,0000000c,00208463,0,00000000
9813,5872,00000010,fe000ce3,0,00000000
9816,5873,00000008,00108093,1,000007a6
9817,5874,0000000c,00208463,0,00000000
9818,5875,00000010,fe000ce3,0,00000000
9821,5876,00000008,00108093,1,000007a7
9822,5877,0000000c,00208463,0,00000000
9823,5878,00000010,fe000ce3,0,00000000
9826,5879,00000008,00108093,1,000007a8
9827,5880,0000000c,00208463,0,00000000
9828,5881,00000010,fe000ce3,0,00000000
9831,5882,00000008,00108093,1,000007a9
9832,5883,0000000c,00208463,0,00000000
9833,5884,00000010,fe000ce3,0,00000000
9836,5885,00000008,00108093,1,000007aa
9837,5886,0000000c,00208463,0,00000000
9838,5887,00000010,fe000ce3,0,00000000
9841,5888,00000008,00108093,1,000007ab
9842,5889,0000000c,00208463,0,00000000
9843,5890,00000010,fe000ce3,0,00000000
9846,5891,00000008,00108093,1,000007ac
9847,5892,0000000c,00208463,0,00000000
9848,5893,00000010,fe000ce3,0,00000000
9851,5894,00000008,00108093,1,000007ad
9852,5895,0000000c,00208463,0,00000000
9853,5896,00000010,fe000ce3,0,00000000
9856,5897,00000008,00108093,1,000007ae
9857,5898,0000000c,00208463,0,00000000
9858,5899,00000010,fe000ce3,0,00000000
9861,5900,00000008,00108093,1,000007af
9862,5901,0000000c,00208463,0,00000000
9863,5902,00000010,fe000ce3,0,00000000
9866,5903,00000008,00108093,1,000007b0
9867,5904,0000000c,00208463,0,00000000
9868,5905,00000010,fe000ce3,0,00000000
9871,5906,00000008,00108093,1,000007b1
9872,5907,0000000c,00208463,0,00000000
9873,5908,00000010,fe000ce3,0,00000000
9876,5909,00000008,00108093,1,000007b2
9877,5910,0000000c,00208463,0,00000000
9878,5911,00000010,fe000ce3,0,00000000
9881,5912,00000008,00108093,1,000007b3
9882,5913,0000000c,00208463,0,00000000
9883,5914,00000010,fe000ce3,0,00000000
9886,5915,00000008,00108093,1,000007b4
9887,5916,0000000c,00208463,0,00000000
9888,5917,00000010,fe000ce3,0,00000000
9891,5918,00000008,00108093,1,000007b5
9892,5919,0000000c,00208463,0,00000000
9893,5920,00000010,fe000ce3,0,00000000
9896,5921,00000008,00108093,1,000007b6
9897,5922,0000000c,00208463,0,00000000
9898,5923,00000010,fe000ce3,0,00000000
9901,5924,00000008,00108093,1,000007b7
9902,5925,0000000c,00208463,0,00000000
9903,5926,00000010,fe000ce3,0,00000000
9906,5927,00000008,00108093,1,000007b8
9907,5928,0000000c,00208463,0,00000000
9908,5929,00000010,fe000ce3,0,00000000
9911,5930,00000008,00108093,1,000007b9
9912,5931,0000000c,00208463,0,00000000
9913,5932,00000010,fe000ce3,0,00000000
9916,5933,00000008,00108093,1,000007ba
9917,5934,0000000c,00208463,0,00000000
9918,5935,00000010,fe000ce3,0,00000000
9921,5936,00000008,00108093,1,000007bb
9922,5937,0000000c,00208463,0,00000000
9923,5938,00000010,fe000ce3,0,00000000
9926,5939,00000008,00108093,1,000007bc
9927,5940,0000000c,00208463,0,00000000
9928,5941,00000010,fe000ce3,0,00000000
9931,5942,00000008,00108093,1,000007bd
9932,5943,0000000c,00208463,0,00000000
9933,5944,00000010,fe000ce3,0,00000000
9936,5945,00000008,00108093,1,000007be
9937,5946,0000000c,00208463,0,00000000
9938,5947,00000010,fe000ce3,0,00000000
9941,5948,00000008,00108093,1,000007bf
9942,5949,0000000c,00208463,0,00000000
9943,5950,00000010,fe000ce3,0,00000000
9946,5951,00000008,00108093,1,000007c0
9947,5952,0000000c,00208463,0,00000000
9948,5953,00000010,fe000ce3,0,00000000
9951,5954,00000008,00108093,1,000007c1
9952,5955,0000000c,00208463,0,00000000
9953,5956,00000010,fe000ce3,0,00000000
9956,5957,00000008,00108093,1,000007c2
9957,5958,0000000c,00208463,0,00000000
9958,5959,00000010,fe000ce3,0,00000000
9961,5960,00000008,00108093,1,000007c3
9962,5961,0000000c,00208463,0,00000000
9963,5962,00000010,fe000ce3,0,00000000
9966,5963,00000008,00108093,1,000007c4
9967,5964,0000000c,00208463,0,00000000
9968,5965,00000010,fe000ce3,0,00000000
9971,5966,00000008,00108093,1,000007c5
9972,5967,0000000c,00208463,0,00000000
9973,5968,00000010,fe000ce3,0,00000000
9976,5969,00000008,00108093,1,000007c6
9977,5970,0000000c,00208463,0,00000000
9978,5971,00000010,fe000ce3,0,00000000
9981,5972,00000008,00108093,1,000007c7
9982,5973,0000000c,00208463,0,00000000
9983,5974,00000010,fe000ce3,0,00000000
9986,5975,00000008,00108093,1,000007c8
9987,5976,0000000c,00208463,0,00000000
9988,5977,00000010,fe000ce3,0,00000000
9991,5978,00000008,00108093,1,000007c9
9992,5979,0000000c,00208463,0,00000000
9993,5980,00000010,fe000ce3,0,00000000
9996,5981,00000008,00108093,1,000007ca
9997,5982,0000000c,00208463,0,00000000
9998,5983,00000010,fe000ce3,0,00000000
10001,5984,00000008,00108093,1,000007cb
10002,5985,0000000c,00208463,0,00000000
10003,5986,00000010,fe000ce3,0,00000000
10006,5987,00000008,00108093,1,000007cc
10007,5988,0000000c,00208463,0,00000000
10008,5989,00000010,fe000ce3,0,00000000
10011,5990,00000008,00108093,1,000007cd
10012,5991,0000000c,00208463,0,00000000
10013,5992,00000010,fe000ce3,0,00000000
10016,5993,00000008,00108093,1,000007ce
10017,5994,0000000c,00208463,0,00000000
10018,5995,00000010,fe000ce3,0,00000000
10021,5996,00000008,00108093,1,000007cf
10022,5997,0000000c,00208463,0,00000000
10023,5998,00000010,fe000ce3,0,00000000
10026,5999,00000008,00108093,1,000007d0
10027,6000,0000000c,00208463,0,00000000
10030,6001,00000014,00000063,0,00000000
