cycle,index,pc,instruction,rd,value
6,0,00000000,00000093,1,00000000
9,1,00000004,7d000113,2,000007d0
12,2,00000008,00108093,1,00000001
15,3,0000000c,00208463,0,00000000
18,4,00000010,fe000ce3,0,00000000
22,5,00000008,00108093,1,00000002
25,6,0000000c,00208463,0,00000000
28,7,00000010,fe000ce3,0,00000000
31,8,00000008,00108093,1,00000003
34,9,0000000c,00208463,0,00000000
37,10,00000010,fe000ce3,0,00000000
40,11,00000008,00108093,1,00000004
43,12,0000000c,00208463,0,00000000
46,13,00000010,fe000ce3,0,00000000
49,14,00000008,00108093,1,00000005
52,15,0000000c,00208463,0,00000000
55,16,00000010,fe000ce3,0,00000000
58,17,00000008,00108093,1,00000006
61,18,0000000c,00208463,0,00000000
64,19,00000010,fe000ce3,0,00000000
67,20,00000008,00108093,1,00000007
70,21,0000000c,00208463,0,00000000
73,22,00000010,fe000ce3,0,00000000
76,23,00000008,00108093,1,00000008
79,24,0000000c,00208463,0,00000000
82,25,00000010,fe000ce3,0,00000000
85,26,00000008,00108093,1,00000009
88,27,0000000c,00208463,0,00000000
91,28,00000010,fe000ce3,0,00000000
94,29,00000008,00108093,1,0000000a
97,30,0000000c,00208463,0,00000000
100,31,00000010,fe000ce3,0,00000000
103,32,00000008,00108093,1,0000000b
106,33,0000000c,00208463,0,00000000
109,34,00000010,fe000ce3,0,00000000
112,35,00000008,00108093,1,0000000c
115,36,0000000c,00208463,0,00000000
118,37,00000010,fe000ce3,0,00000000
121,38,00000008,00108093,1,0000000d
124,39,0000000c,00208463,0,00000000
127,40,00000010,fe000ce3,0,00000000
130,41,00000008,00108093,1,0000000e
133,42,0000000c,00208463,0,00000000
136,43,00000010,fe000ce3,0,00000000
139,44,00000008,00108093,1,0000000f
142,45,0000000c,00208463,0,00000000
145,46,00000010,fe000ce3,0,00000000
148,47,00000008,00108093,1,00000010
151,48,0000000c,00208463,0,00000000
154,49,00000010,fe000ce3,0,00000000
157,50,00000008,00108093,1,00000011
160,51,0000000c,00208463,0,00000000
163,52,00000010,fe000ce3,0,00000000
166,53,00000008,00108093,1,00000012
169,54,0000000c,00208463,0,00000000
172,55,00000010,fe000ce3,0,00000000
175,56,00000008,00108093,1,00000013
178,57,0000000c,00208463,0,00000000
181,58,00000010,fe000ce3,0,00000000
184,59,00000008,00108093,1,00000014
187,60,0000000c,00208463,0,00000000
190,61,00000010,fe000ce3,0,00000000
193,62,00000008,00108093,1,00000015
196,63,0000000c,00208463,0,00000000
199,64,00000010,fe000ce3,0,00000000
202,65,00000008,00108093,1,00000016
205,66,0000000c,00208463,0,00000000
208,67,00000010,fe000ce3,0,00000000
211,68,00000008,00108093,1,00000017
214,69,0000000c,00208463,0,00000000
217,70,00000010,fe000ce3,0,00000000
220,71,00000008,00108093,1,00000018
223,72,0000000c,00208463,0,00000000
226,73,00000010,fe000ce3,0,00000000
229,74,00000008,00108093,1,00000019
232,75,0000000c,00208463,0,00000000
235,76,00000010,fe000ce3,0,00000000
238,77,00000008,00108093,1,0000001a
241,78,0000000c,00208463,0,00000000
244,79,00000010,fe000ce3,0,00000000
247,80,00000008,00108093,1,0000001b
250,81,0000000c,00208463,0,00000000
253,82,00000010,fe000ce3,0,00000000
256,83,00000008,00108093,1,0000001c
259,84,0000000c,00208463,0,00000000
262,85,00000010,fe000ce3,0,00000000
265,86,00000008,00108093,1,0000001d
268,87,0000000c,00208463,0,00000000
271,88,00000010,fe000ce3,0,00000000
274,89,00000008,00108093,1,0000001e
277,90,0000000c,00208463,0,00000000
280,91,00000010,fe000ce3,0,00000000
283,92,00000008,00108093,1,0000001f
286,93,0000000c,00208463,0,00000000
289,94,00000010,fe000ce3,0,00000000
292,95,00000008,00108093,1,00000020
295,96,0000000c,00208463,0,00000000
298,97,00000010,fe000ce3,0,00000000
301,98,00000008,00108093,1,00000021
304,99,0000000c,00208463,0,00000000
307,100,00000010,fe000ce3,0,00000000
310,101,00000008,00108093,1,00000022
313,102,0000000c,00208463,0,00000000
316,103,00000010,fe000ce3,0,00000000
319,104,00000008,00108093,1,00000023
322,105,0000000c,00208463,0,00000000
325,106,00000010,fe000ce3,0,00000000
328,107,00000008,00108093,1,00000024
331,108,0000000c,00208463,0,00000000
334,109,00000010,fe000ce3,0,00000000
337,110,00000008,00108093,1,00000025
340,111,0000000c,00208463,0,00000000
343,112,00000010,fe000ce3,0,00000000
346,113,00000008,00108093,1,00000026
349,114,0000000c,00208463,0,00000000
352,115,00000010,fe000ce3,0,00000000
355,116,00000008,00108093,1,00000027
358,117,0000000c,00208463,0,00000000
361,118,00000010,fe000ce3,0,00000000
364,119,00000008,00108093,1,00000028
367,120,0000000c,00208463,0,00000000
370,121,00000010,fe000ce3,0,00000000
373,122,00000008,00108093,1,00000029
376,123,0000000c,00208463,0,00000000
379,124,00000010,fe000ce3,0,00000000
382,125,00000008,00108093,1,0000002a
385,126,0000000c,00208463,0,00000000
388,127,00000010,fe000ce3,0,00000000
391,128,00000008,00108093,1,0000002b
394,129,0000000c,00208463,0,00000000
397,130,00000010,fe000ce3,0,00000000
400,131,00000008,00108093,1,0000002c
403,132,0000000c,00208463,0,00000000
406,133,00000010,fe000ce3,0,00000000
409,134,00000008,00108093,1,0000002d
412,135,0000000c,00208463,0,00000000
415,136,00000010,fe000ce3,0,00000000
418,137,00000008,00108093,1,0000002e
421,138,0000000c,00208463,0,00000000
424,139,00000010,fe000ce3,0,00000000
427,140,00000008,00108093,1,0000002f
430,141,0000000c,00208463,0,00000000
433,142,00000010,fe000ce3,0,00000000
436,143,00000008,00108093,1,00000030
439,144,0000000c,00208463,0,00000000
442,145,00000010,fe000ce3,0,00000000
445,146,00000008,00108093,1,00000031
448,147,0000000c,00208463,0,00000000
451,148,00000010,fe000ce3,0,00000000
454,149,00000008,00108093,1,00000032
457,150,0000000c,00208463,0,00000000
460,151,00000010,fe000ce3,0,00000000
463,152,00000008,00108093,1,00000033
466,153,0000000c,00208463,0,00000000
469,154,00000010,fe000ce3,0,00000000
472,155,00000008,00108093,1,00000034
475,156,0000000c,00208463,0,00000000
478,157,00000010,fe000ce3,0,00000000
481,158,00000008,00108093,1,00000035
484,159,0000000c,00208463,0,00000000
487,160,00000010,fe000ce3,0,00000000
490,161,00000008,00108093,1,00000036
493,162,0000000c,00208463,0,00000000
496,163,00000010,fe000ce3,0,00000000
499,164,00000008,00108093,1,00000037
502,165,0000000c,00208463,0,00000000
505,166,00000010,fe000ce3,0,00000000
508,167,00000008,00108093,1,00000038
511,168,0000000c,00208463,0,00000000
514,169,00000010,fe000ce3,0,00000000
517,170,00000008,00108093,1,00000039
520,171,0000000c,00208463,0,00000000
523,172,00000010,fe000ce3,0,00000000
526,173,00000008,00108093,1,0000003a
529,174,0000000c,00208463,0,00000000
532,175,00000010,fe000ce3,0,00000000
535,176,00000008,00108093,1,0000003b
538,177,0000000c,00208463,0,00000000
541,178,00000010,fe000ce3,0,00000000
544,179,00000008,00108093,1,0000003c
547,180,0000000c,00208463,0,00000000
550,181,00000010,fe000ce3,0,00000000
553,182,00000008,00108093,1,0000003d
556,183,0000000c,00208463,0,00000000
559,184,00000010,fe000ce3,0,00000000
562,185,00000008,00108093,1,0000003e
565,186,0000000c,00208463,0,00000000
568,187,00000010,fe000ce3,0,00000000
571,188,00000008,00108093,1,0000003f
574,189,0000000c,00208463,0,00000000
577,190,00000010,fe000ce3,0,00000000
580,191,00000008,00108093,1,00000040
583,192,0000000c,00208463,0,00000000
586,193,00000010,fe000ce3,0,00000000
589,194,00000008,00108093,1,00000041
592,195,0000000c,00208463,0,00000000
595,196,00000010,fe000ce3,0,00000000
598,197,00000008,00108093,1,00000042
601,198,0000000c,00208463,0,00000000
604,199,00000010,fe000ce3,0,00000000
607,200,00000008,00108093,1,00000043
610,201,0000000c,00208463,0,00000000
613,202,00000010,fe000ce3,0,00000000
616,203,00000008,00108093,1,00000044
619,204,0000000c,00208463,0,00000000
622,205,00000010,fe000ce3,0,00000000
625,206,00000008,00108093,1,00000045
628,207,0000000c,00208463,0,00000000
631,208,00000010,fe000ce3,0,00000000
634,209,00000008,00108093,1,00000046
637,210,0000000c,00208463,0,00000000
640,211,00000010,fe000ce3,0,00000000
643,212,00000008,00108093,1,00000047
646,213,0000000c,00208463,0,00000000
649,214,00000010,fe000ce3,0,00000000
652,215,00000008,00108093,1,00000048
655,216,0000000c,00208463,0,00000000
658,217,00000010,fe000ce3,0,00000000
661,218,00000008,00108093,1,00000049
664,219,0000000c,00208463,0,00000000
667,220,00000010,fe000ce3,0,00000000
670,221,00000008,00108093,1,0000004a
673,222,0000000c,00208463,0,00000000
676,223,00000010,fe000ce3,0,00000000
679,224,00000008,00108093,1,0000004b
682,225,0000000c,00208463,0,00000000
685,226,00000010,fe000ce3,0,00000000
688,227,00000008,00108093,1,0000004c
691,228,0000000c,00208463,0,00000000
694,229,00000010,fe000ce3,0,00000000
697,230,00000008,00108093,1,0000004d
700,231,0000000c,00208463,0,00000000
703,232,00000010,fe000ce3,0,00000000
706,233,00000008,00108093,1,0000004e
709,234,0000000c,00208463,0,00000000
712,235,00000010,fe000ce3,0,00000000
715,236,00000008,00108093,1,0000004f
718,237,0000000c,00208463,0,00000000
721,238,00000010,fe000ce3,0,00000000
724,239,00000008,00108093,1,00000050
727,240,0000000c,00208463,0,00000000
730,241,00000010,fe000ce3,0,00000000
733,242,00000008,00108093,1,00000051
736,243,0000000c,00208463,0,00000000
739,244,00000010,fe000ce3,0,00000000
742,245,00000008,00108093,1,00000052
745,246,0000000c,00208463,0,00000000
748,247,00000010,fe000ce3,0,00000000
751,248,00000008,00108093,1,00000053
754,249,0000000c,00208463,0,00000000
757,250,00000010,fe000ce3,0,00000000
760,251,00000008,00108093,1,00000054
763,252,0000000c,00208463,0,00000000
766,253,00000010,fe000ce3,0,00000000
769,254,00000008,00108093,1,00000055
772,255,0000000c,00208463,0,00000000
775,256,00000010,fe000ce3,0,00000000
778,257,00000008,00108093,1,00000056
781,258,0000000c,00208463,0,00000000
784,259,00000010,fe000ce3,0,00000000
787,260,00000008,00108093,1,00000057
790,261,0000000c,00208463,0,00000000
793,262,00000010,fe000ce3,0,00000000
796,263,00000008,00108093,1,00000058
799,264,0000000c,00208463,0,00000000
802,265,00000010,fe000ce3,0,00000000
805,266,00000008,00108093,1,00000059
808,267,0000000c,00208463,0,00000000
811,268,00000010,fe000ce3,0,00000000
814,269,00000008,00108093,1,0000005a
817,270,0000000c,00208463,0,00000000
820,271,00000010,fe000ce3,0,00000000
823,272,00000008,00108093,1,0000005b
826,273,0000000c,00208463,0,00000000
829,274,00000010,fe000ce3,0,00000000
832,275,00000008,00108093,1,0000005c
835,276,0000000c,00208463,0,00000000
838,277,00000010,fe000ce3,0,00000000
841,278,00000008,00108093,1,0000005d
844,279,0000000c,00208463,0,00000000
847,280,00000010,fe000ce3,0,00000000
850,281,00000008,00108093,1,0000005e
853,282,0000000c,00208463,0,00000000
856,283,00000010,fe000ce3,0,00000000
859,284,00000008,00108093,1,0000005f
862,285,0000000c,00208463,0,00000000
865,286,00000010,fe000ce3,0,00000000
868,287,00000008,00108093,1,00000060
871,288,0000000c,00208463,0,00000000
874,289,00000010,fe000ce3,0,00000000
877,290,00000008,00108093,1,00000061
880,291,0000000c,00208463,0,00000000
883,292,00000010,fe000ce3,0,00000000
886,293,00000008,00108093,1,00000062
889,294,0000000c,00208463,0,00000000
892,295,00000010,fe000ce3,0,00000000
895,296,00000008,00108093,1,00000063
898,297,0000000c,00208463,0,00000000
901,298,00000010,fe000ce3,0,00000000
904,299,00000008,00108093,1,00000064
907,300,0000000c,00208463,0,00000000
910,301,00000010,fe000ce3,0,00000000
913,302,00000008,00108093,1,00000065
916,303,0000000c,00208463,0,00000000
919,304,00000010,fe000ce3,0,00000000
922,305,00000008,00108093,1,00000066
925,306,0000000c,00208463,0,00000000
928,307,00000010,fe000ce3,0,00000000
931,308,00000008,00108093,1,00000067
934,309,0000000c,00208463,0,00000000
937,310,00000010,fe000ce3,0,00000000
940,311,00000008,00108093,1,00000068
943,312,0000000c,00208463,0,00000000
946,313,00000010,fe000ce3,0,00000000
949,314,00000008,00108093,1,00000069
952,315,0000000c,00208463,0,00000000
955,316,00000010,fe000ce3,0,00000000
958,317,00000008,00108093,1,0000006a
961,318,0000000c,00208463,0,00000000
964,319,00000010,fe000ce3,0,00000000
967,320,00000008,00108093,1,0000006b
970,321,0000000c,00208463,0,00000000
973,322,00000010,fe000ce3,0,00000000
976,323,00000008,00108093,1,0000006c
979,324,0000000c,00208463,0,00000000
982,325,00000010,fe000ce3,0,00000000
985,326,00000008,00108093,1,0000006d
988,327,0000000c,00208463,0,00000000
991,328,00000010,fe000ce3,0,00000000
994,329,00000008,00108093,1,0000006e
997,330,0000000c,00208463,0,00000000
1000,331,00000010,fe000ce3,0,00000000
1003,332,00000008,00108093,1,0000006f
1006,333,0000000c,00208463,0,00000000
1009,334,00000010,fe000ce3,0,00000000
1012,335,00000008,00108093,1,00000070
1015,336,0000000c,00208463,0,00000000
1018,337,00000010,fe000ce3,0,00000000
1021,338,00000008,00108093,1,00000071
1024,339,0000000c,00208463,0,00000000
1027,340,00000010,fe000ce3,0,00000000
1030,341,00000008,00108093,1,00000072
1033,342,0000000c,00208463,0,00000000
1036,343,00000010,fe000ce3,0,00000000
1039,344,00000008,00108093,1,00000073
1042,345,0000000c,00208463,0,00000000
1045,346,00000010,fe000ce3,0,00000000
1048,347,00000008,00108093,1,00000074
1051,348,0000000c,00208463,0,00000000
1054,349,00000010,fe000ce3,0,00000000
1057,350,00000008,00108093,1,00000075
1060,351,0000000c,00208463,0,00000000
1063,352,00000010,fe000ce3,0,00000000
1066,353,00000008,00108093,1,00000076
1069,354,0000000c,00208463,0,00000000
1072,355,00000010,fe000ce3,0,00000000
1075,356,00000008,00108093,1,00000077
1078,357,0000000c,00208463,0,00000000
1081,358,00000010,fe000ce3,0,00000000
1084,359,00000008,00108093,1,00000078
1087,360,0000000c,00208463,0,00000000
1090,361,00000010,fe000ce3,0,00000000
1093,362,00000008,00108093,1,00000079
1096,363,0000000c,00208463,0,00000000
1099,364,00000010,fe000ce3,0,00000000
1102,365,00000008,00108093,1,0000007a
1105,366,0000000c,00208463,0,00000000
1108,367,00000010,fe000ce3,0,00000000
1111,368,00000008,00108093,1,0000007b
1114,369,0000000c,00208463,0,00000000
1117,370,00000010,fe000ce3,0,00000000
1120,371,00000008,00108093,1,0000007c
1123,372,0000000c,00208463,0,00000000
1126,373,00000010,fe000ce3,0,00000000
1129,374,00000008,00108093,1,0000007d
1132,375,0000000c,00208463,0,00000000
1135,376,00000010,fe000ce3,0,00000000
1138,377,00000008,00108093,1,0000007e
1141,378,0000000c,00208463,0,00000000
1144,379,00000010,fe000ce3,0,00000000
1147,380,00000008,00108093,1,0000007f
1150,381,0000000c,00208463,0,00000000
1153,382,00000010,fe000ce3,0,00000000
1156,383,00000008,00108093,1,00000080
1159,384,0000000c,00208463,0,00000000
1162,385,00000010,fe000ce3,0,00000000
1165,386,00000008,00108093,1,00000081
1168,387,0000000c,00208463,0,00000000
1171,388,00000010,fe000ce3,0,00000000
1174,389,00000008,00108093,1,00000082
1177,390,0000000c,00208463,0,00000000
1180,391,00000010,fe000ce3,0,00000000
1183,392,00000008,00108093,1,00000083
1186,393,0000000c,00208463,0,00000000
1189,394,00000010,fe000ce3,0,00000000
1192,395,00000008,00108093,1,00000084
1195,396,0000000c,00208463,0,00000000
1198,397,00000010,fe000ce3,0,00000000
1201,398,00000008,00108093,1,00000085
1204,399,0000000c,00208463,0,00000000
1207,400,00000010,fe000ce3,0,00000000
1210,401,00000008,00108093,1,00000086
1213,402,0000000c,00208463,0,00000000
1216,403,00000010,fe000ce3,0,00000000
1219,404,00000008,00108093,1,00000087
1222,405,0000000c,00208463,0,00000000
1225,406,00000010,fe000ce3,0,00000000
1228,407,00000008,00108093,1,00000088
1231,408,0000000c,00208463,0,00000000
1234,409,00000010,fe000ce3,0,00000000
1237,410,00000008,00108093,1,00000089
1240,411,0000000c,00208463,0,00000000
1243,412,00000010,fe000ce3,0,00000000
1246,413,00000008,00108093,1,0000008a
1249,414,0000000c,00208463,0,00000000
1252,415,00000010,fe000ce3,0,00000000
1255,416,00000008,00108093,1,0000008b
1258,417,0000000c,00208463,0,00000000
1261,418,00000010,fe000ce3,0,00000000
1264,419,00000008,00108093,1,0000008c
1267,420,0000000c,00208463,0,00000000
1270,421,00000010,fe000ce3,0,00000000
1273,422,00000008,00108093,1,0000008d
1276,423,0000000c,00208463,0,00000000
1279,424,00000010,fe000ce3,0,00000000
1282,425,00000008,00108093,1,0000008e
1285,426,0000000c,00208463,0,00000000
1288,427,00000010,fe000ce3,0,00000000
1291,428,00000008,00108093,1,0000008f
1294,429,0000000c,00208463,0,00000000
1297,430,00000010,fe000ce3,0,00000000
1300,431,00000008,00108093,1,00000090
1303,432,0000000c,00208463,0,00000000
1306,433,00000010,fe000ce3,0,00000000
1309,434,00000008,00108093,1,00000091
1312,435,0000000c,00208463,0,00000000
1315,436,00000010,fe000ce3,0,00000000
1318,437,00000008,00108093,1,00000092
1321,438,0000000c,00208463,0,00000000
1324,439,00000010,fe000ce3,0,00000000
1327,440,00000008,00108093,1,00000093
1330,441,0000000c,00208463,0,00000000
1333,442,00000010,fe000ce3,0,00000000
1336,443,00000008,00108093,1,00000094
1339,444,0000000c,00208463,0,00000000
1342,445,00000010,fe000ce3,0,00000000
1345,446,00000008,00108093,1,00000095
1348,447,0000000c,00208463,0,00000000
1351,448,00000010,fe000ce3,0,00000000
1354,449,00000008,00108093,1,00000096
1357,450,0000000c,00208463,0,00000000
1360,451,00000010,fe000ce3,0,00000000
1363,452,00000008,00108093,1,00000097
1366,453,0000000c,00208463,0,00000000
1369,454,00000010,fe000ce3,0,00000000
1372,455,00000008,00108093,1,00000098
1375,456,0000000c,00208463,0,00000000
1378,457,00000010,fe000ce3,0,00000000
1381,458,00000008,00108093,1,00000099
1384,459,0000000c,00208463,0,00000000
1387,460,00000010,fe000ce3,0,00000000
1390,461,00000008,00108093,1,0000009a
1393,462,0000000c,00208463,0,00000000
1396,463,00000010,fe000ce3,0,00000000
1399,464,00000008,00108093,1,0000009b
1402,465,0000000c,00208463,0,00000000
1405,466,00000010,fe000ce3,0,00000000
1408,467,00000008,00108093,1,0000009c
1411,468,0000000c,00208463,0,00000000
1414,469,00000010,fe000ce3,0,00000000
1417,470,00000008,00108093,1,0000009d
1420,471,0000000c,00208463,0,00000000
1423,472,00000010,fe000ce3,0,00000000
1426,473,00000008,00108093,1,0000009e
1429,474,0000000c,00208463,0,00000000
1432,475,00000010,fe000ce3,0,00000000
1435,476,00000008,00108093,1,0000009f
1438,477,0000000c,00208463,0,00000000
1441,478,00000010,fe000ce3,0,00000000
1444,479,00000008,00108093,1,000000a0
1447,480,0000000c,00208463,0,00000000
1450,481,00000010,fe000ce3,0,00000000
1453,482,00000008,00108093,1,000000a1
1456,483,0000000c,00208463,0,00000000
1459,484,00000010,fe000ce3,0,00000000
1462,485,00000008,00108093,1,000000a2
1465,486,0000000c,00208463,0,00000000
1468,487,00000010,fe000ce3,0,00000000
1471,488,00000008,00108093,1,000000a3
1474,489,0000000c,00208463,0,00000000
1477,490,00000010,fe000ce3,0,00000000
1480,491,00000008,00108093,1,000000a4
1483,492,0000000c,00208463,0,00000000
1486,493,00000010,fe000ce3,0,00000000
1489,494,00000008,00108093,1,000000a5
1492,495,0000000c,00208463,0,00000000
1495,496,00000010,fe000ce3,0,00000000
1498,497,00000008,00108093,1,000000a6
1501,498,0000000c,00208463,0,00000000
1504,499,00000010,fe000ce3,0,00000000
1507,500,00000008,00108093,1,000000a7
1510,501,0000000c,00208463,0,00000000
1513,502,00000010,fe000ce3,0,00000000
1516,503,00000008,00108093,1,000000a8
1519,504,0000000c,00208463,0,00000000
1522,505,00000010,fe000ce3,0,00000000
1525,506,00000008,00108093,1,000000a9
1528,507,0000000c,00208463,0,00000000
1531,508,00000010,fe000ce3,0,00000000
1534,509,00000008,00108093,1,000000aa
1537,510,0000000c,00208463,0,00000000
1540,511,00000010,fe000ce3,0,00000000
1543,512,00000008,00108093,1,000000ab
1546,513,0000000c,00208463,0,00000000
1549,514,00000010,fe000ce3,0,00000000
1552,515,00000008,00108093,1,000000ac
1555,516,0000000c,00208463,0,00000000
1558,517,00000010,fe000ce3,0,00000000
1561,518,00000008,00108093,1,000000ad
1564,519,0000000c,00208463,0,00000000
1567,520,00000010,fe000ce3,0,00000000
1570,521,00000008,00108093,1,000000ae
1573,522,0000000c,00208463,0,00000000
1576,523,00000010,fe000ce3,0,00000000
1579,524,00000008,00108093,1,000000af
1582,525,0000000c,00208463,0,00000000
1585,526,00000010,fe000ce3,0,00000000
1588,527,00000008,00108093,1,000000b0
1591,528,0000000c,00208463,0,00000000
1594,529,00000010,fe000ce3,0,00000000
1597,530,00000008,00108093,1,000000b1
1600,531,0000000c,00208463,0,00000000
1603,532,00000010,fe000ce3,0,00000000
1606,533,00000008,00108093,1,000000b2
1609,534,0000000c,00208463,0,00000000
1612,535,00000010,fe000ce3,0,00000000
1615,536,00000008,00108093,1,000000b3
1618,537,0000000c,00208463,0,00000000
1621,538,00000010,fe000ce3,0,00000000
1624,539,00000008,00108093,1,000000b4
1627,540,0000000c,00208463,0,00000000
1630,541,00000010,fe000ce3,0,00000000
1633,542,00000008,00108093,1,000000b5
1636,543,0000000c,00208463,0,00000000
1639,544,00000010,fe000ce3,0,00000000
1642,545,00000008,00108093,1,000000b6
1645,546,0000000c,00208463,0,00000000
1648,547,00000010,fe000ce3,0,00000000
1651,548,00000008,00108093,1,000000b7
1654,549,0000000c,00208463,0,00000000
1657,550,00000010,fe000ce3,0,00000000
1660,551,00000008,00108093,1,000000b8
1663,552,0000000c,00208463,0,00000000
1666,553,00000010,fe000ce3,0,00000000
1669,554,00000008,00108093,1,000000b9
1672,555,0000000c,00208463,0,00000000
1675,556,00000010,fe000ce3,0,00000000
1678,557,00000008,00108093,1,000000ba
1681,558,0000000c,00208463,0,00000000
1684,559,00000010,fe000ce3,0,00000000
1687,560,00000008,00108093,1,000000bb
1690,561,0000000c,00208463,0,00000000
1693,562,00000010,fe000ce3,0,00000000
1696,563,00000008,00108093,1,000000bc
1699,564,0000000c,00208463,0,00000000
1702,565,00000010,fe000ce3,0,00000000
1705,566,00000008,00108093,1,000000bd
1708,567,0000000c,00208463,0,00000000
1711,568,00000010,fe000ce3,0,00000000
1714,569,00000008,00108093,1,000000be
1717,570,0000000c,00208463,0,00000000
1720,571,00000010,fe000ce3,0,00000000
1723,572,00000008,00108093,1,000000bf
1726,573,0000000c,00208463,0,00000000
1729,574,00000010,fe000ce3,0,00000000
1732,575,00000008,00108093,1,000000c0
1735,576,0000000c,00208463,0,00000000
1738,577,00000010,fe000ce3,0,00000000
1741,578,00000008,00108093,1,000000c1
1744,579,0000000c,00208463,0,00000000
1747,580,00000010,fe000ce3,0,00000000
1750,581,00000008,00108093,1,000000c2
1753,582,0000000c,00208463,0,00000000
1756,583,00000010,fe000ce3,0,00000000
1759,584,00000008,00108093,1,000000c3
1762,585,0000000c,00208463,0,00000000
1765,586,00000010,fe000ce3,0,00000000
1768,587,00000008,00108093,1,000000c4
1771,588,0000000c,00208463,0,00000000
1774,589,00000010,fe000ce3,0,00000000
1777,590,00000008,00108093,1,000000c5
1780,591,0000000c,00208463,0,00000000
1783,592,00000010,fe000ce3,0,00000000
1786,593,00000008,00108093,1,000000c6
1789,594,0000000c,00208463,0,00000000
1792,595,00000010,fe000ce3,0,00000000
1795,596,00000008,00108093,1,000000c7
1798,597,0000000c,00208463,0,00000000
1801,598,00000010,fe000ce3,0,00000000
1804,599,00000008,00108093,1,000000c8
1807,600,0000000c,00208463,0,00000000
1810,601,00000010,fe000ce3,0,00000000
1813,602,00000008,00108093,1,000000c9
1816,603,0000000c,00208463,0,00000000
1819,604,00000010,fe000ce3,0,00000000
1822,605,00000008,00108093,1,000000ca
1825,606,0000000c,00208463,0,00000000
1828,607,00000010,fe000ce3,0,00000000
1831,608,00000008,00108093,1,000000cb
1834,609,0000000c,00208463,0,00000000
1837,610,00000010,fe000ce3,0,00000000
1840,611,00000008,00108093,1,000000cc
1843,612,0000000c,00208463,0,00000000
1846,613,00000010,fe000ce3,0,00000000
1849,614,00000008,00108093,1,000000cd
1852,615,0000000c,00208463,0,00000000
1855,616,00000010,fe000ce3,0,00000000
1858,617,00000008,00108093,1,000000ce
1861,618,0000000c,00208463,0,00000000
1864,619,00000010,fe000ce3,0,00000000
1867,620,00000008,00108093,1,000000cf
1870,621,0000000c,00208463,0,00000000
1873,622,00000010,fe000ce3,0,00000000
1876,623,00000008,00108093,1,000000d0
1879,624,0000000c,00208463,0,00000000
1882,625,00000010,fe000ce3,0,00000000
1885,626,00000008,00108093,1,000000d1
1888,627,0000000c,00208463,0,00000000
1891,628,00000010,fe000ce3,0,00000000
1894,629,00000008,00108093,1,000000d2
1897,630,0000000c,00208463,0,00000000
1900,631,00000010,fe000ce3,0,00000000
1903,632,00000008,00108093,1,000000d3
1906,633,0000000c,00208463,0,00000000
1909,634,00000010,fe000ce3,0,00000000
1912,635,00000008,00108093,1,000000d4
1915,636,0000000c,00208463,0,00000000
1918,637,00000010,fe000ce3,0,00000000
1921,638,00000008,00108093,1,000000d5
1924,639,0000000c,00208463,0,00000000
1927,640,00000010,fe000ce3,0,00000000
1930,641,00000008,00108093,1,000000d6
1933,642,0000000c,00208463,0,00000000
1936,643,00000010,fe000ce3,0,00000000
1939,644,00000008,00108093,1,000000d7
1942,645,0000000c,00208463,0,00000000
1945,646,00000010,fe000ce3,0,00000000
1948,647,00000008,00108093,1,000000d8
1951,648,0000000c,00208463,0,00000000
1954,649,00000010,fe000ce3,0,00000000
1957,650,00000008,00108093,1,000000d9
1960,651,0000000c,00208463,0,00000000
1963,652,00000010,fe000ce3,0,00000000
1966,653,00000008,00108093,1,000000da
1969,654,0000000c,00208463,0,00000000
1972,655,00000010,fe000ce3,0,00000000
1975,656,00000008,00108093,1,000000db
1978,657,0000000c,00208463,0,00000000
1981,658,00000010,fe000ce3,0,00000000
1984,659,00000008,00108093,1,000000dc
1987,660,0000000c,00208463,0,00000000
1990,661,00000010,fe000ce3,0,00000000
1993,662,00000008,00108093,1,000000dd
1996,663,0000000c,00208463,0,00000000
1999,664,00000010,fe000ce3,0,00000000
2002,665,00000008,00108093,1,000000de
2005,666,0000000c,00208463,0,00000000
2008,667,00000010,fe000ce3,0,00000000
2011,668,00000008,00108093,1,000000df
2014,669,0000000c,00208463,0,00000000
2017,670,00000010,fe000ce3,0,00000000
2020,671,00000008,00108093,1,000000e0
2023,672,0000000c,00208463,0,00000000
2026,673,00000010,fe000ce3,0,00000000
2029,674,00000008,00108093,1,000000e1
2032,675,0000000c,00208463,0,00000000
2035,676,00000010,fe000ce3,0,00000000
2038,677,00000008,00108093,1,000000e2
2041,678,0000000c,00208463,0,00000000
2044,679,00000010,fe000ce3,0,00000000
2047,680,00000008,00108093,1,000000e3
2050,681,0000000c,00208463,0,00000000
2053,682,00000010,fe000ce3,0,00000000
2056,683,00000008,00108093,1,000000e4
2059,684,0000000c,00208463,0,00000000
2062,685,00000010,fe000ce3,0,00000000
2065,686,00000008,00108093,1,000000e5
2068,687,0000000c,00208463,0,00000000
2071,688,00000010,fe000ce3,0,00000000
2074,689,00000008,00108093,1,000000e6
2077,690,0000000c,00208463,0,00000000
2080,691,00000010,fe000ce3,0,00000000
2083,692,00000008,00108093,1,000000e7
2086,693,0000000c,00208463,0,00000000
2089,694,00000010,fe000ce3,0,00000000
2092,695,00000008,00108093,1,000000e8
2095,696,0000000c,00208463,0,00000000
2098,697,00000010,fe000ce3,0,00000000
2101,698,00000008,00108093,1,000000e9
2104,699,0000000c,00208463,0,00000000
2107,700,00000010,fe000ce3,0,00000000
2110,701,00000008,00108093,1,000000ea
2113,702,0000000c,00208463,0,00000000
2116,703,00000010,fe000ce3,0,00000000
2119,704,00000008,00108093,1,000000eb
2122,705,0000000c,00208463,0,00000000
2125,706,00000010,fe000ce3,0,00000000
2128,707,00000008,00108093,1,000000ec
2131,708,0000000c,00208463,0,00000000
2134,709,00000010,fe000ce3,0,00000000
2137,710,00000008,00108093,1,000000ed
2140,711,0000000c,00208463,0,00000000
2143,712,00000010,fe000ce3,0,00000000
2146,713,00000008,00108093,1,000000ee
2149,714,0000000c,00208463,0,00000000
2152,715,00000010,fe000ce3,0,00000000
2155,716,00000008,00108093,1,000000ef
2158,717,0000000c,00208463,0,00000000
2161,718,00000010,fe000ce3,0,00000000
2164,719,00000008,00108093,1,000000f0
2167,720,0000000c,00208463,0,00000000
2170,721,00000010,fe000ce3,0,00000000
2173,722,00000008,00108093,1,000000f1
2176,723,0000000c,00208463,0,00000000
2179,724,00000010,fe000ce3,0,00000000
2182,725,00000008,00108093,1,000000f2
2185,726,0000000c,00208463,0,00000000
2188,727,00000010,fe000ce3,0,00000000
2191,728,00000008,00108093,1,000000f3
2194,729,0000000c,00208463,0,00000000
2197,730,00000010,fe000ce3,0,00000000
2200,731,00000008,00108093,1,000000f4
2203,732,0000000c,00208463,0,00000000
2206,733,00000010,fe000ce3,0,00000000
2209,734,00000008,00108093,1,000000f5
2212,735,0000000c,00208463,0,00000000
2215,736,00000010,fe000ce3,0,00000000
2218,737,00000008,00108093,1,000000f6
2221,738,0000000c,00208463,0,00000000
2224,739,00000010,fe000ce3,0,00000000
2227,740,00000008,00108093,1,000000f7
2230,741,0000000c,00208463,0,00000000
2233,742,00000010,fe000ce3,0,00000000
2236,743,00000008,00108093,1,000000f8
2239,744,0000000c,00208463,0,00000000
2242,745,00000010,fe000ce3,0,00000000
2245,746,00000008,00108093,1,000000f9
2248,747,0000000c,00208463,0,00000000
2251,748,00000010,fe000ce3,0,00000000
2254,749,00000008,00108093,1,000000fa
2257,750,0000000c,00208463,0,00000000
2260,751,00000010,fe000ce3,0,00000000
2263,752,00000008,00108093,1,000000fb
2266,753,0000000c,00208463,0,00000000
2269,754,00000010,fe000ce3,0,00000000
2272,755,00000008,00108093,1,000000fc
2275,756,0000000c,00208463,0,00000000
2278,757,00000010,fe000ce3,0,00000000
2281,758,00000008,00108093,1,000000fd
2284,759,0000000c,00208463,0,00000000
2287,760,00000010,fe000ce3,0,00000000
2290,761,00000008,00108093,1,000000fe
2293,762,0000000c,00208463,0,00000000
2296,763,00000010,fe000ce3,0,00000000
2299,764,00000008,00108093,1,000000ff
2302,765,0000000c,00208463,0,00000000
2305,766,00000010,fe000ce3,0,00000000
2308,767,00000008,00108093,1,00000100
2311,768,0000000c,00208463,0,00000000
2314,769,00000010,fe000ce3,0,00000000
2317,770,00000008,00108093,1,00000101
2320,771,0000000c,00208463,0,00000000
2323,772,00000010,fe000ce3,0,00000000
2326,773,00000008,00108093,1,00000102
2329,774,0000000c,00208463,0,00000000
2332,775,00000010,fe000ce3,0,00000000
2335,776,00000008,00108093,1,00000103
2338,777,0000000c,00208463,0,00000000
2341,778,00000010,fe000ce3,0,00000000
2344,779,00000008,00108093,1,00000104
2347,780,0000000c,00208463,0,00000000
2350,781,00000010,fe000ce3,0,00000000
2353,782,00000008,00108093,1,00000105
2356,783,0000000c,00208463,0,00000000
2359,784,00000010,fe000ce3,0,00000000
2362,785,00000008,00108093,1,00000106
2365,786,0000000c,00208463,0,00000000
2368,787,00000010,fe000ce3,0,00000000
2371,788,00000008,00108093,1,00000107
2374,789,0000000c,00208463,0,00000000
2377,790,00000010,fe000ce3,0,00000000
2380,791,00000008,00108093,1,00000108
2383,792,0000000c,00208463,0,00000000
2386,793,00000010,fe000ce3,0,00000000
2389,794,00000008,00108093,1,00000109
2392,795,0000000c,00208463,0,00000000
2395,796,00000010,fe000ce3,0,00000000
2398,797,00000008,00108093,1,0000010a
2401,798,0000000c,00208463,0,00000000
2404,799,00000010,fe000ce3,0,00000000
2407,800,00000008,00108093,1,0000010b
2410,801,0000000c,00208463,0,00000000
2413,802,00000010,fe000ce3,0,00000000
2416,803,00000008,00108093,1,0000010c
2419,804,0000000c,00208463,0,00000000
2422,805,00000010,fe000ce3,0,00000000
2425,806,00000008,00108093,1,0000010d
2428,807,0000000c,00208463,0,00000000
2431,808,00000010,fe000ce3,0,00000000
2434,809,00000008,00108093,1,0000010e
2437,810,0000000c,00208463,0,00000000
2440,811,00000010,fe000ce3,0,00000000
2443,812,00000008,00108093,1,0000010f
2446,813,0000000c,00208463,0,00000000
2449,814,00000010,fe000ce3,0,00000000
2452,815,00000008,00108093,1,00000110
2455,816,0000000c,00208463,0,00000000
2458,817,00000010,fe000ce3,0,00000000
2461,818,00000008,00108093,1,00000111
2464,819,0000000c,00208463,0,00000000
2467,820,00000010,fe000ce3,0,00000000
2470,821,00000008,00108093,1,00000112
2473,822,0000000c,00208463,0,00000000
2476,823,00000010,fe000ce3,0,00000000
2479,824,00000008,00108093,1,00000113
2482,825,0000000c,00208463,0,00000000
2485,826,00000010,fe000ce3,0,00000000
2488,827,00000008,00108093,1,00000114
2491,828,0000000c,00208463,0,00000000
2494,829,00000010,fe000ce3,0,00000000
2497,830,00000008,00108093,1,00000115
2500,831,0000000c,00208463,0,00000000
2503,832,00000010,fe000ce3,0,00000000
2506,833,00000008,00108093,1,00000116
2509,834,0000000c,00208463,0,00000000
2512,835,00000010,fe000ce3,0,00000000
2515,836,00000008,00108093,1,00000117
2518,837,0000000c,00208463,0,00000000
2521,838,00000010,fe000ce3,0,00000000
2524,839,00000008,00108093,1,00000118
2527,840,0000000c,00208463,0,00000000
2530,841,00000010,fe000ce3,0,00000000
2533,842,00000008,00108093,1,00000119
2536,843,0000000c,00208463,0,00000000
2539,844,00000010,fe000ce3,0,00000000
2542,845,00000008,00108093,1,0000011a
2545,846,0000000c,00208463,0,00000000
2548,847,00000010,fe000ce3,0,00000000
2551,848,00000008,00108093,1,0000011b
2554,849,0000000c,00208463,0,00000000
2557,850,00000010,fe000ce3,0,00000000
2560,851,00000008,00108093,1,0000011c
2563,852,0000000c,00208463,0,00000000
2566,853,00000010,fe000ce3,0,00000000
2569,854,00000008,00108093,1,0000011d
2572,855,0000000c,00208463,0,00000000
2575,856,00000010,fe000ce3,0,00000000
2578,857,00000008,00108093,1,0000011e
2581,858,0000000c,00208463,0,00000000
2584,859,00000010,fe000ce3,0,00000000
2587,860,00000008,00108093,1,0000011f
2590,861,0000000c,00208463,0,00000000
2593,862,00000010,fe000ce3,0,00000000
2596,863,00000008,00108093,1,00000120
2599,864,0000000c,00208463,0,00000000
2602,865,00000010,fe000ce3,0,00000000
2605,866,00000008,00108093,1,00000121
2608,867,0000000c,00208463,0,00000000
2611,868,00000010,fe000ce3,0,00000000
2614,869,00000008,00108093,1,00000122
2617,870,0000000c,00208463,0,00000000
2620,871,00000010,fe000ce3,0,00000000
2623,872,00000008,00108093,1,00000123
2626,873,0000000c,00208463,0,00000000
2629,874,00000010,fe000ce3,0,00000000
2632,875,00000008,00108093,1,00000124
2635,876,0000000c,00208463,0,00000000
2638,877,00000010,fe000ce3,0,00000000
2641,878,00000008,00108093,1,00000125
2644,879,0000000c,00208463,0,00000000
2647,880,00000010,fe000ce3,0,00000000
2650,881,00000008,00108093,1,00000126
2653,882,0000000c,00208463,0,00000000
2656,883,00000010,fe000ce3,0,00000000
2659,884,00000008,00108093,1,00000127
2662,885,0000000c,00208463,0,00000000
2665,886,00000010,fe000ce3,0,00000000
2668,887,00000008,00108093,1,00000128
2671,888,0000000c,00208463,0,00000000
2674,889,00000010,fe000ce3,0,00000000
2677,890,00000008,00108093,1,00000129
2680,891,0000000c,00208463,0,00000000
2683,892,00000010,fe000ce3,0,00000000
2686,893,00000008,00108093,1,0000012a
2689,894,0000000c,00208463,0,00000000
2692,895,00000010,fe000ce3,0,00000000
2695,896,00000008,00108093,1,0000012b
2698,897,0000000c,00208463,0,00000000
2701,898,00000010,fe000ce3,0,00000000
2704,899,00000008,00108093,1,0000012c
2707,900,0000000c,00208463,0,00000000
2710,901,00000010,fe000ce3,0,00000000
2713,902,00000008,00108093,1,0000012d
2716,903,0000000c,00208463,0,00000000
2719,904,00000010,fe000ce3,0,00000000
2722,905,00000008,00108093,1,0000012e
2725,906,0000000c,00208463,0,00000000
2728,907,00000010,fe000ce3,0,00000000
2731,908,00000008,00108093,1,0000012f
2734,909,0000000c,00208463,0,00000000
2737,910,00000010,fe000ce3,0,00000000
2740,911,00000008,00108093,1,00000130
2743,912,0000000c,00208463,0,00000000
2746,913,00000010,fe000ce3,0,00000000
2749,914,00000008,00108093,1,00000131
2752,915,0000000c,00208463,0,00000000
2755,916,00000010,fe000ce3,0,00000000
2758,917,00000008,00108093,1,00000132
2761,918,0000000c,00208463,0,00000000
2764,919,00000010,fe000ce3,0,00000000
2767,920,00000008,00108093,1,00000133
2770,921,0000000c,00208463,0,00000000
2773,922,00000010,fe000ce3,0,00000000
2776,923,00000008,00108093,1,00000134
2779,924,0000000c,00208463,0,00000000
2782,925,00000010,fe000ce3,0,00000000
2785,926,00000008,00108093,1,00000135
2788,927,0000000c,00208463,0,00000000
2791,928,00000010,fe000ce3,0,00000000
2794,929,00000008,00108093,1,00000136
2797,930,0000000c,00208463,0,00000000
2800,931,00000010,fe000ce3,0,00000000
2803,932,00000008,00108093,1,00000137
2806,933,0000000c,00208463,0,00000000
2809,934,00000010,fe000ce3,0,00000000
2812,935,00000008,00108093,1,00000138
2815,936,0000000c,00208463,0,00000000
2818,937,00000010,fe000ce3,0,00000000
2821,938,00000008,00108093,1,00000139
2824,939,0000000c,00208463,0,00000000
2827,940,00000010,fe000ce3,0,00000000
2830,941,00000008,00108093,1,0000013a
2833,942,0000000c,00208463,0,00000000
2836,943,00000010,fe000ce3,0,00000000
2839,944,00000008,00108093,1,0000013b
2842,945,0000000c,00208463,0,00000000
2845,946,00000010,fe000ce3,0,00000000
2848,947,00000008,00108093,1,0000013c
2851,948,0000000c,00208463,0,00000000
2854,949,00000010,fe000ce3,0,00000000
2857,950,00000008,00108093,1,0000013d
2860,951,0000000c,00208463,0,00000000
2863,952,00000010,fe000ce3,0,00000000
2866,953,00000008,00108093,1,0000013e
2869,954,0000000c,00208463,0,00000000
2872,955,00000010,fe000ce3,0,00000000
2875,956,00000008,00108093,1,0000013f
2878,957,0000000c,00208463,0,00000000
2881,958,00000010,fe000ce3,0,00000000
2884,959,00000008,00108093,1,00000140
2887,960,0000000c,00208463,0,00000000
2890,961,00000010,fe000ce3,0,00000000
2893,962,00000008,00108093,1,00000141
2896,963,0000000c,00208463,0,00000000
2899,964,00000010,fe000ce3,0,00000000
2902,965,00000008,00108093,1,00000142
2905,966,0000000c,00208463,0,00000000
2908,967,00000010,fe000ce3,0,00000000
2911,968,00000008,00108093,1,00000143
2914,969,0000000c,00208463,0,00000000
2917,970,00000010,fe000ce3,0,00000000
2920,971,00000008,00108093,1,00000144
2923,972,0000000c,00208463,0,00000000
2926,973,00000010,fe000ce3,0,00000000
2929,974,00000008,00108093,1,00000145
2932,975,0000000c,00208463,0,00000000
2935,976,00000010,fe000ce3,0,00000000
2938,977,00000008,00108093,1,00000146
2941,978,0000000c,00208463,0,00000000
2944,979,00000010,fe000ce3,0,00000000
2947,980,00000008,00108093,1,00000147
2950,981,0000000c,00208463,0,00000000
2953,982,00000010,fe000ce3,0,00000000
2956,983,00000008,00108093,1,00000148
2959,984,0000000c,00208463,0,00000000
2962,985,00000010,fe000ce3,0,00000000
2965,986,00000008,00108093,1,00000149
2968,987,0000000c,00208463,0,00000000
2971,988,00000010,fe000ce3,0,00000000
2974,989,00000008,00108093,1,0000014a
2977,990,0000000c,00208463,0,00000000
2980,991,00000010,fe000ce3,0,00000000
2983,992,00000008,00108093,1,0000014b
2986,993,0000000c,00208463,0,00000000
2989,994,00000010,fe000ce3,0,00000000
2992,995,00000008,00108093,1,0000014c
2995,996,0000000c,00208463,0,00000000
2998,997,00000010,fe000ce3,0,00000000
3001,998,00000008,00108093,1,0000014d
3004,999,0000000c,00208463,0,00000000
3007,1000,00000010,fe000ce3,0,00000000
3010,1001,00000008,00108093,1,0000014e
3013,1002,0000000c,00208463,0,00000000
3016,1003,00000010,fe000ce3,0,00000000
3019,1004,00000008,00108093,1,0000014f
3022,1005,0000000c,00208463,0,00000000
3025,1006,00000010,fe000ce3,0,00000000
3028,1007,00000008,00108093,1,00000150
3031,1008,0000000c,00208463,0,00000000
3034,1009,00000010,fe000ce3,0,00000000
3037,1010,00000008,00108093,1,00000151
3040,1011,0000000c,00208463,0,00000000
3043,1012,00000010,fe000ce3,0,00000000
3046,1013,00000008,00108093,1,00000152
3049,1014,0000000c,00208463,0,00000000
3052,1015,00000010,fe000ce3,0,00000000
3055,1016,00000008,00108093,1,00000153
3058,1017,0000000c,00208463,0,00000000
3061,1018,00000010,fe000ce3,0,00000000
3064,1019,00000008,00108093,1,00000154
3067,1020,0000000c,00208463,0,00000000
3070,1021,00000010,fe000ce3,0,00000000
3073,1022,00000008,00108093,1,00000155
3076,1023,0000000c,00208463,0,00000000
3079,1024,00000010,fe000ce3,0,00000000
3082,1025,00000008,00108093,1,00000156
3085,1026,0000000c,00208463,0,00000000
3088,1027,00000010,fe000ce3,0,00000000
3091,1028,00000008,00108093,1,00000157
3094,1029,0000000c,00208463,0,00000000
3097,1030,00000010,fe000ce3,0,00000000
3100,1031,00000008,00108093,1,00000158
3103,1032,0000000c,00208463,0,00000000
3106,1033,00000010,fe000ce3,0,00000000
3109,1034,00000008,00108093,1,00000159
3112,1035,0000000c,00208463,0,00000000
3115,1036,00000010,fe000ce3,0,00000000
3118,1037,00000008,00108093,1,0000015a
3121,1038,0000000c,00208463,0,00000000
3124,1039,00000010,fe000ce3,0,00000000
3127,1040,00000008,00108093,1,0000015b
3130,1041,0000000c,00208463,0,00000000
3133,1042,00000010,fe000ce3,0,00000000
3136,1043,00000008,00108093,1,0000015c
3139,1044,0000000c,00208463,0,00000000
3142,1045,00000010,fe000ce3,0,00000000
3145,1046,00000008,00108093,1,0000015d
3148,1047,0000000c,00208463,0,00000000
3151,1048,00000010,fe000ce3,0,00000000
3154,1049,00000008,00108093,1,0000015e
3157,1050,0000000c,00208463,0,00000000
3160,1051,00000010,fe000ce3,0,00000000
3163,1052,00000008,00108093,1,0000015f
3166,1053,0000000c,00208463,0,00000000
3169,1054,00000010,fe000ce3,0,00000000
3172,1055,00000008,00108093,1,00000160
3175,1056,0000000c,00208463,0,00000000
3178,1057,00000010,fe000ce3,0,00000000
3181,1058,00000008,00108093,1,00000161
3184,1059,0000000c,00208463,0,00000000
3187,1060,00000010,fe000ce3,0,00000000
3190,1061,00000008,00108093,1,00000162
3193,1062,0000000c,00208463,0,00000000
3196,1063,00000010,fe000ce3,0,00000000
3199,1064,00000008,00108093,1,00000163
3202,1065,0000000c,00208463,0,00000000
3205,1066,00000010,fe000ce3,0,00000000
3208,1067,00000008,00108093,1,00000164
3211,1068,0000000c,00208463,0,00000000
3214,1069,00000010,fe000ce3,0,00000000
3217,1070,00000008,00108093,1,00000165
3220,1071,0000000c,00208463,0,00000000
3223,1072,00000010,fe000ce3,0,00000000
3226,1073,00000008,00108093,1,00000166
3229,1074,0000000c,00208463,0,00000000
3232,1075,00000010,fe000ce3,0,00000000
3235,1076,00000008,00108093,1,00000167
3238,1077,0000000c,00208463,0,00000000
3241,1078,00000010,fe000ce3,0,00000000
3244,1079,00000008,00108093,1,00000168
3247,1080,0000000c,00208463,0,00000000
3250,1081,00000010,fe000ce3,0,00000000
3253,1082,00000008,00108093,1,00000169
3256,1083,0000000c,00208463,0,00000000
3259,1084,00000010,fe000ce3,0,00000000
3262,1085,00000008,00108093,1,0000016a
3265,1086,0000000c,00208463,0,00000000
3268,1087,00000010,fe000ce3,0,00000000
3271,1088,00000008,00108093,1,0000016b
3274,1089,0000000c,00208463,0,00000000
3277,1090,00000010,fe000ce3,0,00000000
3280,1091,00000008,00108093,1,0000016c
3283,1092,0000000c,00208463,0,00000000
3286,1093,00000010,fe000ce3,0,00000000
3289,1094,00000008,00108093,1,0000016d
3292,1095,0000000c,00208463,0,00000000
3295,1096,00000010,fe000ce3,0,00000000
3298,1097,00000008,00108093,1,0000016e
3301,1098,0000000c,00208463,0,00000000
3304,1099,00000010,fe000ce3,0,00000000
3307,1100,00000008,00108093,1,0000016f
3310,1101,0000000c,00208463,0,00000000
3313,1102,00000010,fe000ce3,0,00000000
3316,1103,00000008,00108093,1,00000170
3319,1104,0000000c,00208463,0,00000000
3322,1105,00000010,fe000ce3,0,00000000
3325,1106,00000008,00108093,1,00000171
3328,1107,0000000c,00208463,0,00000000
3331,1108,00000010,fe000ce3,0,00000000
3334,1109,00000008,00108093,1,00000172
3337,1110,0000000c,00208463,0,00000000
3340,1111,00000010,fe000ce3,0,00000000
3343,1112,00000008,00108093,1,00000173
3346,1113,0000000c,00208463,0,00000000
3349,1114,00000010,fe000ce3,0,00000000
3352,1115,00000008,00108093,1,00000174
3355,1116,0000000c,00208463,0,00000000
3358,1117,00000010,fe000ce3,0,00000000
3361,1118,00000008,00108093,1,00000175
3364,1119,0000000c,00208463,0,00000000
3367,1120,00000010,fe000ce3,0,00000000
3370,1121,00000008,00108093,1,00000176
3373,1122,0000000c,00208463,0,00000000
3376,1123,00000010,fe000ce3,0,00000000
3379,1124,00000008,00108093,1,00000177
3382,1125,0000000c,00208463,0,00000000
3385,1126,00000010,fe000ce3,0,00000000
3388,1127,00000008,00108093,1,00000178
3391,1128,0000000c,00208463,0,00000000
3394,1129,00000010,fe000ce3,0,00000000
3397,1130,00000008,00108093,1,00000179
3400,1131,0000000c,00208463,0,00000000
3403,1132,00000010,fe000ce3,0,00000000
3406,1133,00000008,00108093,1,0000017a
3409,1134,0000000c,00208463,0,00000000
3412,1135,00000010,fe000ce3,0,00000000
3415,1136,00000008,00108093,1,0000017b
3418,1137,0000000c,00208463,0,00000000
3421,1138,00000010,fe000ce3,0,00000000
3424,1139,00000008,00108093,1,0000017c
3427,1140,0000000c,00208463,0,00000000
3430,1141,00000010,fe000ce3,0,00000000
3433,1142,00000008,00108093,1,0000017d
3436,1143,0000000c,00208463,0,00000000
3439,1144,00000010,fe000ce3,0,00000000
3442,1145,00000008,00108093,1,0000017e
3445,1146,0000000c,00208463,0,00000000
3448,1147,00000010,fe000ce3,0,00000000
3451,1148,00000008,00108093,1,0000017f
3454,1149,0000000c,00208463,0,00000000
3457,1150,00000010,fe000ce3,0,00000000
3460,1151,00000008,00108093,1,00000180
3463,1152,0000000c,00208463,0,00000000
3466,1153,00000010,fe000ce3,0,00000000
3469,1154,00000008,00108093,1,00000181
3472,1155,0000000c,00208463,0,00000000
3475,1156,00000010,fe000ce3,0,00000000
3478,1157,00000008,00108093,1,00000182
3481,1158,0000000c,00208463,0,00000000
3484,1159,00000010,fe000ce3,0,00000000
3487,1160,00000008,00108093,1,00000183
3490,1161,0000000c,00208463,0,00000000
3493,1162,00000010,fe000ce3,0,00000000
3496,1163,00000008,00108093,1,00000184
3499,1164,0000000c,00208463,0,00000000
3502,1165,00000010,fe000ce3,0,00000000
3505,1166,00000008,00108093,1,00000185
3508,1167,0000000c,00208463,0,00000000
3511,1168,00000010,fe000ce3,0,00000000
3514,1169,00000008,00108093,1,00000186
3517,1170,0000000c,00208463,0,00000000
3520,1171,00000010,fe000ce3,0,00000000
3523,1172,00000008,00108093,1,00000187
3526,1173,0000000c,00208463,0,00000000
3529,1174,00000010,fe000ce3,0,00000000
3532,1175,00000008,00108093,1,00000188
3535,1176,0000000c,00208463,0,00000000
3538,1177,00000010,fe000ce3,0,00000000
3541,1178,00000008,00108093,1,00000189
3544,1179,0000000c,00208463,0,00000000
3547,1180,00000010,fe000ce3,0,00000000
3550,1181,00000008,00108093,1,0000018a
3553,1182,0000000c,00208463,0,00000000
3556,1183,00000010,fe000ce3,0,00000000
3559,1184,00000008,00108093,1,0000018b
3562,1185,0000000c,00208463,0,00000000
3565,1186,00000010,fe000ce3,0,00000000
3568,1187,00000008,00108093,1,0000018c
3571,1188,0000000c,00208463,0,00000000
3574,1189,00000010,fe000ce3,0,00000000
3577,1190,00000008,00108093,1,0000018d
3580,1191,0000000c,00208463,0,00000000
3583,1192,00000010,fe000ce3,0,00000000
3586,1193,00000008,00108093,1,0000018e
3589,1194,0000000c,00208463,0,00000000
3592,1195,00000010,fe000ce3,0,00000000
3595,1196,00000008,00108093,1,0000018f
3598,1197,0000000c,00208463,0,00000000
3601,1198,00000010,fe000ce3,0,00000000
3604,1199,00000008,00108093,1,00000190
3607,1200,0000000c,00208463,0,00000000
3610,1201,00000010,fe000ce3,0,00000000
3613,1202,00000008,00108093,1,00000191
3616,1203,0000000c,00208463,0,00000000
3619,1204,00000010,fe000ce3,0,00000000
3622,1205,00000008,00108093,1,00000192
3625,1206,0000000c,00208463,0,00000000
3628,1207,00000010,fe000ce3,0,00000000
3631,1208,00000008,00108093,1,00000193
3634,1209,0000000c,00208463,0,00000000
3637,1210,00000010,fe000ce3,0,00000000
3640,1211,00000008,00108093,1,00000194
3643,1212,0000000c,00208463,0,00000000
3646,1213,00000010,fe000ce3,0,00000000
3649,1214,00000008,00108093,1,00000195
3652,1215,0000000c,00208463,0,00000000
3655,1216,00000010,fe000ce3,0,00000000
3658,1217,00000008,00108093,1,00000196
3661,1218,0000000c,00208463,0,00000000
3664,1219,00000010,fe000ce3,0,00000000
3667,1220,00000008,00108093,1,00000197
3670,1221,0000000c,00208463,0,00000000
3673,1222,00000010,fe000ce3,0,00000000
3676,1223,00000008,00108093,1,00000198
3679,1224,0000000c,00208463,0,00000000
3682,1225,00000010,fe000ce3,0,00000000
3685,1226,00000008,00108093,1,00000199
3688,1227,0000000c,00208463,0,00000000
3691,1228,00000010,fe000ce3,0,00000000
3694,1229,00000008,00108093,1,0000019a
3697,1230,0000000c,00208463,0,00000000
3700,1231,00000010,fe000ce3,0,00000000
3703,1232,00000008,00108093,1,0000019b
3706,1233,0000000c,00208463,0,00000000
3709,1234,00000010,fe000ce3,0,00000000
3712,1235,00000008,00108093,1,0000019c
3715,1236,0000000c,00208463,0,00000000
3718,1237,00000010,fe000ce3,0,00000000
3721,1238,00000008,00108093,1,0000019d
3724,1239,0000000c,00208463,0,00000000
3727,1240,00000010,fe000ce3,0,00000000
3730,1241,00000008,00108093,1,0000019e
3733,1242,0000000c,00208463,0,00000000
3736,1243,00000010,fe000ce3,0,00000000
3739,1244,00000008,00108093,1,0000019f
3742,1245,0000000c,00208463,0,00000000
3745,1246,00000010,fe000ce3,0,00000000
3748,1247,00000008,00108093,1,000001a0
3751,1248,0000000c,00208463,0,00000000
3754,1249,00000010,fe000ce3,0,00000000
3757,1250,00000008,00108093,1,000001a1
3760,1251,0000000c,00208463,0,00000000
3763,1252,00000010,fe000ce3,0,00000000
3766,1253,00000008,00108093,1,000001a2
3769,1254,0000000c,00208463,0,00000000
3772,1255,00000010,fe000ce3,0,00000000
3775,1256,00000008,00108093,1,000001a3
3778,1257,0000000c,00208463,0,00000000
3781,1258,00000010,fe000ce3,0,00000000
3784,1259,00000008,00108093,1,000001a4
3787,1260,0000000c,00208463,0,00000000
3790,1261,00000010,fe000ce3,0,00000000
3793,1262,00000008,00108093,1,000001a5
3796,1263,0000000c,00208463,0,00000000
3799,1264,00000010,fe000ce3,0,00000000
3802,1265,00000008,00108093,1,000001a6
3805,1266,0000000c,00208463,0,00000000
3808,1267,00000010,fe000ce3,0,00000000
3811,1268,00000008,00108093,1,000001a7
3814,1269,0000000c,00208463,0,00000000
3817,1270,00000010,fe000ce3,0,00000000
3820,1271,00000008,00108093,1,000001a8
3823,1272,0000000c,00208463,0,00000000
3826,1273,00000010,fe000ce3,0,00000000
3829,1274,00000008,00108093,1,000001a9
3832,1275,0000000c,00208463,0,00000000
3835,1276,00000010,fe000ce3,0,00000000
3838,1277,00000008,00108093,1,000001aa
3841,1278,0000000c,00208463,0,00000000
3844,1279,00000010,fe000ce3,0,00000000
3847,1280,00000008,00108093,1,000001ab
3850,1281,0000000c,00208463,0,00000000
3853,1282,00000010,fe000ce3,0,00000000
3856,1283,00000008,00108093,1,000001ac
3859,1284,0000000c,00208463,0,00000000
3862,1285,00000010,fe000ce3,0,00000000
3865,1286,00000008,00108093,1,000001ad
3868,1287,0000000c,00208463,0,00000000
3871,1288,00000010,fe000ce3,0,00000000
3874,1289,00000008,00108093,1,000001ae
3877,1290,0000000c,00208463,0,00000000
3880,1291,00000010,fe000ce3,0,00000000
3883,1292,00000008,00108093,1,000001af
3886,1293,0000000c,00208463,0,00000000
3889,1294,00000010,fe000ce3,0,00000000
3892,1295,00000008,00108093,1,000001b0
3895,1296,0000000c,00208463,0,00000000
3898,1297,00000010,fe000ce3,0,00000000
3901,1298,00000008,00108093,1,000001b1
3904,1299,0000000c,00208463,0,00000000
3907,1300,00000010,fe000ce3,0,00000000
3910,1301,00000008,00108093,1,000001b2
3913,1302,0000000c,00208463,0,00000000
3916,1303,00000010,fe000ce3,0,00000000
3919,1304,00000008,00108093,1,000001b3
3922,1305,0000000c,00208463,0,00000000
3925,1306,00000010,fe000ce3,0,00000000
3928,1307,00000008,00108093,1,000001b4
3931,1308,0000000c,00208463,0,00000000
3934,1309,00000010,fe000ce3,0,00000000
3937,1310,00000008,00108093,1,000001b5
3940,1311,0000000c,00208463,0,00000000
3943,1312,00000010,fe000ce3,0,00000000
3946,1313,00000008,00108093,1,000001b6
3949,1314,0000000c,00208463,0,00000000
3952,1315,00000010,fe000ce3,0,00000000
3955,1316,00000008,00108093,1,000001b7
3958,1317,0000000c,00208463,0,00000000
3961,1318,00000010,fe000ce3,0,00000000
3964,1319,00000008,00108093,1,000001b8
3967,1320,0000000c,00208463,0,00000000
3970,1321,00000010,fe000ce3,0,00000000
3973,1322,00000008,00108093,1,000001b9
3976,1323,0000000c,00208463,0,00000000
3979,1324,00000010,fe000ce3,0,00000000
3982,1325,00000008,00108093,1,000001ba
3985,1326,0000000c,00208463,0,00000000
3988,1327,00000010,fe000ce3,0,00000000
3991,1328,00000008,00108093,1,000001bb
3994,1329,0000000c,00208463,0,00000000
3997,1330,00000010,fe000ce3,0,00000000
4000,1331,00000008,00108093,1,000001bc
4003,1332,0000000c,00208463,0,00000000
4006,1333,00000010,fe000ce3,0,00000000
4009,1334,00000008,00108093,1,000001bd
4012,1335,0000000c,00208463,0,00000000
4015,1336,00000010,fe000ce3,0,00000000
4018,1337,00000008,00108093,1,000001be
4021,1338,0000000c,00208463,0,00000000
4024,1339,00000010,fe000ce3,0,00000000
4027,1340,00000008,00108093,1,000001bf
4030,1341,0000000c,00208463,0,00000000
4033,1342,00000010,fe000ce3,0,00000000
4036,1343,00000008,00108093,1,000001c0
4039,1344,0000000c,00208463,0,00000000
4042,1345,00000010,fe000ce3,0,00000000
4045,1346,00000008,00108093,1,000001c1
4048,1347,0000000c,00208463,0,00000000
4051,1348,00000010,fe000ce3,0,00000000
4054,1349,00000008,00108093,1,000001c2
4057,1350,0000000c,00208463,0,00000000
4060,1351,00000010,fe000ce3,0,00000000
4063,1352,00000008,00108093,1,000001c3
4066,1353,0000000c,00208463,0,00000000
4069,1354,00000010,fe000ce3,0,00000000
4072,1355,00000008,00108093,1,000001c4
4075,1356,0000000c,00208463,0,00000000
4078,1357,00000010,fe000ce3,0,00000000
4081,1358,00000008,00108093,1,000001c5
4084,1359,0000000c,00208463,0,00000000
4087,1360,00000010,fe000ce3,0,00000000
4090,1361,00000008,00108093,1,000001c6
4093,1362,0000000c,00208463,0,00000000
4096,1363,00000010,fe000ce3,0,00000000
4099,1364,00000008,00108093,1,000001c7
4102,1365,0000000c,00208463,0,00000000
4105,1366,00000010,fe000ce3,0,00000000
4108,1367,00000008,00108093,1,000001c8
4111,1368,0000000c,00208463,0,00000000
4114,1369,00000010,fe000ce3,0,00000000
4117,1370,00000008,00108093,1,000001c9
4120,1371,0000000c,00208463,0,00000000
4123,1372,00000010,fe000ce3,0,00000000
4126,1373,00000008,00108093,1,000001ca
4129,1374,0000000c,00208463,0,00000000
4132,1375,00000010,fe000ce3,0,00000000
4135,1376,00000008,00108093,1,000001cb
4138,1377,0000000c,00208463,0,00000000
4141,1378,00000010,fe000ce3,0,00000000
4144,1379,00000008,00108093,1,000001cc
4147,1380,0000000c,00208463,0,00000000
4150,1381,00000010,fe000ce3,0,00000000
4153,1382,00000008,00108093,1,000001cd
4156,1383,0000000c,00208463,0,00000000
4159,1384,00000010,fe000ce3,0,00000000
4162,1385,00000008,00108093,1,000001ce
4165,1386,0000000c,00208463,0,00000000
4168,1387,00000010,fe000ce3,0,00000000
4171,1388,00000008,00108093,1,000001cf
4174,1389,0000000c,00208463,0,00000000
4177,1390,00000010,fe000ce3,0,00000000
4180,1391,00000008,00108093,1,000001d0
4183,1392,0000000c,00208463,0,00000000
4186,1393,00000010,fe000ce3,0,00000000
4189,1394,00000008,00108093,1,000001d1
4192,1395,0000000c,00208463,0,00000000
4195,1396,00000010,fe000ce3,0,00000000
4198,1397,00000008,00108093,1,000001d2
4201,1398,0000000c,00208463,0,00000000
4204,1399,00000010,fe000ce3,0,00000000
4207,1400,00000008,00108093,1,000001d3
4210,1401,0000000c,00208463,0,00000000
4213,1402,00000010,fe000ce3,0,00000000
4216,1403,00000008,00108093,1,000001d4
4219,1404,0000000c,00208463,0,00000000
4222,1405,00000010,fe000ce3,0,00000000
4225,1406,00000008,00108093,1,000001d5
4228,1407,0000000c,00208463,0,00000000
4231,1408,00000010,fe000ce3,0,00000000
4234,1409,00000008,00108093,1,000001d6
4237,1410,0000000c,00208463,0,00000000
4240,1411,00000010,fe000ce3,0,00000000
4243,1412,00000008,00108093,1,000001d7
4246,1413,0000000c,00208463,0,00000000
4249,1414,00000010,fe000ce3,0,00000000
4252,1415,00000008,00108093,1,000001d8
4255,1416,0000000c,00208463,0,00000000
4258,1417,00000010,fe000ce3,0,00000000
4261,1418,00000008,00108093,1,000001d9
4264,1419,0000000c,00208463,0,00000000
4267,1420,00000010,fe000ce3,0,00000000
4270,1421,00000008,00108093,1,000001da
4273,1422,0000000c,00208463,0,00000000
4276,1423,00000010,fe000ce3,0,00000000
4279,1424,00000008,00108093,1,000001db
4282,1425,0000000c,00208463,0,00000000
4285,1426,00000010,fe000ce3,0,00000000
4288,1427,00000008,00108093,1,000001dc
4291,1428,0000000c,00208463,0,00000000
4294,1429,00000010,fe000ce3,0,00000000
4297,1430,00000008,00108093,1,000001dd
4300,1431,0000000c,00208463,0,00000000
4303,1432,00000010,fe000ce3,0,00000000
4306,1433,00000008,00108093,1,000001de
4309,1434,0000000c,00208463,0,00000000
4312,1435,00000010,fe000ce3,0,00000000
4315,1436,00000008,00108093,1,000001df
4318,1437,0000000c,00208463,0,00000000
4321,1438,00000010,fe000ce3,0,00000000
4324,1439,00000008,00108093,1,000001e0
4327,1440,0000000c,00208463,0,00000000
4330,1441,00000010,fe000ce3,0,00000000
4333,1442,00000008,00108093,1,000001e1
4336,1443,0000000c,00208463,0,00000000
4339,1444,00000010,fe000ce3,0,00000000
4342,1445,00000008,00108093,1,000001e2
4345,1446,0000000c,00208463,0,00000000
4348,1447,00000010,fe000ce3,0,00000000
4351,1448,00000008,00108093,1,000001e3
4354,1449,0000000c,00208463,0,00000000
4357,1450,00000010,fe000ce3,0,00000000
4360,1451,00000008,00108093,1,000001e4
4363,1452,0000000c,00208463,0,00000000
4366,1453,00000010,fe000ce3,0,00000000
4369,1454,00000008,00108093,1,000001e5
4372,1455,0000000c,00208463,0,00000000
4375,1456,00000010,fe000ce3,0,00000000
4378,1457,00000008,00108093,1,000001e6
4381,1458,0000000c,00208463,0,00000000
4384,1459,00000010,fe000ce3,0,00000000
4387,1460,00000008,00108093,1,000001e7
4390,1461,0000000c,00208463,0,00000000
4393,1462,00000010,fe000ce3,0,00000000
4396,1463,00000008,00108093,1,000001e8
4399,1464,0000000c,00208463,0,00000000
4402,1465,00000010,fe000ce3,0,00000000
4405,1466,00000008,00108093,1,000001e9
4408,1467,0000000c,00208463,0,00000000
4411,1468,00000010,fe000ce3,0,00000000
4414,1469,00000008,00108093,1,000001ea
4417,1470,0000000c,00208463,0,00000000
4420,1471,00000010,fe000ce3,0,00000000
4423,1472,00000008,00108093,1,000001eb
4426,1473,0000000c,00208463,0,00000000
4429,1474,00000010,fe000ce3,0,00000000
4432,1475,00000008,00108093,1,000001ec
4435,1476,0000000c,00208463,0,00000000
4438,1477,00000010,fe000ce3,0,00000000
4441,1478,00000008,00108093,1,000001ed
4444,1479,0000000c,00208463,0,00000000
4447,1480,00000010,fe000ce3,0,00000000
4450,1481,00000008,00108093,1,000001ee
4453,1482,0000000c,00208463,0,00000000
4456,1483,00000010,fe000ce3,0,00000000
4459,1484,00000008,00108093,1,000001ef
4462,1485,0000000c,00208463,0,00000000
4465,1486,00000010,fe000ce3,0,00000000
4468,1487,00000008,00108093,1,000001f0
4471,1488,0000000c,00208463,0,00000000
4474,1489,00000010,fe000ce3,0,00000000
4477,1490,00000008,00108093,1,000001f1
4480,1491,0000000c,00208463,0,00000000
4483,1492,00000010,fe000ce3,0,00000000
4486,1493,00000008,00108093,1,000001f2
4489,1494,0000000c,00208463,0,00000000
4492,1495,00000010,fe000ce3,0,00000000
4495,1496,00000008,00108093,1,000001f3
4498,1497,0000000c,00208463,0,00000000
4501,1498,00000010,fe000ce3,0,00000000
4504,1499,00000008,00108093,1,000001f4
4507,1500,0000000c,00208463,0,00000000
4510,1501,00000010,fe000ce3,0,00000000
4513,1502,00000008,00108093,1,000001f5
4516,1503,0000000c,00208463,0,00000000
4519,1504,00000010,fe000ce3,0,00000000
4522,1505,00000008,00108093,1,000001f6
4525,1506,0000000c,00208463,0,00000000
4528,1507,00000010,fe000ce3,0,00000000
4531,1508,00000008,00108093,1,000001f7
4534,1509,0000000c,00208463,0,00000000
4537,1510,00000010,fe000ce3,0,00000000
4540,1511,00000008,00108093,1,000001f8
4543,1512,0000000c,00208463,0,00000000
4546,1513,00000010,fe000ce3,0,00000000
4549,1514,00000008,00108093,1,000001f9
4552,1515,0000000c,00208463,0,00000000
4555,1516,00000010,fe000ce3,0,00000000
4558,1517,00000008,00108093,1,000001fa
4561,1518,0000000c,00208463,0,00000000
4564,1519,00000010,fe000ce3,0,00000000
4567,1520,00000008,00108093,1,000001fb
4570,1521,0000000c,00208463,0,00000000
4573,1522,00000010,fe000ce3,0,00000000
4576,1523,00000008,00108093,1,000001fc
4579,1524,0000000c,00208463,0,00000000
4582,1525,00000010,fe000ce3,0,00000000
4585,1526,00000008,00108093,1,000001fd
4588,1527,0000000c,00208463,0,00000000
4591,1528,00000010,fe000ce3,0,00000000
4594,1529,00000008,00108093,1,000001fe
4597,1530,0000000c,00208463,0,00000000
4600,1531,00000010,fe000ce3,0,00000000
4603,1532,00000008,00108093,1,000001ff
4606,1533,0000000c,00208463,0,00000000
4609,1534,00000010,fe000ce3,0,00000000
4612,1535,00000008,00108093,1,00000200
4615,1536,0000000c,00208463,0,00000000
4618,1537,00000010,fe000ce3,0,00000000
4621,1538,00000008,00108093,1,00000201
4624,1539,0000000c,00208463,0,00000000
4627,1540,00000010,fe000ce3,0,00000000
4630,1541,00000008,00108093,1,00000202
4633,1542,0000000c,00208463,0,00000000
4636,1543,00000010,fe000ce3,0,00000000
4639,1544,00000008,00108093,1,00000203
4642,1545,0000000c,00208463,0,00000000
4645,1546,00000010,fe000ce3,0,00000000
4648,1547,00000008,00108093,1,00000204
4651,1548,0000000c,00208463,0,00000000
4654,1549,00000010,fe000ce3,0,00000000
4657,1550,00000008,00108093,1,00000205
4660,1551,0000000c,00208463,0,00000000
4663,1552,00000010,fe000ce3,0,00000000
4666,1553,00000008,00108093,1,00000206
4669,1554,0000000c,00208463,0,00000000
4672,1555,00000010,fe000ce3,0,00000000
4675,1556,00000008,00108093,1,00000207
4678,1557,0000000c,00208463,0,00000000
4681,1558,00000010,fe000ce3,0,00000000
4684,1559,00000008,00108093,1,00000208
4687,1560,0000000c,00208463,0,00000000
4690,1561,00000010,fe000ce3,0,00000000
4693,1562,00000008,00108093,1,00000209
4696,1563,0000000c,00208463,0,00000000
4699,1564,00000010,fe000ce3,0,00000000
4702,1565,00000008,00108093,1,0000020a
4705,1566,0000000c,00208463,0,00000000
4708,1567,00000010,fe000ce3,0,00000000
4711,1568,00000008,00108093,1,0000020b
4714,1569,0000000c,00208463,0,00000000
4717,1570,00000010,fe000ce3,0,00000000
4720,1571,00000008,00108093,1,0000020c
4723,1572,0000000c,00208463,0,00000000
4726,1573,00000010,fe000ce3,0,00000000
4729,1574,00000008,00108093,1,0000020d
4732,1575,0000000c,00208463,0,00000000
4735,1576,00000010,fe000ce3,0,00000000
4738,1577,00000008,00108093,1,0000020e
4741,1578,0000000c,00208463,0,00000000
4744,1579,00000010,fe000ce3,0,00000000
4747,1580,00000008,00108093,1,0000020f
4750,1581,0000000c,00208463,0,00000000
4753,1582,00000010,fe000ce3,0,00000000
4756,1583,00000008,00108093,1,00000210
4759,1584,0000000c,00208463,0,00000000
4762,1585,00000010,fe000ce3,0,00000000
4765,1586,00000008,00108093,1,00000211
4768,1587,0000000c,00208463,0,00000000
4771,1588,00000010,fe000ce3,0,00000000
4774,1589,00000008,00108093,1,00000212
4777,1590,0000000c,00208463,0,00000000
4780,1591,00000010,fe000ce3,0,00000000
4783,1592,00000008,00108093,1,00000213
4786,1593,0000000c,00208463,0,00000000
4789,1594,00000010,fe000ce3,0,00000000
4792,1595,00000008,00108093,1,00000214
4795,1596,0000000c,00208463,0,00000000
4798,1597,00000010,fe000ce3,0,00000000
4801,1598,00000008,00108093,1,00000215
4804,1599,0000000c,00208463,0,00000000
4807,1600,00000010,fe000ce3,0,00000000
4810,1601,00000008,00108093,1,00000216
4813,1602,0000000c,00208463,0,00000000
4816,1603,00000010,fe000ce3,0,00000000
4819,1604,00000008,00108093,1,00000217
4822,1605,0000000c,00208463,0,00000000
4825,1606,00000010,fe000ce3,0,00000000
4828,1607,00000008,00108093,1,00000218
4831,1608,0000000c,00208463,0,00000000
4834,1609,00000010,fe000ce3,0,00000000
4837,1610,00000008,00108093,1,00000219
4840,1611,0000000c,00208463,0,00000000
4843,1612,00000010,fe000ce3,0,00000000
4846,1613,00000008,00108093,1,0000021a
4849,1614,0000000c,00208463,0,00000000
4852,1615,00000010,fe000ce3,0,00000000
4855,1616,00000008,00108093,1,0000021b
4858,1617,0000000c,00208463,0,00000000
4861,1618,00000010,fe000ce3,0,00000000
4864,1619,00000008,00108093,1,0000021c
4867,1620,0000000c,00208463,0,00000000
4870,1621,00000010,fe000ce3,0,00000000
4873,1622,00000008,00108093,1,0000021d
4876,1623,0000000c,00208463,0,00000000
4879,1624,00000010,fe000ce3,0,00000000
4882,1625,00000008,00108093,1,0000021e
4885,1626,0000000c,00208463,0,00000000
4888,1627,00000010,fe000ce3,0,00000000
4891,1628,00000008,00108093,1,0000021f
4894,1629,0000000c,00208463,0,00000000
4897,1630,00000010,fe000ce3,0,00000000
4900,1631,00000008,00108093,1,00000220
4903,1632,0000000c,00208463,0,00000000
4906,1633,00000010,fe000ce3,0,00000000
4909,1634,00000008,00108093,1,00000221
4912,1635,0000000c,00208463,0,00000000
4915,1636,00000010,fe000ce3,0,00000000
4918,1637,00000008,00108093,1,00000222
4921,1638,0000000c,00208463,0,00000000
4924,1639,00000010,fe000ce3,0,00000000
4927,1640,00000008,00108093,1,00000223
4930,1641,0000000c,00208463,0,00000000
4933,1642,00000010,fe000ce3,0,00000000
4936,1643,00000008,00108093,1,00000224
4939,1644,0000000c,00208463,0,00000000
4942,1645,00000010,fe000ce3,0,00000000
4945,1646,00000008,00108093,1,00000225
4948,1647,0000000c,00208463,0,00000000
4951,1648,00000010,fe000ce3,0,00000000
4954,1649,00000008,00108093,1,00000226
4957,1650,0000000c,00208463,0,00000000
4960,1651,00000010,fe000ce3,0,00000000
4963,1652,00000008,00108093,1,00000227
4966,1653,0000000c,00208463,0,00000000
4969,1654,00000010,fe000ce3,0,00000000
4972,1655,00000008,00108093,1,00000228
4975,1656,0000000c,00208463,0,00000000
4978,1657,00000010,fe000ce3,0,00000000
4981,1658,00000008,00108093,1,00000229
4984,1659,0000000c,00208463,0,00000000
4987,1660,00000010,fe000ce3,0,00000000
4990,1661,00000008,00108093,1,0000022a
4993,1662,0000000c,00208463,0,00000000
4996,1663,00000010,fe000ce3,0,00000000
4999,1664,00000008,00108093,1,0000022b
5002,1665,0000000c,00208463,0,00000000
5005,1666,00000010,fe000ce3,0,00000000
5008,1667,00000008,00108093,1,0000022c
5011,1668,0000000c,00208463,0,00000000
5014,1669,00000010,fe000ce3,0,00000000
5017,1670,00000008,00108093,1,0000022d
5020,1671,0000000c,00208463,0,00000000
5023,1672,00000010,fe000ce3,0,00000000
5026,1673,00000008,00108093,1,0000022e
5029,1674,0000000c,00208463,0,00000000
5032,1675,00000010,fe000ce3,0,00000000
5035,1676,00000008,00108093,1,0000022f
5038,1677,0000000c,00208463,0,00000000
5041,1678,00000010,fe000ce3,0,00000000
5044,1679,00000008,00108093,1,00000230
5047,1680,0000000c,00208463,0,00000000
5050,1681,00000010,fe000ce3,0,00000000
5053,1682,00000008,00108093,1,00000231
5056,1683,0000000c,00208463,0,00000000
5059,1684,00000010,fe000ce3,0,00000000
5062,1685,00000008,00108093,1,00000232
5065,1686,0000000c,00208463,0,00000000
5068,1687,00000010,fe000ce3,0,00000000
5071,1688,00000008,00108093,1,00000233
5074,1689,0000000c,00208463,0,00000000
5077,1690,00000010,fe000ce3,0,00000000
5080,1691,00000008,00108093,1,00000234
5083,1692,0000000c,00208463,0,00000000
5086,1693,00000010,fe000ce3,0,00000000
5089,1694,00000008,00108093,1,00000235
5092,1695,0000000c,00208463,0,00000000
5095,1696,00000010,fe000ce3,0,00000000
5098,1697,00000008,00108093,1,00000236
5101,1698,0000000c,00208463,0,00000000
5104,1699,00000010,fe000ce3,0,00000000
5107,1700,00000008,00108093,1,00000237
5110,1701,0000000c,00208463,0,00000000
5113,1702,00000010,fe000ce3,0,00000000
5116,1703,00000008,00108093,1,00000238
5119,1704,0000000c,00208463,0,00000000
5122,1705,00000010,fe000ce3,0,00000000
5125,1706,00000008,00108093,1,00000239
5128,1707,0000000c,00208463,0,00000000
5131,1708,00000010,fe000ce3,0,00000000
5134,1709,00000008,00108093,1,0000023a
5137,1710,0000000c,00208463,0,00000000
5140,1711,00000010,fe000ce3,0,00000000
5143,1712,00000008,00108093,1,0000023b
5146,1713,0000000c,00208463,0,00000000
5149,1714,00000010,fe000ce3,0,00000000
5152,1715,00000008,00108093,1,0000023c
5155,1716,0000000c,00208463,0,00000000
5158,1717,00000010,fe000ce3,0,00000000
5161,1718,00000008,00108093,1,0000023d
5164,1719,0000000c,00208463,0,00000000
5167,1720,00000010,fe000ce3,0,00000000
5170,1721,00000008,00108093,1,0000023e
5173,1722,0000000c,00208463,0,00000000
5176,1723,00000010,fe000ce3,0,00000000
5179,1724,00000008,00108093,1,0000023f
5182,1725,0000000c,00208463,0,00000000
5185,1726,00000010,fe000ce3,0,00000000
5188,1727,00000008,00108093,1,00000240
5191,1728,0000000c,00208463,0,00000000
5194,1729,00000010,fe000ce3,0,00000000
5197,1730,00000008,00108093,1,00000241
5200,1731,0000000c,00208463,0,00000000
5203,1732,00000010,fe000ce3,0,00000000
5206,1733,00000008,00108093,1,00000242
5209,1734,0000000c,00208463,0,00000000
5212,1735,00000010,fe000ce3,0,00000000
5215,1736,00000008,00108093,1,00000243
5218,1737,0000000c,00208463,0,00000000
5221,1738,00000010,fe000ce3,0,00000000
5224,1739,00000008,00108093,1,00000244
5227,1740,0000000c,00208463,0,00000000
5230,1741,00000010,fe000ce3,0,00000000
5233,1742,00000008,00108093,1,00000245
5236,1743,0000000c,00208463,0,00000000
5239,1744,00000010,fe000ce3,0,00000000
5242,1745,00000008,00108093,1,00000246
5245,1746,0000000c,00208463,0,00000000
5248,1747,00000010,fe000ce3,0,00000000
5251,1748,00000008,00108093,1,00000247
5254,1749,0000000c,00208463,0,00000000
5257,1750,00000010,fe000ce3,0,00000000
5260,1751,00000008,00108093,1,00000248
5263,1752,0000000c,00208463,0,00000000
5266,1753,00000010,fe000ce3,0,00000000
5269,1754,00000008,00108093,1,00000249
5272,1755,0000000c,00208463,0,00000000
5275,1756,00000010,fe000ce3,0,00000000
5278,1757,00000008,00108093,1,0000024a
5281,1758,0000000c,00208463,0,00000000
5284,1759,00000010,fe000ce3,0,00000000
5287,1760,00000008,00108093,1,0000024b
5290,1761,0000000c,00208463,0,00000000
5293,1762,00000010,fe000ce3,0,00000000
5296,1763,00000008,00108093,1,0000024c
5299,1764,0000000c,00208463,0,00000000
5302,1765,00000010,fe000ce3,0,00000000
5305,1766,00000008,00108093,1,0000024d
5308,1767,0000000c,00208463,0,00000000
5311,1768,00000010,fe000ce3,0,00000000
5314,1769,00000008,00108093,1,0000024e
5317,1770,0000000c,00208463,0,00000000
5320,1771,00000010,fe000ce3,0,00000000
5323,1772,00000008,00108093,1,0000024f
5326,1773,0000000c,00208463,0,00000000
5329,1774,00000010,fe000ce3,0,00000000
5332,1775,00000008,00108093,1,00000250
5335,1776,0000000c,00208463,0,00000000
5338,1777,00000010,fe000ce3,0,00000000
5341,1778,00000008,00108093,1,00000251
5344,1779,0000000c,00208463,0,00000000
5347,1780,00000010,fe000ce3,0,00000000
5350,1781,00000008,00108093,1,00000252
5353,1782,0000000c,00208463,0,00000000
5356,1783,00000010,fe000ce3,0,00000000
5359,1784,00000008,00108093,1,00000253
5362,1785,0000000c,00208463,0,00000000
5365,1786,00000010,fe000ce3,0,00000000
5368,1787,00000008,00108093,1,00000254
5371,1788,0000000c,00208463,0,00000000
5374,1789,00000010,fe000ce3,0,00000000
5377,1790,00000008,00108093,1,00000255
5380,1791,0000000c,00208463,0,00000000
5383,1792,00000010,fe000ce3,0,00000000
5386,1793,00000008,00108093,1,00000256
5389,1794,0000000c,00208463,0,00000000
5392,1795,00000010,fe000ce3,0,00000000
5395,1796,00000008,00108093,1,00000257
5398,1797,0000000c,00208463,0,00000000
5401,1798,00000010,fe000ce3,0,00000000
5404,1799,00000008,00108093,1,00000258
5407,1800,0000000c,00208463,0,00000000
5410,1801,00000010,fe000ce3,0,00000000
5413,1802,00000008,00108093,1,00000259
5416,1803,0000000c,00208463,0,00000000
5419,1804,00000010,fe000ce3,0,00000000
5422,1805,00000008,00108093,1,0000025a
5425,1806,0000000c,00208463,0,00000000
5428,1807,00000010,fe000ce3,0,00000000
5431,1808,00000008,00108093,1,0000025b
5434,1809,0000000c,00208463,0,00000000
5437,1810,00000010,fe000ce3,0,00000000
5440,1811,00000008,00108093,1,0000025c
5443,1812,0000000c,00208463,0,00000000
5446,1813,00000010,fe000ce3,0,00000000
5449,1814,00000008,00108093,1,0000025d
5452,1815,0000000c,00208463,0,00000000
5455,1816,00000010,fe000ce3,0,00000000
5458,1817,00000008,00108093,1,0000025e
5461,1818,0000000c,00208463,0,00000000
5464,1819,00000010,fe000ce3,0,00000000
5467,1820,00000008,00108093,1,0000025f
5470,1821,0000000c,00208463,0,00000000
5473,1822,00000010,fe000ce3,0,00000000
5476,1823,00000008,00108093,1,00000260
5479,1824,0000000c,00208463,0,00000000
5482,1825,00000010,fe000ce3,0,00000000
5485,1826,00000008,00108093,1,00000261
5488,1827,0000000c,00208463,0,00000000
5491,1828,00000010,fe000ce3,0,00000000
5494,1829,00000008,00108093,1,00000262
5497,1830,0000000c,00208463,0,00000000
5500,1831,00000010,fe000ce3,0,00000000
5503,1832,00000008,00108093,1,00000263
5506,1833,0000000c,00208463,0,00000000
5509,1834,00000010,fe000ce3,0,00000000
5512,1835,00000008,00108093,1,00000264
5515,1836,0000000c,00208463,0,00000000
5518,1837,00000010,fe000ce3,0,00000000
5521,1838,00000008,00108093,1,00000265
5524,1839,0000000c,00208463,0,00000000
5527,1840,00000010,fe000ce3,0,00000000
5530,1841,00000008,00108093,1,00000266
5533,1842,0000000c,00208463,0,00000000
5536,1843,00000010,fe000ce3,0,00000000
5539,1844,00000008,00108093,1,00000267
5542,1845,0000000c,00208463,0,00000000
5545,1846,00000010,fe000ce3,0,00000000
5548,1847,00000008,00108093,1,00000268
5551,1848,0000000c,00208463,0,00000000
5554,1849,00000010,fe000ce3,0,00000000
5557,1850,00000008,00108093,1,00000269
5560,1851,0000000c,00208463,0,00000000
5563,1852,00000010,fe000ce3,0,00000000
5566,1853,00000008,00108093,1,0000026a
5569,1854,0000000c,00208463,0,00000000
5572,1855,00000010,fe000ce3,0,00000000
5575,1856,00000008,00108093,1,0000026b
5578,1857,0000000c,00208463,0,00000000
5581,1858,00000010,fe000ce3,0,00000000
5584,1859,00000008,00108093,1,0000026c
5587,1860,0000000c,00208463,0,00000000
5590,1861,00000010,fe000ce3,0,00000000
5593,1862,00000008,00108093,1,0000026d
5596,1863,0000000c,00208463,0,00000000
5599,1864,00000010,fe000ce3,0,00000000
5602,1865,00000008,00108093,1,0000026e
5605,1866,0000000c,00208463,0,00000000
5608,1867,00000010,fe000ce3,0,00000000
5611,1868,00000008,00108093,1,0000026f
5614,1869,0000000c,00208463,0,00000000
5617,1870,00000010,fe000ce3,0,00000000
5620,1871,00000008,00108093,1,00000270
5623,1872,0000000c,00208463,0,00000000
5626,1873,00000010,fe000ce3,0,00000000
5629,1874,00000008,00108093,1,00000271
5632,1875,0000000c,00208463,0,00000000
5635,1876,00000010,fe000ce3,0,00000000
5638,1877,00000008,00108093,1,00000272
5641,1878,0000000c,00208463,0,00000000
5644,1879,00000010,fe000ce3,0,00000000
5647,1880,00000008,00108093,1,00000273
5650,1881,0000000c,00208463,0,00000000
5653,1882,00000010,fe000ce3,0,00000000
5656,1883,00000008,00108093,1,00000274
5659,1884,0000000c,00208463,0,00000000
5662,1885,00000010,fe000ce3,0,00000000
5665,1886,00000008,00108093,1,00000275
5668,1887,0000000c,00208463,0,00000000
5671,1888,00000010,fe000ce3,0,00000000
5674,1889,00000008,00108093,1,00000276
5677,1890,0000000c,00208463,0,00000000
5680,1891,00000010,fe000ce3,0,00000000
5683,1892,00000008,00108093,1,00000277
5686,1893,0000000c,00208463,0,00000000
5689,1894,00000010,fe000ce3,0,00000000
5692,1895,00000008,00108093,1,00000278
5695,1896,0000000c,00208463,0,00000000
5698,1897,00000010,fe000ce3,0,00000000
5701,1898,00000008,00108093,1,00000279
5704,1899,0000000c,00208463,0,00000000
5707,1900,00000010,fe000ce3,0,00000000
5710,1901,00000008,00108093,1,0000027a
5713,1902,0000000c,00208463,0,00000000
5716,1903,00000010,fe000ce3,0,00000000
5719,1904,00000008,00108093,1,0000027b
5722,1905,0000000c,00208463,0,00000000
5725,1906,00000010,fe000ce3,0,00000000
5728,1907,00000008,00108093,1,0000027c
5731,1908,0000000c,00208463,0,00000000
5734,1909,00000010,fe000ce3,0,00000000
5737,1910,00000008,00108093,1,0000027d
5740,1911,0000000c,00208463,0,00000000
5743,1912,00000010,fe000ce3,0,00000000
5746,1913,00000008,00108093,1,0000027e
5749,1914,0000000c,00208463,0,00000000
5752,1915,00000010,fe000ce3,0,00000000
5755,1916,00000008,00108093,1,0000027f
5758,1917,0000000c,00208463,0,00000000
5761,1918,00000010,fe000ce3,0,00000000
5764,1919,00000008,00108093,1,00000280
5767,1920,0000000c,00208463,0,00000000
5770,1921,00000010,fe000ce3,0,00000000
5773,1922,00000008,00108093,1,00000281
5776,1923,0000000c,00208463,0,00000000
5779,1924,00000010,fe000ce3,0,00000000
5782,1925,00000008,00108093,1,00000282
5785,1926,0000000c,00208463,0,00000000
5788,1927,00000010,fe000ce3,0,00000000
5791,1928,00000008,00108093,1,00000283
5794,1929,0000000c,00208463,0,00000000
5797,1930,00000010,fe000ce3,0,00000000
5800,1931,00000008,00108093,1,00000284
5803,1932,0000000c,00208463,0,00000000
5806,1933,00000010,fe000ce3,0,00000000
5809,1934,00000008,00108093,1,00000285
5812,1935,0000000c,00208463,0,00000000
5815,1936,00000010,fe000ce3,0,00000000
5818,1937,00000008,00108093,1,00000286
5821,1938,0000000c,00208463,0,00000000
5824,1939,00000010,fe000ce3,0,00000000
5827,1940,00000008,00108093,1,00000287
5830,1941,0000000c,00208463,0,00000000
5833,1942,00000010,fe000ce3,0,00000000
5836,1943,00000008,00108093,1,00000288
5839,1944,0000000c,00208463,0,00000000
5842,1945,00000010,fe000ce3,0,00000000
5845,1946,00000008,00108093,1,00000289
5848,1947,0000000c,00208463,0,00000000
5851,1948,00000010,fe000ce3,0,00000000
5854,1949,00000008,00108093,1,0000028a
5857,1950,0000000c,00208463,0,00000000
5860,1951,00000010,fe000ce3,0,00000000
5863,1952,00000008,00108093,1,0000028b
5866,1953,0000000c,00208463,0,00000000
5869,1954,00000010,fe000ce3,0,00000000
5872,1955,00000008,00108093,1,0000028c
5875,1956,0000000c,00208463,0,00000000
5878,1957,00000010,fe000ce3,0,00000000
5881,1958,00000008,00108093,1,0000028d
5884,1959,0000000c,00208463,0,00000000
5887,1960,00000010,fe000ce3,0,00000000
5890,1961,00000008,00108093,1,0000028e
5893,1962,0000000c,00208463,0,00000000
5896,1963,00000010,fe000ce3,0,00000000
5899,1964,00000008,00108093,1,0000028f
5902,1965,0000000c,00208463,0,00000000
5905,1966,00000010,fe000ce3,0,00000000
5908,1967,00000008,00108093,1,00000290
5911,1968,0000000c,00208463,0,00000000
5914,1969,00000010,fe000ce3,0,00000000
5917,1970,00000008,00108093,1,00000291
5920,1971,0000000c,00208463,0,00000000
5923,1972,00000010,fe000ce3,0,00000000
5926,1973,00000008,00108093,1,00000292
5929,1974,0000000c,00208463,0,00000000
5932,1975,00000010,fe000ce3,0,00000000
5935,1976,00000008,00108093,1,00000293
5938,1977,0000000c,00208463,0,00000000
5941,1978,00000010,fe000ce3,0,00000000
5944,1979,00000008,00108093,1,00000294
5947,1980,0000000c,00208463,0,00000000
5950,1981,00000010,fe000ce3,0,00000000
5953,1982,00000008,00108093,1,00000295
5956,1983,0000000c,00208463,0,00000000
5959,1984,00000010,fe000ce3,0,00000000
5962,1985,00000008,00108093,1,00000296
5965,1986,0000000c,00208463,0,00000000
5968,1987,00000010,fe000ce3,0,00000000
5971,1988,00000008,00108093,1,00000297
5974,1989,0000000c,00208463,0,00000000
5977,1990,00000010,fe000ce3,0,00000000
5980,1991,00000008,00108093,1,00000298
5983,1992,0000000c,00208463,0,00000000
5986,1993,00000010,fe000ce3,0,00000000
5989,1994,00000008,00108093,1,00000299
5992,1995,0000000c,00208463,0,00000000
5995,1996,00000010,fe000ce3,0,00000000
5998,1997,00000008,00108093,1,0000029a
6001,1998,0000000c,00208463,0,00000000
6004,1999,00000010,fe000ce3,0,00000000
6007,2000,00000008,00108093,1,0000029b
6010,2001,0000000c,00208463,0,00000000
6013,2002,00000010,fe000ce3,0,00000000
6016,2003,00000008,00108093,1,0000029c
6019,2004,0000000c,00208463,0,00000000
6022,2005,00000010,fe000ce3,0,00000000
6025,2006,00000008,00108093,1,0000029d
6028,2007,0000000c,00208463,0,00000000
6031,2008,00000010,fe000ce3,0,00000000
6034,2009,00000008,00108093,1,0000029e
6037,2010,0000000c,00208463,0,00000000
6040,2011,00000010,fe000ce3,0,00000000
6043,2012,00000008,00108093,1,0000029f
6046,2013,0000000c,00208463,0,00000000
6049,2014,00000010,fe000ce3,0,00000000
6052,2015,00000008,00108093,1,000002a0
6055,2016,0000000c,00208463,0,00000000
6058,2017,00000010,fe000ce3,0,00000000
6061,2018,00000008,00108093,1,000002a1
6064,2019,0000000c,00208463,0,00000000
6067,2020,00000010,fe000ce3,0,00000000
6070,2021,00000008,00108093,1,000002a2
6073,2022,0000000c,00208463,0,00000000
6076,2023,00000010,fe000ce3,0,00000000
6079,2024,00000008,00108093,1,000002a3
6082,2025,0000000c,00208463,0,00000000
6085,2026,00000010,fe000ce3,0,00000000
6088,2027,00000008,00108093,1,000002a4
6091,2028,0000000c,00208463,0,00000000
6094,2029,00000010,fe000ce3,0,00000000
6097,2030,00000008,00108093,1,000002a5
6100,2031,0000000c,00208463,0,00000000
6103,2032,00000010,fe000ce3,0,00000000
6106,2033,00000008,00108093,1,000002a6
6109,2034,0000000c,00208463,0,00000000
6112,2035,00000010,fe000ce3,0,00000000
6115,2036,00000008,00108093,1,000002a7
6118,2037,0000000c,00208463,0,00000000
6121,2038,00000010,fe000ce3,0,00000000
6124,2039,00000008,00108093,1,000002a8
6127,2040,0000000c,00208463,0,00000000
6130,2041,00000010,fe000ce3,0,00000000
6133,2042,00000008,00108093,1,000002a9
6136,2043,0000000c,00208463,0,00000000
6139,2044,00000010,fe000ce3,0,00000000
6142,2045,00000008,00108093,1,000002aa
6145,2046,0000000c,00208463,0,00000000
6148,2047,00000010,fe000ce3,0,00000000
6151,2048,00000008,00108093,1,000002ab
6154,2049,0000000c,00208463,0,00000000
6157,2050,00000010,fe000ce3,0,00000000
6160,2051,00000008,00108093,1,000002ac
6163,2052,0000000c,00208463,0,00000000
6166,2053,00000010,fe000ce3,0,00000000
6169,2054,00000008,00108093,1,000002ad
6172,2055,0000000c,00208463,0,00000000
6175,2056,00000010,fe000ce3,0,00000000
6178,2057,00000008,00108093,1,000002ae
6181,2058,0000000c,00208463,0,00000000
6184,2059,00000010,fe000ce3,0,00000000
6187,2060,00000008,00108093,1,000002af
6190,2061,0000000c,00208463,0,00000000
6193,2062,00000010,fe000ce3,0,00000000
6196,2063,00000008,00108093,1,000002b0
6199,2064,0000000c,00208463,0,00000000
6202,2065,00000010,fe000ce3,0,00000000
6205,2066,00000008,00108093,1,000002b1
6208,2067,0000000c,00208463,0,00000000
6211,2068,00000010,fe000ce3,0,00000000
6214,2069,00000008,00108093,1,000002b2
6217,2070,0000000c,00208463,0,00000000
6220,2071,00000010,fe000ce3,0,00000000
6223,2072,00000008,00108093,1,000002b3
6226,2073,0000000c,00208463,0,00000000
6229,2074,00000010,fe000ce3,0,00000000
6232,2075,00000008,00108093,1,000002b4
6235,2076,0000000c,00208463,0,00000000
6238,2077,00000010,fe000ce3,0,00000000
6241,2078,00000008,00108093,1,000002b5
6244,2079,0000000c,00208463,0,00000000
6247,2080,00000010,fe000ce3,0,00000000
6250,2081,00000008,00108093,1,000002b6
6253,2082,0000000c,00208463,0,00000000
6256,2083,00000010,fe000ce3,0,00000000
6259,2084,00000008,00108093,1,000002b7
6262,2085,0000000c,00208463,0,00000000
6265,2086,00000010,fe000ce3,0,00000000
6268,2087,00000008,00108093,1,000002b8
6271,2088,0000000c,00208463,0,00000000
6274,2089,00000010,fe000ce3,0,00000000
6277,2090,00000008,00108093,1,000002b9
6280,2091,0000000c,00208463,0,00000000
6283,2092,00000010,fe000ce3,0,00000000
6286,2093,00000008,00108093,1,000002ba
6289,2094,0000000c,00208463,0,00000000
6292,2095,00000010,fe000ce3,0,00000000
6295,2096,00000008,00108093,1,000002bb
6298,2097,0000000c,00208463,0,00000000
6301,2098,00000010,fe000ce3,0,00000000
6304,2099,00000008,00108093,1,000002bc
6307,2100,0000000c,00208463,0,00000000
6310,2101,00000010,fe000ce3,0,00000000
6313,2102,00000008,00108093,1,000002bd
6316,2103,0000000c,00208463,0,00000000
6319,2104,00000010,fe000ce3,0,00000000
6322,2105,00000008,00108093,1,000002be
6325,2106,0000000c,00208463,0,00000000
6328,2107,00000010,fe000ce3,0,00000000
6331,2108,00000008,00108093,1,000002bf
6334,2109,0000000c,00208463,0,00000000
6337,2110,00000010,fe000ce3,0,00000000
6340,2111,00000008,00108093,1,000002c0
6343,2112,0000000c,00208463,0,00000000
6346,2113,00000010,fe000ce3,0,00000000
6349,2114,00000008,00108093,1,000002c1
6352,2115,0000000c,00208463,0,00000000
6355,2116,00000010,fe000ce3,0,00000000
6358,2117,00000008,00108093,1,000002c2
6361,2118,0000000c,00208463,0,00000000
6364,2119,00000010,fe000ce3,0,00000000
6367,2120,00000008,00108093,1,000002c3
6370,2121,0000000c,00208463,0,00000000
6373,2122,00000010,fe000ce3,0,00000000
6376,2123,00000008,00108093,1,000002c4
6379,2124,0000000c,00208463,0,00000000
6382,2125,00000010,fe000ce3,0,00000000
6385,2126,00000008,00108093,1,000002c5
6388,2127,0000000c,00208463,0,00000000
6391,2128,00000010,fe000ce3,0,00000000
6394,2129,00000008,00108093,1,000002c6
6397,2130,0000000c,00208463,0,00000000
6400,2131,00000010,fe000ce3,0,00000000
6403,2132,00000008,00108093,1,000002c7
6406,2133,0000000c,00208463,0,00000000
6409,2134,00000010,fe000ce3,0,00000000
6412,2135,00000008,00108093,1,000002c8
6415,2136,0000000c,00208463,0,00000000
6418,2137,00000010,fe000ce3,0,00000000
6421,2138,00000008,00108093,1,000002c9
6424,2139,0000000c,00208463,0,00000000
6427,2140,00000010,fe000ce3,0,00000000
6430,2141,00000008,00108093,1,000002ca
6433,2142,0000000c,00208463,0,00000000
6436,2143,00000010,fe000ce3,0,00000000
6439,2144,00000008,00108093,1,000002cb
6442,2145,0000000c,00208463,0,00000000
6445,2146,00000010,fe000ce3,0,00000000
6448,2147,00000008,00108093,1,000002cc
6451,2148,0000000c,00208463,0,00000000
6454,2149,00000010,fe000ce3,0,00000000
6457,2150,00000008,00108093,1,000002cd
6460,2151,0000000c,00208463,0,00000000
6463,2152,00000010,fe000ce3,0,00000000
6466,2153,00000008,00108093,1,000002ce
6469,2154,0000000c,00208463,0,00000000
6472,2155,00000010,fe000ce3,0,00000000
6475,2156,00000008,00108093,1,000002cf
6478,2157,0000000c,00208463,0,00000000
6481,2158,00000010,fe000ce3,0,00000000
6484,2159,00000008,00108093,1,000002d0
6487,2160,0000000c,00208463,0,00000000
6490,2161,00000010,fe000ce3,0,00000000
6493,2162,00000008,00108093,1,000002d1
6496,2163,0000000c,00208463,0,00000000
6499,2164,00000010,fe000ce3,0,00000000
6502,2165,00000008,00108093,1,000002d2
6505,2166,0000000c,00208463,0,00000000
6508,2167,00000010,fe000ce3,0,00000000
6511,2168,00000008,00108093,1,000002d3
6514,2169,0000000c,00208463,0,00000000
6517,2170,00000010,fe000ce3,0,00000000
6520,2171,00000008,00108093,1,000002d4
6523,2172,0000000c,00208463,0,00000000
6526,2173,00000010,fe000ce3,0,00000000
6529,2174,00000008,00108093,1,000002d5
6532,2175,0000000c,00208463,0,00000000
6535,2176,00000010,fe000ce3,0,00000000
6538,2177,00000008,00108093,1,000002d6
6541,2178,0000000c,00208463,0,00000000
6544,2179,00000010,fe000ce3,0,00000000
6547,2180,00000008,00108093,1,000002d7
6550,2181,0000000c,00208463,0,00000000
6553,2182,00000010,fe000ce3,0,00000000
6556,2183,00000008,00108093,1,000002d8
6559,2184,0000000c,00208463,0,00000000
6562,2185,00000010,fe000ce3,0,00000000
6565,2186,00000008,00108093,1,000002d9
6568,2187,0000000c,00208463,0,00000000
6571,2188,00000010,fe000ce3,0,00000000
6574,2189,00000008,00108093,1,000002da
6577,2190,0000000c,00208463,0,00000000
6580,2191,00000010,fe000ce3,0,00000000
6583,2192,00000008,00108093,1,000002db
6586,2193,0000000c,00208463,0,00000000
6589,2194,00000010,fe000ce3,0,00000000
6592,2195,00000008,00108093,1,000002dc
6595,2196,0000000c,00208463,0,00000000
6598,2197,00000010,fe000ce3,0,00000000
6601,2198,00000008,00108093,1,000002dd
6604,2199,0000000c,00208463,0,00000000
6607,2200,00000010,fe000ce3,0,00000000
6610,2201,00000008,00108093,1,000002de
6613,2202,0000000c,00208463,0,00000000
6616,2203,00000010,fe000ce3,0,00000000
6619,2204,00000008,00108093,1,000002df
6622,2205,0000000c,00208463,0,00000000
6625,2206,00000010,fe000ce3,0,00000000
6628,2207,00000008,00108093,1,000002e0
6631,2208,0000000c,00208463,0,00000000
6634,2209,00000010,fe000ce3,0,00000000
6637,2210,00000008,00108093,1,000002e1
6640,2211,0000000c,00208463,0,00000000
6643,2212,00000010,fe000ce3,0,00000000
6646,2213,00000008,00108093,1,000002e2
6649,2214,0000000c,00208463,0,00000000
6652,2215,00000010,fe000ce3,0,00000000
6655,2216,00000008,00108093,1,000002e3
6658,2217,0000000c,00208463,0,00000000
6661,2218,00000010,fe000ce3,0,00000000
6664,2219,00000008,00108093,1,000002e4
6667,2220,0000000c,00208463,0,00000000
6670,2221,00000010,fe000ce3,0,00000000
6673,2222,00000008,00108093,1,000002e5
6676,2223,0000000c,00208463,0,00000000
6679,2224,00000010,fe000ce3,0,00000000
6682,2225,00000008,00108093,1,000002e6
6685,2226,0000000c,00208463,0,00000000
6688,2227,00000010,fe000ce3,0,00000000
6691,2228,00000008,00108093,1,000002e7
6694,2229,0000000c,00208463,0,00000000
6697,2230,00000010,fe000ce3,0,00000000
6700,2231,00000008,00108093,1,000002e8
6703,2232,0000000c,00208463,0,00000000
6706,2233,00000010,fe000ce3,0,00000000
6709,2234,00000008,00108093,1,000002e9
6712,2235,0000000c,00208463,0,00000000
6715,2236,00000010,fe000ce3,0,00000000
6718,2237,00000008,00108093,1,000002ea
6721,2238,0000000c,00208463,0,00000000
6724,2239,00000010,fe000ce3,0,00000000
6727,2240,00000008,00108093,1,000002eb
6730,2241,0000000c,00208463,0,00000000
6733,2242,00000010,fe000ce3,0,00000000
6736,2243,00000008,00108093,1,000002ec
6739,2244,0000000c,00208463,0,00000000
6742,2245,00000010,fe000ce3,0,00000000
6745,2246,00000008,00108093,1,000002ed
6748,2247,0000000c,00208463,0,00000000
6751,2248,00000010,fe000ce3,0,00000000
6754,2249,00000008,00108093,1,000002ee
6757,2250,0000000c,00208463,0,00000000
6760,2251,00000010,fe000ce3,0,00000000
6763,2252,00000008,00108093,1,000002ef
6766,2253,0000000c,00208463,0,00000000
6769,2254,00000010,fe000ce3,0,00000000
6772,2255,00000008,00108093,1,000002f0
6775,2256,0000000c,00208463,0,00000000
6778,2257,00000010,fe000ce3,0,00000000
6781,2258,00000008,00108093,1,000002f1
6784,2259,0000000c,00208463,0,00000000
6787,2260,00000010,fe000ce3,0,00000000
6790,2261,00000008,00108093,1,000002f2
6793,2262,0000000c,00208463,0,00000000
6796,2263,00000010,fe000ce3,0,00000000
6799,2264,00000008,00108093,1,000002f3
6802,2265,0000000c,00208463,0,00000000
6805,2266,00000010,fe000ce3,0,00000000
6808,2267,00000008,00108093,1,000002f4
6811,2268,0000000c,00208463,0,00000000
6814,2269,00000010,fe000ce3,0,00000000
6817,2270,00000008,00108093,1,000002f5
6820,2271,0000000c,00208463,0,00000000
6823,2272,00000010,fe000ce3,0,00000000
6826,2273,00000008,00108093,1,000002f6
6829,2274,0000000c,00208463,0,00000000
6832,2275,00000010,fe000ce3,0,00000000
6835,2276,00000008,00108093,1,000002f7
6838,2277,0000000c,00208463,0,00000000
6841,2278,00000010,fe000ce3,0,00000000
6844,2279,00000008,00108093,1,000002f8
6847,2280,0000000c,00208463,0,00000000
6850,2281,00000010,fe000ce3,0,00000000
6853,2282,00000008,00108093,1,000002f9
6856,2283,0000000c,00208463,0,00000000
6859,2284,00000010,fe000ce3,0,00000000
6862,2285,00000008,00108093,1,000002fa
6865,2286,0000000c,00208463,0,00000000
6868,2287,00000010,fe000ce3,0,00000000
6871,2288,00000008,00108093,1,000002fb
6874,2289,0000000c,00208463,0,00000000
6877,2290,00000010,fe000ce3,0,00000000
6880,2291,00000008,00108093,1,000002fc
6883,2292,0000000c,00208463,0,00000000
6886,2293,00000010,fe000ce3,0,00000000
6889,2294,00000008,00108093,1,000002fd
6892,2295,0000000c,00208463,0,00000000
6895,2296,00000010,fe000ce3,0,00000000
6898,2297,00000008,00108093,1,000002fe
6901,2298,0000000c,00208463,0,00000000
6904,2299,00000010,fe000ce3,0,00000000
6907,2300,00000008,00108093,1,000002ff
6910,2301,0000000c,00208463,0,00000000
6913,2302,00000010,fe000ce3,0,00000000
6916,2303,00000008,00108093,1,00000300
6919,2304,0000000c,00208463,0,00000000
6922,2305,00000010,fe000ce3,0,00000000
6925,2306,00000008,00108093,1,00000301
6928,2307,0000000c,00208463,0,00000000
6931,2308,00000010,fe000ce3,0,00000000
6934,2309,00000008,00108093,1,00000302
6937,2310,0000000c,00208463,0,00000000
6940,2311,00000010,fe000ce3,0,00000000
6943,2312,00000008,00108093,1,00000303
6946,2313,0000000c,00208463,0,00000000
6949,2314,00000010,fe000ce3,0,00000000
6952,2315,00000008,00108093,1,00000304
6955,2316,0000000c,00208463,0,00000000
6958,2317,00000010,fe000ce3,0,00000000
6961,2318,00000008,00108093,1,00000305
6964,2319,0000000c,00208463,0,00000000
6967,2320,00000010,fe000ce3,0,00000000
6970,2321,00000008,00108093,1,00000306
6973,2322,0000000c,00208463,0,00000000
6976,2323,00000010,fe000ce3,0,00000000
6979,2324,00000008,00108093,1,00000307
6982,2325,0000000c,00208463,0,00000000
6985,2326,00000010,fe000ce3,0,00000000
6988,2327,00000008,00108093,1,00000308
6991,2328,0000000c,00208463,0,00000000
6994,2329,00000010,fe000ce3,0,00000000
6997,2330,00000008,00108093,1,00000309
7000,2331,0000000c,00208463,0,00000000
7003,2332,00000010,fe000ce3,0,00000000
7006,2333,00000008,00108093,1,0000030a
7009,2334,0000000c,00208463,0,00000000
7012,2335,00000010,fe000ce3,0,00000000
7015,2336,00000008,00108093,1,0000030b
7018,2337,0000000c,00208463,0,00000000
7021,2338,00000010,fe000ce3,0,00000000
7024,2339,00000008,00108093,1,0000030c
7027,2340,0000000c,00208463,0,00000000
7030,2341,00000010,fe000ce3,0,00000000
7033,2342,00000008,00108093,1,0000030d
7036,2343,0000000c,00208463,0,00000000
7039,2344,00000010,fe000ce3,0,00000000
7042,2345,00000008,00108093,1,0000030e
7045,2346,0000000c,00208463,0,00000000
7048,2347,00000010,fe000ce3,0,00000000
7051,2348,00000008,00108093,1,0000030f
7054,2349,0000000c,00208463,0,00000000
7057,2350,00000010,fe000ce3,0,00000000
7060,2351,00000008,00108093,1,00000310
7063,2352,0000000c,00208463,0,00000000
7066,2353,00000010,fe000ce3,0,00000000
7069,2354,00000008,00108093,1,00000311
7072,2355,0000000c,00208463,0,00000000
7075,2356,00000010,fe000ce3,0,00000000
7078,2357,00000008,00108093,1,00000312
7081,2358,0000000c,00208463,0,00000000
7084,2359,00000010,fe000ce3,0,00000000
7087,2360,00000008,00108093,1,00000313
7090,2361,0000000c,00208463,0,00000000
7093,2362,00000010,fe000ce3,0,00000000
7096,2363,00000008,00108093,1,00000314
7099,2364,0000000c,00208463,0,00000000
7102,2365,00000010,fe000ce3,0,00000000
7105,2366,00000008,00108093,1,00000315
7108,2367,0000000c,00208463,0,00000000
7111,2368,00000010,fe000ce3,0,00000000
7114,2369,00000008,00108093,1,00000316
7117,2370,0000000c,00208463,0,00000000
7120,2371,00000010,fe000ce3,0,00000000
7123,2372,00000008,00108093,1,00000317
7126,2373,0000000c,00208463,0,00000000
7129,2374,00000010,fe000ce3,0,00000000
7132,2375,00000008,00108093,1,00000318
7135,2376,0000000c,00208463,0,00000000
7138,2377,00000010,fe000ce3,0,00000000
7141,2378,00000008,00108093,1,00000319
7144,2379,0000000c,00208463,0,00000000
7147,2380,00000010,fe000ce3,0,00000000
7150,2381,00000008,00108093,1,0000031a
7153,2382,0000000c,00208463,0,00000000
7156,2383,00000010,fe000ce3,0,00000000
7159,2384,00000008,00108093,1,0000031b
7162,2385,0000000c,00208463,0,00000000
7165,2386,00000010,fe000ce3,0,00000000
7168,2387,00000008,00108093,1,0000031c
7171,2388,0000000c,00208463,0,00000000
7174,2389,00000010,fe000ce3,0,00000000
7177,2390,00000008,00108093,1,0000031d
7180,2391,0000000c,00208463,0,00000000
7183,2392,00000010,fe000ce3,0,00000000
7186,2393,00000008,00108093,1,0000031e
7189,2394,0000000c,00208463,0,00000000
7192,2395,00000010,fe000ce3,0,00000000
7195,2396,00000008,00108093,1,0000031f
7198,2397,0000000c,00208463,0,00000000
7201,2398,00000010,fe000ce3,0,00000000
7204,2399,00000008,00108093,1,00000320
7207,2400,0000000c,00208463,0,00000000
7210,2401,00000010,fe000ce3,0,00000000
7213,2402,00000008,00108093,1,00000321
7216,2403,0000000c,00208463,0,00000000
7219,2404,00000010,fe000ce3,0,00000000
7222,2405,00000008,00108093,1,00000322
7225,2406,0000000c,00208463,0,00000000
7228,2407,00000010,fe000ce3,0,00000000
7231,2408,00000008,00108093,1,00000323
7234,2409,0000000c,00208463,0,00000000
7237,2410,00000010,fe000ce3,0,00000000
7240,2411,00000008,00108093,1,00000324
7243,2412,0000000c,00208463,0,00000000
7246,2413,00000010,fe000ce3,0,00000000
7249,2414,00000008,00108093,1,00000325
7252,2415,0000000c,00208463,0,00000000
7255,2416,00000010,fe000ce3,0,00000000
7258,2417,00000008,00108093,1,00000326
7261,2418,0000000c,00208463,0,00000000
7264,2419,00000010,fe000ce3,0,00000000
7267,2420,00000008,00108093,1,00000327
7270,2421,0000000c,00208463,0,00000000
7273,2422,00000010,fe000ce3,0,00000000
7276,2423,00000008,00108093,1,00000328
7279,2424,0000000c,00208463,0,00000000
7282,2425,00000010,fe000ce3,0,00000000
7285,2426,00000008,00108093,1,00000329
7288,2427,0000000c,00208463,0,00000000
7291,2428,00000010,fe000ce3,0,00000000
7294,2429,00000008,00108093,1,0000032a
7297,2430,0000000c,00208463,0,00000000
7300,2431,00000010,fe000ce3,0,00000000
7303,2432,00000008,00108093,1,0000032b
7306,2433,0000000c,00208463,0,00000000
7309,2434,00000010,fe000ce3,0,00000000
7312,2435,00000008,00108093,1,0000032c
7315,2436,0000000c,00208463,0,00000000
7318,2437,00000010,fe000ce3,0,00000000
7321,2438,00000008,00108093,1,0000032d
7324,2439,0000000c,00208463,0,00000000
7327,2440,00000010,fe000ce3,0,00000000
7330,2441,00000008,00108093,1,0000032e
7333,2442,0000000c,00208463,0,00000000
7336,2443,00000010,fe000ce3,0,00000000
7339,2444,00000008,00108093,1,0000032f
7342,2445,0000000c,00208463,0,00000000
7345,2446,00000010,fe000ce3,0,00000000
7348,2447,00000008,00108093,1,00000330
7351,2448,0000000c,00208463,0,00000000
7354,2449,00000010,fe000ce3,0,00000000
7357,2450,00000008,00108093,1,00000331
7360,2451,0000000c,00208463,0,00000000
7363,2452,00000010,fe000ce3,0,00000000
7366,2453,00000008,00108093,1,00000332
7369,2454,0000000c,00208463,0,00000000
7372,2455,00000010,fe000ce3,0,00000000
7375,2456,00000008,00108093,1,00000333
7378,2457,0000000c,00208463,0,00000000
7381,2458,00000010,fe000ce3,0,00000000
7384,2459,00000008,00108093,1,00000334
7387,2460,0000000c,00208463,0,00000000
7390,2461,00000010,fe000ce3,0,00000000
7393,2462,00000008,00108093,1,00000335
7396,2463,0000000c,00208463,0,00000000
7399,2464,00000010,fe000ce3,0,00000000
7402,2465,00000008,00108093,1,00000336
7405,2466,0000000c,00208463,0,00000000
7408,2467,00000010,fe000ce3,0,00000000
7411,2468,00000008,00108093,1,00000337
7414,2469,0000000c,00208463,0,00000000
7417,2470,00000010,fe000ce3,0,00000000
7420,2471,00000008,00108093,1,00000338
7423,2472,0000000c,00208463,0,00000000
7426,2473,00000010,fe000ce3,0,00000000
7429,2474,00000008,00108093,1,00000339
7432,2475,0000000c,00208463,0,00000000
7435,2476,00000010,fe000ce3,0,00000000
7438,2477,00000008,00108093,1,0000033a
7441,2478,0000000c,00208463,0,00000000
7444,2479,00000010,fe000ce3,0,00000000
7447,2480,00000008,00108093,1,0000033b
7450,2481,0000000c,00208463,0,00000000
7453,2482,00000010,fe000ce3,0,00000000
7456,2483,00000008,00108093,1,0000033c
7459,2484,0000000c,00208463,0,00000000
7462,2485,00000010,fe000ce3,0,00000000
7465,2486,00000008,00108093,1,0000033d
7468,2487,0000000c,00208463,0,00000000
7471,2488,00000010,fe000ce3,0,00000000
7474,2489,00000008,00108093,1,0000033e
7477,2490,0000000c,00208463,0,00000000
7480,2491,00000010,fe000ce3,0,00000000
7483,2492,00000008,00108093,1,0000033f
7486,2493,0000000c,00208463,0,00000000
7489,2494,00000010,fe000ce3,0,00000000
7492,2495,00000008,00108093,1,00000340
7495,2496,0000000c,00208463,0,00000000
7498,2497,00000010,fe000ce3,0,00000000
7501,2498,00000008,00108093,1,00000341
7504,2499,0000000c,00208463,0,00000000
7507,2500,00000010,fe000ce3,0,00000000
7510,2501,00000008,00108093,1,00000342
7513,2502,0000000c,00208463,0,00000000
7516,2503,00000010,fe000ce3,0,00000000
7519,2504,00000008,00108093,1,00000343
7522,2505,0000000c,00208463,0,00000000
7525,2506,00000010,fe000ce3,0,00000000
7528,2507,00000008,00108093,1,00000344
7531,2508,0000000c,00208463,0,00000000
7534,2509,00000010,fe000ce3,0,00000000
7537,2510,00000008,00108093,1,00000345
7540,2511,0000000c,00208463,0,00000000
7543,2512,00000010,fe000ce3,0,00000000
7546,2513,00000008,00108093,1,00000346
7549,2514,0000000c,00208463,0,00000000
7552,2515,00000010,fe000ce3,0,00000000
7555,2516,00000008,00108093,1,00000347
7558,2517,0000000c,00208463,0,00000000
7561,2518,00000010,fe000ce3,0,00000000
7564,2519,00000008,00108093,1,00000348
7567,2520,0000000c,00208463,0,00000000
7570,2521,00000010,fe000ce3,0,00000000
7573,2522,00000008,00108093,1,00000349
7576,2523,0000000c,00208463,0,00000000
7579,2524,00000010,fe000ce3,0,00000000
7582,2525,00000008,00108093,1,0000034a
7585,2526,0000000c,00208463,0,00000000
7588,2527,00000010,fe000ce3,0,00000000
7591,2528,00000008,00108093,1,0000034b
7594,2529,0000000c,00208463,0,00000000
7597,2530,00000010,fe000ce3,0,00000000
7600,2531,00000008,00108093,1,0000034c
7603,2532,0000000c,00208463,0,00000000
7606,2533,00000010,fe000ce3,0,00000000
7609,2534,00000008,00108093,1,0000034d
7612,2535,0000000c,00208463,0,00000000
7615,2536,00000010,fe000ce3,0,00000000
7618,2537,00000008,00108093,1,0000034e
7621,2538,0000000c,00208463,0,00000000
7624,2539,00000010,fe000ce3,0,00000000
7627,2540,00000008,00108093,1,0000034f
7630,2541,0000000c,00208463,0,00000000
7633,2542,00000010,fe000ce3,0,00000000
7636,2543,00000008,00108093,1,00000350
7639,2544,0000000c,00208463,0,00000000
7642,2545,00000010,fe000ce3,0,00000000
7645,2546,00000008,00108093,1,00000351
7648,2547,0000000c,00208463,0,00000000
7651,2548,00000010,fe000ce3,0,00000000
7654,2549,00000008,00108093,1,00000352
7657,2550,0000000c,00208463,0,00000000
7660,2551,00000010,fe000ce3,0,00000000
7663,2552,00000008,00108093,1,00000353
7666,2553,0000000c,00208463,0,00000000
7669,2554,00000010,fe000ce3,0,00000000
7672,2555,00000008,00108093,1,00000354
7675,2556,0000000c,00208463,0,00000000
7678,2557,00000010,fe000ce3,0,00000000
7681,2558,00000008,00108093,1,00000355
7684,2559,0000000c,00208463,0,00000000
7687,2560,00000010,fe000ce3,0,00000000
7690,2561,00000008,00108093,1,00000356
7693,2562,0000000c,00208463,0,00000000
7696,2563,00000010,fe000ce3,0,00000000
7699,2564,00000008,00108093,1,00000357
7702,2565,0000000c,00208463,0,00000000
7705,2566,00000010,fe000ce3,0,00000000
7708,2567,00000008,00108093,1,00000358
7711,2568,0000000c,00208463,0,00000000
7714,2569,00000010,fe000ce3,0,00000000
7717,2570,00000008,00108093,1,00000359
7720,2571,0000000c,00208463,0,00000000
7723,2572,00000010,fe000ce3,0,00000000
7726,2573,00000008,00108093,1,0000035a
7729,2574,0000000c,00208463,0,00000000
7732,2575,00000010,fe000ce3,0,00000000
7735,2576,00000008,00108093,1,0000035b
7738,2577,0000000c,00208463,0,00000000
7741,2578,00000010,fe000ce3,0,00000000
7744,2579,00000008,00108093,1,0000035c
7747,2580,0000000c,00208463,0,00000000
7750,2581,00000010,fe000ce3,0,00000000
7753,2582,00000008,00108093,1,0000035d
7756,2583,0000000c,00208463,0,00000000
7759,2584,00000010,fe000ce3,0,00000000
7762,2585,00000008,00108093,1,0000035e
7765,2586,0000000c,00208463,0,00000000
7768,2587,00000010,fe000ce3,0,00000000
7771,2588,00000008,00108093,1,0000035f
7774,2589,0000000c,00208463,0,00000000
7777,2590,00000010,fe000ce3,0,00000000
7780,2591,00000008,00108093,1,00000360
7783,2592,0000000c,00208463,0,00000000
7786,2593,00000010,fe000ce3,0,00000000
7789,2594,00000008,00108093,1,00000361
7792,2595,0000000c,00208463,0,00000000
7795,2596,00000010,fe000ce3,0,00000000
7798,2597,00000008,00108093,1,00000362
7801,2598,0000000c,00208463,0,00000000
7804,2599,00000010,fe000ce3,0,00000000
7807,2600,00000008,00108093,1,00000363
7810,2601,0000000c,00208463,0,00000000
7813,2602,00000010,fe000ce3,0,00000000
7816,2603,00000008,00108093,1,00000364
7819,2604,0000000c,00208463,0,00000000
7822,2605,00000010,fe000ce3,0,00000000
7825,2606,00000008,00108093,1,00000365
7828,2607,0000000c,00208463,0,00000000
7831,2608,00000010,fe000ce3,0,00000000
7834,2609,00000008,00108093,1,00000366
7837,2610,0000000c,00208463,0,00000000
7840,2611,00000010,fe000ce3,0,00000000
7843,2612,00000008,00108093,1,00000367
7846,2613,0000000c,00208463,0,00000000
7849,2614,00000010,fe000ce3,0,00000000
7852,2615,00000008,00108093,1,00000368
7855,2616,0000000c,00208463,0,00000000
7858,2617,00000010,fe000ce3,0,00000000
7861,2618,00000008,00108093,1,00000369
7864,2619,0000000c,00208463,0,00000000
7867,2620,00000010,fe000ce3,0,00000000
7870,2621,00000008,00108093,1,0000036a
7873,2622,0000000c,00208463,0,00000000
7876,2623,00000010,fe000ce3,0,00000000
7879,2624,00000008,00108093,1,0000036b
7882,2625,0000000c,00208463,0,00000000
7885,2626,00000010,fe000ce3,0,00000000
7888,2627,00000008,00108093,1,0000036c
7891,2628,0000000c,00208463,0,00000000
7894,2629,00000010,fe000ce3,0,00000000
7897,2630,00000008,00108093,1,0000036d
7900,2631,0000000c,00208463,0,00000000
7903,2632,00000010,fe000ce3,0,00000000
7906,2633,00000008,00108093,1,0000036e
7909,2634,0000000c,00208463,0,00000000
7912,2635,00000010,fe000ce3,0,00000000
7915,2636,00000008,00108093,1,0000036f
7918,2637,0000000c,00208463,0,00000000
7921,2638,00000010,fe000ce3,0,00000000
7924,2639,00000008,00108093,1,00000370
7927,2640,0000000c,00208463,0,00000000
7930,2641,00000010,fe000ce3,0,00000000
7933,2642,00000008,00108093,1,00000371
7936,2643,0000000c,00208463,0,00000000
7939,2644,00000010,fe000ce3,0,00000000
7942,2645,00000008,00108093,1,00000372
7945,2646,0000000c,00208463,0,00000000
7948,2647,00000010,fe000ce3,0,00000000
7951,2648,00000008,00108093,1,00000373
7954,2649,0000000c,00208463,0,00000000
7957,2650,00000010,fe000ce3,0,00000000
7960,2651,00000008,00108093,1,00000374
7963,2652,0000000c,00208463,0,00000000
7966,2653,00000010,fe000ce3,0,00000000
7969,2654,00000008,00108093,1,00000375
7972,2655,0000000c,00208463,0,00000000
7975,2656,00000010,fe000ce3,0,00000000
7978,2657,00000008,00108093,1,00000376
7981,2658,0000000c,00208463,0,00000000
7984,2659,00000010,fe000ce3,0,00000000
7987,2660,00000008,00108093,1,00000377
7990,2661,0000000c,00208463,0,00000000
7993,2662,00000010,fe000ce3,0,00000000
7996,2663,00000008,00108093,1,00000378
7999,2664,0000000c,00208463,0,00000000
8002,2665,00000010,fe000ce3,0,00000000
8005,2666,00000008,00108093,1,00000379
8008,2667,0000000c,00208463,0,00000000
8011,2668,00000010,fe000ce3,0,00000000
8014,2669,00000008,00108093,1,0000037a
8017,2670,0000000c,00208463,0,00000000
8020,2671,00000010,fe000ce3,0,00000000
8023,2672,00000008,00108093,1,0000037b
8026,2673,0000000c,00208463,0,00000000
8029,2674,00000010,fe000ce3,0,00000000
8032,2675,00000008,00108093,1,0000037c
8035,2676,0000000c,00208463,0,00000000
8038,2677,00000010,fe000ce3,0,00000000
8041,2678,00000008,00108093,1,0000037d
8044,2679,0000000c,00208463,0,00000000
8047,2680,00000010,fe000ce3,0,00000000
8050,2681,00000008,00108093,1,0000037e
8053,2682,0000000c,00208463,0,00000000
8056,2683,00000010,fe000ce3,0,00000000
8059,2684,00000008,00108093,1,0000037f
8062,2685,0000000c,00208463,0,00000000
8065,2686,00000010,fe000ce3,0,00000000
8068,2687,00000008,00108093,1,00000380
8071,2688,0000000c,00208463,0,00000000
8074,2689,00000010,fe000ce3,0,00000000
8077,2690,00000008,00108093,1,00000381
8080,2691,0000000c,00208463,0,00000000
8083,2692,00000010,fe000ce3,0,00000000
8086,2693,00000008,00108093,1,00000382
8089,2694,0000000c,00208463,0,00000000
8092,2695,00000010,fe000ce3,0,00000000
8095,2696,00000008,00108093,1,00000383
8098,2697,0000000c,00208463,0,00000000
8101,2698,00000010,fe000ce3,0,00000000
8104,2699,00000008,00108093,1,00000384
8107,2700,0000000c,00208463,0,00000000
8110,2701,00000010,fe000ce3,0,00000000
8113,2702,00000008,00108093,1,00000385
8116,2703,0000000c,00208463,0,00000000
8119,2704,00000010,fe000ce3,0,00000000
8122,2705,00000008,00108093,1,00000386
8125,2706,0000000c,00208463,0,00000000
8128,2707,00000010,fe000ce3,0,00000000
8131,2708,00000008,00108093,1,00000387
8134,2709,0000000c,00208463,0,00000000
8137,2710,00000010,fe000ce3,0,00000000
8140,2711,00000008,00108093,1,00000388
8143,2712,0000000c,00208463,0,00000000
8146,2713,00000010,fe000ce3,0,00000000
8149,2714,00000008,00108093,1,00000389
8152,2715,0000000c,00208463,0,00000000
8155,2716,00000010,fe000ce3,0,00000000
8158,2717,00000008,00108093,1,0000038a
8161,2718,0000000c,00208463,0,00000000
8164,2719,00000010,fe000ce3,0,00000000
8167,2720,00000008,00108093,1,0000038b
8170,2721,0000000c,00208463,0,00000000
8173,2722,00000010,fe000ce3,0,00000000
8176,2723,00000008,00108093,1,0000038c
8179,2724,0000000c,00208463,0,00000000
8182,2725,00000010,fe000ce3,0,00000000
8185,2726,00000008,00108093,1,0000038d
8188,2727,0000000c,00208463,0,00000000
8191,2728,00000010,fe000ce3,0,00000000
8194,2729,00000008,00108093,1,0000038e
8197,2730,0000000c,00208463,0,00000000
8200,2731,00000010,fe000ce3,0,00000000
8203,2732,00000008,00108093,1,0000038f
8206,2733,0000000c,00208463,0,00000000
8209,2734,00000010,fe000ce3,0,00000000
8212,2735,00000008,00108093,1,00000390
8215,2736,0000000c,00208463,0,00000000
8218,2737,00000010,fe000ce3,0,00000000
8221,2738,00000008,00108093,1,00000391
8224,2739,0000000c,00208463,0,00000000
8227,2740,00000010,fe000ce3,0,00000000
8230,2741,00000008,00108093,1,00000392
8233,2742,0000000c,00208463,0,00000000
8236,2743,00000010,fe000ce3,0,00000000
8239,2744,00000008,00108093,1,00000393
8242,2745,0000000c,00208463,0,00000000
8245,2746,00000010,fe000ce3,0,00000000
8248,2747,00000008,00108093,1,00000394
8251,2748,0000000c,00208463,0,00000000
8254,2749,00000010,fe000ce3,0,00000000
8257,2750,00000008,00108093,1,00000395
8260,2751,0000000c,00208463,0,00000000
8263,2752,00000010,fe000ce3,0,00000000
8266,2753,00000008,00108093,1,00000396
8269,2754,0000000c,00208463,0,00000000
8272,2755,00000010,fe000ce3,0,00000000
8275,2756,00000008,00108093,1,00000397
8278,2757,0000000c,00208463,0,00000000
8281,2758,00000010,fe000ce3,0,00000000
8284,2759,00000008,00108093,1,00000398
8287,2760,0000000c,00208463,0,00000000
8290,2761,00000010,fe000ce3,0,00000000
8293,2762,00000008,00108093,1,00000399
8296,2763,0000000c,00208463,0,00000000
8299,2764,00000010,fe000ce3,0,00000000
8302,2765,00000008,00108093,1,0000039a
8305,2766,0000000c,00208463,0,00000000
8308,2767,00000010,fe000ce3,0,00000000
8311,2768,00000008,00108093,1,0000039b
8314,2769,0000000c,00208463,0,00000000
8317,2770,00000010,fe000ce3,0,00000000
8320,2771,00000008,00108093,1,0000039c
8323,2772,0000000c,00208463,0,00000000
8326,2773,00000010,fe000ce3,0,00000000
8329,2774,00000008,00108093,1,0000039d
8332,2775,0000000c,00208463,0,00000000
8335,2776,00000010,fe000ce3,0,00000000
8338,2777,00000008,00108093,1,0000039e
8341,2778,0000000c,00208463,0,00000000
8344,2779,00000010,fe000ce3,0,00000000
8347,2780,00000008,00108093,1,0000039f
8350,2781,0000000c,00208463,0,00000000
8353,2782,00000010,fe000ce3,0,00000000
8356,2783,00000008,00108093,1,000003a0
8359,2784,0000000c,00208463,0,00000000
8362,2785,00000010,fe000ce3,0,00000000
8365,2786,00000008,00108093,1,000003a1
8368,2787,0000000c,00208463,0,00000000
8371,2788,00000010,fe000ce3,0,00000000
8374,2789,00000008,00108093,1,000003a2
8377,2790,0000000c,00208463,0,00000000
8380,2791,00000010,fe000ce3,0,00000000
8383,2792,00000008,00108093,1,000003a3
8386,2793,0000000c,00208463,0,00000000
8389,2794,00000010,fe000ce3,0,00000000
8392,2795,00000008,00108093,1,000003a4
8395,2796,0000000c,00208463,0,00000000
8398,2797,00000010,fe000ce3,0,00000000
8401,2798,00000008,00108093,1,000003a5
8404,2799,0000000c,00208463,0,00000000
8407,2800,00000010,fe000ce3,0,00000000
8410,2801,00000008,00108093,1,000003a6
8413,2802,0000000c,00208463,0,00000000
8416,2803,00000010,fe000ce3,0,00000000
8419,2804,00000008,00108093,1,000003a7
8422,2805,0000000c,00208463,0,00000000
8425,2806,00000010,fe000ce3,0,00000000
8428,2807,00000008,00108093,1,000003a8
8431,2808,0000000c,00208463,0,00000000
8434,2809,00000010,fe000ce3,0,00000000
8437,2810,00000008,00108093,1,000003a9
8440,2811,0000000c,00208463,0,00000000
8443,2812,00000010,fe000ce3,0,00000000
8446,2813,00000008,00108093,1,000003aa
8449,2814,0000000c,00208463,0,00000000
8452,2815,00000010,fe000ce3,0,00000000
8455,2816,00000008,00108093,1,000003ab
8458,2817,0000000c,00208463,0,00000000
8461,2818,00000010,fe000ce3,0,00000000
8464,2819,00000008,00108093,1,000003ac
8467,2820,0000000c,00208463,0,00000000
8470,2821,00000010,fe000ce3,0,00000000
8473,2822,00000008,00108093,1,000003ad
8476,2823,0000000c,00208463,0,00000000
8479,2824,00000010,fe000ce3,0,00000000
8482,2825,00000008,00108093,1,000003ae
8485,2826,0000000c,00208463,0,00000000
8488,2827,00000010,fe000ce3,0,00000000
8491,2828,00000008,00108093,1,000003af
8494,2829,0000000c,00208463,0,00000000
8497,2830,00000010,fe000ce3,0,00000000
8500,2831,00000008,00108093,1,000003b0
8503,2832,0000000c,00208463,0,00000000
8506,2833,00000010,fe000ce3,0,00000000
8509,2834,00000008,00108093,1,000003b1
8512,2835,0000000c,00208463,0,00000000
8515,2836,00000010,fe000ce3,0,00000000
8518,2837,00000008,00108093,1,000003b2
8521,2838,0000000c,00208463,0,00000000
8524,2839,00000010,fe000ce3,0,00000000
8527,2840,00000008,00108093,1,000003b3
8530,2841,0000000c,00208463,0,00000000
8533,2842,00000010,fe000ce3,0,00000000
8536,2843,00000008,00108093,1,000003b4
8539,2844,0000000c,00208463,0,00000000
8542,2845,00000010,fe000ce3,0,00000000
8545,2846,00000008,00108093,1,000003b5
8548,2847,0000000c,00208463,0,00000000
8551,2848,00000010,fe000ce3,0,00000000
8554,2849,00000008,00108093,1,000003b6
8557,2850,0000000c,00208463,0,00000000
8560,2851,00000010,fe000ce3,0,00000000
8563,2852,00000008,00108093,1,000003b7
8566,2853,0000000c,00208463,0,00000000
8569,2854,00000010,fe000ce3,0,00000000
8572,2855,00000008,00108093,1,000003b8
8575,2856,0000000c,00208463,0,00000000
8578,2857,00000010,fe000ce3,0,00000000
8581,2858,00000008,00108093,1,000003b9
8584,2859,0000000c,00208463,0,00000000
8587,2860,00000010,fe000ce3,0,00000000
8590,2861,00000008,00108093,1,000003ba
8593,2862,0000000c,00208463,0,00000000
8596,2863,00000010,fe000ce3,0,00000000
8599,2864,00000008,00108093,1,000003bb
8602,2865,0000000c,00208463,0,00000000
8605,2866,00000010,fe000ce3,0,00000000
8608,2867,00000008,00108093,1,000003bc
8611,2868,0000000c,00208463,0,00000000
8614,2869,00000010,fe000ce3,0,00000000
8617,2870,00000008,00108093,1,000003bd
8620,2871,0000000c,00208463,0,00000000
8623,2872,00000010,fe000ce3,0,00000000
8626,2873,00000008,00108093,1,000003be
8629,2874,0000000c,00208463,0,00000000
8632,2875,00000010,fe000ce3,0,00000000
8635,2876,00000008,00108093,1,000003bf
8638,2877,0000000c,00208463,0,00000000
8641,2878,00000010,fe000ce3,0,00000000
8644,2879,00000008,00108093,1,000003c0
8647,2880,0000000c,00208463,0,00000000
8650,2881,00000010,fe000ce3,0,00000000
8653,2882,00000008,00108093,1,000003c1
8656,2883,0000000c,00208463,0,00000000
8659,2884,00000010,fe000ce3,0,00000000
8662,2885,00000008,00108093,1,000003c2
8665,2886,0000000c,00208463,0,00000000
8668,2887,00000010,fe000ce3,0,00000000
8671,2888,00000008,00108093,1,000003c3
8674,2889,0000000c,00208463,0,00000000
8677,2890,00000010,fe000ce3,0,00000000
8680,2891,00000008,00108093,1,000003c4
8683,2892,0000000c,00208463,0,00000000
8686,2893,00000010,fe000ce3,0,00000000
8689,2894,00000008,00108093,1,000003c5
8692,2895,0000000c,00208463,0,00000000
8695,2896,00000010,fe000ce3,0,00000000
8698,2897,00000008,00108093,1,000003c6
8701,2898,0000000c,00208463,0,00000000
8704,2899,00000010,fe000ce3,0,00000000
8707,2900,00000008,00108093,1,000003c7
8710,2901,0000000c,00208463,0,00000000
8713,2902,00000010,fe000ce3,0,00000000
8716,2903,00000008,00108093,1,000003c8
8719,2904,0000000c,00208463,0,00000000
8722,2905,00000010,fe000ce3,0,00000000
8725,2906,00000008,00108093,1,000003c9
8728,2907,0000000c,00208463,0,00000000
8731,2908,00000010,fe000ce3,0,00000000
8734,2909,00000008,00108093,1,000003ca
8737,2910,0000000c,00208463,0,00000000
8740,2911,00000010,fe000ce3,0,00000000
8743,2912,00000008,00108093,1,000003cb
8746,2913,0000000c,00208463,0,00000000
8749,2914,00000010,fe000ce3,0,00000000
8752,2915,00000008,00108093,1,000003cc
8755,2916,0000000c,00208463,0,00000000
8758,2917,00000010,fe000ce3,0,00000000
8761,2918,00000008,00108093,1,000003cd
8764,2919,0000000c,00208463,0,00000000
8767,2920,00000010,fe000ce3,0,00000000
8770,2921,00000008,00108093,1,000003ce
8773,2922,0000000c,00208463,0,00000000
8776,2923,00000010,fe000ce3,0,00000000
8779,2924,00000008,00108093,1,000003cf
8782,2925,0000000c,00208463,0,00000000
8785,2926,00000010,fe000ce3,0,00000000
8788,2927,00000008,00108093,1,000003d0
8791,2928,0000000c,00208463,0,00000000
8794,2929,00000010,fe000ce3,0,00000000
8797,2930,00000008,00108093,1,000003d1
8800,2931,0000000c,00208463,0,00000000
8803,2932,00000010,fe000ce3,0,00000000
8806,2933,00000008,00108093,1,000003d2
8809,2934,0000000c,00208463,0,00000000
8812,2935,00000010,fe000ce3,0,00000000
8815,2936,00000008,00108093,1,000003d3
8818,2937,0000000c,00208463,0,00000000
8821,2938,00000010,fe000ce3,0,00000000
8824,2939,00000008,00108093,1,000003d4
8827,2940,0000000c,00208463,0,00000000
8830,2941,00000010,fe000ce3,0,00000000
8833,2942,00000008,00108093,1,000003d5
8836,2943,0000000c,00208463,0,00000000
8839,2944,00000010,fe000ce3,0,00000000
8842,2945,00000008,00108093,1,000003d6
8845,2946,0000000c,00208463,0,00000000
8848,2947,00000010,fe000ce3,0,00000000
8851,2948,00000008,00108093,1,000003d7
8854,2949,0000000c,00208463,0,00000000
8857,2950,00000010,fe000ce3,0,00000000
8860,2951,00000008,00108093,1,000003d8
8863,2952,0000000c,00208463,0,00000000
8866,2953,00000010,fe000ce3,0,00000000
8869,2954,00000008,00108093,1,000003d9
8872,2955,0000000c,00208463,0,00000000
8875,2956,00000010,fe000ce3,0,00000000
8878,2957,00000008,00108093,1,000003da
8881,2958,0000000c,00208463,0,00000000
8884,2959,00000010,fe000ce3,0,00000000
8887,2960,00000008,00108093,1,000003db
8890,2961,0000000c,00208463,0,00000000
8893,2962,00000010,fe000ce3,0,00000000
8896,2963,00000008,00108093,1,000003dc
8899,2964,0000000c,00208463,0,00000000
8902,2965,00000010,fe000ce3,0,00000000
8905,2966,00000008,00108093,1,000003dd
8908,2967,0000000c,00208463,0,00000000
8911,2968,00000010,fe000ce3,0,00000000
8914,2969,00000008,00108093,1,000003de
8917,2970,0000000c,00208463,0,00000000
8920,2971,00000010,fe000ce3,0,00000000
8923,2972,00000008,00108093,1,000003df
8926,2973,0000000c,00208463,0,00000000
8929,2974,00000010,fe000ce3,0,00000000
8932,2975,00000008,00108093,1,000003e0
8935,2976,0000000c,00208463,0,00000000
8938,2977,00000010,fe000ce3,0,00000000
8941,2978,00000008,00108093,1,000003e1
8944,2979,0000000c,00208463,0,00000000
8947,2980,00000010,fe000ce3,0,00000000
8950,2981,00000008,00108093,1,000003e2
8953,2982,0000000c,00208463,0,00000000
8956,2983,00000010,fe000ce3,0,00000000
8959,2984,00000008,00108093,1,000003e3
8962,2985,0000000c,00208463,0,00000000
8965,2986,00000010,fe000ce3,0,00000000
8968,2987,00000008,00108093,1,000003e4
8971,2988,0000000c,00208463,0,00000000
8974,2989,00000010,fe000ce3,0,00000000
8977,2990,00000008,00108093,1,000003e5
8980,2991,0000000c,00208463,0,00000000
8983,2992,00000010,fe000ce3,0,00000000
8986,2993,00000008,00108093,1,000003e6
8989,2994,0000000c,00208463,0,00000000
8992,2995,00000010,fe000ce3,0,00000000
8995,2996,00000008,00108093,1,000003e7
8998,2997,0000000c,00208463,0,00000000
9001,2998,00000010,fe000ce3,0,00000000
9004,2999,00000008,00108093,1,000003e8
9007,3000,0000000c,00208463,0,00000000
9010,3001,00000010,fe000ce3,0,00000000
9013,3002,00000008,00108093,1,000003e9
9016,3003,0000000c,00208463,0,00000000
9019,3004,00000010,fe000ce3,0,00000000
9022,3005,00000008,00108093,1,000003ea
9025,3006,0000000c,00208463,0,00000000
9028,3007,00000010,fe000ce3,0,00000000
9031,3008,00000008,00108093,1,000003eb
9034,3009,0000000c,00208463,0,00000000
9037,3010,00000010,fe000ce3,0,00000000
9040,3011,00000008,00108093,1,000003ec
9043,3012,0000000c,00208463,0,00000000
9046,3013,00000010,fe000ce3,0,00000000
9049,3014,00000008,00108093,1,000003ed
9052,3015,0000000c,00208463,0,00000000
9055,3016,00000010,fe000ce3,0,00000000
9058,3017,00000008,00108093,1,000003ee
9061,3018,0000000c,00208463,0,00000000
9064,3019,00000010,fe000ce3,0,00000000
9067,3020,00000008,00108093,1,000003ef
9070,3021,0000000c,00208463,0,00000000
9073,3022,00000010,fe000ce3,0,00000000
9076,3023,00000008,00108093,1,000003f0
9079,3024,0000000c,00208463,0,00000000
9082,3025,00000010,fe000ce3,0,00000000
9085,3026,00000008,00108093,1,000003f1
9088,3027,0000000c,00208463,0,00000000
9091,3028,00000010,fe000ce3,0,00000000
9094,3029,00000008,00108093,1,000003f2
9097,3030,0000000c,00208463,0,00000000
9100,3031,00000010,fe000ce3,0,00000000
9103,3032,00000008,00108093,1,000003f3
9106,3033,0000000c,00208463,0,00000000
9109,3034,00000010,fe000ce3,0,00000000
9112,3035,00000008,00108093,1,000003f4
9115,3036,0000000c,00208463,0,00000000
9118,3037,00000010,fe000ce3,0,00000000
9121,3038,00000008,00108093,1,000003f5
9124,3039,0000000c,00208463,0,00000000
9127,3040,00000010,fe000ce3,0,00000000
9130,3041,00000008,00108093,1,000003f6
9133,3042,0000000c,00208463,0,00000000
9136,3043,00000010,fe000ce3,0,00000000
9139,3044,00000008,00108093,1,000003f7
9142,3045,0000000c,00208463,0,00000000
9145,3046,00000010,fe000ce3,0,00000000
9148,3047,00000008,00108093,1,000003f8
9151,3048,0000000c,00208463,0,00000000
9154,3049,00000010,fe000ce3,0,00000000
9157,3050,00000008,00108093,1,000003f9
9160,3051,0000000c,00208463,0,00000000
9163,3052,00000010,fe000ce3,0,00000000
9166,3053,00000008,00108093,1,000003fa
9169,3054,0000000c,00208463,0,00000000
9172,3055,00000010,fe000ce3,0,00000000
9175,3056,00000008,00108093,1,000003fb
9178,3057,0000000c,00208463,0,00000000
9181,3058,00000010,fe000ce3,0,00000000
9184,3059,00000008,00108093,1,000003fc
9187,3060,0000000c,00208463,0,00000000
9190,3061,00000010,fe000ce3,0,00000000
9193,3062,00000008,00108093,1,000003fd
9196,3063,0000000c,00208463,0,00000000
9199,3064,00000010,fe000ce3,0,00000000
9202,3065,00000008,00108093,1,000003fe
9205,3066,0000000c,00208463,0,00000000
9208,3067,00000010,fe000ce3,0,00000000
9211,3068,00000008,00108093,1,000003ff
9214,3069,0000000c,00208463,0,00000000
9217,3070,00000010,fe000ce3,0,00000000
9220,3071,00000008,00108093,1,00000400
9223,3072,0000000c,00208463,0,00000000
9226,3073,00000010,fe000ce3,0,00000000
9229,3074,00000008,00108093,1,00000401
9232,3075,0000000c,00208463,0,00000000
9235,3076,00000010,fe000ce3,0,00000000
9238,3077,00000008,00108093,1,00000402
9241,3078,0000000c,00208463,0,00000000
9244,3079,00000010,fe000ce3,0,00000000
9247,3080,00000008,00108093,1,00000403
9250,3081,0000000c,00208463,0,00000000
9253,3082,00000010,fe000ce3,0,00000000
9256,3083,00000008,00108093,1,00000404
9259,3084,0000000c,00208463,0,00000000
9262,3085,00000010,fe000ce3,0,00000000
9265,3086,00000008,00108093,1,00000405
9268,3087,0000000c,00208463,0,00000000
9271,3088,00000010,fe000ce3,0,00000000
9274,3089,00000008,00108093,1,00000406
9277,3090,0000000c,00208463,0,00000000
9280,3091,00000010,fe000ce3,0,00000000
9283,3092,00000008,00108093,1,00000407
9286,3093,0000000c,00208463,0,00000000
9289,3094,00000010,fe000ce3,0,00000000
9292,3095,00000008,00108093,1,00000408
9295,3096,0000000c,00208463,0,00000000
9298,3097,00000010,fe000ce3,0,00000000
9301,3098,00000008,00108093,1,00000409
9304,3099,0000000c,00208463,0,00000000
9307,3100,00000010,fe000ce3,0,00000000
9310,3101,00000008,00108093,1,0000040a
9313,3102,0000000c,00208463,0,00000000
9316,3103,00000010,fe000ce3,0,00000000
9319,3104,00000008,00108093,1,0000040b
9322,3105,0000000c,00208463,0,00000000
9325,3106,00000010,fe000ce3,0,00000000
9328,3107,00000008,00108093,1,0000040c
9331,3108,0000000c,00208463,0,00000000
9334,3109,00000010,fe000ce3,0,00000000
9337,3110,00000008,00108093,1,0000040d
9340,3111,0000000c,00208463,0,00000000
9343,3112,00000010,fe000ce3,0,00000000
9346,3113,00000008,00108093,1,0000040e
9349,3114,0000000c,00208463,0,00000000
9352,3115,00000010,fe000ce3,0,00000000
9355,3116,00000008,00108093,1,0000040f
9358,3117,0000000c,00208463,0,00000000
9361,3118,00000010,fe000ce3,0,00000000
9364,3119,00000008,00108093,1,00000410
9367,3120,0000000c,00208463,0,00000000
9370,3121,00000010,fe000ce3,0,00000000
9373,3122,00000008,00108093,1,00000411
9376,3123,0000000c,00208463,0,00000000
9379,3124,00000010,fe000ce3,0,00000000
9382,3125,00000008,00108093,1,00000412
9385,3126,0000000c,00208463,0,00000000
9388,3127,00000010,fe000ce3,0,00000000
9391,3128,00000008,00108093,1,00000413
9394,3129,0000000c,00208463,0,00000000
9397,3130,00000010,fe000ce3,0,00000000
9400,3131,00000008,00108093,1,00000414
9403,3132,0000000c,00208463,0,00000000
9406,3133,00000010,fe000ce3,0,00000000
9409,3134,00000008,00108093,1,00000415
9412,3135,0000000c,00208463,0,00000000
9415,3136,00000010,fe000ce3,0,00000000
9418,3137,00000008,00108093,1,00000416
9421,3138,0000000c,00208463,0,00000000
9424,3139,00000010,fe000ce3,0,00000000
9427,3140,00000008,00108093,1,00000417
9430,3141,0000000c,00208463,0,00000000
9433,3142,00000010,fe000ce3,0,00000000
9436,3143,00000008,00108093,1,00000418
9439,3144,0000000c,00208463,0,00000000
9442,3145,00000010,fe000ce3,0,00000000
9445,3146,00000008,00108093,1,00000419
9448,3147,0000000c,00208463,0,00000000
9451,3148,00000010,fe000ce3,0,00000000
9454,3149,00000008,00108093,1,0000041a
9457,3150,0000000c,00208463,0,00000000
9460,3151,00000010,fe000ce3,0,00000000
9463,3152,00000008,00108093,1,0000041b
9466,3153,0000000c,00208463,0,00000000
9469,3154,00000010,fe000ce3,0,00000000
9472,3155,00000008,00108093,1,0000041c
9475,3156,0000000c,00208463,0,00000000
9478,3157,00000010,fe000ce3,0,00000000
9481,3158,00000008,00108093,1,0000041d
9484,3159,0000000c,00208463,0,00000000
9487,3160,00000010,fe000ce3,0,00000000
9490,3161,00000008,00108093,1,0000041e
9493,3162,0000000c,00208463,0,00000000
9496,3163,00000010,fe000ce3,0,00000000
9499,3164,00000008,00108093,1,0000041f
9502,3165,0000000c,00208463,0,00000000
9505,3166,00000010,fe000ce3,0,00000000
9508,3167,00000008,00108093,1,00000420
9511,3168,0000000c,00208463,0,00000000
9514,3169,00000010,fe000ce3,0,00000000
9517,3170,00000008,00108093,1,00000421
9520,3171,0000000c,00208463,0,00000000
9523,3172,00000010,fe000ce3,0,00000000
9526,3173,00000008,00108093,1,00000422
9529,3174,0000000c,00208463,0,00000000
9532,3175,00000010,fe000ce3,0,00000000
9535,3176,00000008,00108093,1,00000423
9538,3177,0000000c,00208463,0,00000000
9541,3178,00000010,fe000ce3,0,00000000
9544,3179,00000008,00108093,1,00000424
9547,3180,0000000c,00208463,0,00000000
9550,3181,00000010,fe000ce3,0,00000000
9553,3182,00000008,00108093,1,00000425
9556,3183,0000000c,00208463,0,00000000
9559,3184,00000010,fe000ce3,0,00000000
9562,3185,00000008,00108093,1,00000426
9565,3186,0000000c,00208463,0,00000000
9568,3187,00000010,fe000ce3,0,00000000
9571,3188,00000008,00108093,1,00000427
9574,3189,0000000c,00208463,0,00000000
9577,3190,00000010,fe000ce3,0,00000000
9580,3191,00000008,00108093,1,00000428
9583,3192,0000000c,00208463,0,00000000
9586,3193,00000010,fe000ce3,0,00000000
9589,3194,00000008,00108093,1,00000429
9592,3195,0000000c,00208463,0,00000000
9595,3196,00000010,fe000ce3,0,00000000
9598,3197,00000008,00108093,1,0000042a
9601,3198,0000000c,00208463,0,00000000
9604,3199,00000010,fe000ce3,0,00000000
9607,3200,00000008,00108093,1,0000042b
9610,3201,0000000c,00208463,0,00000000
9613,3202,00000010,fe000ce3,0,00000000
9616,3203,00000008,00108093,1,0000042c
9619,3204,0000000c,00208463,0,00000000
9622,3205,00000010,fe000ce3,0,00000000
9625,3206,00000008,00108093,1,0000042d
9628,3207,0000000c,00208463,0,00000000
9631,3208,00000010,fe000ce3,0,00000000
9634,3209,00000008,00108093,1,0000042e
9637,3210,0000000c,00208463,0,00000000
9640,3211,00000010,fe000ce3,0,00000000
9643,3212,00000008,00108093,1,0000042f
9646,3213,0000000c,00208463,0,00000000
9649,3214,00000010,fe000ce3,0,00000000
9652,3215,00000008,00108093,1,00000430
9655,3216,0000000c,00208463,0,00000000
9658,3217,00000010,fe000ce3,0,00000000
9661,3218,00000008,00108093,1,00000431
9664,3219,0000000c,00208463,0,00000000
9667,3220,00000010,fe000ce3,0,00000000
9670,3221,00000008,00108093,1,00000432
9673,3222,0000000c,00208463,0,00000000
9676,3223,00000010,fe000ce3,0,00000000
9679,3224,00000008,00108093,1,00000433
9682,3225,0000000c,00208463,0,00000000
9685,3226,00000010,fe000ce3,0,00000000
9688,3227,00000008,00108093,1,00000434
9691,3228,0000000c,00208463,0,00000000
9694,3229,00000010,fe000ce3,0,00000000
9697,3230,00000008,00108093,1,00000435
9700,3231,0000000c,00208463,0,00000000
9703,3232,00000010,fe000ce3,0,00000000
9706,3233,00000008,00108093,1,00000436
9709,3234,0000000c,00208463,0,00000000
9712,3235,00000010,fe000ce3,0,00000000
9715,3236,00000008,00108093,1,00000437
9718,3237,0000000c,00208463,0,00000000
9721,3238,00000010,fe000ce3,0,00000000
9724,3239,00000008,00108093,1,00000438
9727,3240,0000000c,00208463,0,00000000
9730,3241,00000010,fe000ce3,0,00000000
9733,3242,00000008,00108093,1,00000439
9736,3243,0000000c,00208463,0,00000000
9739,3244,00000010,fe000ce3,0,00000000
9742,3245,00000008,00108093,1,0000043a
9745,3246,0000000c,00208463,0,00000000
9748,3247,00000010,fe000ce3,0,00000000
9751,3248,00000008,00108093,1,0000043b
9754,3249,0000000c,00208463,0,00000000
9757,3250,00000010,fe000ce3,0,00000000
9760,3251,00000008,00108093,1,0000043c
9763,3252,0000000c,00208463,0,00000000
9766,3253,00000010,fe000ce3,0,00000000
9769,3254,00000008,00108093,1,0000043d
9772,3255,0000000c,00208463,0,00000000
9775,3256,00000010,fe000ce3,0,00000000
9778,3257,00000008,00108093,1,0000043e
9781,3258,0000000c,00208463,0,00000000
9784,3259,00000010,fe000ce3,0,00000000
9787,3260,00000008,00108093,1,0000043f
9790,3261,0000000c,00208463,0,00000000
9793,3262,00000010,fe000ce3,0,00000000
9796,3263,00000008,00108093,1,00000440
9799,3264,0000000c,00208463,0,00000000
9802,3265,00000010,fe000ce3,0,00000000
9805,3266,00000008,00108093,1,00000441
9808,3267,0000000c,00208463,0,00000000
9811,3268,00000010,fe000ce3,0,00000000
9814,3269,00000008,00108093,1,00000442
9817,3270,0000000c,00208463,0,00000000
9820,3271,00000010,fe000ce3,0,00000000
9823,3272,00000008,00108093,1,00000443
9826,3273,0000000c,00208463,0,00000000
9829,3274,00000010,fe000ce3,0,00000000
9832,3275,00000008,00108093,1,00000444
9835,3276,0000000c,00208463,0,00000000
9838,3277,00000010,fe000ce3,0,00000000
9841,3278,00000008,00108093,1,00000445
9844,3279,0000000c,00208463,0,00000000
9847,3280,00000010,fe000ce3,0,00000000
9850,3281,00000008,00108093,1,00000446
9853,3282,0000000c,00208463,0,00000000
9856,3283,00000010,fe000ce3,0,00000000
9859,3284,00000008,00108093,1,00000447
9862,3285,0000000c,00208463,0,00000000
9865,3286,00000010,fe000ce3,0,00000000
9868,3287,00000008,00108093,1,00000448
9871,3288,0000000c,00208463,0,00000000
9874,3289,00000010,fe000ce3,0,00000000
9877,3290,00000008,00108093,1,00000449
9880,3291,0000000c,00208463,0,00000000
9883,3292,00000010,fe000ce3,0,00000000
9886,3293,00000008,00108093,1,0000044a
9889,3294,0000000c,00208463,0,00000000
9892,3295,00000010,fe000ce3,0,00000000
9895,3296,00000008,00108093,1,0000044b
9898,3297,0000000c,00208463,0,00000000
9901,3298,00000010,fe000ce3,0,00000000
9904,3299,00000008,00108093,1,0000044c
9907,3300,0000000c,00208463,0,00000000
9910,3301,00000010,fe000ce3,0,00000000
9913,3302,00000008,00108093,1,0000044d
9916,3303,0000000c,00208463,0,00000000
9919,3304,00000010,fe000ce3,0,00000000
9922,3305,00000008,00108093,1,0000044e
9925,3306,0000000c,00208463,0,00000000
9928,3307,00000010,fe000ce3,0,00000000
9931,3308,00000008,00108093,1,0000044f
9934,3309,0000000c,00208463,0,00000000
9937,3310,00000010,fe000ce3,0,00000000
9940,3311,00000008,00108093,1,00000450
9943,3312,0000000c,00208463,0,00000000
9946,3313,00000010,fe000ce3,0,00000000
9949,3314,00000008,00108093,1,00000451
9952,3315,0000000c,00208463,0,00000000
9955,3316,00000010,fe000ce3,0,00000000
9958,3317,00000008,00108093,1,00000452
9961,3318,0000000c,00208463,0,00000000
9964,3319,00000010,fe000ce3,0,00000000
9967,3320,00000008,00108093,1,00000453
9970,3321,0000000c,00208463,0,00000000
9973,3322,00000010,fe000ce3,0,00000000
9976,3323,00000008,00108093,1,00000454
9979,3324,0000000c,00208463,0,00000000
9982,3325,00000010,fe000ce3,0,00000000
9985,3326,00000008,00108093,1,00000455
9988,3327,0000000c,00208463,0,00000000
9991,3328,00000010,fe000ce3,0,00000000
9994,3329,00000008,00108093,1,00000456
9997,3330,0000000c,00208463,0,00000000
10000,3331,00000010,fe000ce3,0,00000000
10003,3332,00000008,00108093,1,00000457
10006,3333,0000000c,00208463,0,00000000
10009,3334,00000010,fe000ce3,0,00000000
10012,3335,00000008,00108093,1,00000458
10015,3336,0000000c,00208463,0,00000000
10018,3337,00000010,fe000ce3,0,00000000
10021,3338,00000008,00108093,1,00000459
10024,3339,0000000c,00208463,0,00000000
10027,3340,00000010,fe000ce3,0,00000000
10030,3341,00000008,00108093,1,0000045a
10033,3342,0000000c,00208463,0,00000000
10036,3343,00000010,fe000ce3,0,00000000
10039,3344,00000008,00108093,1,0000045b
10042,3345,0000000c,00208463,0,00000000
10045,3346,00000010,fe000ce3,0,00000000
10048,3347,00000008,00108093,1,0000045c
10051,3348,0000000c,00208463,0,00000000
10054,3349,00000010,fe000ce3,0,00000000
10057,3350,00000008,00108093,1,0000045d
10060,3351,0000000c,00208463,0,00000000
10063,3352,00000010,fe000ce3,0,00000000
10066,3353,00000008,00108093,1,0000045e
10069,3354,0000000c,00208463,0,00000000
10072,3355,00000010,fe000ce3,0,00000000
10075,3356,00000008,00108093,1,0000045f
10078,3357,0000000c,00208463,0,00000000
10081,3358,00000010,fe000ce3,0,00000000
10084,3359,00000008,00108093,1,00000460
10087,3360,0000000c,00208463,0,00000000
10090,3361,00000010,fe000ce3,0,00000000
10093,3362,00000008,00108093,1,00000461
10096,3363,0000000c,00208463,0,00000000
10099,3364,00000010,fe000ce3,0,00000000
10102,3365,00000008,00108093,1,00000462
10105,3366,0000000c,00208463,0,00000000
10108,3367,00000010,fe000ce3,0,00000000
10111,3368,00000008,00108093,1,00000463
10114,3369,0000000c,00208463,0,00000000
10117,3370,00000010,fe000ce3,0,00000000
10120,3371,00000008,00108093,1,00000464
10123,3372,0000000c,00208463,0,00000000
10126,3373,00000010,fe000ce3,0,00000000
10129,3374,00000008,00108093,1,00000465
10132,3375,0000000c,00208463,0,00000000
10135,3376,00000010,fe000ce3,0,00000000
10138,3377,00000008,00108093,1,00000466
10141,3378,0000000c,00208463,0,00000000
10144,3379,00000010,fe000ce3,0,00000000
10147,3380,00000008,00108093,1,00000467
10150,3381,0000000c,00208463,0,00000000
10153,3382,00000010,fe000ce3,0,00000000
10156,3383,00000008,00108093,1,00000468
10159,3384,0000000c,00208463,0,00000000
10162,3385,00000010,fe000ce3,0,00000000
10165,3386,00000008,00108093,1,00000469
10168,3387,0000000c,00208463,0,00000000
10171,3388,00000010,fe000ce3,0,00000000
10174,3389,00000008,00108093,1,0000046a
10177,3390,0000000c,00208463,0,00000000
10180,3391,00000010,fe000ce3,0,00000000
10183,3392,00000008,00108093,1,0000046b
10186,3393,0000000c,00208463,0,00000000
10189,3394,00000010,fe000ce3,0,00000000
10192,3395,00000008,00108093,1,0000046c
10195,3396,0000000c,00208463,0,00000000
10198,3397,00000010,fe000ce3,0,00000000
10201,3398,00000008,00108093,1,0000046d
10204,3399,0000000c,00208463,0,00000000
10207,3400,00000010,fe000ce3,0,00000000
10210,3401,00000008,00108093,1,0000046e
10213,3402,0000000c,00208463,0,00000000
10216,3403,00000010,fe000ce3,0,00000000
10219,3404,00000008,00108093,1,0000046f
10222,3405,0000000c,00208463,0,00000000
10225,3406,00000010,fe000ce3,0,00000000
10228,3407,00000008,00108093,1,00000470
10231,3408,0000000c,00208463,0,00000000
10234,3409,00000010,fe000ce3,0,00000000
10237,3410,00000008,00108093,1,00000471
10240,3411,0000000c,00208463,0,00000000
10243,3412,00000010,fe000ce3,0,00000000
10246,3413,00000008,00108093,1,00000472
10249,3414,0000000c,00208463,0,00000000
10252,3415,00000010,fe000ce3,0,00000000
10255,3416,00000008,00108093,1,00000473
10258,3417,0000000c,00208463,0,00000000
10261,3418,00000010,fe000ce3,0,00000000
10264,3419,00000008,00108093,1,00000474
10267,3420,0000000c,00208463,0,00000000
10270,3421,00000010,fe000ce3,0,00000000
10273,3422,00000008,00108093,1,00000475
10276,3423,0000000c,00208463,0,00000000
10279,3424,00000010,fe000ce3,0,00000000
10282,3425,00000008,00108093,1,00000476
10285,3426,0000000c,00208463,0,00000000
10288,3427,00000010,fe000ce3,0,00000000
10291,3428,00000008,00108093,1,00000477
10294,3429,0000000c,00208463,0,00000000
10297,3430,00000010,fe000ce3,0,00000000
10300,3431,00000008,00108093,1,00000478
10303,3432,0000000c,00208463,0,00000000
10306,3433,00000010,fe000ce3,0,00000000
10309,3434,00000008,00108093,1,00000479
10312,3435,0000000c,00208463,0,00000000
10315,3436,00000010,fe000ce3,0,00000000
10318,3437,00000008,00108093,1,0000047a
10321,3438,0000000c,00208463,0,00000000
10324,3439,00000010,fe000ce3,0,00000000
10327,3440,00000008,00108093,1,0000047b
10330,3441,0000000c,00208463,0,00000000
10333,3442,00000010,fe000ce3,0,00000000
10336,3443,00000008,00108093,1,0000047c
10339,3444,0000000c,00208463,0,00000000
10342,3445,00000010,fe000ce3,0,00000000
10345,3446,00000008,00108093,1,0000047d
10348,3447,0000000c,00208463,0,00000000
10351,3448,00000010,fe000ce3,0,00000000
10354,3449,00000008,00108093,1,0000047e
10357,3450,0000000c,00208463,0,00000000
10360,3451,00000010,fe000ce3,0,00000000
10363,3452,00000008,00108093,1,0000047f
10366,3453,0000000c,00208463,0,00000000
10369,3454,00000010,fe000ce3,0,00000000
10372,3455,00000008,00108093,1,00000480
10375,3456,0000000c,00208463,0,00000000
10378,3457,00000010,fe000ce3,0,00000000
10381,3458,00000008,00108093,1,00000481
10384,3459,0000000c,00208463,0,00000000
10387,3460,00000010,fe000ce3,0,00000000
10390,3461,00000008,00108093,1,00000482
10393,3462,0000000c,00208463,0,00000000
10396,3463,00000010,fe000ce3,0,00000000
10399,3464,00000008,00108093,1,00000483
10402,3465,0000000c,00208463,0,00000000
10405,3466,00000010,fe000ce3,0,00000000
10408,3467,00000008,00108093,1,00000484
10411,3468,0000000c,00208463,0,00000000
10414,3469,00000010,fe000ce3,0,00000000
10417,3470,00000008,00108093,1,00000485
10420,3471,0000000c,00208463,0,00000000
10423,3472,00000010,fe000ce3,0,00000000
10426,3473,00000008,00108093,1,00000486
10429,3474,0000000c,00208463,0,00000000
10432,3475,00000010,fe000ce3,0,00000000
10435,3476,00000008,00108093,1,00000487
10438,3477,0000000c,00208463,0,00000000
10441,3478,00000010,fe000ce3,0,00000000
10444,3479,00000008,00108093,1,00000488
10447,3480,0000000c,00208463,0,00000000
10450,3481,00000010,fe000ce3,0,00000000
10453,3482,00000008,00108093,1,00000489
10456,3483,0000000c,00208463,0,00000000
10459,3484,00000010,fe000ce3,0,00000000
10462,3485,00000008,00108093,1,0000048a
10465,3486,0000000c,00208463,0,00000000
10468,3487,00000010,fe000ce3,0,00000000
10471,3488,00000008,00108093,1,0000048b
10474,3489,0000000c,00208463,0,00000000
10477,3490,00000010,fe000ce3,0,00000000
10480,3491,00000008,00108093,1,0000048c
10483,3492,0000000c,00208463,0,00000000
10486,3493,00000010,fe000ce3,0,00000000
10489,3494,00000008,00108093,1,0000048d
10492,3495,0000000c,00208463,0,00000000
10495,3496,00000010,fe000ce3,0,00000000
10498,3497,00000008,00108093,1,0000048e
10501,3498,0000000c,00208463,0,00000000
10504,3499,00000010,fe000ce3,0,00000000
10507,3500,00000008,00108093,1,0000048f
10510,3501,0000000c,00208463,0,00000000
10513,3502,00000010,fe000ce3,0,00000000
10516,3503,00000008,00108093,1,00000490
10519,3504,0000000c,00208463,0,00000000
10522,3505,00000010,fe000ce3,0,00000000
10525,3506,00000008,00108093,1,00000491
10528,3507,0000000c,00208463,0,00000000
10531,3508,00000010,fe000ce3,0,00000000
10534,3509,00000008,00108093,1,00000492
10537,3510,0000000c,00208463,0,00000000
10540,3511,00000010,fe000ce3,0,00000000
10543,3512,00000008,00108093,1,00000493
10546,3513,0000000c,00208463,0,00000000
10549,3514,00000010,fe000ce3,0,00000000
10552,3515,00000008,00108093,1,00000494
10555,3516,0000000c,00208463,0,00000000
10558,3517,00000010,fe000ce3,0,00000000
10561,3518,00000008,00108093,1,00000495
10564,3519,0000000c,00208463,0,00000000
10567,3520,00000010,fe000ce3,0,00000000
10570,3521,00000008,00108093,1,00000496
10573,3522,0000000c,00208463,0,00000000
10576,3523,00000010,fe000ce3,0,00000000
10579,3524,00000008,00108093,1,00000497
10582,3525,0000000c,00208463,0,00000000
10585,3526,00000010,fe000ce3,0,00000000
10588,3527,00000008,00108093,1,00000498
10591,3528,0000000c,00208463,0,00000000
10594,3529,00000010,fe000ce3,0,00000000
10597,3530,00000008,00108093,1,00000499
10600,3531,0000000c,00208463,0,00000000
10603,3532,00000010,fe000ce3,0,00000000
10606,3533,00000008,00108093,1,0000049a
10609,3534,0000000c,00208463,0,00000000
10612,3535,00000010,fe000ce3,0,00000000
10615,3536,00000008,00108093,1,0000049b
10618,3537,0000000c,00208463,0,00000000
10621,3538,00000010,fe000ce3,0,00000000
10624,3539,00000008,00108093,1,0000049c
10627,3540,0000000c,00208463,0,00000000
10630,3541,00000010,fe000ce3,0,00000000
10633,3542,00000008,00108093,1,0000049d
10636,3543,0000000c,00208463,0,00000000
10639,3544,00000010,fe000ce3,0,00000000
10642,3545,00000008,00108093,1,0000049e
10645,3546,0000000c,00208463,0,00000000
10648,3547,00000010,fe000ce3,0,00000000
10651,3548,00000008,00108093,1,0000049f
10654,3549,0000000c,00208463,0,00000000
10657,3550,00000010,fe000ce3,0,00000000
10660,3551,00000008,00108093,1,000004a0
10663,3552,0000000c,00208463,0,00000000
10666,3553,00000010,fe000ce3,0,00000000
10669,3554,00000008,00108093,1,000004a1
10672,3555,0000000c,00208463,0,00000000
10675,3556,00000010,fe000ce3,0,00000000
10678,3557,00000008,00108093,1,000004a2
10681,3558,0000000c,00208463,0,00000000
10684,3559,00000010,fe000ce3,0,00000000
10687,3560,00000008,00108093,1,000004a3
10690,3561,0000000c,00208463,0,00000000
10693,3562,00000010,fe000ce3,0,00000000
10696,3563,00000008,00108093,1,000004a4
10699,3564,0000000c,00208463,0,00000000
10702,3565,00000010,fe000ce3,0,00000000
10705,3566,00000008,00108093,1,000004a5
10708,3567,0000000c,00208463,0,00000000
10711,3568,00000010,fe000ce3,0,00000000
10714,3569,00000008,00108093,1,000004a6
10717,3570,0000000c,00208463,0,00000000
10720,3571,00000010,fe000ce3,0,00000000
10723,3572,00000008,00108093,1,000004a7
10726,3573,0000000c,00208463,0,00000000
10729,3574,00000010,fe000ce3,0,00000000
10732,3575,00000008,00108093,1,000004a8
10735,3576,0000000c,00208463,0,00000000
10738,3577,00000010,fe000ce3,0,00000000
10741,3578,00000008,00108093,1,000004a9
10744,3579,0000000c,00208463,0,00000000
10747,3580,00000010,fe000ce3,0,00000000
10750,3581,00000008,00108093,1,000004aa
10753,3582,0000000c,00208463,0,00000000
10756,3583,00000010,fe000ce3,0,00000000
10759,3584,00000008,00108093,1,000004ab
10762,3585,0000000c,00208463,0,00000000
10765,3586,00000010,fe000ce3,0,00000000
10768,3587,00000008,00108093,1,000004ac
10771,3588,0000000c,00208463,0,00000000
10774,3589,00000010,fe000ce3,0,00000000
10777,3590,00000008,00108093,1,000004ad
10780,3591,0000000c,00208463,0,00000000
10783,3592,00000010,fe000ce3,0,00000000
10786,3593,00000008,00108093,1,000004ae
10789,3594,0000000c,00208463,0,00000000
10792,3595,00000010,fe000ce3,0,00000000
10795,3596,00000008,00108093,1,000004af
10798,3597,0000000c,00208463,0,00000000
10801,3598,00000010,fe000ce3,0,00000000
10804,3599,00000008,00108093,1,000004b0
10807,3600,0000000c,00208463,0,00000000
10810,3601,00000010,fe000ce3,0,00000000
10813,3602,00000008,00108093,1,000004b1
10816,3603,0000000c,00208463,0,00000000
10819,3604,00000010,fe000ce3,0,00000000
10822,3605,00000008,00108093,1,000004b2
10825,3606,0000000c,00208463,0,00000000
10828,3607,00000010,fe000ce3,0,00000000
10831,3608,00000008,00108093,1,000004b3
10834,3609,0000000c,00208463,0,00000000
10837,3610,00000010,fe000ce3,0,00000000
10840,3611,00000008,00108093,1,000004b4
10843,3612,0000000c,00208463,0,00000000
10846,3613,00000010,fe000ce3,0,00000000
10849,3614,00000008,00108093,1,000004b5
10852,3615,0000000c,00208463,0,00000000
10855,3616,00000010,fe000ce3,0,00000000
10858,3617,00000008,00108093,1,000004b6
10861,3618,0000000c,00208463,0,00000000
10864,3619,00000010,fe000ce3,0,00000000
10867,3620,00000008,00108093,1,000004b7
10870,3621,0000000c,00208463,0,00000000
10873,3622,00000010,fe000ce3,0,00000000
10876,3623,00000008,00108093,1,000004b8
10879,3624,0000000c,00208463,0,00000000
10882,3625,00000010,fe000ce3,0,00000000
10885,3626,00000008,00108093,1,000004b9
10888,3627,0000000c,00208463,0,00000000
10891,3628,00000010,fe000ce3,0,00000000
10894,3629,00000008,00108093,1,000004ba
10897,3630,0000000c,00208463,0,00000000
10900,3631,00000010,fe000ce3,0,00000000
10903,3632,00000008,00108093,1,000004bb
10906,3633,0000000c,00208463,0,00000000
10909,3634,00000010,fe000ce3,0,00000000
10912,3635,00000008,00108093,1,000004bc
10915,3636,0000000c,00208463,0,00000000
10918,3637,00000010,fe000ce3,0,00000000
10921,3638,00000008,00108093,1,000004bd
10924,3639,0000000c,00208463,0,00000000
10927,3640,00000010,fe000ce3,0,00000000
10930,3641,00000008,00108093,1,000004be
10933,3642,0000000c,00208463,0,00000000
10936,3643,00000010,fe000ce3,0,00000000
10939,3644,00000008,00108093,1,000004bf
10942,3645,0000000c,00208463,0,00000000
10945,3646,00000010,fe000ce3,0,00000000
10948,3647,00000008,00108093,1,000004c0
10951,3648,0000000c,00208463,0,00000000
10954,3649,00000010,fe000ce3,0,00000000
10957,3650,00000008,00108093,1,000004c1
10960,3651,0000000c,00208463,0,00000000
10963,3652,00000010,fe000ce3,0,00000000
10966,3653,00000008,00108093,1,000004c2
10969,3654,0000000c,00208463,0,00000000
10972,3655,00000010,fe000ce3,0,00000000
10975,3656,00000008,00108093,1,000004c3
10978,3657,0000000c,00208463,0,00000000
10981,3658,00000010,fe000ce3,0,00000000
10984,3659,00000008,00108093,1,000004c4
10987,3660,0000000c,00208463,0,00000000
10990,3661,00000010,fe000ce3,0,00000000
10993,3662,00000008,00108093,1,000004c5
10996,3663,0000000c,00208463,0,00000000
10999,3664,00000010,fe000ce3,0,00000000
11002,3665,00000008,00108093,1,000004c6
11005,3666,0000000c,00208463,0,00000000
11008,3667,00000010,fe000ce3,0,00000000
11011,3668,00000008,00108093,1,000004c7
11014,3669,0000000c,00208463,0,00000000
11017,3670,00000010,fe000ce3,0,00000000
11020,3671,00000008,00108093,1,000004c8
11023,3672,0000000c,00208463,0,00000000
11026,3673,00000010,fe000ce3,0,00000000
11029,3674,00000008,00108093,1,000004c9
11032,3675,0000000c,00208463,0,00000000
11035,3676,00000010,fe000ce3,0,00000000
11038,3677,00000008,00108093,1,000004ca
11041,3678,0000000c,00208463,0,00000000
11044,3679,00000010,fe000ce3,0,00000000
11047,3680,00000008,00108093,1,000004cb
11050,3681,0000000c,00208463,0,00000000
11053,3682,00000010,fe000ce3,0,00000000
11056,3683,00000008,00108093,1,000004cc
11059,3684,0000000c,00208463,0,00000000
11062,3685,00000010,fe000ce3,0,00000000
11065,3686,00000008,00108093,1,000004cd
11068,3687,0000000c,00208463,0,00000000
11071,3688,00000010,fe000ce3,0,00000000
11074,3689,00000008,00108093,1,000004ce
11077,3690,0000000c,00208463,0,00000000
11080,3691,00000010,fe000ce3,0,00000000
11083,3692,00000008,00108093,1,000004cf
11086,3693,0000000c,00208463,0,00000000
11089,3694,00000010,fe000ce3,0,00000000
11092,3695,00000008,00108093,1,000004d0
11095,3696,0000000c,00208463,0,00000000
11098,3697,00000010,fe000ce3,0,00000000
11101,3698,00000008,00108093,1,000004d1
11104,3699,0000000c,00208463,0,00000000
11107,3700,00000010,fe000ce3,0,00000000
11110,3701,00000008,00108093,1,000004d2
11113,3702,0000000c,00208463,0,00000000
11116,3703,00000010,fe000ce3,0,00000000
11119,3704,00000008,00108093,1,000004d3
11122,3705,0000000c,00208463,0,00000000
11125,3706,00000010,fe000ce3,0,00000000
11128,3707,00000008,00108093,1,000004d4
11131,3708,0000000c,00208463,0,00000000
11134,3709,00000010,fe000ce3,0,00000000
11137,3710,00000008,00108093,1,000004d5
11140,3711,0000000c,00208463,0,00000000
11143,3712,00000010,fe000ce3,0,00000000
11146,3713,00000008,00108093,1,000004d6
11149,3714,0000000c,00208463,0,00000000
11152,3715,00000010,fe000ce3,0,00000000
11155,3716,00000008,00108093,1,000004d7
11158,3717,0000000c,00208463,0,00000000
11161,3718,00000010,fe000ce3,0,00000000
11164,3719,00000008,00108093,1,000004d8
11167,3720,0000000c,00208463,0,00000000
11170,3721,00000010,fe000ce3,0,00000000
11173,3722,00000008,00108093,1,000004d9
11176,3723,0000000c,00208463,0,00000000
11179,3724,00000010,fe000ce3,0,00000000
11182,3725,00000008,00108093,1,000004da
11185,3726,0000000c,00208463,0,00000000
11188,3727,00000010,fe000ce3,0,00000000
11191,3728,00000008,00108093,1,000004db
11194,3729,0000000c,00208463,0,00000000
11197,3730,00000010,fe000ce3,0,00000000
11200,3731,00000008,00108093,1,000004dc
11203,3732,0000000c,00208463,0,00000000
11206,3733,00000010,fe000ce3,0,00000000
11209,3734,00000008,00108093,1,000004dd
11212,3735,0000000c,00208463,0,00000000
11215,3736,00000010,fe000ce3,0,00000000
11218,3737,00000008,00108093,1,000004de
11221,3738,0000000c,00208463,0,00000000
11224,3739,00000010,fe000ce3,0,00000000
11227,3740,00000008,00108093,1,000004df
11230,3741,0000000c,00208463,0,00000000
11233,3742,00000010,fe000ce3,0,00000000
11236,3743,00000008,00108093,1,000004e0
11239,3744,0000000c,00208463,0,00000000
11242,3745,00000010,fe000ce3,0,00000000
11245,3746,00000008,00108093,1,000004e1
11248,3747,0000000c,00208463,0,00000000
11251,3748,00000010,fe000ce3,0,00000000
11254,3749,00000008,00108093,1,000004e2
11257,3750,0000000c,00208463,0,00000000
11260,3751,00000010,fe000ce3,0,00000000
11263,3752,00000008,00108093,1,000004e3
11266,3753,0000000c,00208463,0,00000000
11269,3754,00000010,fe000ce3,0,00000000
11272,3755,00000008,00108093,1,000004e4
11275,3756,0000000c,00208463,0,00000000
11278,3757,00000010,fe000ce3,0,00000000
11281,3758,00000008,00108093,1,000004e5
11284,3759,0000000c,00208463,0,00000000
11287,3760,00000010,fe000ce3,0,00000000
11290,3761,00000008,00108093,1,000004e6
11293,3762,0000000c,00208463,0,00000000
11296,3763,00000010,fe000ce3,0,00000000
11299,3764,00000008,00108093,1,000004e7
11302,3765,0000000c,00208463,0,00000000
11305,3766,00000010,fe000ce3,0,00000000
11308,3767,00000008,00108093,1,000004e8
11311,3768,0000000c,00208463,0,00000000
11314,3769,00000010,fe000ce3,0,00000000
11317,3770,00000008,00108093,1,000004e9
11320,3771,0000000c,00208463,0,00000000
11323,3772,00000010,fe000ce3,0,00000000
11326,3773,00000008,00108093,1,000004ea
11329,3774,0000000c,00208463,0,00000000
11332,3775,00000010,fe000ce3,0,00000000
11335,3776,00000008,00108093,1,000004eb
11338,3777,0000000c,00208463,0,00000000
11341,3778,00000010,fe000ce3,0,00000000
11344,3779,00000008,00108093,1,000004ec
11347,3780,0000000c,00208463,0,00000000
11350,3781,00000010,fe000ce3,0,00000000
11353,3782,00000008,00108093,1,000004ed
11356,3783,0000000c,00208463,0,00000000
11359,3784,00000010,fe000ce3,0,00000000
11362,3785,00000008,00108093,1,000004ee
11365,3786,0000000c,00208463,0,00000000
11368,3787,00000010,fe000ce3,0,00000000
11371,3788,00000008,00108093,1,000004ef
11374,3789,0000000c,00208463,0,00000000
11377,3790,00000010,fe000ce3,0,00000000
11380,3791,00000008,00108093,1,000004f0
11383,3792,0000000c,00208463,0,00000000
11386,3793,00000010,fe000ce3,0,00000000
11389,3794,00000008,00108093,1,000004f1
11392,3795,0000000c,00208463,0,00000000
11395,3796,00000010,fe000ce3,0,00000000
11398,3797,00000008,00108093,1,000004f2
11401,3798,0000000c,00208463,0,00000000
11404,3799,00000010,fe000ce3,0,00000000
11407,3800,00000008,00108093,1,000004f3
11410,3801,0000000c,00208463,0,00000000
11413,3802,00000010,fe000ce3,0,00000000
11416,3803,00000008,00108093,1,000004f4
11419,3804,0000000c,00208463,0,00000000
11422,3805,00000010,fe000ce3,0,00000000
11425,3806,00000008,00108093,1,000004f5
11428,3807,0000000c,00208463,0,00000000
11431,3808,00000010,fe000ce3,0,00000000
11434,3809,00000008,00108093,1,000004f6
11437,3810,0000000c,00208463,0,00000000
11440,3811,00000010,fe000ce3,0,00000000
11443,3812,00000008,00108093,1,000004f7
11446,3813,0000000c,00208463,0,00000000
11449,3814,00000010,fe000ce3,0,00000000
11452,3815,00000008,00108093,1,000004f8
11455,3816,0000000c,00208463,0,00000000
11458,3817,00000010,fe000ce3,0,00000000
11461,3818,00000008,00108093,1,000004f9
11464,3819,0000000c,00208463,0,00000000
11467,3820,00000010,fe000ce3,0,00000000
11470,3821,00000008,00108093,1,000004fa
11473,3822,0000000c,00208463,0,00000000
11476,3823,00000010,fe000ce3,0,00000000
11479,3824,00000008,00108093,1,000004fb
11482,3825,0000000c,00208463,0,00000000
11485,3826,00000010,fe000ce3,0,00000000
11488,3827,00000008,00108093,1,000004fc
11491,3828,0000000c,00208463,0,00000000
11494,3829,00000010,fe000ce3,0,00000000
11497,3830,00000008,00108093,1,000004fd
11500,3831,0000000c,00208463,0,00000000
11503,3832,00000010,fe000ce3,0,00000000
11506,3833,00000008,00108093,1,000004fe
11509,3834,0000000c,00208463,0,00000000
11512,3835,00000010,fe000ce3,0,00000000
11515,3836,00000008,00108093,1,000004ff
11518,3837,0000000c,00208463,0,00000000
11521,3838,00000010,fe000ce3,0,00000000
11524,3839,00000008,00108093,1,00000500
11527,3840,0000000c,00208463,0,00000000
11530,3841,00000010,fe000ce3,0,00000000
11533,3842,00000008,00108093,1,00000501
11536,3843,0000000c,00208463,0,00000000
11539,3844,00000010,fe000ce3,0,00000000
11542,3845,00000008,00108093,1,00000502
11545,3846,0000000c,00208463,0,00000000
11548,3847,00000010,fe000ce3,0,00000000
11551,3848,00000008,00108093,1,00000503
11554,3849,0000000c,00208463,0,00000000
11557,3850,00000010,fe000ce3,0,00000000
11560,3851,00000008,00108093,1,00000504
11563,3852,0000000c,00208463,0,00000000
11566,3853,00000010,fe000ce3,0,00000000
11569,3854,00000008,00108093,1,00000505
11572,3855,0000000c,00208463,0,00000000
11575,3856,00000010,fe000ce3,0,00000000
11578,3857,00000008,00108093,1,00000506
11581,3858,0000000c,00208463,0,00000000
11584,3859,00000010,fe000ce3,0,00000000
11587,3860,00000008,00108093,1,00000507
11590,3861,0000000c,00208463,0,00000000
11593,3862,00000010,fe000ce3,0,00000000
11596,3863,00000008,00108093,1,00000508
11599,3864,0000000c,00208463,0,00000000
11602,3865,00000010,fe000ce3,0,00000000
11605,3866,00000008,00108093,1,00000509
11608,3867,0000000c,00208463,0,00000000
11611,3868,00000010,fe000ce3,0,00000000
11614,3869,00000008,00108093,1,0000050a
11617,3870,0000000c,00208463,0,00000000
11620,3871,00000010,fe000ce3,0,00000000
11623,3872,00000008,00108093,1,0000050b
11626,3873,0000000c,00208463,0,00000000
11629,3874,00000010,fe000ce3,0,00000000
11632,3875,00000008,00108093,1,0000050c
11635,3876,0000000c,00208463,0,00000000
11638,3877,00000010,fe000ce3,0,00000000
11641,3878,00000008,00108093,1,0000050d
11644,3879,0000000c,00208463,0,00000000
11647,3880,00000010,fe000ce3,0,00000000
11650,3881,00000008,00108093,1,0000050e
11653,3882,0000000c,00208463,0,00000000
11656,3883,00000010,fe000ce3,0,00000000
11659,3884,00000008,00108093,1,0000050f
11662,3885,0000000c,00208463,0,00000000
11665,3886,00000010,fe000ce3,0,00000000
11668,3887,00000008,00108093,1,00000510
11671,3888,0000000c,00208463,0,00000000
11674,3889,00000010,fe000ce3,0,00000000
11677,3890,00000008,00108093,1,00000511
11680,3891,0000000c,00208463,0,00000000
11683,3892,00000010,fe000ce3,0,00000000
11686,3893,00000008,00108093,1,00000512
11689,3894,0000000c,00208463,0,00000000
11692,3895,00000010,fe000ce3,0,00000000
11695,3896,00000008,00108093,1,00000513
11698,3897,0000000c,00208463,0,00000000
11701,3898,00000010,fe000ce3,0,00000000
11704,3899,00000008,00108093,1,00000514
11707,3900,0000000c,00208463,0,00000000
11710,3901,00000010,fe000ce3,0,00000000
11713,3902,00000008,00108093,1,00000515
11716,3903,0000000c,00208463,0,00000000
11719,3904,00000010,fe000ce3,0,00000000
11722,3905,00000008,00108093,1,00000516
11725,3906,0000000c,00208463,0,00000000
11728,3907,00000010,fe000ce3,0,00000000
11731,3908,00000008,00108093,1,00000517
11734,3909,0000000c,00208463,0,00000000
11737,3910,00000010,fe000ce3,0,00000000
11740,3911,00000008,00108093,1,00000518
11743,3912,0000000c,00208463,0,00000000
11746,3913,00000010,fe000ce3,0,00000000
11749,3914,00000008,00108093,1,00000519
11752,3915,0000000c,00208463,0,00000000
11755,3916,00000010,fe000ce3,0,00000000
11758,3917,00000008,00108093,1,0000051a
11761,3918,0000000c,00208463,0,00000000
11764,3919,00000010,fe000ce3,0,00000000
11767,3920,00000008,00108093,1,0000051b
11770,3921,0000000c,00208463,0,00000000
11773,3922,00000010,fe000ce3,0,00000000
11776,3923,00000008,00108093,1,0000051c
11779,3924,0000000c,00208463,0,00000000
11782,3925,00000010,fe000ce3,0,00000000
11785,3926,00000008,00108093,1,0000051d
11788,3927,0000000c,00208463,0,00000000
11791,3928,00000010,fe000ce3,0,00000000
11794,3929,00000008,00108093,1,0000051e
11797,3930,0000000c,00208463,0,00000000
11800,3931,00000010,fe000ce3,0,00000000
11803,3932,00000008,00108093,1,0000051f
11806,3933,0000000c,00208463,0,00000000
11809,3934,00000010,fe000ce3,0,00000000
11812,3935,00000008,00108093,1,00000520
11815,3936,0000000c,00208463,0,00000000
11818,3937,00000010,fe000ce3,0,00000000
11821,3938,00000008,00108093,1,00000521
11824,3939,0000000c,00208463,0,00000000
11827,3940,00000010,fe000ce3,0,00000000
11830,3941,00000008,00108093,1,00000522
11833,3942,0000000c,00208463,0,00000000
11836,3943,00000010,fe000ce3,0,00000000
11839,3944,00000008,00108093,1,00000523
11842,3945,0000000c,00208463,0,00000000
11845,3946,00000010,fe000ce3,0,00000000
11848,3947,00000008,00108093,1,00000524
11851,3948,0000000c,00208463,0,00000000
11854,3949,00000010,fe000ce3,0,00000000
11857,3950,00000008,00108093,1,00000525
11860,3951,0000000c,00208463,0,00000000
11863,3952,00000010,fe000ce3,0,00000000
11866,3953,00000008,00108093,1,00000526
11869,3954,0000000c,00208463,0,00000000
11872,3955,00000010,fe000ce3,0,00000000
11875,3956,00000008,00108093,1,00000527
11878,3957,0000000c,00208463,0,00000000
11881,3958,00000010,fe000ce3,0,00000000
11884,3959,00000008,00108093,1,00000528
11887,3960,0000000c,00208463,0,00000000
11890,3961,00000010,fe000ce3,0,00000000
11893,3962,00000008,00108093,1,00000529
11896,3963,0000000c,00208463,0,00000000
11899,3964,00000010,fe000ce3,0,00000000
11902,3965,00000008,00108093,1,0000052a
11905,3966,0000000c,00208463,0,00000000
11908,3967,00000010,fe000ce3,0,00000000
11911,3968,00000008,00108093,1,0000052b
11914,3969,0000000c,00208463,0,00000000
11917,3970,00000010,fe000ce3,0,00000000
11920,3971,00000008,00108093,1,0000052c
11923,3972,0000000c,00208463,0,00000000
11926,3973,00000010,fe000ce3,0,00000000
11929,3974,00000008,00108093,1,0000052d
11932,3975,0000000c,00208463,0,00000000
11935,3976,00000010,fe000ce3,0,00000000
11938,3977,00000008,00108093,1,0000052e
11941,3978,0000000c,00208463,0,00000000
11944,3979,00000010,fe000ce3,0,00000000
11947,3980,00000008,00108093,1,0000052f
11950,3981,0000000c,00208463,0,00000000
11953,3982,00000010,fe000ce3,0,00000000
11956,3983,00000008,00108093,1,00000530
11959,3984,0000000c,00208463,0,00000000
11962,3985,00000010,fe000ce3,0,00000000
11965,3986,00000008,00108093,1,00000531
11968,3987,0000000c,00208463,0,00000000
11971,3988,00000010,fe000ce3,0,00000000
11974,3989,00000008,00108093,1,00000532
11977,3990,0000000c,00208463,0,00000000
11980,3991,00000010,fe000ce3,0,00000000
11983,3992,00000008,00108093,1,00000533
11986,3993,0000000c,00208463,0,00000000
11989,3994,00000010,fe000ce3,0,00000000
11992,3995,00000008,00108093,1,00000534
11995,3996,0000000c,00208463,0,00000000
11998,3997,00000010,fe000ce3,0,00000000
12001,3998,00000008,00108093,1,00000535
12004,3999,0000000c,00208463,0,00000000
12007,4000,00000010,fe000ce3,0,00000000
12010,4001,00000008,00108093,1,00000536
12013,4002,0000000c,00208463,0,00000000
12016,4003,00000010,fe000ce3,0,00000000
12019,4004,00000008,00108093,1,00000537
12022,4005,0000000c,00208463,0,00000000
12025,4006,00000010,fe000ce3,0,00000000
12028,4007,00000008,00108093,1,00000538
12031,4008,0000000c,00208463,0,00000000
12034,4009,00000010,fe000ce3,0,00000000
12037,4010,00000008,00108093,1,00000539
12040,4011,0000000c,00208463,0,00000000
12043,4012,00000010,fe000ce3,0,00000000
12046,4013,00000008,00108093,1,0000053a
12049,4014,0000000c,00208463,0,00000000
12052,4015,00000010,fe000ce3,0,00000000
12055,4016,00000008,00108093,1,0000053b
12058,4017,0000000c,00208463,0,00000000
12061,4018,00000010,fe000ce3,0,00000000
12064,4019,00000008,00108093,1,0000053c
12067,4020,0000000c,00208463,0,00000000
12070,4021,00000010,fe000ce3,0,00000000
12073,4022,00000008,00108093,1,0000053d
12076,4023,0000000c,00208463,0,00000000
12079,4024,00000010,fe000ce3,0,00000000
12082,4025,00000008,00108093,1,0000053e
12085,4026,0000000c,00208463,0,00000000
12088,4027,00000010,fe000ce3,0,00000000
12091,4028,00000008,00108093,1,0000053f
12094,4029,0000000c,00208463,0,00000000
12097,4030,00000010,fe000ce3,0,00000000
12100,4031,00000008,00108093,1,00000540
12103,4032,0000000c,00208463,0,00000000
12106,4033,00000010,fe000ce3,0,00000000
12109,4034,00000008,00108093,1,00000541
12112,4035,0000000c,00208463,0,00000000
12115,4036,00000010,fe000ce3,0,00000000
12118,4037,00000008,00108093,1,00000542
12121,4038,0000000c,00208463,0,00000000
12124,4039,00000010,fe000ce3,0,00000000
12127,4040,00000008,00108093,1,00000543
12130,4041,0000000c,00208463,0,00000000
12133,4042,00000010,fe000ce3,0,00000000
12136,4043,00000008,00108093,1,00000544
12139,4044,0000000c,00208463,0,00000000
12142,4045,00000010,fe000ce3,0,00000000
12145,4046,00000008,00108093,1,00000545
12148,4047,0000000c,00208463,0,00000000
12151,4048,00000010,fe000ce3,0,00000000
12154,4049,00000008,00108093,1,00000546
12157,4050,0000000c,00208463,0,00000000
12160,4051,00000010,fe000ce3,0,00000000
12163,4052,00000008,00108093,1,00000547
12166,4053,0000000c,00208463,0,00000000
12169,4054,00000010,fe000ce3,0,00000000
12172,4055,00000008,00108093,1,00000548
12175,4056,0000000c,00208463,0,00000000
12178,4057,00000010,fe000ce3,0,00000000
12181,4058,00000008,00108093,1,00000549
12184,4059,0000000c,00208463,0,00000000
12187,4060,00000010,fe000ce3,0,00000000
12190,4061,00000008,00108093,1,0000054a
12193,4062,0000000c,00208463,0,00000000
12196,4063,00000010,fe000ce3,0,00000000
12199,4064,00000008,00108093,1,0000054b
12202,4065,0000000c,00208463,0,00000000
12205,4066,00000010,fe000ce3,0,00000000
12208,4067,00000008,00108093,1,0000054c
12211,4068,0000000c,00208463,0,00000000
12214,4069,00000010,fe000ce3,0,00000000
12217,4070,00000008,00108093,1,0000054d
12220,4071,0000000c,00208463,0,00000000
12223,4072,00000010,fe000ce3,0,00000000
12226,4073,00000008,00108093,1,0000054e
12229,4074,0000000c,00208463,0,00000000
12232,4075,00000010,fe000ce3,0,00000000
12235,4076,00000008,00108093,1,0000054f
12238,4077,0000000c,00208463,0,00000000
12241,4078,00000010,fe000ce3,0,00000000
12244,4079,00000008,00108093,1,00000550
12247,4080,0000000c,00208463,0,00000000
12250,4081,00000010,fe000ce3,0,00000000
12253,4082,00000008,00108093,1,00000551
12256,4083,0000000c,00208463,0,00000000
12259,4084,00000010,fe000ce3,0,00000000
12262,4085,00000008,00108093,1,00000552
12265,4086,0000000c,00208463,0,00000000
12268,4087,00000010,fe000ce3,0,00000000
12271,4088,00000008,00108093,1,00000553
12274,4089,0000000c,00208463,0,00000000
12277,4090,00000010,fe000ce3,0,00000000
12280,4091,00000008,00108093,1,00000554
12283,4092,0000000c,00208463,0,00000000
12286,4093,00000010,fe000ce3,0,00000000
12289,4094,00000008,00108093,1,00000555
12292,4095,0000000c,00208463,0,00000000
12295,4096,00000010,fe000ce3,0,00000000
12298,4097,00000008,00108093,1,00000556
12301,4098,0000000c,00208463,0,00000000
12304,4099,00000010,fe000ce3,0,00000000
12307,4100,00000008,00108093,1,00000557
12310,4101,0000000c,00208463,0,00000000
12313,4102,00000010,fe000ce3,0,00000000
12316,4103,00000008,00108093,1,00000558
12319,4104,0000000c,00208463,0,00000000
12322,4105,00000010,fe000ce3,0,00000000
12325,4106,00000008,00108093,1,00000559
12328,4107,0000000c,00208463,0,00000000
12331,4108,00000010,fe000ce3,0,00000000
12334,4109,00000008,00108093,1,0000055a
12337,4110,0000000c,00208463,0,00000000
12340,4111,00000010,fe000ce3,0,00000000
12343,4112,00000008,00108093,1,0000055b
12346,4113,0000000c,00208463,0,00000000
12349,4114,00000010,fe000ce3,0,00000000
12352,4115,00000008,00108093,1,0000055c
12355,4116,0000000c,00208463,0,00000000
12358,4117,00000010,fe000ce3,0,00000000
12361,4118,00000008,00108093,1,0000055d
12364,4119,0000000c,00208463,0,00000000
12367,4120,00000010,fe000ce3,0,00000000
12370,4121,00000008,00108093,1,0000055e
12373,4122,0000000c,00208463,0,00000000
12376,4123,00000010,fe000ce3,0,00000000
12379,4124,00000008,00108093,1,0000055f
12382,4125,0000000c,00208463,0,00000000
12385,4126,00000010,fe000ce3,0,00000000
12388,4127,00000008,00108093,1,00000560
12391,4128,0000000c,00208463,0,00000000
12394,4129,00000010,fe000ce3,0,00000000
12397,4130,00000008,00108093,1,00000561
12400,4131,0000000c,00208463,0,00000000
12403,4132,00000010,fe000ce3,0,00000000
12406,4133,00000008,00108093,1,00000562
12409,4134,0000000c,00208463,0,00000000
12412,4135,00000010,fe000ce3,0,00000000
12415,4136,00000008,00108093,1,00000563
12418,4137,0000000c,00208463,0,00000000
12421,4138,00000010,fe000ce3,0,00000000
12424,4139,00000008,00108093,1,00000564
12427,4140,0000000c,00208463,0,00000000
12430,4141,00000010,fe000ce3,0,00000000
12433,4142,00000008,00108093,1,00000565
12436,4143,0000000c,00208463,0,00000000
12439,4144,00000010,fe000ce3,0,00000000
12442,4145,00000008,00108093,1,00000566
12445,4146,0000000c,00208463,0,00000000
12448,4147,00000010,fe000ce3,0,00000000
12451,4148,00000008,00108093,1,00000567
12454,4149,0000000c,00208463,0,00000000
12457,4150,00000010,fe000ce3,0,00000000
12460,4151,00000008,00108093,1,00000568
12463,4152,0000000c,00208463,0,00000000
12466,4153,00000010,fe000ce3,0,00000000
12469,4154,00000008,00108093,1,00000569
12472,4155,0000000c,00208463,0,00000000
12475,4156,00000010,fe000ce3,0,00000000
12478,4157,00000008,00108093,1,0000056a
12481,4158,0000000c,00208463,0,00000000
12484,4159,00000010,fe000ce3,0,00000000
12487,4160,00000008,00108093,1,0000056b
12490,4161,0000000c,00208463,0,00000000
12493,4162,00000010,fe000ce3,0,00000000
12496,4163,00000008,00108093,1,0000056c
12499,4164,0000000c,00208463,0,00000000
12502,4165,00000010,fe000ce3,0,00000000
12505,4166,00000008,00108093,1,0000056d
12508,4167,0000000c,00208463,0,00000000
12511,4168,00000010,fe000ce3,0,00000000
12514,4169,00000008,00108093,1,0000056e
12517,4170,0000000c,00208463,0,00000000
12520,4171,00000010,fe000ce3,0,00000000
12523,4172,00000008,00108093,1,0000056f
12526,4173,0000000c,00208463,0,00000000
12529,4174,00000010,fe000ce3,0,00000000
12532,4175,00000008,00108093,1,00000570
12535,4176,0000000c,00208463,0,00000000
12538,4177,00000010,fe000ce3,0,00000000
12541,4178,00000008,00108093,1,00000571
12544,4179,0000000c,00208463,0,00000000
12547,4180,00000010,fe000ce3,0,00000000
12550,4181,00000008,00108093,1,00000572
12553,4182,0000000c,00208463,0,00000000
12556,4183,00000010,fe000ce3,0,00000000
12559,4184,00000008,00108093,1,00000573
12562,4185,0000000c,00208463,0,00000000
12565,4186,00000010,fe000ce3,0,00000000
12568,4187,00000008,00108093,1,00000574
12571,4188,0000000c,00208463,0,00000000
12574,4189,00000010,fe000ce3,0,00000000
12577,4190,00000008,00108093,1,00000575
12580,4191,0000000c,00208463,0,00000000
12583,4192,00000010,fe000ce3,0,00000000
12586,4193,00000008,00108093,1,00000576
12589,4194,0000000c,00208463,0,00000000
12592,4195,00000010,fe000ce3,0,00000000
12595,4196,00000008,00108093,1,00000577
12598,4197,0000000c,00208463,0,00000000
12601,4198,00000010,fe000ce3,0,00000000
12604,4199,00000008,00108093,1,00000578
12607,4200,0000000c,00208463,0,00000000
12610,4201,00000010,fe000ce3,0,00000000
12613,4202,00000008,00108093,1,00000579
12616,4203,0000000c,00208463,0,00000000
12619,4204,00000010,fe000ce3,0,00000000
12622,4205,00000008,00108093,1,0000057a
12625,4206,0000000c,00208463,0,00000000
12628,4207,00000010,fe000ce3,0,00000000
12631,4208,00000008,00108093,1,0000057b
12634,4209,0000000c,00208463,0,00000000
12637,4210,00000010,fe000ce3,0,00000000
12640,4211,00000008,00108093,1,0000057c
12643,4212,0000000c,00208463,0,00000000
12646,4213,00000010,fe000ce3,0,00000000
12649,4214,00000008,00108093,1,0000057d
12652,4215,0000000c,00208463,0,00000000
12655,4216,00000010,fe000ce3,0,00000000
12658,4217,00000008,00108093,1,0000057e
12661,4218,0000000c,00208463,0,00000000
12664,4219,00000010,fe000ce3,0,00000000
12667,4220,00000008,00108093,1,0000057f
12670,4221,0000000c,00208463,0,00000000
12673,4222,00000010,fe000ce3,0,00000000
12676,4223,00000008,00108093,1,00000580
12679,4224,0000000c,00208463,0,00000000
12682,4225,00000010,fe000ce3,0,00000000
12685,4226,00000008,00108093,1,00000581
12688,4227,0000000c,00208463,0,00000000
12691,4228,00000010,fe000ce3,0,00000000
12694,4229,00000008,00108093,1,00000582
12697,4230,0000000c,00208463,0,00000000
12700,4231,00000010,fe000ce3,0,00000000
12703,4232,00000008,00108093,1,00000583
12706,4233,0000000c,00208463,0,00000000
12709,4234,00000010,fe000ce3,0,00000000
12712,4235,00000008,00108093,1,00000584
12715,4236,0000000c,00208463,0,00000000
12718,4237,00000010,fe000ce3,0,00000000
12721,4238,00000008,00108093,1,00000585
12724,4239,0000000c,00208463,0,00000000
12727,4240,00000010,fe000ce3,0,00000000
12730,4241,00000008,00108093,1,00000586
12733,4242,0000000c,00208463,0,00000000
12736,4243,00000010,fe000ce3,0,00000000
12739,4244,00000008,00108093,1,00000587
12742,4245,0000000c,00208463,0,00000000
12745,4246,00000010,fe000ce3,0,00000000
12748,4247,00000008,00108093,1,00000588
12751,4248,0000000c,00208463,0,00000000
12754,4249,00000010,fe000ce3,0,00000000
12757,4250,00000008,00108093,1,00000589
12760,4251,0000000c,00208463,0,00000000
12763,4252,00000010,fe000ce3,0,00000000
12766,4253,00000008,00108093,1,0000058a
12769,4254,0000000c,00208463,0,00000000
12772,4255,00000010,fe000ce3,0,00000000
12775,4256,00000008,00108093,1,0000058b
12778,4257,0000000c,00208463,0,00000000
12781,4258,00000010,fe000ce3,0,00000000
12784,4259,00000008,00108093,1,0000058c
12787,4260,0000000c,00208463,0,00000000
12790,4261,00000010,fe000ce3,0,00000000
12793,4262,00000008,00108093,1,0000058d
12796,4263,0000000c,00208463,0,00000000
12799,4264,00000010,fe000ce3,0,00000000
12802,4265,00000008,00108093,1,0000058e
12805,4266,0000000c,00208463,0,00000000
12808,4267,00000010,fe000ce3,0,00000000
12811,4268,00000008,00108093,1,0000058f
12814,4269,0000000c,00208463,0,00000000
12817,4270,00000010,fe000ce3,0,00000000
12820,4271,00000008,00108093,1,00000590
12823,4272,0000000c,00208463,0,00000000
12826,4273,00000010,fe000ce3,0,00000000
12829,4274,00000008,00108093,1,00000591
12832,4275,0000000c,00208463,0,00000000
12835,4276,00000010,fe000ce3,0,00000000
12838,4277,00000008,00108093,1,00000592
12841,4278,0000000c,00208463,0,00000000
12844,4279,00000010,fe000ce3,0,00000000
12847,4280,00000008,00108093,1,00000593
12850,4281,0000000c,00208463,0,00000000
12853,4282,00000010,fe000ce3,0,00000000
12856,4283,00000008,00108093,1,00000594
12859,4284,0000000c,00208463,0,00000000
12862,4285,00000010,fe000ce3,0,00000000
12865,4286,00000008,00108093,1,00000595
12868,4287,0000000c,00208463,0,00000000
12871,4288,00000010,fe000ce3,0,00000000
12874,4289,00000008,00108093,1,00000596
12877,4290,0000000c,00208463,0,00000000
12880,4291,00000010,fe000ce3,0,00000000
12883,4292,00000008,00108093,1,00000597
12886,4293,0000000c,00208463,0,00000000
12889,4294,00000010,fe000ce3,0,00000000
12892,4295,00000008,00108093,1,00000598
12895,4296,0000000c,00208463,0,00000000
12898,4297,00000010,fe000ce3,0,00000000
12901,4298,00000008,00108093,1,00000599
12904,4299,0000000c,00208463,0,00000000
12907,4300,00000010,fe000ce3,0,00000000
12910,4301,00000008,00108093,1,0000059a
12913,4302,0000000c,00208463,0,00000000
12916,4303,00000010,fe000ce3,0,00000000
12919,4304,00000008,00108093,1,0000059b
12922,4305,0000000c,00208463,0,00000000
12925,4306,00000010,fe000ce3,0,00000000
12928,4307,00000008,00108093,1,0000059c
12931,4308,0000000c,00208463,0,00000000
12934,4309,00000010,fe000ce3,0,00000000
12937,4310,00000008,00108093,1,0000059d
12940,4311,0000000c,00208463,0,00000000
12943,4312,00000010,fe000ce3,0,00000000
12946,4313,00000008,00108093,1,0000059e
12949,4314,0000000c,00208463,0,00000000
12952,4315,00000010,fe000ce3,0,00000000
12955,4316,00000008,00108093,1,0000059f
12958,4317,0000000c,00208463,0,00000000
12961,4318,00000010,fe000ce3,0,00000000
12964,4319,00000008,00108093,1,000005a0
12967,4320,0000000c,00208463,0,00000000
12970,4321,00000010,fe000ce3,0,00000000
12973,4322,00000008,00108093,1,000005a1
12976,4323,0000000c,00208463,0,00000000
12979,4324,00000010,fe000ce3,0,00000000
12982,4325,00000008,00108093,1,000005a2
12985,4326,0000000c,00208463,0,00000000
12988,4327,00000010,fe000ce3,0,00000000
12991,4328,00000008,00108093,1,000005a3
12994,4329,0000000c,00208463,0,00000000
12997,4330,00000010,fe000ce3,0,00000000
13000,4331,00000008,00108093,1,000005a4
13003,4332,0000000c,00208463,0,00000000
13006,4333,00000010,fe000ce3,0,00000000
13009,4334,00000008,00108093,1,000005a5
13012,4335,0000000c,00208463,0,00000000
13015,4336,00000010,fe000ce3,0,00000000
13018,4337,00000008,00108093,1,000005a6
13021,4338,0000000c,00208463,0,00000000
13024,4339,00000010,fe000ce3,0,00000000
13027,4340,00000008,00108093,1,000005a7
13030,4341,0000000c,00208463,0,00000000
13033,4342,00000010,fe000ce3,0,00000000
13036,4343,00000008,00108093,1,000005a8
13039,4344,0000000c,00208463,0,00000000
13042,4345,00000010,fe000ce3,0,00000000
13045,4346,00000008,00108093,1,000005a9
13048,4347,0000000c,00208463,0,00000000
13051,4348,00000010,fe000ce3,0,00000000
13054,4349,00000008,00108093,1,000005aa
13057,4350,0000000c,00208463,0,00000000
13060,4351,00000010,fe000ce3,0,00000000
13063,4352,00000008,00108093,1,000005ab
13066,4353,0000000c,00208463,0,00000000
13069,4354,00000010,fe000ce3,0,00000000
13072,4355,00000008,00108093,1,000005ac
13075,4356,0000000c,00208463,0,00000000
13078,4357,00000010,fe000ce3,0,00000000
13081,4358,00000008,00108093,1,000005ad
13084,4359,0000000c,00208463,0,00000000
13087,4360,00000010,fe000ce3,0,00000000
13090,4361,00000008,00108093,1,000005ae
13093,4362,0000000c,00208463,0,00000000
13096,4363,00000010,fe000ce3,0,00000000
13099,4364,00000008,00108093,1,000005af
13102,4365,0000000c,00208463,0,00000000
13105,4366,00000010,fe000ce3,0,00000000
13108,4367,00000008,00108093,1,000005b0
13111,4368,0000000c,00208463,0,00000000
13114,4369,00000010,fe000ce3,0,00000000
13117,4370,00000008,00108093,1,000005b1
13120,4371,0000000c,00208463,0,00000000
13123,4372,00000010,fe000ce3,0,00000000
13126,4373,00000008,00108093,1,000005b2
13129,4374,0000000c,00208463,0,00000000
13132,4375,00000010,fe000ce3,0,00000000
13135,4376,00000008,00108093,1,000005b3
13138,4377,0000000c,00208463,0,00000000
13141,4378,00000010,fe000ce3,0,00000000
13144,4379,00000008,00108093,1,000005b4
13147,4380,0000000c,00208463,0,00000000
13150,4381,00000010,fe000ce3,0,00000000
13153,4382,00000008,00108093,1,000005b5
13156,4383,0000000c,00208463,0,00000000
13159,4384,00000010,fe000ce3,0,00000000
13162,4385,00000008,00108093,1,000005b6
13165,4386,0000000c,00208463,0,00000000
13168,4387,00000010,fe000ce3,0,00000000
13171,4388,00000008,00108093,1,000005b7
13174,4389,0000000c,00208463,0,00000000
13177,4390,00000010,fe000ce3,0,00000000
13180,4391,00000008,00108093,1,000005b8
13183,4392,0000000c,00208463,0,00000000
13186,4393,00000010,fe000ce3,0,00000000
13189,4394,00000008,00108093,1,000005b9
13192,4395,0000000c,00208463,0,00000000
13195,4396,00000010,fe000ce3,0,00000000
13198,4397,00000008,00108093,1,000005ba
13201,4398,0000000c,00208463,0,00000000
13204,4399,00000010,fe000ce3,0,00000000
13207,4400,00000008,00108093,1,000005bb
13210,4401,0000000c,00208463,0,00000000
13213,4402,00000010,fe000ce3,0,00000000
13216,4403,00000008,00108093,1,000005bc
13219,4404,0000000c,00208463,0,00000000
13222,4405,00000010,fe000ce3,0,00000000
13225,4406,00000008,00108093,1,000005bd
13228,4407,0000000c,00208463,0,00000000
13231,4408,00000010,fe000ce3,0,00000000
13234,4409,00000008,00108093,1,000005be
13237,4410,0000000c,00208463,0,00000000
13240,4411,00000010,fe000ce3,0,00000000
13243,4412,00000008,00108093,1,000005bf
13246,4413,0000000c,00208463,0,00000000
13249,4414,00000010,fe000ce3,0,00000000
13252,4415,00000008,00108093,1,000005c0
13255,4416,0000000c,00208463,0,00000000
13258,4417,00000010,fe000ce3,0,00000000
13261,4418,00000008,00108093,1,000005c1
13264,4419,0000000c,00208463,0,00000000
13267,4420,00000010,fe000ce3,0,00000000
13270,4421,00000008,00108093,1,000005c2
13273,4422,0000000c,00208463,0,00000000
13276,4423,00000010,fe000ce3,0,00000000
13279,4424,00000008,00108093,1,000005c3
13282,4425,0000000c,00208463,0,00000000
13285,4426,00000010,fe000ce3,0,00000000
13288,4427,00000008,00108093,1,000005c4
13291,4428,0000000c,00208463,0,00000000
13294,4429,00000010,fe000ce3,0,00000000
13297,4430,00000008,00108093,1,000005c5
13300,4431,0000000c,00208463,0,00000000
13303,4432,00000010,fe000ce3,0,00000000
13306,4433,00000008,00108093,1,000005c6
13309,4434,0000000c,00208463,0,00000000
13312,4435,00000010,fe000ce3,0,00000000
13315,4436,00000008,00108093,1,000005c7
13318,4437,0000000c,00208463,0,00000000
13321,4438,00000010,fe000ce3,0,00000000
13324,4439,00000008,00108093,1,000005c8
13327,4440,0000000c,00208463,0,00000000
13330,4441,00000010,fe000ce3,0,00000000
13333,4442,00000008,00108093,1,000005c9
13336,4443,0000000c,00208463,0,00000000
13339,4444,00000010,fe000ce3,0,00000000
13342,4445,00000008,00108093,1,000005ca
13345,4446,0000000c,00208463,0,00000000
13348,4447,00000010,fe000ce3,0,00000000
13351,4448,00000008,00108093,1,000005cb
13354,4449,0000000c,00208463,0,00000000
13357,4450,00000010,fe000ce3,0,00000000
13360,4451,00000008,00108093,1,000005cc
13363,4452,0000000c,00208463,0,00000000
13366,4453,00000010,fe000ce3,0,00000000
13369,4454,00000008,00108093,1,000005cd
13372,4455,0000000c,00208463,0,00000000
13375,4456,00000010,fe000ce3,0,00000000
13378,4457,00000008,00108093,1,000005ce
13381,4458,0000000c,00208463,0,00000000
13384,4459,00000010,fe000ce3,0,00000000
13387,4460,00000008,00108093,1,000005cf
13390,4461,0000000c,00208463,0,00000000
13393,4462,00000010,fe000ce3,0,00000000
13396,4463,00000008,00108093,1,000005d0
13399,4464,0000000c,00208463,0,00000000
13402,4465,00000010,fe000ce3,0,00000000
13405,4466,00000008,00108093,1,000005d1
13408,4467,0000000c,00208463,0,00000000
13411,4468,00000010,fe000ce3,0,00000000
13414,4469,00000008,00108093,1,000005d2
13417,4470,0000000c,00208463,0,00000000
13420,4471,00000010,fe000ce3,0,00000000
13423,4472,00000008,00108093,1,000005d3
13426,4473,0000000c,00208463,0,00000000
13429,4474,00000010,fe000ce3,0,00000000
13432,4475,00000008,00108093,1,000005d4
13435,4476,0000000c,00208463,0,00000000
13438,4477,00000010,fe000ce3,0,00000000
13441,4478,00000008,00108093,1,000005d5
13444,4479,0000000c,00208463,0,00000000
13447,4480,00000010,fe000ce3,0,00000000
13450,4481,00000008,00108093,1,000005d6
13453,4482,0000000c,00208463,0,00000000
13456,4483,00000010,fe000ce3,0,00000000
13459,4484,00000008,00108093,1,000005d7
13462,4485,0000000c,00208463,0,00000000
13465,4486,00000010,fe000ce3,0,00000000
13468,4487,00000008,00108093,1,000005d8
13471,4488,0000000c,00208463,0,00000000
13474,4489,00000010,fe000ce3,0,00000000
13477,4490,00000008,00108093,1,000005d9
13480,4491,0000000c,00208463,0,00000000
13483,4492,00000010,fe000ce3,0,00000000
13486,4493,00000008,00108093,1,000005da
13489,4494,0000000c,00208463,0,00000000
13492,4495,00000010,fe000ce3,0,00000000
13495,4496,00000008,00108093,1,000005db
13498,4497,0000000c,00208463,0,00000000
13501,4498,00000010,fe000ce3,0,00000000
13504,4499,00000008,00108093,1,000005dc
13507,4500,0000000c,00208463,0,00000000
13510,4501,00000010,fe000ce3,0,00000000
13513,4502,00000008,00108093,1,000005dd
13516,4503,0000000c,00208463,0,00000000
13519,4504,00000010,fe000ce3,0,00000000
13522,4505,00000008,00108093,1,000005de
13525,4506,0000000c,00208463,0,00000000
13528,4507,00000010,fe000ce3,0,00000000
13531,4508,00000008,00108093,1,000005df
13534,4509,0000000c,00208463,0,00000000
13537,4510,00000010,fe000ce3,0,00000000
13540,4511,00000008,00108093,1,000005e0
13543,4512,0000000c,00208463,0,00000000
13546,4513,00000010,fe000ce3,0,00000000
13549,4514,00000008,00108093,1,000005e1
13552,4515,0000000c,00208463,0,00000000
13555,4516,00000010,fe000ce3,0,00000000
13558,4517,00000008,00108093,1,000005e2
13561,4518,0000000c,00208463,0,00000000
13564,4519,00000010,fe000ce3,0,00000000
13567,4520,00000008,00108093,1,000005e3
13570,4521,0000000c,00208463,0,00000000
13573,4522,00000010,fe000ce3,0,00000000
13576,4523,00000008,00108093,1,000005e4
13579,4524,0000000c,00208463,0,00000000
13582,4525,00000010,fe000ce3,0,00000000
13585,4526,00000008,00108093,1,000005e5
13588,4527,0000000c,00208463,0,00000000
13591,4528,00000010,fe000ce3,0,00000000
13594,4529,00000008,00108093,1,000005e6
13597,4530,0000000c,00208463,0,00000000
13600,4531,00000010,fe000ce3,0,00000000
13603,4532,00000008,00108093,1,000005e7
13606,4533,0000000c,00208463,0,00000000
13609,4534,00000010,fe000ce3,0,00000000
13612,4535,00000008,00108093,1,000005e8
13615,4536,0000000c,00208463,0,00000000
13618,4537,00000010,fe000ce3,0,00000000
13621,4538,00000008,00108093,1,000005e9
13624,4539,0000000c,00208463,0,00000000
13627,4540,00000010,fe000ce3,0,00000000
13630,4541,00000008,00108093,1,000005ea
13633,4542,0000000c,00208463,0,00000000
13636,4543,00000010,fe000ce3,0,00000000
13639,4544,00000008,00108093,1,000005eb
13642,4545,0000000c,00208463,0,00000000
13645,4546,00000010,fe000ce3,0,00000000
13648,4547,00000008,00108093,1,000005ec
13651,4548,0000000c,00208463,0,00000000
13654,4549,00000010,fe000ce3,0,00000000
13657,4550,00000008,00108093,1,000005ed
13660,4551,0000000c,00208463,0,00000000
13663,4552,00000010,fe000ce3,0,00000000
13666,4553,00000008,00108093,1,000005ee
13669,4554,0000000c,00208463,0,00000000
13672,4555,00000010,fe000ce3,0,00000000
13675,4556,00000008,00108093,1,000005ef
13678,4557,0000000c,00208463,0,00000000
13681,4558,00000010,fe000ce3,0,00000000
13684,4559,00000008,00108093,1,000005f0
13687,4560,0000000c,00208463,0,00000000
13690,4561,00000010,fe000ce3,0,00000000
13693,4562,00000008,00108093,1,000005f1
13696,4563,0000000c,00208463,0,00000000
13699,4564,00000010,fe000ce3,0,00000000
13702,4565,00000008,00108093,1,000005f2
13705,4566,0000000c,00208463,0,00000000
13708,4567,00000010,fe000ce3,0,00000000
13711,4568,00000008,00108093,1,000005f3
13714,4569,0000000c,00208463,0,00000000
13717,4570,00000010,fe000ce3,0,00000000
13720,4571,00000008,00108093,1,000005f4
13723,4572,0000000c,00208463,0,00000000
13726,4573,00000010,fe000ce3,0,00000000
13729,4574,00000008,00108093,1,000005f5
13732,4575,0000000c,00208463,0,00000000
13735,4576,00000010,fe000ce3,0,00000000
13738,4577,00000008,00108093,1,000005f6
13741,4578,0000000c,00208463,0,00000000
13744,4579,00000010,fe000ce3,0,00000000
13747,4580,00000008,00108093,1,000005f7
13750,4581,0000000c,00208463,0,00000000
13753,4582,00000010,fe000ce3,0,00000000
13756,4583,00000008,00108093,1,000005f8
13759,4584,0000000c,00208463,0,00000000
13762,4585,00000010,fe000ce3,0,00000000
13765,4586,00000008,00108093,1,000005f9
13768,4587,0000000c,00208463,0,00000000
13771,4588,00000010,fe000ce3,0,00000000
13774,4589,00000008,00108093,1,000005fa
13777,4590,0000000c,00208463,0,00000000
13780,4591,00000010,fe000ce3,0,00000000
13783,4592,00000008,00108093,1,000005fb
13786,4593,0000000c,00208463,0,00000000
13789,4594,00000010,fe000ce3,0,00000000
13792,4595,00000008,00108093,1,000005fc
13795,4596,0000000c,00208463,0,00000000
13798,4597,00000010,fe000ce3,0,00000000
13801,4598,00000008,00108093,1,000005fd
13804,4599,0000000c,00208463,0,00000000
13807,4600,00000010,fe000ce3,0,00000000
13810,4601,00000008,00108093,1,000005fe
13813,4602,0000000c,00208463,0,00000000
13816,4603,00000010,fe000ce3,0,00000000
13819,4604,00000008,00108093,1,000005ff
13822,4605,0000000c,00208463,0,00000000
13825,4606,00000010,fe000ce3,0,00000000
13828,4607,00000008,00108093,1,00000600
13831,4608,0000000c,00208463,0,00000000
13834,4609,00000010,fe000ce3,0,00000000
13837,4610,00000008,00108093,1,00000601
13840,4611,0000000c,00208463,0,00000000
13843,4612,00000010,fe000ce3,0,00000000
13846,4613,00000008,00108093,1,00000602
13849,4614,0000000c,00208463,0,00000000
13852,4615,00000010,fe000ce3,0,00000000
13855,4616,00000008,00108093,1,00000603
13858,4617,0000000c,00208463,0,00000000
13861,4618,00000010,fe000ce3,0,00000000
13864,4619,00000008,00108093,1,00000604
13867,4620,0000000c,00208463,0,00000000
13870,4621,00000010,fe000ce3,0,00000000
13873,4622,00000008,00108093,1,00000605
13876,4623,0000000c,00208463,0,00000000
13879,4624,00000010,fe000ce3,0,00000000
13882,4625,00000008,00108093,1,00000606
13885,4626,0000000c,00208463,0,00000000
13888,4627,00000010,fe000ce3,0,00000000
13891,4628,00000008,00108093,1,00000607
13894,4629,0000000c,00208463,0,00000000
13897,4630,00000010,fe000ce3,0,00000000
13900,4631,00000008,00108093,1,00000608
13903,4632,0000000c,00208463,0,00000000
13906,4633,00000010,fe000ce3,0,00000000
13909,4634,00000008,00108093,1,00000609
13912,4635,0000000c,00208463,0,00000000
13915,4636,00000010,fe000ce3,0,00000000
13918,4637,00000008,00108093,1,0000060a
13921,4638,0000000c,00208463,0,00000000
13924,4639,00000010,fe000ce3,0,00000000
13927,4640,00000008,00108093,1,0000060b
13930,4641,0000000c,00208463,0,00000000
13933,4642,00000010,fe000ce3,0,00000000
13936,4643,00000008,00108093,1,0000060c
13939,4644,0000000c,00208463,0,00000000
13942,4645,00000010,fe000ce3,0,00000000
13945,4646,00000008,00108093,1,0000060d
13948,4647,0000000c,00208463,0,00000000
13951,4648,00000010,fe000ce3,0,00000000
13954,4649,00000008,00108093,1,0000060e
13957,4650,0000000c,00208463,0,00000000
13960,4651,00000010,fe000ce3,0,00000000
13963,4652,00000008,00108093,1,0000060f
13966,4653,0000000c,00208463,0,00000000
13969,4654,00000010,fe000ce3,0,00000000
13972,4655,00000008,00108093,1,00000610
13975,4656,0000000c,00208463,0,00000000
13978,4657,00000010,fe000ce3,0,00000000
13981,4658,00000008,00108093,1,00000611
13984,4659,0000000c,00208463,0,00000000
13987,4660,00000010,fe000ce3,0,00000000
13990,4661,00000008,00108093,1,00000612
13993,4662,0000000c,00208463,0,00000000
13996,4663,00000010,fe000ce3,0,00000000
13999,4664,00000008,00108093,1,00000613
14002,4665,0000000c,00208463,0,00000000
14005,4666,00000010,fe000ce3,0,00000000
14008,4667,00000008,00108093,1,00000614
14011,4668,0000000c,00208463,0,00000000
14014,4669,00000010,fe000ce3,0,00000000
14017,4670,00000008,00108093,1,00000615
14020,4671,0000000c,00208463,0,00000000
14023,4672,00000010,fe000ce3,0,00000000
14026,4673,00000008,00108093,1,00000616
14029,4674,0000000c,00208463,0,00000000
14032,4675,00000010,fe000ce3,0,00000000
14035,4676,00000008,00108093,1,00000617
14038,4677,0000000c,00208463,0,00000000
14041,4678,00000010,fe000ce3,0,00000000
14044,4679,00000008,00108093,1,00000618
14047,4680,0000000c,00208463,0,00000000
14050,4681,00000010,fe000ce3,0,00000000
14053,4682,00000008,00108093,1,00000619
14056,4683,0000000c,00208463,0,00000000
14059,4684,00000010,fe000ce3,0,00000000
14062,4685,00000008,00108093,1,0000061a
14065,4686,0000000c,00208463,0,00000000
14068,4687,00000010,fe000ce3,0,00000000
14071,4688,00000008,00108093,1,0000061b
14074,4689,0000000c,00208463,0,00000000
14077,4690,00000010,fe000ce3,0,00000000
14080,4691,00000008,00108093,1,0000061c
14083,4692,0000000c,00208463,0,00000000
14086,4693,00000010,fe000ce3,0,00000000
14089,4694,00000008,00108093,1,0000061d
14092,4695,0000000c,00208463,0,00000000
14095,4696,00000010,fe000ce3,0,00000000
14098,4697,00000008,00108093,1,0000061e
14101,4698,0000000c,00208463,0,00000000
14104,4699,00000010,fe000ce3,0,00000000
14107,4700,00000008,00108093,1,0000061f
14110,4701,0000000c,00208463,0,00000000
14113,4702,00000010,fe000ce3,0,00000000
14116,4703,00000008,00108093,1,00000620
14119,4704,0000000c,00208463,0,00000000
14122,4705,00000010,fe000ce3,0,00000000
14125,4706,00000008,00108093,1,00000621
14128,4707,0000000c,00208463,0,00000000
14131,4708,00000010,fe000ce3,0,00000000
14134,4709,00000008,00108093,1,00000622
14137,4710,0000000c,00208463,0,00000000
14140,4711,00000010,fe000ce3,0,00000000
14143,4712,00000008,00108093,1,00000623
14146,4713,0000000c,00208463,0,00000000
14149,4714,00000010,fe000ce3,0,00000000
14152,4715,00000008,00108093,1,00000624
14155,4716,0000000c,00208463,0,00000000
14158,4717,00000010,fe000ce3,0,00000000
14161,4718,00000008,00108093,1,00000625
14164,4719,0000000c,00208463,0,00000000
14167,4720,00000010,fe000ce3,0,00000000
14170,4721,00000008,00108093,1,00000626
14173,4722,0000000c,00208463,0,00000000
14176,4723,00000010,fe000ce3,0,00000000
14179,4724,00000008,00108093,1,00000627
14182,4725,0000000c,00208463,0,00000000
14185,4726,00000010,fe000ce3,0,00000000
14188,4727,00000008,00108093,1,00000628
14191,4728,0000000c,00208463,0,00000000
14194,4729,00000010,fe000ce3,0,00000000
14197,4730,00000008,00108093,1,00000629
14200,4731,0000000c,00208463,0,00000000
14203,4732,00000010,fe000ce3,0,00000000
14206,4733,00000008,00108093,1,0000062a
14209,4734,0000000c,00208463,0,00000000
14212,4735,00000010,fe000ce3,0,00000000
14215,4736,00000008,00108093,1,0000062b
14218,4737,0000000c,00208463,0,00000000
14221,4738,00000010,fe000ce3,0,00000000
14224,4739,00000008,00108093,1,0000062c
14227,4740,0000000c,00208463,0,00000000
14230,4741,00000010,fe000ce3,0,00000000
14233,4742,00000008,00108093,1,0000062d
14236,4743,0000000c,00208463,0,00000000
14239,4744,00000010,fe000ce3,0,00000000
14242,4745,00000008,00108093,1,0000062e
14245,4746,0000000c,00208463,0,00000000
14248,4747,00000010,fe000ce3,0,00000000
14251,4748,00000008,00108093,1,0000062f
14254,4749,0000000c,00208463,0,00000000
14257,4750,00000010,fe000ce3,0,00000000
14260,4751,00000008,00108093,1,00000630
14263,4752,0000000c,00208463,0,00000000
14266,4753,00000010,fe000ce3,0,00000000
14269,4754,00000008,00108093,1,00000631
14272,4755,0000000c,00208463,0,00000000
14275,4756,00000010,fe000ce3,0,00000000
14278,4757,00000008,00108093,1,00000632
14281,4758,0000000c,00208463,0,00000000
14284,4759,00000010,fe000ce3,0,00000000
14287,4760,00000008,00108093,1,00000633
14290,4761,0000000c,00208463,0,00000000
14293,4762,00000010,fe000ce3,0,00000000
14296,4763,00000008,00108093,1,00000634
14299,4764,0000000c,00208463,0,00000000
14302,4765,00000010,fe000ce3,0,00000000
14305,4766,00000008,00108093,1,00000635
14308,4767,0000000c,00208463,0,00000000
14311,4768,00000010,fe000ce3,0,00000000
14314,4769,00000008,00108093,1,00000636
14317,4770,0000000c,00208463,0,00000000
14320,4771,00000010,fe000ce3,0,00000000
14323,4772,00000008,00108093,1,00000637
14326,4773,0000000c,00208463,0,00000000
14329,4774,00000010,fe000ce3,0,00000000
14332,4775,00000008,00108093,1,00000638
14335,4776,0000000c,00208463,0,00000000
14338,4777,00000010,fe000ce3,0,00000000
14341,4778,00000008,00108093,1,00000639
14344,4779,0000000c,00208463,0,00000000
14347,4780,00000010,fe000ce3,0,00000000
14350,4781,00000008,00108093,1,0000063a
14353,4782,0000000c,00208463,0,00000000
14356,4783,00000010,fe000ce3,0,00000000
14359,4784,00000008,00108093,1,0000063b
14362,4785,0000000c,00208463,0,00000000
14365,4786,00000010,fe000ce3,0,00000000
14368,4787,00000008,00108093,1,0000063c
14371,4788,0000000c,00208463,0,00000000
14374,4789,00000010,fe000ce3,0,00000000
14377,4790,00000008,00108093,1,0000063d
14380,4791,0000000c,00208463,0,00000000
14383,4792,00000010,fe000ce3,0,00000000
14386,4793,00000008,00108093,1,0000063e
14389,4794,0000000c,00208463,0,00000000
14392,4795,00000010,fe000ce3,0,00000000
14395,4796,00000008,00108093,1,0000063f
14398,4797,0000000c,00208463,0,00000000
14401,4798,00000010,fe000ce3,0,00000000
14404,4799,00000008,00108093,1,00000640
14407,4800,0000000c,00208463,0,00000000
14410,4801,00000010,fe000ce3,0,00000000
14413,4802,00000008,00108093,1,00000641
14416,4803,0000000c,00208463,0,00000000
14419,4804,00000010,fe000ce3,0,00000000
14422,4805,00000008,00108093,1,00000642
14425,4806,0000000c,00208463,0,00000000
14428,4807,00000010,fe000ce3,0,00000000
14431,4808,00000008,00108093,1,00000643
14434,4809,0000000c,00208463,0,00000000
14437,4810,00000010,fe000ce3,0,00000000
14440,4811,00000008,00108093,1,00000644
14443,4812,0000000c,00208463,0,00000000
14446,4813,00000010,fe000ce3,0,00000000
14449,4814,00000008,00108093,1,00000645
14452,4815,0000000c,00208463,0,00000000
14455,4816,00000010,fe000ce3,0,00000000
14458,4817,00000008,00108093,1,00000646
14461,4818,0000000c,00208463,0,00000000
14464,4819,00000010,fe000ce3,0,00000000
14467,4820,00000008,00108093,1,00000647
14470,4821,0000000c,00208463,0,00000000
14473,4822,00000010,fe000ce3,0,00000000
14476,4823,00000008,00108093,1,00000648
14479,4824,0000000c,00208463,0,00000000
14482,4825,00000010,fe000ce3,0,00000000
14485,4826,00000008,00108093,1,00000649
14488,4827,0000000c,00208463,0,00000000
14491,4828,00000010,fe000ce3,0,00000000
14494,4829,00000008,00108093,1,0000064a
14497,4830,0000000c,00208463,0,00000000
14500,4831,00000010,fe000ce3,0,00000000
14503,4832,00000008,00108093,1,0000064b
14506,4833,0000000c,00208463,0,00000000
14509,4834,00000010,fe000ce3,0,00000000
14512,4835,00000008,00108093,1,0000064c
14515,4836,0000000c,00208463,0,00000000
14518,4837,00000010,fe000ce3,0,00000000
14521,4838,00000008,00108093,1,0000064d
14524,4839,0000000c,00208463,0,00000000
14527,4840,00000010,fe000ce3,0,00000000
14530,4841,00000008,00108093,1,0000064e
14533,4842,0000000c,00208463,0,00000000
14536,4843,00000010,fe000ce3,0,00000000
14539,4844,00000008,00108093,1,0000064f
14542,4845,0000000c,00208463,0,00000000
14545,4846,00000010,fe000ce3,0,00000000
14548,4847,00000008,00108093,1,00000650
14551,4848,0000000c,00208463,0,00000000
14554,4849,00000010,fe000ce3,0,00000000
14557,4850,00000008,00108093,1,00000651
14560,4851,0000000c,00208463,0,00000000
14563,4852,00000010,fe000ce3,0,00000000
14566,4853,00000008,00108093,1,00000652
14569,4854,0000000c,00208463,0,00000000
14572,4855,00000010,fe000ce3,0,00000000
14575,4856,00000008,00108093,1,00000653
14578,4857,0000000c,00208463,0,00000000
14581,4858,00000010,fe000ce3,0,00000000
14584,4859,00000008,00108093,1,00000654
14587,4860,0000000c,00208463,0,00000000
14590,4861,00000010,fe000ce3,0,00000000
14593,4862,00000008,00108093,1,00000655
14596,4863,0000000c,00208463,0,00000000
14599,4864,00000010,fe000ce3,0,00000000
14602,4865,00000008,00108093,1,00000656
14605,4866,0000000c,00208463,0,00000000
14608,4867,00000010,fe000ce3,0,00000000
14611,4868,00000008,00108093,1,00000657
14614,4869,0000000c,00208463,0,00000000
14617,4870,00000010,fe000ce3,0,00000000
14620,4871,00000008,00108093,1,00000658
14623,4872,0000000c,00208463,0,00000000
14626,4873,00000010,fe000ce3,0,00000000
14629,4874,00000008,00108093,1,00000659
14632,4875,0000000c,00208463,0,00000000
14635,4876,00000010,fe000ce3,0,00000000
14638,4877,00000008,00108093,1,0000065a
14641,4878,0000000c,00208463,0,00000000
14644,4879,00000010,fe000ce3,0,00000000
14647,4880,00000008,00108093,1,0000065b
14650,4881,0000000c,00208463,0,00000000
14653,4882,00000010,fe000ce3,0,00000000
14656,4883,00000008,00108093,1,0000065c
14659,4884,0000000c,00208463,0,00000000
14662,4885,00000010,fe000ce3,0,00000000
14665,4886,00000008,00108093,1,0000065d
14668,4887,0000000c,00208463,0,00000000
14671,4888,00000010,fe000ce3,0,00000000
14674,4889,00000008,00108093,1,0000065e
14677,4890,0000000c,00208463,0,00000000
14680,4891,00000010,fe000ce3,0,00000000
14683,4892,00000008,00108093,1,0000065f
14686,4893,0000000c,00208463,0,00000000
14689,4894,00000010,fe000ce3,0,00000000
14692,4895,00000008,00108093,1,00000660
14695,4896,0000000c,00208463,0,00000000
14698,4897,00000010,fe000ce3,0,00000000
14701,4898,00000008,00108093,1,00000661
14704,4899,0000000c,00208463,0,00000000
14707,4900,00000010,fe000ce3,0,00000000
14710,4901,00000008,00108093,1,00000662
14713,4902,0000000c,00208463,0,00000000
14716,4903,00000010,fe000ce3,0,00000000
14719,4904,00000008,00108093,1,00000663
14722,4905,0000000c,00208463,0,00000000
14725,4906,00000010,fe000ce3,0,00000000
14728,4907,00000008,00108093,1,00000664
14731,4908,0000000c,00208463,0,00000000
14734,4909,00000010,fe000ce3,0,00000000
14737,4910,00000008,00108093,1,00000665
14740,4911,0000000c,00208463,0,00000000
14743,4912,00000010,fe000ce3,0,00000000
14746,4913,00000008,00108093,1,00000666
14749,4914,0000000c,00208463,0,00000000
14752,4915,00000010,fe000ce3,0,00000000
14755,4916,00000008,00108093,1,00000667
14758,4917,0000000c,00208463,0,00000000
14761,4918,00000010,fe000ce3,0,00000000
14764,4919,00000008,00108093,1,00000668
14767,4920,0000000c,00208463,0,00000000
14770,4921,00000010,fe000ce3,0,00000000
14773,4922,00000008,00108093,1,00000669
14776,4923,0000000c,00208463,0,00000000
14779,4924,00000010,fe000ce3,0,00000000
14782,4925,00000008,00108093,1,0000066a
14785,4926,0000000c,00208463,0,00000000
14788,4927,00000010,fe000ce3,0,00000000
14791,4928,00000008,00108093,1,0000066b
14794,4929,0000000c,00208463,0,00000000
14797,4930,00000010,fe000ce3,0,00000000
14800,4931,00000008,00108093,1,0000066c
14803,4932,0000000c,00208463,0,00000000
14806,4933,00000010,fe000ce3,0,00000000
14809,4934,00000008,00108093,1,0000066d
14812,4935,0000000c,00208463,0,00000000
14815,4936,00000010,fe000ce3,0,00000000
14818,4937,00000008,00108093,1,0000066e
14821,4938,0000000c,00208463,0,00000000
14824,4939,00000010,fe000ce3,0,00000000
14827,4940,00000008,00108093,1,0000066f
14830,4941,0000000c,00208463,0,00000000
14833,4942,00000010,fe000ce3,0,00000000
14836,4943,00000008,00108093,1,00000670
14839,4944,0000000c,00208463,0,00000000
14842,4945,00000010,fe000ce3,0,00000000
14845,4946,00000008,00108093,1,00000671
14848,4947,0000000c,00208463,0,00000000
14851,4948,00000010,fe000ce3,0,00000000
14854,4949,00000008,00108093,1,00000672
14857,4950,0000000c,00208463,0,00000000
14860,4951,00000010,fe000ce3,0,00000000
14863,4952,00000008,00108093,1,00000673
14866,4953,0000000c,00208463,0,00000000
14869,4954,00000010,fe000ce3,0,00000000
14872,4955,00000008,00108093,1,00000674
14875,4956,0000000c,00208463,0,00000000
14878,4957,00000010,fe000ce3,0,00000000
14881,4958,00000008,00108093,1,00000675
14884,4959,0000000c,00208463,0,00000000
14887,4960,00000010,fe000ce3,0,00000000
14890,4961,00000008,00108093,1,00000676
14893,4962,0000000c,00208463,0,00000000
14896,4963,00000010,fe000ce3,0,00000000
14899,4964,00000008,00108093,1,00000677
14902,4965,0000000c,00208463,0,00000000
14905,4966,00000010,fe000ce3,0,00000000
14908,4967,00000008,00108093,1,00000678
14911,4968,0000000c,00208463,0,00000000
14914,4969,00000010,fe000ce3,0,00000000
14917,4970,00000008,00108093,1,00000679
14920,4971,0000000c,00208463,0,00000000
14923,4972,00000010,fe000ce3,0,00000000
14926,4973,00000008,00108093,1,0000067a
14929,4974,0000000c,00208463,0,00000000
14932,4975,00000010,fe000ce3,0,00000000
14935,4976,00000008,00108093,1,0000067b
14938,4977,0000000c,00208463,0,00000000
14941,4978,00000010,fe000ce3,0,00000000
14944,4979,00000008,00108093,1,0000067c
14947,4980,0000000c,00208463,0,00000000
14950,4981,00000010,fe000ce3,0,00000000
14953,4982,00000008,00108093,1,0000067d
14956,4983,0000000c,00208463,0,00000000
14959,4984,00000010,fe000ce3,0,00000000
14962,4985,00000008,00108093,1,0000067e
14965,4986,0000000c,00208463,0,00000000
14968,4987,00000010,fe000ce3,0,00000000
14971,4988,00000008,00108093,1,0000067f
14974,4989,0000000c,00208463,0,00000000
14977,4990,00000010,fe000ce3,0,00000000
14980,4991,00000008,00108093,1,00000680
14983,4992,0000000c,00208463,0,00000000
14986,4993,00000010,fe000ce3,0,00000000
14989,4994,00000008,00108093,1,00000681
14992,4995,0000000c,00208463,0,00000000
14995,4996,00000010,fe000ce3,0,00000000
14998,4997,00000008,00108093,1,00000682
15001,4998,0000000c,00208463,0,00000000
15004,4999,00000010,fe000ce3,0,00000000
15007,5000,00000008,00108093,1,00000683
15010,5001,0000000c,00208463,0,00000000
15013,5002,00000010,fe000ce3,0,00000000
15016,5003,00000008,00108093,1,00000684
15019,5004,0000000c,00208463,0,00000000
15022,5005,00000010,fe000ce3,0,00000000
15025,5006,00000008,00108093,1,00000685
15028,5007,0000000c,00208463,0,00000000
15031,5008,00000010,fe000ce3,0,00000000
15034,5009,00000008,00108093,1,00000686
15037,5010,0000000c,00208463,0,00000000
15040,5011,00000010,fe000ce3,0,00000000
15043,5012,00000008,00108093,1,00000687
15046,5013,0000000c,00208463,0,00000000
15049,5014,00000010,fe000ce3,0,00000000
15052,5015,00000008,00108093,1,00000688
15055,5016,0000000c,00208463,0,00000000
15058,5017,00000010,fe000ce3,0,00000000
15061,5018,00000008,00108093,1,00000689
15064,5019,0000000c,00208463,0,00000000
15067,5020,00000010,fe000ce3,0,00000000
15070,5021,00000008,00108093,1,0000068a
15073,5022,0000000c,00208463,0,00000000
15076,5023,00000010,fe000ce3,0,00000000
15079,5024,00000008,00108093,1,0000068b
15082,5025,0000000c,00208463,0,00000000
15085,5026,00000010,fe000ce3,0,00000000
15088,5027,00000008,00108093,1,0000068c
15091,5028,0000000c,00208463,0,00000000
15094,5029,00000010,fe000ce3,0,00000000
15097,5030,00000008,00108093,1,0000068d
15100,5031,0000000c,00208463,0,00000000
15103,5032,00000010,fe000ce3,0,00000000
15106,5033,00000008,00108093,1,0000068e
15109,5034,0000000c,00208463,0,00000000
15112,5035,00000010,fe000ce3,0,00000000
15115,5036,00000008,00108093,1,0000068f
15118,5037,0000000c,00208463,0,00000000
15121,5038,00000010,fe000ce3,0,00000000
15124,5039,00000008,00108093,1,00000690
15127,5040,0000000c,00208463,0,00000000
15130,5041,00000010,fe000ce3,0,00000000
15133,5042,00000008,00108093,1,00000691
15136,5043,0000000c,00208463,0,00000000
15139,5044,00000010,fe000ce3,0,00000000
15142,5045,00000008,00108093,1,00000692
15145,5046,0000000c,00208463,0,00000000
15148,5047,00000010,fe000ce3,0,00000000
15151,5048,00000008,00108093,1,00000693
15154,5049,0000000c,00208463,0,00000000
15157,5050,00000010,fe000ce3,0,00000000
15160,5051,00000008,00108093,1,00000694
15163,5052,0000000c,00208463,0,00000000
15166,5053,00000010,fe000ce3,0,00000000
15169,5054,00000008,00108093,1,00000695
15172,5055,0000000c,00208463,0,00000000
15175,5056,00000010,fe000ce3,0,00000000
15178,5057,00000008,00108093,1,00000696
15181,5058,0000000c,00208463,0,00000000
15184,5059,00000010,fe000ce3,0,00000000
15187,5060,00000008,00108093,1,00000697
15190,5061,0000000c,00208463,0,00000000
15193,5062,00000010,fe000ce3,0,00000000
15196,5063,00000008,00108093,1,00000698
15199,5064,0000000c,00208463,0,00000000
15202,5065,00000010,fe000ce3,0,00000000
15205,5066,00000008,00108093,1,00000699
15208,5067,0000000c,00208463,0,00000000
15211,5068,00000010,fe000ce3,0,00000000
15214,5069,00000008,00108093,1,0000069a
15217,5070,0000000c,00208463,0,00000000
15220,5071,00000010,fe000ce3,0,00000000
15223,5072,00000008,00108093,1,0000069b
15226,5073,0000000c,00208463,0,00000000
15229,5074,00000010,fe000ce3,0,00000000
15232,5075,00000008,00108093,1,0000069c
15235,5076,0000000c,00208463,0,00000000
15238,5077,00000010,fe000ce3,0,00000000
15241,5078,00000008,00108093,1,0000069d
15244,5079,0000000c,00208463,0,00000000
15247,5080,00000010,fe000ce3,0,00000000
15250,5081,00000008,00108093,1,0000069e
15253,5082,0000000c,00208463,0,00000000
15256,5083,00000010,fe000ce3,0,00000000
15259,5084,00000008,00108093,1,0000069f
15262,5085,0000000c,00208463,0,00000000
15265,5086,00000010,fe000ce3,0,00000000
15268,5087,00000008,00108093,1,000006a0
15271,5088,0000000c,00208463,0,00000000
15274,5089,00000010,fe000ce3,0,00000000
15277,5090,00000008,00108093,1,000006a1
15280,5091,0000000c,00208463,0,00000000
15283,5092,00000010,fe000ce3,0,00000000
15286,5093,00000008,00108093,1,000006a2
15289,5094,0000000c,00208463,0,00000000
15292,5095,00000010,fe000ce3,0,00000000
15295,5096,00000008,00108093,1,000006a3
15298,5097,0000000c,00208463,0,00000000
15301,5098,00000010,fe000ce3,0,00000000
15304,5099,00000008,00108093,1,000006a4
15307,5100,0000000c,00208463,0,00000000
15310,5101,00000010,fe000ce3,0,00000000
15313,5102,00000008,00108093,1,000006a5
15316,5103,0000000c,00208463,0,00000000
15319,5104,00000010,fe000ce3,0,00000000
15322,5105,00000008,00108093,1,000006a6
15325,5106,0000000c,00208463,0,00000000
15328,5107,00000010,fe000ce3,0,00000000
15331,5108,00000008,00108093,1,000006a7
15334,5109,0000000c,00208463,0,00000000
15337,5110,00000010,fe000ce3,0,00000000
15340,5111,00000008,00108093,1,000006a8
15343,5112,0000000c,00208463,0,00000000
15346,5113,00000010,fe000ce3,0,00000000
15349,5114,00000008,00108093,1,000006a9
15352,5115,0000000c,00208463,0,00000000
15355,5116,00000010,fe000ce3,0,00000000
15358,5117,00000008,00108093,1,000006aa
15361,5118,0000000c,00208463,0,00000000
15364,5119,00000010,fe000ce3,0,00000000
15367,5120,00000008,00108093,1,000006ab
15370,5121,0000000c,00208463,0,00000000
15373,5122,00000010,fe000ce3,0,00000000
15376,5123,00000008,00108093,1,000006ac
15379,5124,0000000c,00208463,0,00000000
15382,5125,00000010,fe000ce3,0,00000000
15385,5126,00000008,00108093,1,000006ad
15388,5127,0000000c,00208463,0,00000000
15391,5128,00000010,fe000ce3,0,00000000
15394,5129,00000008,00108093,1,000006ae
15397,5130,0000000c,00208463,0,00000000
15400,5131,00000010,fe000ce3,0,00000000
15403,5132,00000008,00108093,1,000006af
15406,5133,0000000c,00208463,0,00000000
15409,5134,00000010,fe000ce3,0,00000000
15412,5135,00000008,00108093,1,000006b0
15415,5136,0000000c,00208463,0,00000000
15418,5137,00000010,fe000ce3,0,00000000
15421,5138,00000008,00108093,1,000006b1
15424,5139,0000000c,00208463,0,00000000
15427,5140,00000010,fe000ce3,0,00000000
15430,5141,00000008,00108093,1,000006b2
15433,5142,0000000c,00208463,0,00000000
15436,5143,00000010,fe000ce3,0,00000000
15439,5144,00000008,00108093,1,000006b3
15442,5145,0000000c,00208463,0,00000000
15445,5146,00000010,fe000ce3,0,00000000
15448,5147,00000008,00108093,1,000006b4
15451,5148,0000000c,00208463,0,00000000
15454,5149,00000010,fe000ce3,0,00000000
15457,5150,00000008,00108093,1,000006b5
15460,5151,0000000c,00208463,0,00000000
15463,5152,00000010,fe000ce3,0,00000000
15466,5153,00000008,00108093,1,000006b6
15469,5154,0000000c,00208463,0,00000000
15472,5155,00000010,fe000ce3,0,00000000
15475,5156,00000008,00108093,1,000006b7
15478,5157,0000000c,00208463,0,00000000
15481,5158,00000010,fe000ce3,0,00000000
15484,5159,00000008,00108093,1,000006b8
15487,5160,0000000c,00208463,0,00000000
15490,5161,00000010,fe000ce3,0,00000000
15493,5162,00000008,00108093,1,000006b9
15496,5163,0000000c,00208463,0,00000000
15499,5164,00000010,fe000ce3,0,00000000
15502,5165,00000008,00108093,1,000006ba
15505,5166,0000000c,00208463,0,00000000
15508,5167,00000010,fe000ce3,0,00000000
15511,5168,00000008,00108093,1,000006bb
15514,5169,0000000c,00208463,0,00000000
15517,5170,00000010,fe000ce3,0,00000000
15520,5171,00000008,00108093,1,000006bc
15523,5172,0000000c,00208463,0,00000000
15526,5173,00000010,fe000ce3,0,00000000
15529,5174,00000008,00108093,1,000006bd
15532,5175,0000000c,00208463,0,00000000
15535,5176,00000010,fe000ce3,0,00000000
15538,5177,00000008,00108093,1,000006be
15541,5178,0000000c,00208463,0,00000000
15544,5179,00000010,fe000ce3,0,00000000
15547,5180,00000008,00108093,1,000006bf
15550,5181,0000000c,00208463,0,00000000
15553,5182,00000010,fe000ce3,0,00000000
15556,5183,00000008,00108093,1,000006c0
15559,5184,0000000c,00208463,0,00000000
15562,5185,00000010,fe000ce3,0,00000000
15565,5186,00000008,00108093,1,000006c1
15568,5187,0000000c,00208463,0,00000000
15571,5188,00000010,fe000ce3,0,00000000
15574,5189,00000008,00108093,1,000006c2
15577,5190,0000000c,00208463,0,00000000
15580,5191,00000010,fe000ce3,0,00000000
15583,5192,00000008,00108093,1,000006c3
15586,5193,0000000c,00208463,0,00000000
15589,5194,00000010,fe000ce3,0,00000000
15592,5195,00000008,00108093,1,000006c4
15595,5196,0000000c,00208463,0,00000000
15598,5197,00000010,fe000ce3,0,00000000
15601,5198,00000008,00108093,1,000006c5
15604,5199,0000000c,00208463,0,00000000
15607,5200,00000010,fe000ce3,0,00000000
15610,5201,00000008,00108093,1,000006c6
15613,5202,0000000c,00208463,0,00000000
15616,5203,00000010,fe000ce3,0,00000000
15619,5204,00000008,00108093,1,000006c7
15622,5205,0000000c,00208463,0,00000000
15625,5206,00000010,fe000ce3,0,00000000
15628,5207,00000008,00108093,1,000006c8
15631,5208,0000000c,00208463,0,00000000
15634,5209,00000010,fe000ce3,0,00000000
15637,5210,00000008,00108093,1,000006c9
15640,5211,0000000c,00208463,0,00000000
15643,5212,00000010,fe000ce3,0,00000000
15646,5213,00000008,00108093,1,000006ca
15649,5214,0000000c,00208463,0,00000000
15652,5215,00000010,fe000ce3,0,00000000
15655,5216,00000008,00108093,1,000006cb
15658,5217,0000000c,00208463,0,00000000
15661,5218,00000010,fe000ce3,0,00000000
15664,5219,00000008,00108093,1,000006cc
15667,5220,0000000c,00208463,0,00000000
15670,5221,00000010,fe000ce3,0,00000000
15673,5222,00000008,00108093,1,000006cd
15676,5223,0000000c,00208463,0,00000000
15679,5224,00000010,fe000ce3,0,00000000
15682,5225,00000008,00108093,1,000006ce
15685,5226,0000000c,00208463,0,00000000
15688,5227,00000010,fe000ce3,0,00000000
15691,5228,00000008,00108093,1,000006cf
15694,5229,0000000c,00208463,0,00000000
15697,5230,00000010,fe000ce3,0,00000000
15700,5231,00000008,00108093,1,000006d0
15703,5232,0000000c,00208463,0,00000000
15706,5233,00000010,fe000ce3,0,00000000
15709,5234,00000008,00108093,1,000006d1
15712,5235,0000000c,00208463,0,00000000
15715,5236,00000010,fe000ce3,0,00000000
15718,5237,00000008,00108093,1,000006d2
15721,5238,0000000c,00208463,0,00000000
15724,5239,00000010,fe000ce3,0,00000000
15727,5240,00000008,00108093,1,000006d3
15730,5241,0000000c,00208463,0,00000000
15733,5242,00000010,fe000ce3,0,00000000
15736,5243,00000008,00108093,1,000006d4
15739,5244,0000000c,00208463,0,00000000
15742,5245,00000010,fe000ce3,0,00000000
15745,5246,00000008,00108093,1,000006d5
15748,5247,0000000c,00208463,0,00000000
15751,5248,00000010,fe000ce3,0,00000000
15754,5249,00000008,00108093,1,000006d6
15757,5250,0000000c,00208463,0,00000000
15760,5251,00000010,fe000ce3,0,00000000
15763,5252,00000008,00108093,1,000006d7
15766,5253,0000000c,00208463,0,00000000
15769,5254,00000010,fe000ce3,0,00000000
15772,5255,00000008,00108093,1,000006d8
15775,5256,0000000c,00208463,0,00000000
15778,5257,00000010,fe000ce3,0,00000000
15781,5258,00000008,00108093,1,000006d9
15784,5259,0000000c,00208463,0,00000000
15787,5260,00000010,fe000ce3,0,00000000
15790,5261,00000008,00108093,1,000006da
15793,5262,0000000c,00208463,0,00000000
15796,5263,00000010,fe000ce3,0,00000000
15799,5264,00000008,00108093,1,000006db
15802,5265,0000000c,00208463,0,00000000
15805,5266,00000010,fe000ce3,0,00000000
15808,5267,00000008,00108093,1,000006dc
15811,5268,0000000c,00208463,0,00000000
15814,5269,00000010,fe000ce3,0,00000000
15817,5270,00000008,00108093,1,000006dd
15820,5271,0000000c,00208463,0,00000000
15823,5272,00000010,fe000ce3,0,00000000
15826,5273,00000008,00108093,1,000006de
15829,5274,0000000c,00208463,0,00000000
15832,5275,00000010,fe000ce3,0,00000000
15835,5276,00000008,00108093,1,000006df
15838,5277,0000000c,00208463,0,00000000
15841,5278,00000010,fe000ce3,0,00000000
15844,5279,00000008,00108093,1,000006e0
15847,5280,0000000c,00208463,0,00000000
15850,5281,00000010,fe000ce3,0,00000000
15853,5282,00000008,00108093,1,000006e1
15856,5283,0000000c,00208463,0,00000000
15859,5284,00000010,fe000ce3,0,00000000
15862,5285,00000008,00108093,1,000006e2
15865,5286,0000000c,00208463,0,00000000
15868,5287,00000010,fe000ce3,0,00000000
15871,5288,00000008,00108093,1,000006e3
15874,5289,0000000c,00208463,0,00000000
15877,5290,00000010,fe000ce3,0,00000000
15880,5291,00000008,00108093,1,000006e4
15883,5292,0000000c,00208463,0,00000000
15886,5293,00000010,fe000ce3,0,00000000
15889,5294,00000008,00108093,1,000006e5
15892,5295,0000000c,00208463,0,00000000
15895,5296,00000010,fe000ce3,0,00000000
15898,5297,00000008,00108093,1,000006e6
15901,5298,0000000c,00208463,0,00000000
15904,5299,00000010,fe000ce3,0,00000000
15907,5300,00000008,00108093,1,000006e7
15910,5301,0000000c,00208463,0,00000000
15913,5302,00000010,fe000ce3,0,00000000
15916,5303,00000008,00108093,1,000006e8
15919,5304,0000000c,00208463,0,00000000
15922,5305,00000010,fe000ce3,0,00000000
15925,5306,00000008,00108093,1,000006e9
15928,5307,0000000c,00208463,0,00000000
15931,5308,00000010,fe000ce3,0,00000000
15934,5309,00000008,00108093,1,000006ea
15937,5310,0000000c,00208463,0,00000000
15940,5311,00000010,fe000ce3,0,00000000
15943,5312,00000008,00108093,1,000006eb
15946,5313,0000000c,00208463,0,00000000
15949,5314,00000010,fe000ce3,0,00000000
15952,5315,00000008,00108093,1,000006ec
15955,5316,0000000c,00208463,0,00000000
15958,5317,00000010,fe000ce3,0,00000000
15961,5318,00000008,00108093,1,000006ed
15964,5319,0000000c,00208463,0,00000000
15967,5320,00000010,fe000ce3,0,00000000
15970,5321,00000008,00108093,1,000006ee
15973,5322,0000000c,00208463,0,00000000
15976,5323,00000010,fe000ce3,0,00000000
15979,5324,00000008,00108093,1,000006ef
15982,5325,0000000c,00208463,0,00000000
15985,5326,00000010,fe000ce3,0,00000000
15988,5327,00000008,00108093,1,000006f0
15991,5328,0000000c,00208463,0,00000000
15994,5329,00000010,fe000ce3,0,00000000
15997,5330,00000008,00108093,1,000006f1
16000,5331,0000000c,00208463,0,00000000
16003,5332,00000010,fe000ce3,0,00000000
16006,5333,00000008,00108093,1,000006f2
16009,5334,0000000c,00208463,0,00000000
16012,5335,00000010,fe000ce3,0,00000000
16015,5336,00000008,00108093,1,000006f3
16018,5337,0000000c,00208463,0,00000000
16021,5338,00000010,fe000ce3,0,00000000
16024,5339,00000008,00108093,1,000006f4
16027,5340,0000000c,00208463,0,00000000
16030,5341,00000010,fe000ce3,0,00000000
16033,5342,00000008,00108093,1,000006f5
16036,5343,0000000c,00208463,0,00000000
16039,5344,00000010,fe000ce3,0,00000000
16042,5345,00000008,00108093,1,000006f6
16045,5346,0000000c,00208463,0,00000000
16048,5347,00000010,fe000ce3,0,00000000
16051,5348,00000008,00108093,1,000006f7
16054,5349,0000000c,00208463,0,00000000
16057,5350,00000010,fe000ce3,0,00000000
16060,5351,00000008,00108093,1,000006f8
16063,5352,0000000c,00208463,0,00000000
16066,5353,00000010,fe000ce3,0,00000000
16069,5354,00000008,00108093,1,000006f9
16072,5355,0000000c,00208463,0,00000000
16075,5356,00000010,fe000ce3,0,00000000
16078,5357,00000008,00108093,1,000006fa
16081,5358,0000000c,00208463,0,00000000
16084,5359,00000010,fe000ce3,0,00000000
16087,5360,00000008,00108093,1,000006fb
16090,5361,0000000c,00208463,0,00000000
16093,5362,00000010,fe000ce3,0,00000000
16096,5363,00000008,00108093,1,000006fc
16099,5364,0000000c,00208463,0,00000000
16102,5365,00000010,fe000ce3,0,00000000
16105,5366,00000008,00108093,1,000006fd
16108,5367,0000000c,00208463,0,00000000
16111,5368,00000010,fe000ce3,0,00000000
16114,5369,00000008,00108093,1,000006fe
16117,5370,0000000c,00208463,0,00000000
16120,5371,00000010,fe000ce3,0,00000000
16123,5372,00000008,00108093,1,000006ff
16126,5373,0000000c,00208463,0,00000000
16129,5374,00000010,fe000ce3,0,00000000
16132,5375,00000008,00108093,1,00000700
16135,5376,0000000c,00208463,0,00000000
16138,5377,00000010,fe000ce3,0,00000000
16141,5378,00000008,00108093,1,00000701
16144,5379,0000000c,00208463,0,00000000
16147,5380,00000010,fe000ce3,0,00000000
16150,5381,00000008,00108093,1,00000702
16153,5382,0000000c,00208463,0,00000000
16156,5383,00000010,fe000ce3,0,00000000
16159,5384,00000008,00108093,1,00000703
16162,5385,0000000c,00208463,0,00000000
16165,5386,00000010,fe000ce3,0,00000000
16168,5387,00000008,00108093,1,00000704
16171,5388,0000000c,00208463,0,00000000
16174,5389,00000010,fe000ce3,0,00000000
16177,5390,00000008,00108093,1,00000705
16180,5391,0000000c,00208463,0,00000000
16183,5392,00000010,fe000ce3,0,00000000
16186,5393,00000008,00108093,1,00000706
16189,5394,0000000c,00208463,0,00000000
16192,5395,00000010,fe000ce3,0,00000000
16195,5396,00000008,00108093,1,00000707
16198,5397,0000000c,00208463,0,00000000
16201,5398,00000010,fe000ce3,0,00000000
16204,5399,00000008,00108093,1,00000708
16207,5400,0000000c,00208463,0,00000000
16210,5401,00000010,fe000ce3,0,00000000
16213,5402,00000008,00108093,1,00000709
16216,5403,0000000c,00208463,0,00000000
16219,5404,00000010,fe000ce3,0,00000000
16222,5405,00000008,00108093,1,0000070a
16225,5406,0000000c,00208463,0,00000000
16228,5407,00000010,fe000ce3,0,00000000
16231,5408,00000008,00108093,1,0000070b
16234,5409,0000000c,00208463,0,00000000
16237,5410,00000010,fe000ce3,0,00000000
16240,5411,00000008,00108093,1,0000070c
16243,5412,0000000c,00208463,0,00000000
16246,5413,00000010,fe000ce3,0,00000000
16249,5414,00000008,00108093,1,0000070d
16252,5415,0000000c,00208463,0,00000000
16255,5416,00000010,fe000ce3,0,00000000
16258,5417,00000008,00108093,1,0000070e
16261,5418,0000000c,00208463,0,00000000
16264,5419,00000010,fe000ce3,0,00000000
16267,5420,00000008,00108093,1,0000070f
16270,5421,0000000c,00208463,0,00000000
16273,5422,00000010,fe000ce3,0,00000000
16276,5423,00000008,00108093,1,00000710
16279,5424,0000000c,00208463,0,00000000
16282,5425,00000010,fe000ce3,0,00000000
16285,5426,00000008,00108093,1,00000711
16288,5427,0000000c,00208463,0,00000000
16291,5428,00000010,fe000ce3,0,00000000
16294,5429,00000008,00108093,1,00000712
16297,5430,0000000c,00208463,0,00000000
16300,5431,00000010,fe000ce3,0,00000000
16303,5432,00000008,00108093,1,00000713
16306,5433,0000000c,00208463,0,00000000
16309,5434,00000010,fe000ce3,0,00000000
16312,5435,00000008,00108093,1,00000714
16315,5436,0000000c,00208463,0,00000000
16318,5437,00000010,fe000ce3,0,00000000
16321,5438,00000008,00108093,1,00000715
16324,5439,0000000c,00208463,0,00000000
16327,5440,00000010,fe000ce3,0,00000000
16330,5441,00000008,00108093,1,00000716
16333,5442,0000000c,00208463,0,00000000
16336,5443,00000010,fe000ce3,0,00000000
16339,5444,00000008,00108093,1,00000717
16342,5445,0000000c,00208463,0,00000000
16345,5446,00000010,fe000ce3,0,00000000
16348,5447,00000008,00108093,1,00000718
16351,5448,0000000c,00208463,0,00000000
16354,5449,00000010,fe000ce3,0,00000000
16357,5450,00000008,00108093,1,00000719
16360,5451,0000000c,00208463,0,00000000
16363,5452,00000010,fe000ce3,0,00000000
16366,5453,00000008,00108093,1,0000071a
16369,5454,0000000c,00208463,0,00000000
16372,5455,00000010,fe000ce3,0,00000000
16375,5456,00000008,00108093,1,0000071b
16378,5457,0000000c,00208463,0,00000000
16381,5458,00000010,fe000ce3,0,00000000
16384,5459,00000008,00108093,1,0000071c
16387,5460,0000000c,00208463,0,00000000
16390,5461,00000010,fe000ce3,0,00000000
16393,5462,00000008,00108093,1,0000071d
16396,5463,0000000c,00208463,0,00000000
16399,5464,00000010,fe000ce3,0,00000000
16402,5465,00000008,00108093,1,0000071e
16405,5466,0000000c,00208463,0,00000000
16408,5467,00000010,fe000ce3,0,00000000
16411,5468,00000008,00108093,1,0000071f
16414,5469,0000000c,00208463,0,00000000
16417,5470,00000010,fe000ce3,0,00000000
16420,5471,00000008,00108093,1,00000720
16423,5472,0000000c,00208463,0,00000000
16426,5473,00000010,fe000ce3,0,00000000
16429,5474,00000008,00108093,1,00000721
16432,5475,0000000c,00208463,0,00000000
16435,5476,00000010,fe000ce3,0,00000000
16438,5477,00000008,00108093,1,00000722
16441,5478,0000000c,00208463,0,00000000
16444,5479,00000010,fe000ce3,0,00000000
16447,5480,00000008,00108093,1,00000723
16450,5481,0000000c,00208463,0,00000000
16453,5482,00000010,fe000ce3,0,00000000
16456,5483,00000008,00108093,1,00000724
16459,5484,0000000c,00208463,0,00000000
16462,5485,00000010,fe000ce3,0,00000000
16465,5486,00000008,00108093,1,00000725
16468,5487,0000000c,00208463,0,00000000
16471,5488,00000010,fe000ce3,0,00000000
16474,5489,00000008,00108093,1,00000726
16477,5490,0000000c,00208463,0,00000000
16480,5491,00000010,fe000ce3,0,00000000
16483,5492,00000008,00108093,1,00000727
16486,5493,0000000c,00208463,0,00000000
16489,5494,00000010,fe000ce3,0,00000000
16492,5495,00000008,00108093,1,00000728
16495,5496,0000000c,00208463,0,00000000
16498,5497,00000010,fe000ce3,0,00000000
16501,5498,00000008,00108093,1,00000729
16504,5499,0000000c,00208463,0,00000000
16507,5500,00000010,fe000ce3,0,00000000
16510,5501,00000008,00108093,1,0000072a
16513,5502,0000000c,00208463,0,00000000
16516,5503,00000010,fe000ce3,0,00000000
16519,5504,00000008,00108093,1,0000072b
16522,5505,0000000c,00208463,0,00000000
16525,5506,00000010,fe000ce3,0,00000000
16528,5507,00000008,00108093,1,0000072c
16531,5508,0000000c,00208463,0,00000000
16534,5509,00000010,fe000ce3,0,00000000
16537,5510,00000008,00108093,1,0000072d
16540,5511,0000000c,00208463,0,00000000
16543,5512,00000010,fe000ce3,0,00000000
16546,5513,00000008,00108093,1,0000072e
16549,5514,0000000c,00208463,0,00000000
16552,5515,00000010,fe000ce3,0,00000000
16555,5516,00000008,00108093,1,0000072f
16558,5517,0000000c,00208463,0,00000000
16561,5518,00000010,fe000ce3,0,00000000
16564,5519,00000008,00108093,1,00000730
16567,5520,0000000c,00208463,0,00000000
16570,5521,00000010,fe000ce3,0,00000000
16573,5522,00000008,00108093,1,00000731
16576,5523,0000000c,00208463,0,00000000
16579,5524,00000010,fe000ce3,0,00000000
16582,5525,00000008,00108093,1,00000732
16585,5526,0000000c,00208463,0,00000000
16588,5527,00000010,fe000ce3,0,00000000
16591,5528,00000008,00108093,1,00000733
16594,5529,0000000c,00208463,0,00000000
16597,5530,00000010,fe000ce3,0,00000000
16600,5531,00000008,00108093,1,00000734
16603,5532,0000000c,00208463,0,00000000
16606,5533,00000010,fe000ce3,0,00000000
16609,5534,00000008,00108093,1,00000735
16612,5535,0000000c,00208463,0,00000000
16615,5536,00000010,fe000ce3,0,00000000
16618,5537,00000008,00108093,1,00000736
16621,5538,0000000c,00208463,0,00000000
16624,5539,00000010,fe000ce3,0,00000000
16627,5540,00000008,00108093,1,00000737
16630,5541,0000000c,00208463,0,00000000
16633,5542,00000010,fe000ce3,0,00000000
16636,5543,00000008,00108093,1,00000738
16639,5544,0000000c,00208463,0,00000000
16642,5545,00000010,fe000ce3,0,00000000
16645,5546,00000008,00108093,1,00000739
16648,5547,0000000c,00208463,0,00000000
16651,5548,00000010,fe000ce3,0,00000000
16654,5549,00000008,00108093,1,0000073a
16657,5550,0000000c,00208463,0,00000000
16660,5551,00000010,fe000ce3,0,00000000
16663,5552,00000008,00108093,1,0000073b
16666,5553,0000000c,00208463,0,00000000
16669,5554,00000010,fe000ce3,0,00000000
16672,5555,00000008,00108093,1,0000073c
16675,5556,0000000c,00208463,0,00000000
16678,5557,00000010,fe000ce3,0,00000000
16681,5558,00000008,00108093,1,0000073d
16684,5559,0000000c,00208463,0,00000000
16687,5560,00000010,fe000ce3,0,00000000
16690,5561,00000008,00108093,1,0000073e
16693,5562,0000000c,00208463,0,00000000
16696,5563,00000010,fe000ce3,0,00000000
16699,5564,00000008,00108093,1,0000073f
16702,5565,0000000c,00208463,0,00000000
16705,5566,00000010,fe000ce3,0,00000000
16708,5567,00000008,00108093,1,00000740
16711,5568,0000000c,00208463,0,00000000
16714,5569,00000010,fe000ce3,0,00000000
16717,5570,00000008,00108093,1,00000741
16720,5571,0000000c,00208463,0,00000000
16723,5572,00000010,fe000ce3,0,00000000
16726,5573,00000008,00108093,1,00000742
16729,5574,0000000c,00208463,0,00000000
16732,5575,00000010,fe000ce3,0,00000000
16735,5576,00000008,00108093,1,00000743
16738,5577,0000000c,00208463,0,00000000
16741,5578,00000010,fe000ce3,0,00000000
16744,5579,00000008,00108093,1,00000744
16747,5580,0000000c,00208463,0,00000000
16750,5581,00000010,fe000ce3,0,00000000
16753,5582,00000008,00108093,1,00000745
16756,5583,0000000c,00208463,0,00000000
16759,5584,00000010,fe000ce3,0,00000000
16762,5585,00000008,00108093,1,00000746
16765,5586,0000000c,00208463,0,00000000
16768,5587,00000010,fe000ce3,0,00000000
16771,5588,00000008,00108093,1,00000747
16774,5589,0000000c,00208463,0,00000000
16777,5590,00000010,fe000ce3,0,00000000
16780,5591,00000008,00108093,1,00000748
16783,5592,0000000c,00208463,0,00000000
16786,5593,00000010,fe000ce3,0,00000000
16789,5594,00000008,00108093,1,00000749
16792,5595,0000000c,00208463,0,00000000
16795,5596,00000010,fe000ce3,0,00000000
16798,5597,00000008,00108093,1,0000074a
16801,5598,0000000c,00208463,0,00000000
16804,5599,00000010,fe000ce3,0,00000000
16807,5600,00000008,00108093,1,0000074b
16810,5601,0000000c,00208463,0,00000000
16813,5602,00000010,fe000ce3,0,00000000
16816,5603,00000008,00108093,1,0000074c
16819,5604,0000000c,00208463,0,00000000
16822,5605,00000010,fe000ce3,0,00000000
16825,5606,00000008,00108093,1,0000074d
16828,5607,0000000c,00208463,0,00000000
16831,5608,00000010,fe000ce3,0,00000000
16834,5609,00000008,00108093,1,0000074e
16837,5610,0000000c,00208463,0,00000000
16840,5611,00000010,fe000ce3,0,00000000
16843,5612,00000008,00108093,1,0000074f
16846,5613,0000000c,00208463,0,00000000
16849,5614,00000010,fe000ce3,0,00000000
16852,5615,00000008,00108093,1,00000750
16855,5616,0000000c,00208463,0,00000000
16858,5617,00000010,fe000ce3,0,00000000
16861,5618,00000008,00108093,1,00000751
16864,5619,0000000c,00208463,0,00000000
16867,5620,00000010,fe000ce3,0,00000000
16870,5621,00000008,00108093,1,00000752
16873,5622,0000000c,00208463,0,00000000
16876,5623,00000010,fe000ce3,0,00000000
16879,5624,00000008,00108093,1,00000753
16882,5625,0000000c,00208463,0,00000000
16885,5626,00000010,fe000ce3,0,00000000
16888,5627,00000008,00108093,1,00000754
16891,5628,0000000c,00208463,0,00000000
16894,5629,00000010,fe000ce3,0,00000000
16897,5630,00000008,00108093,1,00000755
16900,5631,0000000c,00208463,0,00000000
16903,5632,00000010,fe000ce3,0,00000000
16906,5633,00000008,00108093,1,00000756
16909,5634,0000000c,00208463,0,00000000
16912,5635,00000010,fe000ce3,0,00000000
16915,5636,00000008,00108093,1,00000757
16918,5637,0000000c,00208463,0,00000000
16921,5638,00000010,fe000ce3,0,00000000
16924,5639,00000008,00108093,1,00000758
16927,5640,0000000c,00208463,0,00000000
16930,5641,00000010,fe000ce3,0,00000000
16933,5642,00000008,00108093,1,00000759
16936,5643,0000000c,00208463,0,00000000
16939,5644,00000010,fe000ce3,0,00000000
16942,5645,00000008,00108093,1,0000075a
16945,5646,0000000c,00208463,0,00000000
16948,5647,00000010,fe000ce3,0,00000000
16951,5648,00000008,00108093,1,0000075b
16954,5649,0000000c,00208463,0,00000000
16957,5650,00000010,fe000ce3,0,00000000
16960,5651,00000008,00108093,1,0000075c
16963,5652,0000000c,00208463,0,00000000
16966,5653,00000010,fe000ce3,0,00000000
16969,5654,00000008,00108093,1,0000075d
16972,5655,0000000c,00208463,0,00000000
16975,5656,00000010,fe000ce3,0,00000000
16978,5657,00000008,00108093,1,0000075e
16981,5658,0000000c,00208463,0,00000000
16984,5659,00000010,fe000ce3,0,00000000
16987,5660,00000008,00108093,1,0000075f
16990,5661,0000000c,00208463,0,00000000
16993,5662,00000010,fe000ce3,0,00000000
16996,5663,00000008,00108093,1,00000760
16999,5664,0000000c,00208463,0,00000000
17002,5665,00000010,fe000ce3,0,00000000
17005,5666,00000008,00108093,1,00000761
17008,5667,0000000c,00208463,0,00000000
17011,5668,00000010,fe000ce3,0,00000000
17014,5669,00000008,00108093,1,00000762
17017,5670,0000000c,00208463,0,00000000
17020,5671,00000010,fe000ce3,0,00000000
17023,5672,00000008,00108093,1,00000763
17026,5673,0000000c,00208463,0,00000000
17029,5674,00000010,fe000ce3,0,00000000
17032,5675,00000008,00108093,1,00000764
17035,5676,0000000c,00208463,0,00000000
17038,5677,00000010,fe000ce3,0,00000000
17041,5678,00000008,00108093,1,00000765
17044,5679,0000000c,00208463,0,00000000
17047,5680,00000010,fe000ce3,0,00000000
17050,5681,00000008,00108093,1,00000766
17053,5682,0000000c,00208463,0,00000000
17056,5683,00000010,fe000ce3,0,00000000
17059,5684,00000008,00108093,1,00000767
17062,5685,0000000c,00208463,0,00000000
17065,5686,00000010,fe000ce3,0,00000000
17068,5687,00000008,00108093,1,00000768
17071,5688,0000000c,00208463,0,00000000
17074,5689,00000010,fe000ce3,0,00000000
17077,5690,00000008,00108093,1,00000769
17080,5691,0000000c,00208463,0,00000000
17083,5692,00000010,fe000ce3,0,00000000
17086,5693,00000008,00108093,1,0000076a
17089,5694,0000000c,00208463,0,00000000
17092,5695,00000010,fe000ce3,0,00000000
17095,5696,00000008,00108093,1,0000076b
17098,5697,0000000c,00208463,0,00000000
17101,5698,00000010,fe000ce3,0,00000000
17104,5699,00000008,00108093,1,0000076c
17107,5700,0000000c,00208463,0,00000000
17110,5701,00000010,fe000ce3,0,00000000
17113,5702,00000008,00108093,1,0000076d
17116,5703,0000000c,00208463,0,00000000
17119,5704,00000010,fe000ce3,0,00000000
17122,5705,00000008,00108093,1,0000076e
17125,5706,0000000c,00208463,0,00000000
17128,5707,00000010,fe000ce3,0,00000000
17131,5708,00000008,00108093,1,0000076f
17134,5709,0000000c,00208463,0,00000000
17137,5710,00000010,fe000ce3,0,00000000
17140,5711,00000008,00108093,1,00000770
17143,5712,0000000c,00208463,0,00000000
17146,5713,00000010,fe000ce3,0,00000000
17149,5714,00000008,00108093,1,00000771
17152,5715,0000000c,00208463,0,00000000
17155,5716,00000010,fe000ce3,0,00000000
17158,5717,00000008,00108093,1,00000772
17161,5718,0000000c,00208463,0,00000000
17164,5719,00000010,fe000ce3,0,00000000
17167,5720,00000008,00108093,1,00000773
17170,5721,0000000c,00208463,0,00000000
17173,5722,00000010,fe000ce3,0,00000000
17176,5723,00000008,00108093,1,00000774
17179,5724,0000000c,00208463,0,00000000
17182,5725,00000010,fe000ce3,0,00000000
17185,5726,00000008,00108093,1,00000775
17188,5727,0000000c,00208463,0,00000000
17191,5728,00000010,fe000ce3,0,00000000
17194,5729,00000008,00108093,1,00000776
17197,5730,0000000c,00208463,0,00000000
17200,5731,00000010,fe000ce3,0,00000000
17203,5732,00000008,00108093,1,00000777
17206,5733,0000000c,00208463,0,00000000
17209,5734,00000010,fe000ce3,0,00000000
17212,5735,00000008,00108093,1,00000778
17215,5736,0000000c,00208463,0,00000000
17218,5737,00000010,fe000ce3,0,00000000
17221,5738,00000008,00108093,1,00000779
17224,5739,0000000c,00208463,0,00000000
17227,5740,00000010,fe000ce3,0,00000000
17230,5741,00000008,00108093,1,0000077a
17233,5742,0000000c,00208463,0,00000000
17236,5743,00000010,fe000ce3,0,00000000
17239,5744,00000008,00108093,1,0000077b
17242,5745,0000000c,00208463,0,00000000
17245,5746,00000010,fe000ce3,0,00000000
17248,5747,00000008,00108093,1,0000077c
17251,5748,0000000c,00208463,0,00000000
17254,5749,00000010,fe000ce3,0,00000000
17257,5750,00000008,00108093,1,0000077d
17260,5751,0000000c,00208463,0,00000000
17263,5752,00000010,fe000ce3,0,00000000
17266,5753,00000008,00108093,1,0000077e
17269,5754,0000000c,00208463,0,00000000
17272,5755,00000010,fe000ce3,0,00000000
17275,5756,00000008,00108093,1,0000077f
17278,5757,0000000c,00208463,0,00000000
17281,5758,00000010,fe000ce3,0,00000000
17284,5759,00000008,00108093,1,00000780
17287,5760,0000000c,00208463,0,00000000
17290,5761,00000010,fe000ce3,0,00000000
17293,5762,00000008,00108093,1,00000781
17296,5763,0000000c,00208463,0,00000000
17299,5764,00000010,fe000ce3,0,00000000
17302,5765,00000008,00108093,1,00000782
17305,5766,0000000c,00208463,0,00000000
17308,5767,00000010,fe000ce3,0,00000000
17311,5768,00000008,00108093,1,00000783
17314,5769,0000000c,00208463,0,00000000
17317,5770,00000010,fe000ce3,0,00000000
17320,5771,00000008,00108093,1,00000784
17323,5772,0000000c,00208463,0,00000000
17326,5773,00000010,fe000ce3,0,00000000
17329,5774,00000008,00108093,1,00000785
17332,5775,0000000c,00208463,0,00000000
17335,5776,00000010,fe000ce3,0,00000000
17338,5777,00000008,00108093,1,00000786
17341,5778,0000000c,00208463,0,00000000
17344,5779,00000010,fe000ce3,0,00000000
17347,5780,00000008,00108093,1,00000787
17350,5781,0000000c,00208463,0,00000000
17353,5782,00000010,fe000ce3,0,00000000
17356,5783,00000008,00108093,1,00000788
17359,5784,0000000c,00208463,0,00000000
17362,5785,00000010,fe000ce3,0,00000000
17365,5786,00000008,00108093,1,00000789
17368,5787,0000000c,00208463,0,00000000
17371,5788,00000010,fe000ce3,0,00000000
17374,5789,00000008,00108093,1,0000078a
17377,5790,0000000c,00208463,0,00000000
17380,5791,00000010,fe000ce3,0,00000000
17383,5792,00000008,00108093,1,0000078b
17386,5793,0000000c,00208463,0,00000000
17389,5794,00000010,fe000ce3,0,00000000
17392,5795,00000008,00108093,1,0000078c
17395,5796,0000000c,00208463,0,00000000
17398,5797,00000010,fe000ce3,0,00000000
17401,5798,00000008,00108093,1,0000078d
17404,5799,0000000c,00208463,0,00000000
17407,5800,00000010,fe000ce3,0,00000000
17410,5801,00000008,00108093,1,0000078e
17413,5802,0000000c,00208463,0,00000000
17416,5803,00000010,fe000ce3,0,00000000
17419,5804,00000008,00108093,1,0000078f
17422,5805,0000000c,00208463,0,00000000
17425,5806,00000010,fe000ce3,0,00000000
17428,5807,00000008,00108093,1,00000790
17431,5808,0000000c,00208463,0,00000000
17434,5809,00000010,fe000ce3,0,00000000
17437,5810,00000008,00108093,1,00000791
17440,5811,0000000c,00208463,0,00000000
17443,5812,00000010,fe000ce3,0,00000000
17446,5813,00000008,00108093,1,00000792
17449,5814,0000000c,00208463,0,00000000
17452,5815,00000010,fe000ce3,0,00000000
17455,5816,00000008,00108093,1,00000793
17458,5817,0000000c,00208463,0,00000000
17461,5818,00000010,fe000ce3,0,00000000
17464,5819,00000008,00108093,1,00000794
17467,5820,0000000c,00208463,0,00000000
17470,5821,00000010,fe000ce3,0,00000000
17473,5822,00000008,00108093,1,00000795
17476,5823,0000000c,00208463,0,00000000
17479,5824,00000010,fe000ce3,0,00000000
17482,5825,00000008,00108093,1,00000796
17485,5826,0000000c,00208463,0,00000000
17488,5827,00000010,fe000ce3,0,00000000
17491,5828,00000008,00108093,1,00000797
17494,5829,0000000c,00208463,0,00000000
17497,5830,00000010,fe000ce3,0,00000000
17500,5831,00000008,00108093,1,00000798
17503,5832,0000000c,00208463,0,00000000
17506,5833,00000010,fe000ce3,0,00000000
17509,5834,00000008,00108093,1,00000799
17512,5835,0000000c,00208463,0,00000000
17515,5836,00000010,fe000ce3,0,00000000
17518,5837,00000008,00108093,1,0000079a
17521,5838,0000000c,00208463,0,00000000
17524,5839,00000010,fe000ce3,0,00000000
17527,5840,00000008,00108093,1,0000079b
17530,5841,0000000c,00208463,0,00000000
17533,5842,00000010,fe000ce3,0,00000000
17536,5843,00000008,00108093,1,0000079c
17539,5844,0000000c,00208463,0,00000000
17542,5845,00000010,fe000ce3,0,00000000
17545,5846,00000008,00108093,1,0000079d
17548,5847,0000000c,00208463,0,00000000
17551,5848,00000010,fe000ce3,0,00000000
17554,5849,00000008,00108093,1,0000079e
17557,5850,0000000c,00208463,0,00000000
17560,5851,00000010,fe000ce3,0,00000000
17563,5852,00000008,00108093,1,0000079f
17566,5853,0000000c,00208463,0,00000000
17569,5854,00000010,fe000ce3,0,00000000
17572,5855,00000008,00108093,1,000007a0
17575,5856,0000000c,00208463,0,00000000
17578,5857,00000010,fe000ce3,0,00000000
17581,5858,00000008,00108093,1,000007a1
17584,5859,0000000c,00208463,0,00000000
17587,5860,00000010,fe000ce3,0,00000000
17590,5861,00000008,00108093,1,000007a2
17593,5862,0000000c,00208463,0,00000000
17596,5863,00000010,fe000ce3,0,00000000
17599,5864,00000008,00108093,1,000007a3
17602,5865,0000000c,00208463,0,00000000
17605,5866,00000010,fe000ce3,0,00000000
17608,5867,00000008,00108093,1,000007a4
17611,5868,0000000c,00208463,0,00000000
17614,5869,00000010,fe000ce3,0,00000000
17617,5870,00000008,00108093,1,000007a5
17620,5871,0000000c,00208463,0,00000000
17623,5872,00000010,fe000ce3,0,00000000
17626,5873,00000008,00108093,1,000007a6
17629,5874,0000000c,00208463,0,00000000
17632,5875,00000010,fe000ce3,0,00000000
17635,5876,00000008,00108093,1,000007a7
17638,5877,0000000c,00208463,0,00000000
17641,5878,00000010,fe000ce3,0,00000000
17644,5879,00000008,00108093,1,000007a8
17647,5880,0000000c,00208463,0,00000000
17650,5881,00000010,fe000ce3,0,00000000
17653,5882,00000008,00108093,1,000007a9
17656,5883,0000000c,00208463,0,00000000
17659,5884,00000010,fe000ce3,0,00000000
17662,5885,00000008,00108093,1,000007aa
17665,5886,0000000c,00208463,0,00000000
17668,5887,00000010,fe000ce3,0,00000000
17671,5888,00000008,00108093,1,000007ab
17674,5889,0000000c,00208463,0,00000000
17677,5890,00000010,fe000ce3,0,00000000
17680,5891,00000008,00108093,1,000007ac
17683,5892,0000000c,00208463,0,00000000
17686,5893,00000010,fe000ce3,0,00000000
17689,5894,00000008,00108093,1,000007ad
17692,5895,0000000c,00208463,0,00000000
17695,5896,00000010,fe000ce3,0,00000000
17698,5897,00000008,00108093,1,000007ae
17701,5898,0000000c,00208463,0,00000000
17704,5899,00000010,fe000ce3,0,00000000
17707,5900,00000008,00108093,1,000007af
17710,5901,0000000c,00208463,0,00000000
17713,5902,00000010,fe000ce3,0,00000000
17716,5903,00000008,00108093,1,000007b0
17719,5904,0000000c,00208463,0,00000000
17722,5905,00000010,fe000ce3,0,00000000
17725,5906,00000008,00108093,1,000007b1
17728,5907,0000000c,00208463,0,00000000
17731,5908,00000010,fe000ce3,0,00000000
17734,5909,00000008,00108093,1,000007b2
17737,5910,0000000c,00208463,0,00000000
17740,5911,00000010,fe000ce3,0,00000000
17743,5912,00000008,00108093,1,000007b3
17746,5913,0000000c,00208463,0,00000000
17749,5914,00000010,fe000ce3,0,00000000
17752,5915,00000008,00108093,1,000007b4
17755,5916,0000000c,00208463,0,00000000
17758,5917,00000010,fe000ce3,0,00000000
17761,5918,00000008,00108093,1,000007b5
17764,5919,0000000c,00208463,0,00000000
17767,5920,00000010,fe000ce3,0,00000000
17770,5921,00000008,00108093,1,000007b6
17773,5922,0000000c,00208463,0,00000000
17776,5923,00000010,fe000ce3,0,00000000
17779,5924,00000008,00108093,1,000007b7
17782,5925,0000000c,00208463,0,00000000
17785,5926,00000010,fe000ce3,0,00000000
17788,5927,00000008,00108093,1,000007b8
17791,5928,0000000c,00208463,0,00000000
17794,5929,00000010,fe000ce3,0,00000000
17797,5930,00000008,00108093,1,000007b9
17800,5931,0000000c,00208463,0,00000000
17803,5932,00000010,fe000ce3,0,00000000
17806,5933,00000008,00108093,1,000007ba
17809,5934,0000000c,00208463,0,00000000
17812,5935,00000010,fe000ce3,0,00000000
17815,5936,00000008,00108093,1,000007bb
17818,5937,0000000c,00208463,0,00000000
17821,5938,00000010,fe000ce3,0,00000000
17824,5939,00000008,00108093,1,000007bc
17827,5940,0000000c,00208463,0,00000000
17830,5941,00000010,fe000ce3,0,00000000
17833,5942,00000008,00108093,1,000007bd
17836,5943,0000000c,00208463,0,00000000
17839,5944,00000010,fe000ce3,0,00000000
17842,5945,00000008,00108093,1,000007be
17845,5946,0000000c,00208463,0,00000000
17848,5947,00000010,fe000ce3,0,00000000
17851,5948,00000008,00108093,1,000007bf
17854,5949,0000000c,00208463,0,00000000
17857,5950,00000010,fe000ce3,0,00000000
17860,5951,00000008,00108093,1,000007c0
17863,5952,0000000c,00208463,0,00000000
17866,5953,00000010,fe000ce3,0,00000000
17869,5954,00000008,00108093,1,000007c1
17872,5955,0000000c,00208463,0,00000000
17875,5956,00000010,fe000ce3,0,00000000
17878,5957,00000008,00108093,1,000007c2
17881,5958,0000000c,00208463,0,00000000
17884,5959,00000010,fe000ce3,0,00000000
17887,5960,00000008,00108093,1,000007c3
17890,5961,0000000c,00208463,0,00000000
17893,5962,00000010,fe000ce3,0,00000000
17896,5963,00000008,00108093,1,000007c4
17899,5964,0000000c,00208463,0,00000000
17902,5965,00000010,fe000ce3,0,00000000
17905,5966,00000008,00108093,1,000007c5
17908,5967,0000000c,00208463,0,00000000
17911,5968,00000010,fe000ce3,0,00000000
17914,5969,00000008,00108093,1,000007c6
17917,5970,0000000c,00208463,0,00000000
17920,5971,00000010,fe000ce3,0,00000000
17923,5972,00000008,00108093,1,000007c7
17926,5973,0000000c,00208463,0,00000000
17929,5974,00000010,fe000ce3,0,00000000
17932,5975,00000008,00108093,1,000007c8
17935,5976,0000000c,00208463,0,00000000
17938,5977,00000010,fe000ce3,0,00000000
17941,5978,00000008,00108093,1,000007c9
17944,5979,0000000c,00208463,0,00000000
17947,5980,00000010,fe000ce3,0,00000000
17950,5981,00000008,00108093,1,000007ca
17953,5982,0000000c,00208463,0,00000000
17956,5983,00000010,fe000ce3,0,00000000
17959,5984,00000008,00108093,1,000007cb
17962,5985,0000000c,00208463,0,00000000
17965,5986,00000010,fe000ce3,0,00000000
17968,5987,00000008,00108093,1,000007cc
17971,5988,0000000c,00208463,0,00000000
17974,5989,00000010,fe000ce3,0,00000000
17977,5990,00000008,00108093,1,000007cd
17980,5991,0000000c,00208463,0,00000000
17983,5992,00000010,fe000ce3,0,00000000
17986,5993,00000008,00108093,1,000007ce
17989,5994,0000000c,00208463,0,00000000
17992,5995,00000010,fe000ce3,0,00000000
17995,5996,00000008,00108093,1,000007cf
17998,5997,0000000c,00208463,0,00000000
18001,5998,00000010,fe000ce3,0,00000000
18004,5999,00000008,00108093,1,000007d0
18007,6000,0000000c,00208463,0,00000000
18011,6001,00000014,00000063,0,00000000
