cycle,index,pc,instruction,rd,value
17,0,00000000,00000093,1,00000000
18,1,00000004,7d000113,2,000007d0
19,2,00000008,00108093,1,00000001
20,3,0000000c,00208463,0,00000000
33,4,00000010,fe000ce3,0,00000000
36,5,00000008,00108093,1,00000002
37,6,0000000c,00208463,0,00000000
38,7,00000010,fe000ce3,0,00000000
39,8,00000008,00108093,1,00000003
40,9,0000000c,00208463,0,00000000
41,10,00000010,fe000ce3,0,00000000
42,11,00000008,00108093,1,00000004
43,12,0000000c,00208463,0,00000000
44,13,00000010,fe000ce3,0,00000000
45,14,00000008,00108093,1,00000005
46,15,0000000c,00208463,0,00000000
47,16,00000010,fe000ce3,0,00000000
48,17,00000008,00108093,1,00000006
49,18,0000000c,00208463,0,00000000
50,19,00000010,fe000ce3,0,00000000
51,20,00000008,00108093,1,00000007
52,21,0000000c,00208463,0,00000000
53,22,00000010,fe000ce3,0,00000000
54,23,00000008,00108093,1,00000008
55,24,0000000c,00208463,0,00000000
56,25,00000010,fe000ce3,0,00000000
57,26,00000008,00108093,1,00000009
58,27,0000000c,00208463,0,00000000
59,28,00000010,fe000ce3,0,00000000
60,29,00000008,00108093,1,0000000a
61,30,0000000c,00208463,0,00000000
62,31,00000010,fe000ce3,0,00000000
63,32,00000008,00108093,1,0000000b
64,33,0000000c,00208463,0,00000000
65,34,00000010,fe000ce3,0,00000000
66,35,00000008,00108093,1,0000000c
67,36,0000000c,00208463,0,00000000
68,37,00000010,fe000ce3,0,00000000
69,38,00000008,00108093,1,0000000d
70,39,0000000c,00208463,0,00000000
71,40,00000010,fe000ce3,0,00000000
72,41,00000008,00108093,1,0000000e
73,42,0000000c,00208463,0,00000000
74,43,00000010,fe000ce3,0,00000000
75,44,00000008,00108093,1,0000000f
76,45,0000000c,00208463,0,00000000
77,46,00000010,fe000ce3,0,00000000
78,47,00000008,00108093,1,00000010
79,48,0000000c,00208463,0,00000000
80,49,00000010,fe000ce3,0,00000000
81,50,00000008,00108093,1,00000011
82,51,0000000c,00208463,0,00000000
83,52,00000010,fe000ce3,0,00000000
84,53,00000008,00108093,1,00000012
85,54,0000000c,00208463,0,00000000
86,55,00000010,fe000ce3,0,00000000
87,56,00000008,00108093,1,00000013
88,57,0000000c,00208463,0,00000000
89,58,00000010,fe000ce3,0,00000000
90,59,00000008,00108093,1,00000014
91,60,0000000c,00208463,0,00000000
92,61,00000010,fe000ce3,0,00000000
93,62,00000008,00108093,1,00000015
94,63,0000000c,00208463,0,00000000
95,64,00000010,fe000ce3,0,00000000
96,65,00000008,00108093,1,00000016
97,66,0000000c,00208463,0,00000000
98,67,00000010,fe000ce3,0,00000000
99,68,00000008,00108093,1,00000017
100,69,0000000c,00208463,0,00000000
101,70,00000010,fe000ce3,0,00000000
102,71,00000008,00108093,1,00000018
103,72,0000000c,00208463,0,00000000
104,73,00000010,fe000ce3,0,00000000
105,74,00000008,00108093,1,00000019
106,75,0000000c,00208463,0,00000000
107,76,00000010,fe000ce3,0,00000000
108,77,00000008,00108093,1,0000001a
109,78,0000000c,00208463,0,00000000
110,79,00000010,fe000ce3,0,00000000
111,80,00000008,00108093,1,0000001b
112,81,0000000c,00208463,0,00000000
113,82,00000010,fe000ce3,0,00000000
114,83,00000008,00108093,1,0000001c
115,84,0000000c,00208463,0,00000000
116,85,00000010,fe000ce3,0,00000000
117,86,00000008,00108093,1,0000001d
118,87,0000000c,00208463,0,00000000
119,88,00000010,fe000ce3,0,00000000
120,89,00000008,00108093,1,0000001e
121,90,0000000c,00208463,0,00000000
122,91,00000010,fe000ce3,0,00000000
123,92,00000008,00108093,1,0000001f
124,93,0000000c,00208463,0,00000000
125,94,00000010,fe000ce3,0,00000000
126,95,00000008,00108093,1,00000020
127,96,0000000c,00208463,0,00000000
128,97,00000010,fe000ce3,0,00000000
129,98,00000008,00108093,1,00000021
130,99,0000000c,00208463,0,00000000
131,100,00000010,fe000ce3,0,00000000
132,101,00000008,00108093,1,00000022
133,102,0000000c,00208463,0,00000000
134,103,00000010,fe000ce3,0,00000000
135,104,00000008,00108093,1,00000023
136,105,0000000c,00208463,0,00000000
137,106,00000010,fe000ce3,0,00000000
138,107,00000008,00108093,1,00000024
139,108,0000000c,00208463,0,00000000
140,109,00000010,fe000ce3,0,00000000
141,110,00000008,00108093,1,00000025
142,111,0000000c,00208463,0,00000000
143,112,00000010,fe000ce3,0,00000000
144,113,00000008,00108093,1,00000026
145,114,0000000c,00208463,0,00000000
146,115,00000010,fe000ce3,0,00000000
147,116,00000008,00108093,1,00000027
148,117,0000000c,00208463,0,00000000
149,118,00000010,fe000ce3,0,00000000
150,119,00000008,00108093,1,00000028
151,120,0000000c,00208463,0,00000000
152,121,00000010,fe000ce3,0,00000000
153,122,00000008,00108093,1,00000029
154,123,0000000c,00208463,0,00000000
155,124,00000010,fe000ce3,0,00000000
156,125,00000008,00108093,1,0000002a
157,126,0000000c,00208463,0,00000000
158,127,00000010,fe000ce3,0,00000000
159,128,00000008,00108093,1,0000002b
160,129,0000000c,00208463,0,00000000
161,130,00000010,fe000ce3,0,00000000
162,131,00000008,00108093,1,0000002c
163,132,0000000c,00208463,0,00000000
164,133,00000010,fe000ce3,0,00000000
165,134,00000008,00108093,1,0000002d
166,135,0000000c,00208463,0,00000000
167,136,00000010,fe000ce3,0,00000000
168,137,00000008,00108093,1,0000002e
169,138,0000000c,00208463,0,00000000
170,139,00000010,fe000ce3,0,00000000
171,140,00000008,00108093,1,0000002f
172,141,0000000c,00208463,0,00000000
173,142,00000010,fe000ce3,0,00000000
174,143,00000008,00108093,1,00000030
175,144,0000000c,00208463,0,00000000
176,145,00000010,fe000ce3,0,00000000
177,146,00000008,00108093,1,00000031
178,147,0000000c,00208463,0,00000000
179,148,00000010,fe000ce3,0,00000000
180,149,00000008,00108093,1,00000032
181,150,0000000c,00208463,0,00000000
182,151,00000010,fe000ce3,0,00000000
183,152,00000008,00108093,1,00000033
184,153,0000000c,00208463,0,00000000
185,154,00000010,fe000ce3,0,00000000
186,155,00000008,00108093,1,00000034
187,156,0000000c,00208463,0,00000000
188,157,00000010,fe000ce3,0,00000000
189,158,00000008,00108093,1,00000035
190,159,0000000c,00208463,0,00000000
191,160,00000010,fe000ce3,0,00000000
192,161,00000008,00108093,1,00000036
193,162,0000000c,00208463,0,00000000
194,163,00000010,fe000ce3,0,00000000
195,164,00000008,00108093,1,00000037
196,165,0000000c,00208463,0,00000000
197,166,00000010,fe000ce3,0,00000000
198,167,00000008,00108093,1,00000038
199,168,0000000c,00208463,0,00000000
200,169,00000010,fe000ce3,0,00000000
201,170,00000008,00108093,1,00000039
202,171,0000000c,00208463,0,00000000
203,172,00000010,fe000ce3,0,00000000
204,173,00000008,00108093,1,0000003a
205,174,0000000c,00208463,0,00000000
206,175,00000010,fe000ce3,0,00000000
207,176,00000008,00108093,1,0000003b
208,177,0000000c,00208463,0,00000000
209,178,00000010,fe000ce3,0,00000000
210,179,00000008,00108093,1,0000003c
211,180,0000000c,00208463,0,00000000
212,181,00000010,fe000ce3,0,00000000
213,182,00000008,00108093,1,0000003d
214,183,0000000c,00208463,0,00000000
215,184,00000010,fe000ce3,0,00000000
216,185,00000008,00108093,1,0000003e
217,186,0000000c,00208463,0,00000000
218,187,00000010,fe000ce3,0,00000000
219,188,00000008,00108093,1,0000003f
220,189,0000000c,00208463,0,00000000
221,190,00000010,fe000ce3,0,00000000
222,191,00000008,00108093,1,00000040
223,192,0000000c,00208463,0,00000000
224,193,00000010,fe000ce3,0,00000000
225,194,00000008,00108093,1,00000041
226,195,0000000c,00208463,0,00000000
227,196,00000010,fe000ce3,0,00000000
228,197,00000008,00108093,1,00000042
229,198,0000000c,00208463,0,00000000
230,199,00000010,fe000ce3,0,00000000
231,200,00000008,00108093,1,00000043
232,201,0000000c,00208463,0,00000000
233,202,00000010,fe000ce3,0,00000000
234,203,00000008,00108093,1,00000044
235,204,0000000c,00208463,0,00000000
236,205,00000010,fe000ce3,0,00000000
237,206,00000008,00108093,1,00000045
238,207,0000000c,00208463,0,00000000
239,208,00000010,fe000ce3,0,00000000
240,209,00000008,00108093,1,00000046
241,210,0000000c,00208463,0,00000000
242,211,00000010,fe000ce3,0,00000000
243,212,00000008,00108093,1,00000047
244,213,0000000c,00208463,0,00000000
245,214,00000010,fe000ce3,0,00000000
246,215,00000008,00108093,1,00000048
247,216,0000000c,00208463,0,00000000
248,217,00000010,fe000ce3,0,00000000
249,218,00000008,00108093,1,00000049
250,219,0000000c,00208463,0,00000000
251,220,00000010,fe000ce3,0,00000000
252,221,00000008,00108093,1,0000004a
253,222,0000000c,00208463,0,00000000
254,223,00000010,fe000ce3,0,00000000
255,224,00000008,00108093,1,0000004b
256,225,0000000c,00208463,0,00000000
257,226,00000010,fe000ce3,0,00000000
258,227,00000008,00108093,1,0000004c
259,228,0000000c,00208463,0,00000000
260,229,00000010,fe000ce3,0,00000000
261,230,00000008,00108093,1,0000004d
262,231,0000000c,00208463,0,00000000
263,232,00000010,fe000ce3,0,00000000
264,233,00000008,00108093,1,0000004e
265,234,0000000c,00208463,0,00000000
266,235,00000010,fe000ce3,0,00000000
267,236,00000008,00108093,1,0000004f
268,237,0000000c,00208463,0,00000000
269,238,00000010,fe000ce3,0,00000000
270,239,00000008,00108093,1,00000050
271,240,0000000c,00208463,0,00000000
272,241,00000010,fe000ce3,0,00000000
273,242,00000008,00108093,1,00000051
274,243,0000000c,00208463,0,00000000
275,244,00000010,fe000ce3,0,00000000
276,245,00000008,00108093,1,00000052
277,246,0000000c,00208463,0,00000000
278,247,00000010,fe000ce3,0,00000000
279,248,00000008,00108093,1,00000053
280,249,0000000c,00208463,0,00000000
281,250,00000010,fe000ce3,0,00000000
282,251,00000008,00108093,1,00000054
283,252,0000000c,00208463,0,00000000
284,253,00000010,fe000ce3,0,00000000
285,254,00000008,00108093,1,00000055
286,255,0000000c,00208463,0,00000000
287,256,00000010,fe000ce3,0,00000000
288,257,00000008,00108093,1,00000056
289,258,0000000c,00208463,0,00000000
290,259,00000010,fe000ce3,0,00000000
291,260,00000008,00108093,1,00000057
292,261,0000000c,00208463,0,00000000
293,262,00000010,fe000ce3,0,00000000
294,263,00000008,00108093,1,00000058
295,264,0000000c,00208463,0,00000000
296,265,00000010,fe000ce3,0,00000000
297,266,00000008,00108093,1,00000059
298,267,0000000c,00208463,0,00000000
299,268,00000010,fe000ce3,0,00000000
300,269,00000008,00108093,1,0000005a
301,270,0000000c,00208463,0,00000000
302,271,00000010,fe000ce3,0,00000000
303,272,00000008,00108093,1,0000005b
304,273,0000000c,00208463,0,00000000
305,274,00000010,fe000ce3,0,00000000
306,275,00000008,00108093,1,0000005c
307,276,0000000c,00208463,0,00000000
308,277,00000010,fe000ce3,0,00000000
309,278,00000008,00108093,1,0000005d
310,279,0000000c,00208463,0,00000000
311,280,00000010,fe000ce3,0,00000000
312,281,00000008,00108093,1,0000005e
313,282,0000000c,00208463,0,00000000
314,283,00000010,fe000ce3,0,00000000
315,284,00000008,00108093,1,0000005f
316,285,0000000c,00208463,0,00000000
317,286,00000010,fe000ce3,0,00000000
318,287,00000008,00108093,1,00000060
319,288,0000000c,00208463,0,00000000
320,289,00000010,fe000ce3,0,00000000
321,290,00000008,00108093,1,00000061
322,291,0000000c,00208463,0,00000000
323,292,00000010,fe000ce3,0,00000000
324,293,00000008,00108093,1,00000062
325,294,0000000c,00208463,0,00000000
326,295,00000010,fe000ce3,0,00000000
327,296,00000008,00108093,1,00000063
328,297,0000000c,00208463,0,00000000
329,298,00000010,fe000ce3,0,00000000
330,299,00000008,00108093,1,00000064
331,300,0000000c,00208463,0,00000000
332,301,00000010,fe000ce3,0,00000000
333,302,00000008,00108093,1,00000065
334,303,0000000c,00208463,0,00000000
335,304,00000010,fe000ce3,0,00000000
336,305,00000008,00108093,1,00000066
337,306,0000000c,00208463,0,00000000
338,307,00000010,fe000ce3,0,00000000
339,308,00000008,00108093,1,00000067
340,309,0000000c,00208463,0,00000000
341,310,00000010,fe000ce3,0,00000000
342,311,00000008,00108093,1,00000068
343,312,0000000c,00208463,0,00000000
344,313,00000010,fe000ce3,0,00000000
345,314,00000008,00108093,1,00000069
346,315,0000000c,00208463,0,00000000
347,316,00000010,fe000ce3,0,00000000
348,317,00000008,00108093,1,0000006a
349,318,0000000c,00208463,0,00000000
350,319,00000010,fe000ce3,0,00000000
351,320,00000008,00108093,1,0000006b
352,321,0000000c,00208463,0,00000000
353,322,00000010,fe000ce3,0,00000000
354,323,00000008,00108093,1,0000006c
355,324,0000000c,00208463,0,00000000
356,325,00000010,fe000ce3,0,00000000
357,326,00000008,00108093,1,0000006d
358,327,0000000c,00208463,0,00000000
359,328,00000010,fe000ce3,0,00000000
360,329,00000008,00108093,1,0000006e
361,330,0000000c,00208463,0,00000000
362,331,00000010,fe000ce3,0,00000000
363,332,00000008,00108093,1,0000006f
364,333,0000000c,00208463,0,00000000
365,334,00000010,fe000ce3,0,00000000
366,335,00000008,00108093,1,00000070
367,336,0000000c,00208463,0,00000000
368,337,00000010,fe000ce3,0,00000000
369,338,00000008,00108093,1,00000071
370,339,0000000c,00208463,0,00000000
371,340,00000010,fe000ce3,0,00000000
372,341,00000008,00108093,1,00000072
373,342,0000000c,00208463,0,00000000
374,343,00000010,fe000ce3,0,00000000
375,344,00000008,00108093,1,00000073
376,345,0000000c,00208463,0,00000000
377,346,00000010,fe000ce3,0,00000000
378,347,00000008,00108093,1,00000074
379,348,0000000c,00208463,0,00000000
380,349,00000010,fe000ce3,0,00000000
381,350,00000008,00108093,1,00000075
382,351,0000000c,00208463,0,00000000
383,352,00000010,fe000ce3,0,00000000
384,353,00000008,00108093,1,00000076
385,354,0000000c,00208463,0,00000000
386,355,00000010,fe000ce3,0,00000000
387,356,00000008,00108093,1,00000077
388,357,0000000c,00208463,0,00000000
389,358,00000010,fe000ce3,0,00000000
390,359,00000008,00108093,1,00000078
391,360,0000000c,00208463,0,00000000
392,361,00000010,fe000ce3,0,00000000
393,362,00000008,00108093,1,00000079
394,363,0000000c,00208463,0,00000000
395,364,00000010,fe000ce3,0,00000000
396,365,00000008,00108093,1,0000007a
397,366,0000000c,00208463,0,00000000
398,367,00000010,fe000ce3,0,00000000
399,368,00000008,00108093,1,0000007b
400,369,0000000c,00208463,0,00000000
401,370,00000010,fe000ce3,0,00000000
402,371,00000008,00108093,1,0000007c
403,372,0000000c,00208463,0,00000000
404,373,00000010,fe000ce3,0,00000000
405,374,00000008,00108093,1,0000007d
406,375,0000000c,00208463,0,00000000
407,376,00000010,fe000ce3,0,00000000
408,377,00000008,00108093,1,0000007e
409,378,0000000c,00208463,0,00000000
410,379,00000010,fe000ce3,0,00000000
411,380,00000008,00108093,1,0000007f
412,381,0000000c,00208463,0,00000000
413,382,00000010,fe000ce3,0,00000000
414,383,00000008,00108093,1,00000080
415,384,0000000c,00208463,0,00000000
416,385,00000010,fe000ce3,0,00000000
417,386,00000008,00108093,1,00000081
418,387,0000000c,00208463,0,00000000
419,388,00000010,fe000ce3,0,00000000
420,389,00000008,00108093,1,00000082
421,390,0000000c,00208463,0,00000000
422,391,00000010,fe000ce3,0,00000000
423,392,00000008,00108093,1,00000083
424,393,0000000c,00208463,0,00000000
425,394,00000010,fe000ce3,0,00000000
426,395,00000008,00108093,1,00000084
427,396,0000000c,00208463,0,00000000
428,397,00000010,fe000ce3,0,00000000
429,398,00000008,00108093,1,00000085
430,399,0000000c,00208463,0,00000000
431,400,00000010,fe000ce3,0,00000000
432,401,00000008,00108093,1,00000086
433,402,0000000c,00208463,0,00000000
434,403,00000010,fe000ce3,0,00000000
435,404,00000008,00108093,1,00000087
436,405,0000000c,00208463,0,00000000
437,406,00000010,fe000ce3,0,00000000
438,407,00000008,00108093,1,00000088
439,408,0000000c,00208463,0,00000000
440,409,00000010,fe000ce3,0,00000000
441,410,00000008,00108093,1,00000089
442,411,0000000c,00208463,0,00000000
443,412,00000010,fe000ce3,0,00000000
444,413,00000008,00108093,1,0000008a
445,414,0000000c,00208463,0,00000000
446,415,00000010,fe000ce3,0,00000000
447,416,00000008,00108093,1,0000008b
448,417,0000000c,00208463,0,00000000
449,418,00000010,fe000ce3,0,00000000
450,419,00000008,00108093,1,0000008c
451,420,0000000c,00208463,0,00000000
452,421,00000010,fe000ce3,0,00000000
453,422,00000008,00108093,1,0000008d
454,423,0000000c,00208463,0,00000000
455,424,00000010,fe000ce3,0,00000000
456,425,00000008,00108093,1,0000008e
457,426,0000000c,00208463,0,00000000
458,427,00000010,fe000ce3,0,00000000
459,428,00000008,00108093,1,0000008f
460,429,0000000c,00208463,0,00000000
461,430,00000010,fe000ce3,0,00000000
462,431,00000008,00108093,1,00000090
463,432,0000000c,00208463,0,00000000
464,433,00000010,fe000ce3,0,00000000
465,434,00000008,00108093,1,00000091
466,435,0000000c,00208463,0,00000000
467,436,00000010,fe000ce3,0,00000000
468,437,00000008,00108093,1,00000092
469,438,0000000c,00208463,0,00000000
470,439,00000010,fe000ce3,0,00000000
471,440,00000008,00108093,1,00000093
472,441,0000000c,00208463,0,00000000
473,442,00000010,fe000ce3,0,00000000
474,443,00000008,00108093,1,00000094
475,444,0000000c,00208463,0,00000000
476,445,00000010,fe000ce3,0,00000000
477,446,00000008,00108093,1,00000095
478,447,0000000c,00208463,0,00000000
479,448,00000010,fe000ce3,0,00000000
480,449,00000008,00108093,1,00000096
481,450,0000000c,00208463,0,00000000
482,451,00000010,fe000ce3,0,00000000
483,452,00000008,00108093,1,00000097
484,453,0000000c,00208463,0,00000000
485,454,00000010,fe000ce3,0,00000000
486,455,00000008,00108093,1,00000098
487,456,0000000c,00208463,0,00000000
488,457,00000010,fe000ce3,0,00000000
489,458,00000008,00108093,1,00000099
490,459,0000000c,00208463,0,00000000
491,460,00000010,fe000ce3,0,00000000
492,461,00000008,00108093,1,0000009a
493,462,0000000c,00208463,0,00000000
494,463,00000010,fe000ce3,0,00000000
495,464,00000008,00108093,1,0000009b
496,465,0000000c,00208463,0,00000000
497,466,00000010,fe000ce3,0,00000000
498,467,00000008,00108093,1,0000009c
499,468,0000000c,00208463,0,00000000
500,469,00000010,fe000ce3,0,00000000
501,470,00000008,00108093,1,0000009d
502,471,0000000c,00208463,0,00000000
503,472,00000010,fe000ce3,0,00000000
504,473,00000008,00108093,1,0000009e
505,474,0000000c,00208463,0,00000000
506,475,00000010,fe000ce3,0,00000000
507,476,00000008,00108093,1,0000009f
508,477,0000000c,00208463,0,00000000
509,478,00000010,fe000ce3,0,00000000
510,479,00000008,00108093,1,000000a0
511,480,0000000c,00208463,0,00000000
512,481,00000010,fe000ce3,0,00000000
513,482,00000008,00108093,1,000000a1
514,483,0000000c,00208463,0,00000000
515,484,00000010,fe000ce3,0,00000000
516,485,00000008,00108093,1,000000a2
517,486,0000000c,00208463,0,00000000
518,487,00000010,fe000ce3,0,00000000
519,488,00000008,00108093,1,000000a3
520,489,0000000c,00208463,0,00000000
521,490,00000010,fe000ce3,0,00000000
522,491,00000008,00108093,1,000000a4
523,492,0000000c,00208463,0,00000000
524,493,00000010,fe000ce3,0,00000000
525,494,00000008,00108093,1,000000a5
526,495,0000000c,00208463,0,00000000
527,496,00000010,fe000ce3,0,00000000
528,497,00000008,00108093,1,000000a6
529,498,0000000c,00208463,0,00000000
530,499,00000010,fe000ce3,0,00000000
531,500,00000008,00108093,1,000000a7
532,501,0000000c,00208463,0,00000000
533,502,00000010,fe000ce3,0,00000000
534,503,00000008,00108093,1,000000a8
535,504,0000000c,00208463,0,00000000
536,505,00000010,fe000ce3,0,00000000
537,506,00000008,00108093,1,000000a9
538,507,0000000c,00208463,0,00000000
539,508,00000010,fe000ce3,0,00000000
540,509,00000008,00108093,1,000000aa
541,510,0000000c,00208463,0,00000000
542,511,00000010,fe000ce3,0,00000000
543,512,00000008,00108093,1,000000ab
544,513,0000000c,00208463,0,00000000
545,514,00000010,fe000ce3,0,00000000
546,515,00000008,00108093,1,000000ac
547,516,0000000c,00208463,0,00000000
548,517,00000010,fe000ce3,0,00000000
549,518,00000008,00108093,1,000000ad
550,519,0000000c,00208463,0,00000000
551,520,00000010,fe000ce3,0,00000000
552,521,00000008,00108093,1,000000ae
553,522,0000000c,00208463,0,00000000
554,523,00000010,fe000ce3,0,00000000
555,524,00000008,00108093,1,000000af
556,525,0000000c,00208463,0,00000000
557,526,00000010,fe000ce3,0,00000000
558,527,00000008,00108093,1,000000b0
559,528,0000000c,00208463,0,00000000
560,529,00000010,fe000ce3,0,00000000
561,530,00000008,00108093,1,000000b1
562,531,0000000c,00208463,0,00000000
563,532,00000010,fe000ce3,0,00000000
564,533,00000008,00108093,1,000000b2
565,534,0000000c,00208463,0,00000000
566,535,00000010,fe000ce3,0,00000000
567,536,00000008,00108093,1,000000b3
568,537,0000000c,00208463,0,00000000
569,538,00000010,fe000ce3,0,00000000
570,539,00000008,00108093,1,000000b4
571,540,0000000c,00208463,0,00000000
572,541,00000010,fe000ce3,0,00000000
573,542,00000008,00108093,1,000000b5
574,543,0000000c,00208463,0,00000000
575,544,00000010,fe000ce3,0,00000000
576,545,00000008,00108093,1,000000b6
577,546,0000000c,00208463,0,00000000
578,547,00000010,fe000ce3,0,00000000
579,548,00000008,00108093,1,000000b7
580,549,0000000c,00208463,0,00000000
581,550,00000010,fe000ce3,0,00000000
582,551,00000008,00108093,1,000000b8
583,552,0000000c,00208463,0,00000000
584,553,00000010,fe000ce3,0,00000000
585,554,00000008,00108093,1,000000b9
586,555,0000000c,00208463,0,00000000
587,556,00000010,fe000ce3,0,00000000
588,557,00000008,00108093,1,000000ba
589,558,0000000c,00208463,0,00000000
590,559,00000010,fe000ce3,0,00000000
591,560,00000008,00108093,1,000000bb
592,561,0000000c,00208463,0,00000000
593,562,00000010,fe000ce3,0,00000000
594,563,00000008,00108093,1,000000bc
595,564,0000000c,00208463,0,00000000
596,565,00000010,fe000ce3,0,00000000
597,566,00000008,00108093,1,000000bd
598,567,0000000c,00208463,0,00000000
599,568,00000010,fe000ce3,0,00000000
600,569,00000008,00108093,1,000000be
601,570,0000000c,00208463,0,00000000
602,571,00000010,fe000ce3,0,00000000
603,572,00000008,00108093,1,000000bf
604,573,0000000c,00208463,0,00000000
605,574,00000010,fe000ce3,0,00000000
606,575,00000008,00108093,1,000000c0
607,576,0000000c,00208463,0,00000000
608,577,00000010,fe000ce3,0,00000000
609,578,00000008,00108093,1,000000c1
610,579,0000000c,00208463,0,00000000
611,580,00000010,fe000ce3,0,00000000
612,581,00000008,00108093,1,000000c2
613,582,0000000c,00208463,0,00000000
614,583,00000010,fe000ce3,0,00000000
615,584,00000008,00108093,1,000000c3
616,585,0000000c,00208463,0,00000000
617,586,00000010,fe000ce3,0,00000000
618,587,00000008,00108093,1,000000c4
619,588,0000000c,00208463,0,00000000
620,589,00000010,fe000ce3,0,00000000
621,590,00000008,00108093,1,000000c5
622,591,0000000c,00208463,0,00000000
623,592,00000010,fe000ce3,0,00000000
624,593,00000008,00108093,1,000000c6
625,594,0000000c,00208463,0,00000000
626,595,00000010,fe000ce3,0,00000000
627,596,00000008,00108093,1,000000c7
628,597,0000000c,00208463,0,00000000
629,598,00000010,fe000ce3,0,00000000
630,599,00000008,00108093,1,000000c8
631,600,0000000c,00208463,0,00000000
632,601,00000010,fe000ce3,0,00000000
633,602,00000008,00108093,1,000000c9
634,603,0000000c,00208463,0,00000000
635,604,00000010,fe000ce3,0,00000000
636,605,00000008,00108093,1,000000ca
637,606,0000000c,00208463,0,00000000
638,607,00000010,fe000ce3,0,00000000
639,608,00000008,00108093,1,000000cb
640,609,0000000c,00208463,0,00000000
641,610,00000010,fe000ce3,0,00000000
642,611,00000008,00108093,1,000000cc
643,612,0000000c,00208463,0,00000000
644,613,00000010,fe000ce3,0,00000000
645,614,00000008,00108093,1,000000cd
646,615,0000000c,00208463,0,00000000
647,616,00000010,fe000ce3,0,00000000
648,617,00000008,00108093,1,000000ce
649,618,0000000c,00208463,0,00000000
650,619,00000010,fe000ce3,0,00000000
651,620,00000008,00108093,1,000000cf
652,621,0000000c,00208463,0,00000000
653,622,00000010,fe000ce3,0,00000000
654,623,00000008,00108093,1,000000d0
655,624,0000000c,00208463,0,00000000
656,625,00000010,fe000ce3,0,00000000
657,626,00000008,00108093,1,000000d1
658,627,0000000c,00208463,0,00000000
659,628,00000010,fe000ce3,0,00000000
660,629,00000008,00108093,1,000000d2
661,630,0000000c,00208463,0,00000000
662,631,00000010,fe000ce3,0,00000000
663,632,00000008,00108093,1,000000d3
664,633,0000000c,00208463,0,00000000
665,634,00000010,fe000ce3,0,00000000
666,635,00000008,00108093,1,000000d4
667,636,0000000c,00208463,0,00000000
668,637,00000010,fe000ce3,0,00000000
669,638,00000008,00108093,1,000000d5
670,639,0000000c,00208463,0,00000000
671,640,00000010,fe000ce3,0,00000000
672,641,00000008,00108093,1,000000d6
673,642,0000000c,00208463,0,00000000
674,643,00000010,fe000ce3,0,00000000
675,644,00000008,00108093,1,000000d7
676,645,0000000c,00208463,0,00000000
677,646,00000010,fe000ce3,0,00000000
678,647,00000008,00108093,1,000000d8
679,648,0000000c,00208463,0,00000000
680,649,00000010,fe000ce3,0,00000000
681,650,00000008,00108093,1,000000d9
682,651,0000000c,00208463,0,00000000
683,652,00000010,fe000ce3,0,00000000
684,653,00000008,00108093,1,000000da
685,654,0000000c,00208463,0,00000000
686,655,00000010,fe000ce3,0,00000000
687,656,00000008,00108093,1,000000db
688,657,0000000c,00208463,0,00000000
689,658,00000010,fe000ce3,0,00000000
690,659,00000008,00108093,1,000000dc
691,660,0000000c,00208463,0,00000000
692,661,00000010,fe000ce3,0,00000000
693,662,00000008,00108093,1,000000dd
694,663,0000000c,00208463,0,00000000
695,664,00000010,fe000ce3,0,00000000
696,665,00000008,00108093,1,000000de
697,666,0000000c,00208463,0,00000000
698,667,00000010,fe000ce3,0,00000000
699,668,00000008,00108093,1,000000df
700,669,0000000c,00208463,0,00000000
701,670,00000010,fe000ce3,0,00000000
702,671,00000008,00108093,1,000000e0
703,672,0000000c,00208463,0,00000000
704,673,00000010,fe000ce3,0,00000000
705,674,00000008,00108093,1,000000e1
706,675,0000000c,00208463,0,00000000
707,676,00000010,fe000ce3,0,00000000
708,677,00000008,00108093,1,000000e2
709,678,0000000c,00208463,0,00000000
710,679,00000010,fe000ce3,0,00000000
711,680,00000008,00108093,1,000000e3
712,681,0000000c,00208463,0,00000000
713,682,00000010,fe000ce3,0,00000000
714,683,00000008,00108093,1,000000e4
715,684,0000000c,00208463,0,00000000
716,685,00000010,fe000ce3,0,00000000
717,686,00000008,00108093,1,000000e5
718,687,0000000c,00208463,0,00000000
719,688,00000010,fe000ce3,0,00000000
720,689,00000008,00108093,1,000000e6
721,690,0000000c,00208463,0,00000000
722,691,00000010,fe000ce3,0,00000000
723,692,00000008,00108093,1,000000e7
724,693,0000000c,00208463,0,00000000
725,694,00000010,fe000ce3,0,00000000
726,695,00000008,00108093,1,000000e8
727,696,0000000c,00208463,0,00000000
728,697,00000010,fe000ce3,0,00000000
729,698,00000008,00108093,1,000000e9
730,699,0000000c,00208463,0,00000000
731,700,00000010,fe000ce3,0,00000000
732,701,00000008,00108093,1,000000ea
733,702,0000000c,00208463,0,00000000
734,703,00000010,fe000ce3,0,00000000
735,704,00000008,00108093,1,000000eb
736,705,0000000c,00208463,0,00000000
737,706,00000010,fe000ce3,0,00000000
738,707,00000008,00108093,1,000000ec
739,708,0000000c,00208463,0,00000000
740,709,00000010,fe000ce3,0,00000000
741,710,00000008,00108093,1,000000ed
742,711,0000000c,00208463,0,00000000
743,712,00000010,fe000ce3,0,00000000
744,713,00000008,00108093,1,000000ee
745,714,0000000c,00208463,0,00000000
746,715,00000010,fe000ce3,0,00000000
747,716,00000008,00108093,1,000000ef
748,717,0000000c,00208463,0,00000000
749,718,00000010,fe000ce3,0,00000000
750,719,00000008,00108093,1,000000f0
751,720,0000000c,00208463,0,00000000
752,721,00000010,fe000ce3,0,00000000
753,722,00000008,00108093,1,000000f1
754,723,0000000c,00208463,0,00000000
755,724,00000010,fe000ce3,0,00000000
756,725,00000008,00108093,1,000000f2
757,726,0000000c,00208463,0,00000000
758,727,00000010,fe000ce3,0,00000000
759,728,00000008,00108093,1,000000f3
760,729,0000000c,00208463,0,00000000
761,730,00000010,fe000ce3,0,00000000
762,731,00000008,00108093,1,000000f4
763,732,0000000c,00208463,0,00000000
764,733,00000010,fe000ce3,0,00000000
765,734,00000008,00108093,1,000000f5
766,735,0000000c,00208463,0,00000000
767,736,00000010,fe000ce3,0,00000000
768,737,00000008,00108093,1,000000f6
769,738,0000000c,00208463,0,00000000
770,739,00000010,fe000ce3,0,00000000
771,740,00000008,00108093,1,000000f7
772,741,0000000c,00208463,0,00000000
773,742,00000010,fe000ce3,0,00000000
774,743,00000008,00108093,1,000000f8
775,744,0000000c,00208463,0,00000000
776,745,00000010,fe000ce3,0,00000000
777,746,00000008,00108093,1,000000f9
778,747,0000000c,00208463,0,00000000
779,748,00000010,fe000ce3,0,00000000
780,749,00000008,00108093,1,000000fa
781,750,0000000c,00208463,0,00000000
782,751,00000010,fe000ce3,0,00000000
783,752,00000008,00108093,1,000000fb
784,753,0000000c,00208463,0,00000000
785,754,00000010,fe000ce3,0,00000000
786,755,00000008,00108093,1,000000fc
787,756,0000000c,00208463,0,00000000
788,757,00000010,fe000ce3,0,00000000
789,758,00000008,00108093,1,000000fd
790,759,0000000c,00208463,0,00000000
791,760,00000010,fe000ce3,0,00000000
792,761,00000008,00108093,1,000000fe
793,762,0000000c,00208463,0,00000000
794,763,00000010,fe000ce3,0,00000000
795,764,00000008,00108093,1,000000ff
796,765,0000000c,00208463,0,00000000
797,766,00000010,fe000ce3,0,00000000
798,767,00000008,00108093,1,00000100
799,768,0000000c,00208463,0,00000000
800,769,00000010,fe000ce3,0,00000000
801,770,00000008,00108093,1,00000101
802,771,0000000c,00208463,0,00000000
803,772,00000010,fe000ce3,0,00000000
804,773,00000008,00108093,1,00000102
805,774,0000000c,00208463,0,00000000
806,775,00000010,fe000ce3,0,00000000
807,776,00000008,00108093,1,00000103
808,777,0000000c,00208463,0,00000000
809,778,00000010,fe000ce3,0,00000000
810,779,00000008,00108093,1,00000104
811,780,0000000c,00208463,0,00000000
812,781,00000010,fe000ce3,0,00000000
813,782,00000008,00108093,1,00000105
814,783,0000000c,00208463,0,00000000
815,784,00000010,fe000ce3,0,00000000
816,785,00000008,00108093,1,00000106
817,786,0000000c,00208463,0,00000000
818,787,00000010,fe000ce3,0,00000000
819,788,00000008,00108093,1,00000107
820,789,0000000c,00208463,0,00000000
821,790,00000010,fe000ce3,0,00000000
822,791,00000008,00108093,1,00000108
823,792,0000000c,00208463,0,00000000
824,793,00000010,fe000ce3,0,00000000
825,794,00000008,00108093,1,00000109
826,795,0000000c,00208463,0,00000000
827,796,00000010,fe000ce3,0,00000000
828,797,00000008,00108093,1,0000010a
829,798,0000000c,00208463,0,00000000
830,799,00000010,fe000ce3,0,00000000
831,800,00000008,00108093,1,0000010b
832,801,0000000c,00208463,0,00000000
833,802,00000010,fe000ce3,0,00000000
834,803,00000008,00108093,1,0000010c
835,804,0000000c,00208463,0,00000000
836,805,00000010,fe000ce3,0,00000000
837,806,00000008,00108093,1,0000010d
838,807,0000000c,00208463,0,00000000
839,808,00000010,fe000ce3,0,00000000
840,809,00000008,00108093,1,0000010e
841,810,0000000c,00208463,0,00000000
842,811,00000010,fe000ce3,0,00000000
843,812,00000008,00108093,1,0000010f
844,813,0000000c,00208463,0,00000000
845,814,00000010,fe000ce3,0,00000000
846,815,00000008,00108093,1,00000110
847,816,0000000c,00208463,0,00000000
848,817,00000010,fe000ce3,0,00000000
849,818,00000008,00108093,1,00000111
850,819,0000000c,00208463,0,00000000
851,820,00000010,fe000ce3,0,00000000
852,821,00000008,00108093,1,00000112
853,822,0000000c,00208463,0,00000000
854,823,00000010,fe000ce3,0,00000000
855,824,00000008,00108093,1,00000113
856,825,0000000c,00208463,0,00000000
857,826,00000010,fe000ce3,0,00000000
858,827,00000008,00108093,1,00000114
859,828,0000000c,00208463,0,00000000
860,829,00000010,fe000ce3,0,00000000
861,830,00000008,00108093,1,00000115
862,831,0000000c,00208463,0,00000000
863,832,00000010,fe000ce3,0,00000000
864,833,00000008,00108093,1,00000116
865,834,0000000c,00208463,0,00000000
866,835,00000010,fe000ce3,0,00000000
867,836,00000008,00108093,1,00000117
868,837,0000000c,00208463,0,00000000
869,838,00000010,fe000ce3,0,00000000
870,839,00000008,00108093,1,00000118
871,840,0000000c,00208463,0,00000000
872,841,00000010,fe000ce3,0,00000000
873,842,00000008,00108093,1,00000119
874,843,0000000c,00208463,0,00000000
875,844,00000010,fe000ce3,0,00000000
876,845,00000008,00108093,1,0000011a
877,846,0000000c,00208463,0,00000000
878,847,00000010,fe000ce3,0,00000000
879,848,00000008,00108093,1,0000011b
880,849,0000000c,00208463,0,00000000
881,850,00000010,fe000ce3,0,00000000
882,851,00000008,00108093,1,0000011c
883,852,0000000c,00208463,0,00000000
884,853,00000010,fe000ce3,0,00000000
885,854,00000008,00108093,1,0000011d
886,855,0000000c,00208463,0,00000000
887,856,00000010,fe000ce3,0,00000000
888,857,00000008,00108093,1,0000011e
889,858,0000000c,00208463,0,00000000
890,859,00000010,fe000ce3,0,00000000
891,860,00000008,00108093,1,0000011f
892,861,0000000c,00208463,0,00000000
893,862,00000010,fe000ce3,0,00000000
894,863,00000008,00108093,1,00000120
895,864,0000000c,00208463,0,00000000
896,865,00000010,fe000ce3,0,00000000
897,866,00000008,00108093,1,00000121
898,867,0000000c,00208463,0,00000000
899,868,00000010,fe000ce3,0,00000000
900,869,00000008,00108093,1,00000122
901,870,0000000c,00208463,0,00000000
902,871,00000010,fe000ce3,0,00000000
903,872,00000008,00108093,1,00000123
904,873,0000000c,00208463,0,00000000
905,874,00000010,fe000ce3,0,00000000
906,875,00000008,00108093,1,00000124
907,876,0000000c,00208463,0,00000000
908,877,00000010,fe000ce3,0,00000000
909,878,00000008,00108093,1,00000125
910,879,0000000c,00208463,0,00000000
911,880,00000010,fe000ce3,0,00000000
912,881,00000008,00108093,1,00000126
913,882,0000000c,00208463,0,00000000
914,883,00000010,fe000ce3,0,00000000
915,884,00000008,00108093,1,00000127
916,885,0000000c,00208463,0,00000000
917,886,00000010,fe000ce3,0,00000000
918,887,00000008,00108093,1,00000128
919,888,0000000c,00208463,0,00000000
920,889,00000010,fe000ce3,0,00000000
921,890,00000008,00108093,1,00000129
922,891,0000000c,00208463,0,00000000
923,892,00000010,fe000ce3,0,00000000
924,893,00000008,00108093,1,0000012a
925,894,0000000c,00208463,0,00000000
926,895,00000010,fe000ce3,0,00000000
927,896,00000008,00108093,1,0000012b
928,897,0000000c,00208463,0,00000000
929,898,00000010,fe000ce3,0,00000000
930,899,00000008,00108093,1,0000012c
931,900,0000000c,00208463,0,00000000
932,901,00000010,fe000ce3,0,00000000
933,902,00000008,00108093,1,0000012d
934,903,0000000c,00208463,0,00000000
935,904,00000010,fe000ce3,0,00000000
936,905,00000008,00108093,1,0000012e
937,906,0000000c,00208463,0,00000000
938,907,00000010,fe000ce3,0,00000000
939,908,00000008,00108093,1,0000012f
940,909,0000000c,00208463,0,00000000
941,910,00000010,fe000ce3,0,00000000
942,911,00000008,00108093,1,00000130
943,912,0000000c,00208463,0,00000000
944,913,00000010,fe000ce3,0,00000000
945,914,00000008,00108093,1,00000131
946,915,0000000c,00208463,0,00000000
947,916,00000010,fe000ce3,0,00000000
948,917,00000008,00108093,1,00000132
949,918,0000000c,00208463,0,00000000
950,919,00000010,fe000ce3,0,00000000
951,920,00000008,00108093,1,00000133
952,921,0000000c,00208463,0,00000000
953,922,00000010,fe000ce3,0,00000000
954,923,00000008,00108093,1,00000134
955,924,0000000c,00208463,0,00000000
956,925,00000010,fe000ce3,0,00000000
957,926,00000008,00108093,1,00000135
958,927,0000000c,00208463,0,00000000
959,928,00000010,fe000ce3,0,00000000
960,929,00000008,00108093,1,00000136
961,930,0000000c,00208463,0,00000000
962,931,00000010,fe000ce3,0,00000000
963,932,00000008,00108093,1,00000137
964,933,0000000c,00208463,0,00000000
965,934,00000010,fe000ce3,0,00000000
966,935,00000008,00108093,1,00000138
967,936,0000000c,00208463,0,00000000
968,937,00000010,fe000ce3,0,00000000
969,938,00000008,00108093,1,00000139
970,939,0000000c,00208463,0,00000000
971,940,00000010,fe000ce3,0,00000000
972,941,00000008,00108093,1,0000013a
973,942,0000000c,00208463,0,00000000
974,943,00000010,fe000ce3,0,00000000
975,944,00000008,00108093,1,0000013b
976,945,0000000c,00208463,0,00000000
977,946,00000010,fe000ce3,0,00000000
978,947,00000008,00108093,1,0000013c
979,948,0000000c,00208463,0,00000000
980,949,00000010,fe000ce3,0,00000000
981,950,00000008,00108093,1,0000013d
982,951,0000000c,00208463,0,00000000
983,952,00000010,fe000ce3,0,00000000
984,953,00000008,00108093,1,0000013e
985,954,0000000c,00208463,0,00000000
986,955,00000010,fe000ce3,0,00000000
987,956,00000008,00108093,1,0000013f
988,957,0000000c,00208463,0,00000000
989,958,00000010,fe000ce3,0,00000000
990,959,00000008,00108093,1,00000140
991,960,0000000c,00208463,0,00000000
992,961,00000010,fe000ce3,0,00000000
993,962,00000008,00108093,1,00000141
994,963,0000000c,00208463,0,00000000
995,964,00000010,fe000ce3,0,00000000
996,965,00000008,00108093,1,00000142
997,966,0000000c,00208463,0,00000000
998,967,00000010,fe000ce3,0,00000000
999,968,00000008,00108093,1,00000143
1000,969,0000000c,00208463,0,00000000
1001,970,00000010,fe000ce3,0,00000000
1002,971,00000008,00108093,1,00000144
1003,972,0000000c,00208463,0,00000000
1004,973,00000010,fe000ce3,0,00000000
1005,974,00000008,00108093,1,00000145
1006,975,0000000c,00208463,0,00000000
1007,976,00000010,fe000ce3,0,00000000
1008,977,00000008,00108093,1,00000146
1009,978,0000000c,00208463,0,00000000
1010,979,00000010,fe000ce3,0,00000000
1011,980,00000008,00108093,1,00000147
1012,981,0000000c,00208463,0,00000000
1013,982,00000010,fe000ce3,0,00000000
1014,983,00000008,00108093,1,00000148
1015,984,0000000c,00208463,0,00000000
1016,985,00000010,fe000ce3,0,00000000
1017,986,00000008,00108093,1,00000149
1018,987,0000000c,00208463,0,00000000
1019,988,00000010,fe000ce3,0,00000000
1020,989,00000008,00108093,1,0000014a
1021,990,0000000c,00208463,0,00000000
1022,991,00000010,fe000ce3,0,00000000
1023,992,00000008,00108093,1,0000014b
1024,993,0000000c,00208463,0,00000000
1025,994,00000010,fe000ce3,0,00000000
1026,995,00000008,00108093,1,0000014c
1027,996,0000000c,00208463,0,00000000
1028,997,00000010,fe000ce3,0,00000000
1029,998,00000008,00108093,1,0000014d
1030,999,0000000c,00208463,0,00000000
1031,1000,00000010,fe000ce3,0,00000000
1032,1001,00000008,00108093,1,0000014e
1033,1002,0000000c,00208463,0,00000000
1034,1003,00000010,fe000ce3,0,00000000
1035,1004,00000008,00108093,1,0000014f
1036,1005,0000000c,00208463,0,00000000
1037,1006,00000010,fe000ce3,0,00000000
1038,1007,00000008,00108093,1,00000150
1039,1008,0000000c,00208463,0,00000000
1040,1009,00000010,fe000ce3,0,00000000
1041,1010,00000008,00108093,1,00000151
1042,1011,0000000c,00208463,0,00000000
1043,1012,00000010,fe000ce3,0,00000000
1044,1013,00000008,00108093,1,00000152
1045,1014,0000000c,00208463,0,00000000
1046,1015,00000010,fe000ce3,0,00000000
1047,1016,00000008,00108093,1,00000153
1048,1017,0000000c,00208463,0,00000000
1049,1018,00000010,fe000ce3,0,00000000
1050,1019,00000008,00108093,1,00000154
1051,1020,0000000c,00208463,0,00000000
1052,1021,00000010,fe000ce3,0,00000000
1053,1022,00000008,00108093,1,00000155
1054,1023,0000000c,00208463,0,00000000
1055,1024,00000010,fe000ce3,0,00000000
1056,1025,00000008,00108093,1,00000156
1057,1026,0000000c,00208463,0,00000000
1058,1027,00000010,fe000ce3,0,00000000
1059,1028,00000008,00108093,1,00000157
1060,1029,0000000c,00208463,0,00000000
1061,1030,00000010,fe000ce3,0,00000000
1062,1031,00000008,00108093,1,00000158
1063,1032,0000000c,00208463,0,00000000
1064,1033,00000010,fe000ce3,0,00000000
1065,1034,00000008,00108093,1,00000159
1066,1035,0000000c,00208463,0,00000000
1067,1036,00000010,fe000ce3,0,00000000
1068,1037,00000008,00108093,1,0000015a
1069,1038,0000000c,00208463,0,00000000
1070,1039,00000010,fe000ce3,0,00000000
1071,1040,00000008,00108093,1,0000015b
1072,1041,0000000c,00208463,0,00000000
1073,1042,00000010,fe000ce3,0,00000000
1074,1043,00000008,00108093,1,0000015c
1075,1044,0000000c,00208463,0,00000000
1076,1045,00000010,fe000ce3,0,00000000
1077,1046,00000008,00108093,1,0000015d
1078,1047,0000000c,00208463,0,00000000
1079,1048,00000010,fe000ce3,0,00000000
1080,1049,00000008,00108093,1,0000015e
1081,1050,0000000c,00208463,0,00000000
1082,1051,00000010,fe000ce3,0,00000000
1083,1052,00000008,00108093,1,0000015f
1084,1053,0000000c,00208463,0,00000000
1085,1054,00000010,fe000ce3,0,00000000
1086,1055,00000008,00108093,1,00000160
1087,1056,0000000c,00208463,0,00000000
1088,1057,00000010,fe000ce3,0,00000000
1089,1058,00000008,00108093,1,00000161
1090,1059,0000000c,00208463,0,00000000
1091,1060,00000010,fe000ce3,0,00000000
1092,1061,00000008,00108093,1,00000162
1093,1062,0000000c,00208463,0,00000000
1094,1063,00000010,fe000ce3,0,00000000
1095,1064,00000008,00108093,1,00000163
1096,1065,0000000c,00208463,0,00000000
1097,1066,00000010,fe000ce3,0,00000000
1098,1067,00000008,00108093,1,00000164
1099,1068,0000000c,00208463,0,00000000
1100,1069,00000010,fe000ce3,0,00000000
1101,1070,00000008,00108093,1,00000165
1102,1071,0000000c,00208463,0,00000000
1103,1072,00000010,fe000ce3,0,00000000
1104,1073,00000008,00108093,1,00000166
1105,1074,0000000c,00208463,0,00000000
1106,1075,00000010,fe000ce3,0,00000000
1107,1076,00000008,00108093,1,00000167
1108,1077,0000000c,00208463,0,00000000
1109,1078,00000010,fe000ce3,0,00000000
1110,1079,00000008,00108093,1,00000168
1111,1080,0000000c,00208463,0,00000000
1112,1081,00000010,fe000ce3,0,00000000
1113,1082,00000008,00108093,1,00000169
1114,1083,0000000c,00208463,0,00000000
1115,1084,00000010,fe000ce3,0,00000000
1116,1085,00000008,00108093,1,0000016a
1117,1086,0000000c,00208463,0,00000000
1118,1087,00000010,fe000ce3,0,00000000
1119,1088,00000008,00108093,1,0000016b
1120,1089,0000000c,00208463,0,00000000
1121,1090,00000010,fe000ce3,0,00000000
1122,1091,00000008,00108093,1,0000016c
1123,1092,0000000c,00208463,0,00000000
1124,1093,00000010,fe000ce3,0,00000000
1125,1094,00000008,00108093,1,0000016d
1126,1095,0000000c,00208463,0,00000000
1127,1096,00000010,fe000ce3,0,00000000
1128,1097,00000008,00108093,1,0000016e
1129,1098,0000000c,00208463,0,00000000
1130,1099,00000010,fe000ce3,0,00000000
1131,1100,00000008,00108093,1,0000016f
1132,1101,0000000c,00208463,0,00000000
1133,1102,00000010,fe000ce3,0,00000000
1134,1103,00000008,00108093,1,00000170
1135,1104,0000000c,00208463,0,00000000
1136,1105,00000010,fe000ce3,0,00000000
1137,1106,00000008,00108093,1,00000171
1138,1107,0000000c,00208463,0,00000000
1139,1108,00000010,fe000ce3,0,00000000
1140,1109,00000008,00108093,1,00000172
1141,1110,0000000c,00208463,0,00000000
1142,1111,00000010,fe000ce3,0,00000000
1143,1112,00000008,00108093,1,00000173
1144,1113,0000000c,00208463,0,00000000
1145,1114,00000010,fe000ce3,0,00000000
1146,1115,00000008,00108093,1,00000174
1147,1116,0000000c,00208463,0,00000000
1148,1117,00000010,fe000ce3,0,00000000
1149,1118,00000008,00108093,1,00000175
1150,1119,0000000c,00208463,0,00000000
1151,1120,00000010,fe000ce3,0,00000000
1152,1121,00000008,00108093,1,00000176
1153,1122,0000000c,00208463,0,00000000
1154,1123,00000010,fe000ce3,0,00000000
1155,1124,00000008,00108093,1,00000177
1156,1125,0000000c,00208463,0,00000000
1157,1126,00000010,fe000ce3,0,00000000
1158,1127,00000008,00108093,1,00000178
1159,1128,0000000c,00208463,0,00000000
1160,1129,00000010,fe000ce3,0,00000000
1161,1130,00000008,00108093,1,00000179
1162,1131,0000000c,00208463,0,00000000
1163,1132,00000010,fe000ce3,0,00000000
1164,1133,00000008,00108093,1,0000017a
1165,1134,0000000c,00208463,0,00000000
1166,1135,00000010,fe000ce3,0,00000000
1167,1136,00000008,00108093,1,0000017b
1168,1137,0000000c,00208463,0,00000000
1169,1138,00000010,fe000ce3,0,00000000
1170,1139,00000008,00108093,1,0000017c
1171,1140,0000000c,00208463,0,00000000
1172,1141,00000010,fe000ce3,0,00000000
1173,1142,00000008,00108093,1,0000017d
1174,1143,0000000c,00208463,0,00000000
1175,1144,00000010,fe000ce3,0,00000000
1176,1145,00000008,00108093,1,0000017e
1177,1146,0000000c,00208463,0,00000000
1178,1147,00000010,fe000ce3,0,00000000
1179,1148,00000008,00108093,1,0000017f
1180,1149,0000000c,00208463,0,00000000
1181,1150,00000010,fe000ce3,0,00000000
1182,1151,00000008,00108093,1,00000180
1183,1152,0000000c,00208463,0,00000000
1184,1153,00000010,fe000ce3,0,00000000
1185,1154,00000008,00108093,1,00000181
1186,1155,0000000c,00208463,0,00000000
1187,1156,00000010,fe000ce3,0,00000000
1188,1157,00000008,00108093,1,00000182
1189,1158,0000000c,00208463,0,00000000
1190,1159,00000010,fe000ce3,0,00000000
1191,1160,00000008,00108093,1,00000183
1192,1161,0000000c,00208463,0,00000000
1193,1162,00000010,fe000ce3,0,00000000
1194,1163,00000008,00108093,1,00000184
1195,1164,0000000c,00208463,0,00000000
1196,1165,00000010,fe000ce3,0,00000000
1197,1166,00000008,00108093,1,00000185
1198,1167,0000000c,00208463,0,00000000
1199,1168,00000010,fe000ce3,0,00000000
1200,1169,00000008,00108093,1,00000186
1201,1170,0000000c,00208463,0,00000000
1202,1171,00000010,fe000ce3,0,00000000
1203,1172,00000008,00108093,1,00000187
1204,1173,0000000c,00208463,0,00000000
1205,1174,00000010,fe000ce3,0,00000000
1206,1175,00000008,00108093,1,00000188
1207,1176,0000000c,00208463,0,00000000
1208,1177,00000010,fe000ce3,0,00000000
1209,1178,00000008,00108093,1,00000189
1210,1179,0000000c,00208463,0,00000000
1211,1180,00000010,fe000ce3,0,00000000
1212,1181,00000008,00108093,1,0000018a
1213,1182,0000000c,00208463,0,00000000
1214,1183,00000010,fe000ce3,0,00000000
1215,1184,00000008,00108093,1,0000018b
1216,1185,0000000c,00208463,0,00000000
1217,1186,00000010,fe000ce3,0,00000000
1218,1187,00000008,00108093,1,0000018c
1219,1188,0000000c,00208463,0,00000000
1220,1189,00000010,fe000ce3,0,00000000
1221,1190,00000008,00108093,1,0000018d
1222,1191,0000000c,00208463,0,00000000
1223,1192,00000010,fe000ce3,0,00000000
1224,1193,00000008,00108093,1,0000018e
1225,1194,0000000c,00208463,0,00000000
1226,1195,00000010,fe000ce3,0,00000000
1227,1196,00000008,00108093,1,0000018f
1228,1197,0000000c,00208463,0,00000000
1229,1198,00000010,fe000ce3,0,00000000
1230,1199,00000008,00108093,1,00000190
1231,1200,0000000c,00208463,0,00000000
1232,1201,00000010,fe000ce3,0,00000000
1233,1202,00000008,00108093,1,00000191
1234,1203,0000000c,00208463,0,00000000
1235,1204,00000010,fe000ce3,0,00000000
1236,1205,00000008,00108093,1,00000192
1237,1206,0000000c,00208463,0,00000000
1238,1207,00000010,fe000ce3,0,00000000
1239,1208,00000008,00108093,1,00000193
1240,1209,0000000c,00208463,0,00000000
1241,1210,00000010,fe000ce3,0,00000000
1242,1211,00000008,00108093,1,00000194
1243,1212,0000000c,00208463,0,00000000
1244,1213,00000010,fe000ce3,0,00000000
1245,1214,00000008,00108093,1,00000195
1246,1215,0000000c,00208463,0,00000000
1247,1216,00000010,fe000ce3,0,00000000
1248,1217,00000008,00108093,1,00000196
1249,1218,0000000c,00208463,0,00000000
1250,1219,00000010,fe000ce3,0,00000000
1251,1220,00000008,00108093,1,00000197
1252,1221,0000000c,00208463,0,00000000
1253,1222,00000010,fe000ce3,0,00000000
1254,1223,00000008,00108093,1,00000198
1255,1224,0000000c,00208463,0,00000000
1256,1225,00000010,fe000ce3,0,00000000
1257,1226,00000008,00108093,1,00000199
1258,1227,0000000c,00208463,0,00000000
1259,1228,00000010,fe000ce3,0,00000000
1260,1229,00000008,00108093,1,0000019a
1261,1230,0000000c,00208463,0,00000000
1262,1231,00000010,fe000ce3,0,00000000
1263,1232,00000008,00108093,1,0000019b
1264,1233,0000000c,00208463,0,00000000
1265,1234,00000010,fe000ce3,0,00000000
1266,1235,00000008,00108093,1,0000019c
1267,1236,0000000c,00208463,0,00000000
1268,1237,00000010,fe000ce3,0,00000000
1269,1238,00000008,00108093,1,0000019d
1270,1239,0000000c,00208463,0,00000000
1271,1240,00000010,fe000ce3,0,00000000
1272,1241,00000008,00108093,1,0000019e
1273,1242,0000000c,00208463,0,00000000
1274,1243,00000010,fe000ce3,0,00000000
1275,1244,00000008,00108093,1,0000019f
1276,1245,0000000c,00208463,0,00000000
1277,1246,00000010,fe000ce3,0,00000000
1278,1247,00000008,00108093,1,000001a0
1279,1248,0000000c,00208463,0,00000000
1280,1249,00000010,fe000ce3,0,00000000
1281,1250,00000008,00108093,1,000001a1
1282,1251,0000000c,00208463,0,00000000
1283,1252,00000010,fe000ce3,0,00000000
1284,1253,00000008,00108093,1,000001a2
1285,1254,0000000c,00208463,0,00000000
1286,1255,00000010,fe000ce3,0,00000000
1287,1256,00000008,00108093,1,000001a3
1288,1257,0000000c,00208463,0,00000000
1289,1258,00000010,fe000ce3,0,00000000
1290,1259,00000008,00108093,1,000001a4
1291,1260,0000000c,00208463,0,00000000
1292,1261,00000010,fe000ce3,0,00000000
1293,1262,00000008,00108093,1,000001a5
1294,1263,0000000c,00208463,0,00000000
1295,1264,00000010,fe000ce3,0,00000000
1296,1265,00000008,00108093,1,000001a6
1297,1266,0000000c,00208463,0,00000000
1298,1267,00000010,fe000ce3,0,00000000
1299,1268,00000008,00108093,1,000001a7
1300,1269,0000000c,00208463,0,00000000
1301,1270,00000010,fe000ce3,0,00000000
1302,1271,00000008,00108093,1,000001a8
1303,1272,0000000c,00208463,0,00000000
1304,1273,00000010,fe000ce3,0,00000000
1305,1274,00000008,00108093,1,000001a9
1306,1275,0000000c,00208463,0,00000000
1307,1276,00000010,fe000ce3,0,00000000
1308,1277,00000008,00108093,1,000001aa
1309,1278,0000000c,00208463,0,00000000
1310,1279,00000010,fe000ce3,0,00000000
1311,1280,00000008,00108093,1,000001ab
1312,1281,0000000c,00208463,0,00000000
1313,1282,00000010,fe000ce3,0,00000000
1314,1283,00000008,00108093,1,000001ac
1315,1284,0000000c,00208463,0,00000000
1316,1285,00000010,fe000ce3,0,00000000
1317,1286,00000008,00108093,1,000001ad
1318,1287,0000000c,00208463,0,00000000
1319,1288,00000010,fe000ce3,0,00000000
1320,1289,00000008,00108093,1,000001ae
1321,1290,0000000c,00208463,0,00000000
1322,1291,00000010,fe000ce3,0,00000000
1323,1292,00000008,00108093,1,000001af
1324,1293,0000000c,00208463,0,00000000
1325,1294,00000010,fe000ce3,0,00000000
1326,1295,00000008,00108093,1,000001b0
1327,1296,0000000c,00208463,0,00000000
1328,1297,00000010,fe000ce3,0,00000000
1329,1298,00000008,00108093,1,000001b1
1330,1299,0000000c,00208463,0,00000000
1331,1300,00000010,fe000ce3,0,00000000
1332,1301,00000008,00108093,1,000001b2
1333,1302,0000000c,00208463,0,00000000
1334,1303,00000010,fe000ce3,0,00000000
1335,1304,00000008,00108093,1,000001b3
1336,1305,0000000c,00208463,0,00000000
1337,1306,00000010,fe000ce3,0,00000000
1338,1307,00000008,00108093,1,000001b4
1339,1308,0000000c,00208463,0,00000000
1340,1309,00000010,fe000ce3,0,00000000
1341,1310,00000008,00108093,1,000001b5
1342,1311,0000000c,00208463,0,00000000
1343,1312,00000010,fe000ce3,0,00000000
1344,1313,00000008,00108093,1,000001b6
1345,1314,0000000c,00208463,0,00000000
1346,1315,00000010,fe000ce3,0,00000000
1347,1316,00000008,00108093,1,000001b7
1348,1317,0000000c,00208463,0,00000000
1349,1318,00000010,fe000ce3,0,00000000
1350,1319,00000008,00108093,1,000001b8
1351,1320,0000000c,00208463,0,00000000
1352,1321,00000010,fe000ce3,0,00000000
1353,1322,00000008,00108093,1,000001b9
1354,1323,0000000c,00208463,0,00000000
1355,1324,00000010,fe000ce3,0,00000000
1356,1325,00000008,00108093,1,000001ba
1357,1326,0000000c,00208463,0,00000000
1358,1327,00000010,fe000ce3,0,00000000
1359,1328,00000008,00108093,1,000001bb
1360,1329,0000000c,00208463,0,00000000
1361,1330,00000010,fe000ce3,0,00000000
1362,1331,00000008,00108093,1,000001bc
1363,1332,0000000c,00208463,0,00000000
1364,1333,00000010,fe000ce3,0,00000000
1365,1334,00000008,00108093,1,000001bd
1366,1335,0000000c,00208463,0,00000000
1367,1336,00000010,fe000ce3,0,00000000
1368,1337,00000008,00108093,1,000001be
1369,1338,0000000c,00208463,0,00000000
1370,1339,00000010,fe000ce3,0,00000000
1371,1340,00000008,00108093,1,000001bf
1372,1341,0000000c,00208463,0,00000000
1373,1342,00000010,fe000ce3,0,00000000
1374,1343,00000008,00108093,1,000001c0
1375,1344,0000000c,00208463,0,00000000
1376,1345,00000010,fe000ce3,0,00000000
1377,1346,00000008,00108093,1,000001c1
1378,1347,0000000c,00208463,0,00000000
1379,1348,00000010,fe000ce3,0,00000000
1380,1349,00000008,00108093,1,000001c2
1381,1350,0000000c,00208463,0,00000000
1382,1351,00000010,fe000ce3,0,00000000
1383,1352,00000008,00108093,1,000001c3
1384,1353,0000000c,00208463,0,00000000
1385,1354,00000010,fe000ce3,0,00000000
1386,1355,00000008,00108093,1,000001c4
1387,1356,0000000c,00208463,0,00000000
1388,1357,00000010,fe000ce3,0,00000000
1389,1358,00000008,00108093,1,000001c5
1390,1359,0000000c,00208463,0,00000000
1391,1360,00000010,fe000ce3,0,00000000
1392,1361,00000008,00108093,1,000001c6
1393,1362,0000000c,00208463,0,00000000
1394,1363,00000010,fe000ce3,0,00000000
1395,1364,00000008,00108093,1,000001c7
1396,1365,0000000c,00208463,0,00000000
1397,1366,00000010,fe000ce3,0,00000000
1398,1367,00000008,00108093,1,000001c8
1399,1368,0000000c,00208463,0,00000000
1400,1369,00000010,fe000ce3,0,00000000
1401,1370,00000008,00108093,1,000001c9
1402,1371,0000000c,00208463,0,00000000
1403,1372,00000010,fe000ce3,0,00000000
1404,1373,00000008,00108093,1,000001ca
1405,1374,0000000c,00208463,0,00000000
1406,1375,00000010,fe000ce3,0,00000000
1407,1376,00000008,00108093,1,000001cb
1408,1377,0000000c,00208463,0,00000000
1409,1378,00000010,fe000ce3,0,00000000
1410,1379,00000008,00108093,1,000001cc
1411,1380,0000000c,00208463,0,00000000
1412,1381,00000010,fe000ce3,0,00000000
1413,1382,00000008,00108093,1,000001cd
1414,1383,0000000c,00208463,0,00000000
1415,1384,00000010,fe000ce3,0,00000000
1416,1385,00000008,00108093,1,000001ce
1417,1386,0000000c,00208463,0,00000000
1418,1387,00000010,fe000ce3,0,00000000
1419,1388,00000008,00108093,1,000001cf
1420,1389,0000000c,00208463,0,00000000
1421,1390,00000010,fe000ce3,0,00000000
1422,1391,00000008,00108093,1,000001d0
1423,1392,0000000c,00208463,0,00000000
1424,1393,00000010,fe000ce3,0,00000000
1425,1394,00000008,00108093,1,000001d1
1426,1395,0000000c,00208463,0,00000000
1427,1396,00000010,fe000ce3,0,00000000
1428,1397,00000008,00108093,1,000001d2
1429,1398,0000000c,00208463,0,00000000
1430,1399,00000010,fe000ce3,0,00000000
1431,1400,00000008,00108093,1,000001d3
1432,1401,0000000c,00208463,0,00000000
1433,1402,00000010,fe000ce3,0,00000000
1434,1403,00000008,00108093,1,000001d4
1435,1404,0000000c,00208463,0,00000000
1436,1405,00000010,fe000ce3,0,00000000
1437,1406,00000008,00108093,1,000001d5
1438,1407,0000000c,00208463,0,00000000
1439,1408,00000010,fe000ce3,0,00000000
1440,1409,00000008,00108093,1,000001d6
1441,1410,0000000c,00208463,0,00000000
1442,1411,00000010,fe000ce3,0,00000000
1443,1412,00000008,00108093,1,000001d7
1444,1413,0000000c,00208463,0,00000000
1445,1414,00000010,fe000ce3,0,00000000
1446,1415,00000008,00108093,1,000001d8
1447,1416,0000000c,00208463,0,00000000
1448,1417,00000010,fe000ce3,0,00000000
1449,1418,00000008,00108093,1,000001d9
1450,1419,0000000c,00208463,0,00000000
1451,1420,00000010,fe000ce3,0,00000000
1452,1421,00000008,00108093,1,000001da
1453,1422,0000000c,00208463,0,00000000
1454,1423,00000010,fe000ce3,0,00000000
1455,1424,00000008,00108093,1,000001db
1456,1425,0000000c,00208463,0,00000000
1457,1426,00000010,fe000ce3,0,00000000
1458,1427,00000008,00108093,1,000001dc
1459,1428,0000000c,00208463,0,00000000
1460,1429,00000010,fe000ce3,0,00000000
1461,1430,00000008,00108093,1,000001dd
1462,1431,0000000c,00208463,0,00000000
1463,1432,00000010,fe000ce3,0,00000000
1464,1433,00000008,00108093,1,000001de
1465,1434,0000000c,00208463,0,00000000
1466,1435,00000010,fe000ce3,0,00000000
1467,1436,00000008,00108093,1,000001df
1468,1437,0000000c,00208463,0,00000000
1469,1438,00000010,fe000ce3,0,00000000
1470,1439,00000008,00108093,1,000001e0
1471,1440,0000000c,00208463,0,00000000
1472,1441,00000010,fe000ce3,0,00000000
1473,1442,00000008,00108093,1,000001e1
1474,1443,0000000c,00208463,0,00000000
1475,1444,00000010,fe000ce3,0,00000000
1476,1445,00000008,00108093,1,000001e2
1477,1446,0000000c,00208463,0,00000000
1478,1447,00000010,fe000ce3,0,00000000
1479,1448,00000008,00108093,1,000001e3
1480,1449,0000000c,00208463,0,00000000
1481,1450,00000010,fe000ce3,0,00000000
1482,1451,00000008,00108093,1,000001e4
1483,1452,0000000c,00208463,0,00000000
1484,1453,00000010,fe000ce3,0,00000000
1485,1454,00000008,00108093,1,000001e5
1486,1455,0000000c,00208463,0,00000000
1487,1456,00000010,fe000ce3,0,00000000
1488,1457,00000008,00108093,1,000001e6
1489,1458,0000000c,00208463,0,00000000
1490,1459,00000010,fe000ce3,0,00000000
1491,1460,00000008,00108093,1,000001e7
1492,1461,0000000c,00208463,0,00000000
1493,1462,00000010,fe000ce3,0,00000000
1494,1463,00000008,00108093,1,000001e8
1495,1464,0000000c,00208463,0,00000000
1496,1465,00000010,fe000ce3,0,00000000
1497,1466,00000008,00108093,1,000001e9
1498,1467,0000000c,00208463,0,00000000
1499,1468,00000010,fe000ce3,0,00000000
1500,1469,00000008,00108093,1,000001ea
1501,1470,0000000c,00208463,0,00000000
1502,1471,00000010,fe000ce3,0,00000000
1503,1472,00000008,00108093,1,000001eb
1504,1473,0000000c,00208463,0,00000000
1505,1474,00000010,fe000ce3,0,00000000
1506,1475,00000008,00108093,1,000001ec
1507,1476,0000000c,00208463,0,00000000
1508,1477,00000010,fe000ce3,0,00000000
1509,1478,00000008,00108093,1,000001ed
1510,1479,0000000c,00208463,0,00000000
1511,1480,00000010,fe000ce3,0,00000000
1512,1481,00000008,00108093,1,000001ee
1513,1482,0000000c,00208463,0,00000000
1514,1483,00000010,fe000ce3,0,00000000
1515,1484,00000008,00108093,1,000001ef
1516,1485,0000000c,00208463,0,00000000
1517,1486,00000010,fe000ce3,0,00000000
1518,1487,00000008,00108093,1,000001f0
1519,1488,0000000c,00208463,0,00000000
1520,1489,00000010,fe000ce3,0,00000000
1521,1490,00000008,00108093,1,000001f1
1522,1491,0000000c,00208463,0,00000000
1523,1492,00000010,fe000ce3,0,00000000
1524,1493,00000008,00108093,1,000001f2
1525,1494,0000000c,00208463,0,00000000
1526,1495,00000010,fe000ce3,0,00000000
1527,1496,00000008,00108093,1,000001f3
1528,1497,0000000c,00208463,0,00000000
1529,1498,00000010,fe000ce3,0,00000000
1530,1499,00000008,00108093,1,000001f4
1531,1500,0000000c,00208463,0,00000000
1532,1501,00000010,fe000ce3,0,00000000
1533,1502,00000008,00108093,1,000001f5
1534,1503,0000000c,00208463,0,00000000
1535,1504,00000010,fe000ce3,0,00000000
1536,1505,00000008,00108093,1,000001f6
1537,1506,0000000c,00208463,0,00000000
1538,1507,00000010,fe000ce3,0,00000000
1539,1508,00000008,00108093,1,000001f7
1540,1509,0000000c,00208463,0,00000000
1541,1510,00000010,fe000ce3,0,00000000
1542,1511,00000008,00108093,1,000001f8
1543,1512,0000000c,00208463,0,00000000
1544,1513,00000010,fe000ce3,0,00000000
1545,1514,00000008,00108093,1,000001f9
1546,1515,0000000c,00208463,0,00000000
1547,1516,00000010,fe000ce3,0,00000000
1548,1517,00000008,00108093,1,000001fa
1549,1518,0000000c,00208463,0,00000000
1550,1519,00000010,fe000ce3,0,00000000
1551,1520,00000008,00108093,1,000001fb
1552,1521,0000000c,00208463,0,00000000
1553,1522,00000010,fe000ce3,0,00000000
1554,1523,00000008,00108093,1,000001fc
1555,1524,0000000c,00208463,0,00000000
1556,1525,00000010,fe000ce3,0,00000000
1557,1526,00000008,00108093,1,000001fd
1558,1527,0000000c,00208463,0,00000000
1559,1528,00000010,fe000ce3,0,00000000
1560,1529,00000008,00108093,1,000001fe
1561,1530,0000000c,00208463,0,00000000
1562,1531,00000010,fe000ce3,0,00000000
1563,1532,00000008,00108093,1,000001ff
1564,1533,0000000c,00208463,0,00000000
1565,1534,00000010,fe000ce3,0,00000000
1566,1535,00000008,00108093,1,00000200
1567,1536,0000000c,00208463,0,00000000
1568,1537,00000010,fe000ce3,0,00000000
1569,1538,00000008,00108093,1,00000201
1570,1539,0000000c,00208463,0,00000000
1571,1540,00000010,fe000ce3,0,00000000
1572,1541,00000008,00108093,1,00000202
1573,1542,0000000c,00208463,0,00000000
1574,1543,00000010,fe000ce3,0,00000000
1575,1544,00000008,00108093,1,00000203
1576,1545,0000000c,00208463,0,00000000
1577,1546,00000010,fe000ce3,0,00000000
1578,1547,00000008,00108093,1,00000204
1579,1548,0000000c,00208463,0,00000000
1580,1549,00000010,fe000ce3,0,00000000
1581,1550,00000008,00108093,1,00000205
1582,1551,0000000c,00208463,0,00000000
1583,1552,00000010,fe000ce3,0,00000000
1584,1553,00000008,00108093,1,00000206
1585,1554,0000000c,00208463,0,00000000
1586,1555,00000010,fe000ce3,0,00000000
1587,1556,00000008,00108093,1,00000207
1588,1557,0000000c,00208463,0,00000000
1589,1558,00000010,fe000ce3,0,00000000
1590,1559,00000008,00108093,1,00000208
1591,1560,0000000c,00208463,0,00000000
1592,1561,00000010,fe000ce3,0,00000000
1593,1562,00000008,00108093,1,00000209
1594,1563,0000000c,00208463,0,00000000
1595,1564,00000010,fe000ce3,0,00000000
1596,1565,00000008,00108093,1,0000020a
1597,1566,0000000c,00208463,0,00000000
1598,1567,00000010,fe000ce3,0,00000000
1599,1568,00000008,00108093,1,0000020b
1600,1569,0000000c,00208463,0,00000000
1601,1570,00000010,fe000ce3,0,00000000
1602,1571,00000008,00108093,1,0000020c
1603,1572,0000000c,00208463,0,00000000
1604,1573,00000010,fe000ce3,0,00000000
1605,1574,00000008,00108093,1,0000020d
1606,1575,0000000c,00208463,0,00000000
1607,1576,00000010,fe000ce3,0,00000000
1608,1577,00000008,00108093,1,0000020e
1609,1578,0000000c,00208463,0,00000000
1610,1579,00000010,fe000ce3,0,00000000
1611,1580,00000008,00108093,1,0000020f
1612,1581,0000000c,00208463,0,00000000
1613,1582,00000010,fe000ce3,0,00000000
1614,1583,00000008,00108093,1,00000210
1615,1584,0000000c,00208463,0,00000000
1616,1585,00000010,fe000ce3,0,00000000
1617,1586,00000008,00108093,1,00000211
1618,1587,0000000c,00208463,0,00000000
1619,1588,00000010,fe000ce3,0,00000000
1620,1589,00000008,00108093,1,00000212
1621,1590,0000000c,00208463,0,00000000
1622,1591,00000010,fe000ce3,0,00000000
1623,1592,00000008,00108093,1,00000213
1624,1593,0000000c,00208463,0,00000000
1625,1594,00000010,fe000ce3,0,00000000
1626,1595,00000008,00108093,1,00000214
1627,1596,0000000c,00208463,0,00000000
1628,1597,00000010,fe000ce3,0,00000000
1629,1598,00000008,00108093,1,00000215
1630,1599,0000000c,00208463,0,00000000
1631,1600,00000010,fe000ce3,0,00000000
1632,1601,00000008,00108093,1,00000216
1633,1602,0000000c,00208463,0,00000000
1634,1603,00000010,fe000ce3,0,00000000
1635,1604,00000008,00108093,1,00000217
1636,1605,0000000c,00208463,0,00000000
1637,1606,00000010,fe000ce3,0,00000000
1638,1607,00000008,00108093,1,00000218
1639,1608,0000000c,00208463,0,00000000
1640,1609,00000010,fe000ce3,0,00000000
1641,1610,00000008,00108093,1,00000219
1642,1611,0000000c,00208463,0,00000000
1643,1612,00000010,fe000ce3,0,00000000
1644,1613,00000008,00108093,1,0000021a
1645,1614,0000000c,00208463,0,00000000
1646,1615,00000010,fe000ce3,0,00000000
1647,1616,00000008,00108093,1,0000021b
1648,1617,0000000c,00208463,0,00000000
1649,1618,00000010,fe000ce3,0,00000000
1650,1619,00000008,00108093,1,0000021c
1651,1620,0000000c,00208463,0,00000000
1652,1621,00000010,fe000ce3,0,00000000
1653,1622,00000008,00108093,1,0000021d
1654,1623,0000000c,00208463,0,00000000
1655,1624,00000010,fe000ce3,0,00000000
1656,1625,00000008,00108093,1,0000021e
1657,1626,0000000c,00208463,0,00000000
1658,1627,00000010,fe000ce3,0,00000000
1659,1628,00000008,00108093,1,0000021f
1660,1629,0000000c,00208463,0,00000000
1661,1630,00000010,fe000ce3,0,00000000
1662,1631,00000008,00108093,1,00000220
1663,1632,0000000c,00208463,0,00000000
1664,1633,00000010,fe000ce3,0,00000000
1665,1634,00000008,00108093,1,00000221
1666,1635,0000000c,00208463,0,00000000
1667,1636,00000010,fe000ce3,0,00000000
1668,1637,00000008,00108093,1,00000222
1669,1638,0000000c,00208463,0,00000000
1670,1639,00000010,fe000ce3,0,00000000
1671,1640,00000008,00108093,1,00000223
1672,1641,0000000c,00208463,0,00000000
1673,1642,00000010,fe000ce3,0,00000000
1674,1643,00000008,00108093,1,00000224
1675,1644,0000000c,00208463,0,00000000
1676,1645,00000010,fe000ce3,0,00000000
1677,1646,00000008,00108093,1,00000225
1678,1647,0000000c,00208463,0,00000000
1679,1648,00000010,fe000ce3,0,00000000
1680,1649,00000008,00108093,1,00000226
1681,1650,0000000c,00208463,0,00000000
1682,1651,00000010,fe000ce3,0,00000000
1683,1652,00000008,00108093,1,00000227
1684,1653,0000000c,00208463,0,00000000
1685,1654,00000010,fe000ce3,0,00000000
1686,1655,00000008,00108093,1,00000228
1687,1656,0000000c,00208463,0,00000000
1688,1657,00000010,fe000ce3,0,00000000
1689,1658,00000008,00108093,1,00000229
1690,1659,0000000c,00208463,0,00000000
1691,1660,00000010,fe000ce3,0,00000000
1692,1661,00000008,00108093,1,0000022a
1693,1662,0000000c,00208463,0,00000000
1694,1663,00000010,fe000ce3,0,00000000
1695,1664,00000008,00108093,1,0000022b
1696,1665,0000000c,00208463,0,00000000
1697,1666,00000010,fe000ce3,0,00000000
1698,1667,00000008,00108093,1,0000022c
1699,1668,0000000c,00208463,0,00000000
1700,1669,00000010,fe000ce3,0,00000000
1701,1670,00000008,00108093,1,0000022d
1702,1671,0000000c,00208463,0,00000000
1703,1672,00000010,fe000ce3,0,00000000
1704,1673,00000008,00108093,1,0000022e
1705,1674,0000000c,00208463,0,00000000
1706,1675,00000010,fe000ce3,0,00000000
1707,1676,00000008,00108093,1,0000022f
1708,1677,0000000c,00208463,0,00000000
1709,1678,00000010,fe000ce3,0,00000000
1710,1679,00000008,00108093,1,00000230
1711,1680,0000000c,00208463,0,00000000
1712,1681,00000010,fe000ce3,0,00000000
1713,1682,00000008,00108093,1,00000231
1714,1683,0000000c,00208463,0,00000000
1715,1684,00000010,fe000ce3,0,00000000
1716,1685,00000008,00108093,1,00000232
1717,1686,0000000c,00208463,0,00000000
1718,1687,00000010,fe000ce3,0,00000000
1719,1688,00000008,00108093,1,00000233
1720,1689,0000000c,00208463,0,00000000
1721,1690,00000010,fe000ce3,0,00000000
1722,1691,00000008,00108093,1,00000234
1723,1692,0000000c,00208463,0,00000000
1724,1693,00000010,fe000ce3,0,00000000
1725,1694,00000008,00108093,1,00000235
1726,1695,0000000c,00208463,0,00000000
1727,1696,00000010,fe000ce3,0,00000000
1728,1697,00000008,00108093,1,00000236
1729,1698,0000000c,00208463,0,00000000
1730,1699,00000010,fe000ce3,0,00000000
1731,1700,00000008,00108093,1,00000237
1732,1701,0000000c,00208463,0,00000000
1733,1702,00000010,fe000ce3,0,00000000
1734,1703,00000008,00108093,1,00000238
1735,1704,0000000c,00208463,0,00000000
1736,1705,00000010,fe000ce3,0,00000000
1737,1706,00000008,00108093,1,00000239
1738,1707,0000000c,00208463,0,00000000
1739,1708,00000010,fe000ce3,0,00000000
1740,1709,00000008,00108093,1,0000023a
1741,1710,0000000c,00208463,0,00000000
1742,1711,00000010,fe000ce3,0,00000000
1743,1712,00000008,00108093,1,0000023b
1744,1713,0000000c,00208463,0,00000000
1745,1714,00000010,fe000ce3,0,00000000
1746,1715,00000008,00108093,1,0000023c
1747,1716,0000000c,00208463,0,00000000
1748,1717,00000010,fe000ce3,0,00000000
1749,1718,00000008,00108093,1,0000023d
1750,1719,0000000c,00208463,0,00000000
1751,1720,00000010,fe000ce3,0,00000000
1752,1721,00000008,00108093,1,0000023e
1753,1722,0000000c,00208463,0,00000000
1754,1723,00000010,fe000ce3,0,00000000
1755,1724,00000008,00108093,1,0000023f
1756,1725,0000000c,00208463,0,00000000
1757,1726,00000010,fe000ce3,0,00000000
1758,1727,00000008,00108093,1,00000240
1759,1728,0000000c,00208463,0,00000000
1760,1729,00000010,fe000ce3,0,00000000
1761,1730,00000008,00108093,1,00000241
1762,1731,0000000c,00208463,0,00000000
1763,1732,00000010,fe000ce3,0,00000000
1764,1733,00000008,00108093,1,00000242
1765,1734,0000000c,00208463,0,00000000
1766,1735,00000010,fe000ce3,0,00000000
1767,1736,00000008,00108093,1,00000243
1768,1737,0000000c,00208463,0,00000000
1769,1738,00000010,fe000ce3,0,00000000
1770,1739,00000008,00108093,1,00000244
1771,1740,0000000c,00208463,0,00000000
1772,1741,00000010,fe000ce3,0,00000000
1773,1742,00000008,00108093,1,00000245
1774,1743,0000000c,00208463,0,00000000
1775,1744,00000010,fe000ce3,0,00000000
1776,1745,00000008,00108093,1,00000246
1777,1746,0000000c,00208463,0,00000000
1778,1747,00000010,fe000ce3,0,00000000
1779,1748,00000008,00108093,1,00000247
1780,1749,0000000c,00208463,0,00000000
1781,1750,00000010,fe000ce3,0,00000000
1782,1751,00000008,00108093,1,00000248
1783,1752,0000000c,00208463,0,00000000
1784,1753,00000010,fe000ce3,0,00000000
1785,1754,00000008,00108093,1,00000249
1786,1755,0000000c,00208463,0,00000000
1787,1756,00000010,fe000ce3,0,00000000
1788,1757,00000008,00108093,1,0000024a
1789,1758,0000000c,00208463,0,00000000
1790,1759,00000010,fe000ce3,0,00000000
1791,1760,00000008,00108093,1,0000024b
1792,1761,0000000c,00208463,0,00000000
1793,1762,00000010,fe000ce3,0,00000000
1794,1763,00000008,00108093,1,0000024c
1795,1764,0000000c,00208463,0,00000000
1796,1765,00000010,fe000ce3,0,00000000
1797,1766,00000008,00108093,1,0000024d
1798,1767,0000000c,00208463,0,00000000
1799,1768,00000010,fe000ce3,0,00000000
1800,1769,00000008,00108093,1,0000024e
1801,1770,0000000c,00208463,0,00000000
1802,1771,00000010,fe000ce3,0,00000000
1803,1772,00000008,00108093,1,0000024f
1804,1773,0000000c,00208463,0,00000000
1805,1774,00000010,fe000ce3,0,00000000
1806,1775,00000008,00108093,1,00000250
1807,1776,0000000c,00208463,0,00000000
1808,1777,00000010,fe000ce3,0,00000000
1809,1778,00000008,00108093,1,00000251
1810,1779,0000000c,00208463,0,00000000
1811,1780,00000010,fe000ce3,0,00000000
1812,1781,00000008,00108093,1,00000252
1813,1782,0000000c,00208463,0,00000000
1814,1783,00000010,fe000ce3,0,00000000
1815,1784,00000008,00108093,1,00000253
1816,1785,0000000c,00208463,0,00000000
1817,1786,00000010,fe000ce3,0,00000000
1818,1787,00000008,00108093,1,00000254
1819,1788,0000000c,00208463,0,00000000
1820,1789,00000010,fe000ce3,0,00000000
1821,1790,00000008,00108093,1,00000255
1822,1791,0000000c,00208463,0,00000000
1823,1792,00000010,fe000ce3,0,00000000
1824,1793,00000008,00108093,1,00000256
1825,1794,0000000c,00208463,0,00000000
1826,1795,00000010,fe000ce3,0,00000000
1827,1796,00000008,00108093,1,00000257
1828,1797,0000000c,00208463,0,00000000
1829,1798,00000010,fe000ce3,0,00000000
1830,1799,00000008,00108093,1,00000258
1831,1800,0000000c,00208463,0,00000000
1832,1801,00000010,fe000ce3,0,00000000
1833,1802,00000008,00108093,1,00000259
1834,1803,0000000c,00208463,0,00000000
1835,1804,00000010,fe000ce3,0,00000000
1836,1805,00000008,00108093,1,0000025a
1837,1806,0000000c,00208463,0,00000000
1838,1807,00000010,fe000ce3,0,00000000
1839,1808,00000008,00108093,1,0000025b
1840,1809,0000000c,00208463,0,00000000
1841,1810,00000010,fe000ce3,0,00000000
1842,1811,00000008,00108093,1,0000025c
1843,1812,0000000c,00208463,0,00000000
1844,1813,00000010,fe000ce3,0,00000000
1845,1814,00000008,00108093,1,0000025d
1846,1815,0000000c,00208463,0,00000000
1847,1816,00000010,fe000ce3,0,00000000
1848,1817,00000008,00108093,1,0000025e
1849,1818,0000000c,00208463,0,00000000
1850,1819,00000010,fe000ce3,0,00000000
1851,1820,00000008,00108093,1,0000025f
1852,1821,0000000c,00208463,0,00000000
1853,1822,00000010,fe000ce3,0,00000000
1854,1823,00000008,00108093,1,00000260
1855,1824,0000000c,00208463,0,00000000
1856,1825,00000010,fe000ce3,0,00000000
1857,1826,00000008,00108093,1,00000261
1858,1827,0000000c,00208463,0,00000000
1859,1828,00000010,fe000ce3,0,00000000
1860,1829,00000008,00108093,1,00000262
1861,1830,0000000c,00208463,0,00000000
1862,1831,00000010,fe000ce3,0,00000000
1863,1832,00000008,00108093,1,00000263
1864,1833,0000000c,00208463,0,00000000
1865,1834,00000010,fe000ce3,0,00000000
1866,1835,00000008,00108093,1,00000264
1867,1836,0000000c,00208463,0,00000000
1868,1837,00000010,fe000ce3,0,00000000
1869,1838,00000008,00108093,1,00000265
1870,1839,0000000c,00208463,0,00000000
1871,1840,00000010,fe000ce3,0,00000000
1872,1841,00000008,00108093,1,00000266
1873,1842,0000000c,00208463,0,00000000
1874,1843,00000010,fe000ce3,0,00000000
1875,1844,00000008,00108093,1,00000267
1876,1845,0000000c,00208463,0,00000000
1877,1846,00000010,fe000ce3,0,00000000
1878,1847,00000008,00108093,1,00000268
1879,1848,0000000c,00208463,0,00000000
1880,1849,00000010,fe000ce3,0,00000000
1881,1850,00000008,00108093,1,00000269
1882,1851,0000000c,00208463,0,00000000
1883,1852,00000010,fe000ce3,0,00000000
1884,1853,00000008,00108093,1,0000026a
1885,1854,0000000c,00208463,0,00000000
1886,1855,00000010,fe000ce3,0,00000000
1887,1856,00000008,00108093,1,0000026b
1888,1857,0000000c,00208463,0,00000000
1889,1858,00000010,fe000ce3,0,00000000
1890,1859,00000008,00108093,1,0000026c
1891,1860,0000000c,00208463,0,00000000
1892,1861,00000010,fe000ce3,0,00000000
1893,1862,00000008,00108093,1,0000026d
1894,1863,0000000c,00208463,0,00000000
1895,1864,00000010,fe000ce3,0,00000000
1896,1865,00000008,00108093,1,0000026e
1897,1866,0000000c,00208463,0,00000000
1898,1867,00000010,fe000ce3,0,00000000
1899,1868,00000008,00108093,1,0000026f
1900,1869,0000000c,00208463,0,00000000
1901,1870,00000010,fe000ce3,0,00000000
1902,1871,00000008,00108093,1,00000270
1903,1872,0000000c,00208463,0,00000000
1904,1873,00000010,fe000ce3,0,00000000
1905,1874,00000008,00108093,1,00000271
1906,1875,0000000c,00208463,0,00000000
1907,1876,00000010,fe000ce3,0,00000000
1908,1877,00000008,00108093,1,00000272
1909,1878,0000000c,00208463,0,00000000
1910,1879,00000010,fe000ce3,0,00000000
1911,1880,00000008,00108093,1,00000273
1912,1881,0000000c,00208463,0,00000000
1913,1882,00000010,fe000ce3,0,00000000
1914,1883,00000008,00108093,1,00000274
1915,1884,0000000c,00208463,0,00000000
1916,1885,00000010,fe000ce3,0,00000000
1917,1886,00000008,00108093,1,00000275
1918,1887,0000000c,00208463,0,00000000
1919,1888,00000010,fe000ce3,0,00000000
1920,1889,00000008,00108093,1,00000276
1921,1890,0000000c,00208463,0,00000000
1922,1891,00000010,fe000ce3,0,00000000
1923,1892,00000008,00108093,1,00000277
1924,1893,0000000c,00208463,0,00000000
1925,1894,00000010,fe000ce3,0,00000000
1926,1895,00000008,00108093,1,00000278
1927,1896,0000000c,00208463,0,00000000
1928,1897,00000010,fe000ce3,0,00000000
1929,1898,00000008,00108093,1,00000279
1930,1899,0000000c,00208463,0,00000000
1931,1900,00000010,fe000ce3,0,00000000
1932,1901,00000008,00108093,1,0000027a
1933,1902,0000000c,00208463,0,00000000
1934,1903,00000010,fe000ce3,0,00000000
1935,1904,00000008,00108093,1,0000027b
1936,1905,0000000c,00208463,0,00000000
1937,1906,00000010,fe000ce3,0,00000000
1938,1907,00000008,00108093,1,0000027c
1939,1908,0000000c,00208463,0,00000000
1940,1909,00000010,fe000ce3,0,00000000
1941,1910,00000008,00108093,1,0000027d
1942,1911,0000000c,00208463,0,00000000
1943,1912,00000010,fe000ce3,0,00000000
1944,1913,00000008,00108093,1,0000027e
1945,1914,0000000c,00208463,0,00000000
1946,1915,00000010,fe000ce3,0,00000000
1947,1916,00000008,00108093,1,0000027f
1948,1917,0000000c,00208463,0,00000000
1949,1918,00000010,fe000ce3,0,00000000
1950,1919,00000008,00108093,1,00000280
1951,1920,0000000c,00208463,0,00000000
1952,1921,00000010,fe000ce3,0,00000000
1953,1922,00000008,00108093,1,00000281
1954,1923,0000000c,00208463,0,00000000
1955,1924,00000010,fe000ce3,0,00000000
1956,1925,00000008,00108093,1,00000282
1957,1926,0000000c,00208463,0,00000000
1958,1927,00000010,fe000ce3,0,00000000
1959,1928,00000008,00108093,1,00000283
1960,1929,0000000c,00208463,0,00000000
1961,1930,00000010,fe000ce3,0,00000000
1962,1931,00000008,00108093,1,00000284
1963,1932,0000000c,00208463,0,00000000
1964,1933,00000010,fe000ce3,0,00000000
1965,1934,00000008,00108093,1,00000285
1966,1935,0000000c,00208463,0,00000000
1967,1936,00000010,fe000ce3,0,00000000
1968,1937,00000008,00108093,1,00000286
1969,1938,0000000c,00208463,0,00000000
1970,1939,00000010,fe000ce3,0,00000000
1971,1940,00000008,00108093,1,00000287
1972,1941,0000000c,00208463,0,00000000
1973,1942,00000010,fe000ce3,0,00000000
1974,1943,00000008,00108093,1,00000288
1975,1944,0000000c,00208463,0,00000000
1976,1945,00000010,fe000ce3,0,00000000
1977,1946,00000008,00108093,1,00000289
1978,1947,0000000c,00208463,0,00000000
1979,1948,00000010,fe000ce3,0,00000000
1980,1949,00000008,00108093,1,0000028a
1981,1950,0000000c,00208463,0,00000000
1982,1951,00000010,fe000ce3,0,00000000
1983,1952,00000008,00108093,1,0000028b
1984,1953,0000000c,00208463,0,00000000
1985,1954,00000010,fe000ce3,0,00000000
1986,1955,00000008,00108093,1,0000028c
1987,1956,0000000c,00208463,0,00000000
1988,1957,00000010,fe000ce3,0,00000000
1989,1958,00000008,00108093,1,0000028d
1990,1959,0000000c,00208463,0,00000000
1991,1960,00000010,fe000ce3,0,00000000
1992,1961,00000008,00108093,1,0000028e
1993,1962,0000000c,00208463,0,00000000
1994,1963,00000010,fe000ce3,0,00000000
1995,1964,00000008,00108093,1,0000028f
1996,1965,0000000c,00208463,0,00000000
1997,1966,00000010,fe000ce3,0,00000000
1998,1967,00000008,00108093,1,00000290
1999,1968,0000000c,00208463,0,00000000
2000,1969,00000010,fe000ce3,0,00000000
2001,1970,00000008,00108093,1,00000291
2002,1971,0000000c,00208463,0,00000000
2003,1972,00000010,fe000ce3,0,00000000
2004,1973,00000008,00108093,1,00000292
2005,1974,0000000c,00208463,0,00000000
2006,1975,00000010,fe000ce3,0,00000000
2007,1976,00000008,00108093,1,00000293
2008,1977,0000000c,00208463,0,00000000
2009,1978,00000010,fe000ce3,0,00000000
2010,1979,00000008,00108093,1,00000294
2011,1980,0000000c,00208463,0,00000000
2012,1981,00000010,fe000ce3,0,00000000
2013,1982,00000008,00108093,1,00000295
2014,1983,0000000c,00208463,0,00000000
2015,1984,00000010,fe000ce3,0,00000000
2016,1985,00000008,00108093,1,00000296
2017,1986,0000000c,00208463,0,00000000
2018,1987,00000010,fe000ce3,0,00000000
2019,1988,00000008,00108093,1,00000297
2020,1989,0000000c,00208463,0,00000000
2021,1990,00000010,fe000ce3,0,00000000
2022,1991,00000008,00108093,1,00000298
2023,1992,0000000c,00208463,0,00000000
2024,1993,00000010,fe000ce3,0,00000000
2025,1994,00000008,00108093,1,00000299
2026,1995,0000000c,00208463,0,00000000
2027,1996,00000010,fe000ce3,0,00000000
2028,1997,00000008,00108093,1,0000029a
2029,1998,0000000c,00208463,0,00000000
2030,1999,00000010,fe000ce3,0,00000000
2031,2000,00000008,00108093,1,0000029b
2032,2001,0000000c,00208463,0,00000000
2033,2002,00000010,fe000ce3,0,00000000
2034,2003,00000008,00108093,1,0000029c
2035,2004,0000000c,00208463,0,00000000
2036,2005,00000010,fe000ce3,0,00000000
2037,2006,00000008,00108093,1,0000029d
2038,2007,0000000c,00208463,0,00000000
2039,2008,00000010,fe000ce3,0,00000000
2040,2009,00000008,00108093,1,0000029e
2041,2010,0000000c,00208463,0,00000000
2042,2011,00000010,fe000ce3,0,00000000
2043,2012,00000008,00108093,1,0000029f
2044,2013,0000000c,00208463,0,00000000
2045,2014,00000010,fe000ce3,0,00000000
2046,2015,00000008,00108093,1,000002a0
2047,2016,0000000c,00208463,0,00000000
2048,2017,00000010,fe000ce3,0,00000000
2049,2018,00000008,00108093,1,000002a1
2050,2019,0000000c,00208463,0,00000000
2051,2020,00000010,fe000ce3,0,00000000
2052,2021,00000008,00108093,1,000002a2
2053,2022,0000000c,00208463,0,00000000
2054,2023,00000010,fe000ce3,0,00000000
2055,2024,00000008,00108093,1,000002a3
2056,2025,0000000c,00208463,0,00000000
2057,2026,00000010,fe000ce3,0,00000000
2058,2027,00000008,00108093,1,000002a4
2059,2028,0000000c,00208463,0,00000000
2060,2029,00000010,fe000ce3,0,00000000
2061,2030,00000008,00108093,1,000002a5
2062,2031,0000000c,00208463,0,00000000
2063,2032,00000010,fe000ce3,0,00000000
2064,2033,00000008,00108093,1,000002a6
2065,2034,0000000c,00208463,0,00000000
2066,2035,00000010,fe000ce3,0,00000000
2067,2036,00000008,00108093,1,000002a7
2068,2037,0000000c,00208463,0,00000000
2069,2038,00000010,fe000ce3,0,00000000
2070,2039,00000008,00108093,1,000002a8
2071,2040,0000000c,00208463,0,00000000
2072,2041,00000010,fe000ce3,0,00000000
2073,2042,00000008,00108093,1,000002a9
2074,2043,0000000c,00208463,0,00000000
2075,2044,00000010,fe000ce3,0,00000000
2076,2045,00000008,00108093,1,000002aa
2077,2046,0000000c,00208463,0,00000000
2078,2047,00000010,fe000ce3,0,00000000
2079,2048,00000008,00108093,1,000002ab
2080,2049,0000000c,00208463,0,00000000
2081,2050,00000010,fe000ce3,0,00000000
2082,2051,00000008,00108093,1,000002ac
2083,2052,0000000c,00208463,0,00000000
2084,2053,00000010,fe000ce3,0,00000000
2085,2054,00000008,00108093,1,000002ad
2086,2055,0000000c,00208463,0,00000000
2087,2056,00000010,fe000ce3,0,00000000
2088,2057,00000008,00108093,1,000002ae
2089,2058,0000000c,00208463,0,00000000
2090,2059,00000010,fe000ce3,0,00000000
2091,2060,00000008,00108093,1,000002af
2092,2061,0000000c,00208463,0,00000000
2093,2062,00000010,fe000ce3,0,00000000
2094,2063,00000008,00108093,1,000002b0
2095,2064,0000000c,00208463,0,00000000
2096,2065,00000010,fe000ce3,0,00000000
2097,2066,00000008,00108093,1,000002b1
2098,2067,0000000c,00208463,0,00000000
2099,2068,00000010,fe000ce3,0,00000000
2100,2069,00000008,00108093,1,000002b2
2101,2070,0000000c,00208463,0,00000000
2102,2071,00000010,fe000ce3,0,00000000
2103,2072,00000008,00108093,1,000002b3
2104,2073,0000000c,00208463,0,00000000
2105,2074,00000010,fe000ce3,0,00000000
2106,2075,00000008,00108093,1,000002b4
2107,2076,0000000c,00208463,0,00000000
2108,2077,00000010,fe000ce3,0,00000000
2109,2078,00000008,00108093,1,000002b5
2110,2079,0000000c,00208463,0,00000000
2111,2080,00000010,fe000ce3,0,00000000
2112,2081,00000008,00108093,1,000002b6
2113,2082,0000000c,00208463,0,00000000
2114,2083,00000010,fe000ce3,0,00000000
2115,2084,00000008,00108093,1,000002b7
2116,2085,0000000c,00208463,0,00000000
2117,2086,00000010,fe000ce3,0,00000000
2118,2087,00000008,00108093,1,000002b8
2119,2088,0000000c,00208463,0,00000000
2120,2089,00000010,fe000ce3,0,00000000
2121,2090,00000008,00108093,1,000002b9
2122,2091,0000000c,00208463,0,00000000
2123,2092,00000010,fe000ce3,0,00000000
2124,2093,00000008,00108093,1,000002ba
2125,2094,0000000c,00208463,0,00000000
2126,2095,00000010,fe000ce3,0,00000000
2127,2096,00000008,00108093,1,000002bb
2128,2097,0000000c,00208463,0,00000000
2129,2098,00000010,fe000ce3,0,00000000
2130,2099,00000008,00108093,1,000002bc
2131,2100,0000000c,00208463,0,00000000
2132,2101,00000010,fe000ce3,0,00000000
2133,2102,00000008,00108093,1,000002bd
2134,2103,0000000c,00208463,0,00000000
2135,2104,00000010,fe000ce3,0,00000000
2136,2105,00000008,00108093,1,000002be
2137,2106,0000000c,00208463,0,00000000
2138,2107,00000010,fe000ce3,0,00000000
2139,2108,00000008,00108093,1,000002bf
2140,2109,0000000c,00208463,0,00000000
2141,2110,00000010,fe000ce3,0,00000000
2142,2111,00000008,00108093,1,000002c0
2143,2112,0000000c,00208463,0,00000000
2144,2113,00000010,fe000ce3,0,00000000
2145,2114,00000008,00108093,1,000002c1
2146,2115,0000000c,00208463,0,00000000
2147,2116,00000010,fe000ce3,0,00000000
2148,2117,00000008,00108093,1,000002c2
2149,2118,0000000c,00208463,0,00000000
2150,2119,00000010,fe000ce3,0,00000000
2151,2120,00000008,00108093,1,000002c3
2152,2121,0000000c,00208463,0,00000000
2153,2122,00000010,fe000ce3,0,00000000
2154,2123,00000008,00108093,1,000002c4
2155,2124,0000000c,00208463,0,00000000
2156,2125,00000010,fe000ce3,0,00000000
2157,2126,00000008,00108093,1,000002c5
2158,2127,0000000c,00208463,0,00000000
2159,2128,00000010,fe000ce3,0,00000000
2160,2129,00000008,00108093,1,000002c6
2161,2130,0000000c,00208463,0,00000000
2162,2131,00000010,fe000ce3,0,00000000
2163,2132,00000008,00108093,1,000002c7
2164,2133,0000000c,00208463,0,00000000
2165,2134,00000010,fe000ce3,0,00000000
2166,2135,00000008,00108093,1,000002c8
2167,2136,0000000c,00208463,0,00000000
2168,2137,00000010,fe000ce3,0,00000000
2169,2138,00000008,00108093,1,000002c9
2170,2139,0000000c,00208463,0,00000000
2171,2140,00000010,fe000ce3,0,00000000
2172,2141,00000008,00108093,1,000002ca
2173,2142,0000000c,00208463,0,00000000
2174,2143,00000010,fe000ce3,0,00000000
2175,2144,00000008,00108093,1,000002cb
2176,2145,0000000c,00208463,0,00000000
2177,2146,00000010,fe000ce3,0,00000000
2178,2147,00000008,00108093,1,000002cc
2179,2148,0000000c,00208463,0,00000000
2180,2149,00000010,fe000ce3,0,00000000
2181,2150,00000008,00108093,1,000002cd
2182,2151,0000000c,00208463,0,00000000
2183,2152,00000010,fe000ce3,0,00000000
2184,2153,00000008,00108093,1,000002ce
2185,2154,0000000c,00208463,0,00000000
2186,2155,00000010,fe000ce3,0,00000000
2187,2156,00000008,00108093,1,000002cf
2188,2157,0000000c,00208463,0,00000000
2189,2158,00000010,fe000ce3,0,00000000
2190,2159,00000008,00108093,1,000002d0
2191,2160,0000000c,00208463,0,00000000
2192,2161,00000010,fe000ce3,0,00000000
2193,2162,00000008,00108093,1,000002d1
2194,2163,0000000c,00208463,0,00000000
2195,2164,00000010,fe000ce3,0,00000000
2196,2165,00000008,00108093,1,000002d2
2197,2166,0000000c,00208463,0,00000000
2198,2167,00000010,fe000ce3,0,00000000
2199,2168,00000008,00108093,1,000002d3
2200,2169,0000000c,00208463,0,00000000
2201,2170,00000010,fe000ce3,0,00000000
2202,2171,00000008,00108093,1,000002d4
2203,2172,0000000c,00208463,0,00000000
2204,2173,00000010,fe000ce3,0,00000000
2205,2174,00000008,00108093,1,000002d5
2206,2175,0000000c,00208463,0,00000000
2207,2176,00000010,fe000ce3,0,00000000
2208,2177,00000008,00108093,1,000002d6
2209,2178,0000000c,00208463,0,00000000
2210,2179,00000010,fe000ce3,0,00000000
2211,2180,00000008,00108093,1,000002d7
2212,2181,0000000c,00208463,0,00000000
2213,2182,00000010,fe000ce3,0,00000000
2214,2183,00000008,00108093,1,000002d8
2215,2184,0000000c,00208463,0,00000000
2216,2185,00000010,fe000ce3,0,00000000
2217,2186,00000008,00108093,1,000002d9
2218,2187,0000000c,00208463,0,00000000
2219,2188,00000010,fe000ce3,0,00000000
2220,2189,00000008,00108093,1,000002da
2221,2190,0000000c,00208463,0,00000000
2222,2191,00000010,fe000ce3,0,00000000
2223,2192,00000008,00108093,1,000002db
2224,2193,0000000c,00208463,0,00000000
2225,2194,00000010,fe000ce3,0,00000000
2226,2195,00000008,00108093,1,000002dc
2227,2196,0000000c,00208463,0,00000000
2228,2197,00000010,fe000ce3,0,00000000
2229,2198,00000008,00108093,1,000002dd
2230,2199,0000000c,00208463,0,00000000
2231,2200,00000010,fe000ce3,0,00000000
2232,2201,00000008,00108093,1,000002de
2233,2202,0000000c,00208463,0,00000000
2234,2203,00000010,fe000ce3,0,00000000
2235,2204,00000008,00108093,1,000002df
2236,2205,0000000c,00208463,0,00000000
2237,2206,00000010,fe000ce3,0,00000000
2238,2207,00000008,00108093,1,000002e0
2239,2208,0000000c,00208463,0,00000000
2240,2209,00000010,fe000ce3,0,00000000
2241,2210,00000008,00108093,1,000002e1
2242,2211,0000000c,00208463,0,00000000
2243,2212,00000010,fe000ce3,0,00000000
2244,2213,00000008,00108093,1,000002e2
2245,2214,0000000c,00208463,0,00000000
2246,2215,00000010,fe000ce3,0,00000000
2247,2216,00000008,00108093,1,000002e3
2248,2217,0000000c,00208463,0,00000000
2249,2218,00000010,fe000ce3,0,00000000
2250,2219,00000008,00108093,1,000002e4
2251,2220,0000000c,00208463,0,00000000
2252,2221,00000010,fe000ce3,0,00000000
2253,2222,00000008,00108093,1,000002e5
2254,2223,0000000c,00208463,0,00000000
2255,2224,00000010,fe000ce3,0,00000000
2256,2225,00000008,00108093,1,000002e6
2257,2226,0000000c,00208463,0,00000000
2258,2227,00000010,fe000ce3,0,00000000
2259,2228,00000008,00108093,1,000002e7
2260,2229,0000000c,00208463,0,00000000
2261,2230,00000010,fe000ce3,0,00000000
2262,2231,00000008,00108093,1,000002e8
2263,2232,0000000c,00208463,0,00000000
2264,2233,00000010,fe000ce3,0,00000000
2265,2234,00000008,00108093,1,000002e9
2266,2235,0000000c,00208463,0,00000000
2267,2236,00000010,fe000ce3,0,00000000
2268,2237,00000008,00108093,1,000002ea
2269,2238,0000000c,00208463,0,00000000
2270,2239,00000010,fe000ce3,0,00000000
2271,2240,00000008,00108093,1,000002eb
2272,2241,0000000c,00208463,0,00000000
2273,2242,00000010,fe000ce3,0,00000000
2274,2243,00000008,00108093,1,000002ec
2275,2244,0000000c,00208463,0,00000000
2276,2245,00000010,fe000ce3,0,00000000
2277,2246,00000008,00108093,1,000002ed
2278,2247,0000000c,00208463,0,00000000
2279,2248,00000010,fe000ce3,0,00000000
2280,2249,00000008,00108093,1,000002ee
2281,2250,0000000c,00208463,0,00000000
2282,2251,00000010,fe000ce3,0,00000000
2283,2252,00000008,00108093,1,000002ef
2284,2253,0000000c,00208463,0,00000000
2285,2254,00000010,fe000ce3,0,00000000
2286,2255,00000008,00108093,1,000002f0
2287,2256,0000000c,00208463,0,00000000
2288,2257,00000010,fe000ce3,0,00000000
2289,2258,00000008,00108093,1,000002f1
2290,2259,0000000c,00208463,0,00000000
2291,2260,00000010,fe000ce3,0,00000000
2292,2261,00000008,00108093,1,000002f2
2293,2262,0000000c,00208463,0,00000000
2294,2263,00000010,fe000ce3,0,00000000
2295,2264,00000008,00108093,1,000002f3
2296,2265,0000000c,00208463,0,00000000
2297,2266,00000010,fe000ce3,0,00000000
2298,2267,00000008,00108093,1,000002f4
2299,2268,0000000c,00208463,0,00000000
2300,2269,00000010,fe000ce3,0,00000000
2301,2270,00000008,00108093,1,000002f5
2302,2271,0000000c,00208463,0,00000000
2303,2272,00000010,fe000ce3,0,00000000
2304,2273,00000008,00108093,1,000002f6
2305,2274,0000000c,00208463,0,00000000
2306,2275,00000010,fe000ce3,0,00000000
2307,2276,00000008,00108093,1,000002f7
2308,2277,0000000c,00208463,0,00000000
2309,2278,00000010,fe000ce3,0,00000000
2310,2279,00000008,00108093,1,000002f8
2311,2280,0000000c,00208463,0,00000000
2312,2281,00000010,fe000ce3,0,00000000
2313,2282,00000008,00108093,1,000002f9
2314,2283,0000000c,00208463,0,00000000
2315,2284,00000010,fe000ce3,0,00000000
2316,2285,00000008,00108093,1,000002fa
2317,2286,0000000c,00208463,0,00000000
2318,2287,00000010,fe000ce3,0,00000000
2319,2288,00000008,00108093,1,000002fb
2320,2289,0000000c,00208463,0,00000000
2321,2290,00000010,fe000ce3,0,00000000
2322,2291,00000008,00108093,1,000002fc
2323,2292,0000000c,00208463,0,00000000
2324,2293,00000010,fe000ce3,0,00000000
2325,2294,00000008,00108093,1,000002fd
2326,2295,0000000c,00208463,0,00000000
2327,2296,00000010,fe000ce3,0,00000000
2328,2297,00000008,00108093,1,000002fe
2329,2298,0000000c,00208463,0,00000000
2330,2299,00000010,fe000ce3,0,00000000
2331,2300,00000008,00108093,1,000002ff
2332,2301,0000000c,00208463,0,00000000
2333,2302,00000010,fe000ce3,0,00000000
2334,2303,00000008,00108093,1,00000300
2335,2304,0000000c,00208463,0,00000000
2336,2305,00000010,fe000ce3,0,00000000
2337,2306,00000008,00108093,1,00000301
2338,2307,0000000c,00208463,0,00000000
2339,2308,00000010,fe000ce3,0,00000000
2340,2309,00000008,00108093,1,00000302
2341,2310,0000000c,00208463,0,00000000
2342,2311,00000010,fe000ce3,0,00000000
2343,2312,00000008,00108093,1,00000303
2344,2313,0000000c,00208463,0,00000000
2345,2314,00000010,fe000ce3,0,00000000
2346,2315,00000008,00108093,1,00000304
2347,2316,0000000c,00208463,0,00000000
2348,2317,00000010,fe000ce3,0,00000000
2349,2318,00000008,00108093,1,00000305
2350,2319,0000000c,00208463,0,00000000
2351,2320,00000010,fe000ce3,0,00000000
2352,2321,00000008,00108093,1,00000306
2353,2322,0000000c,00208463,0,00000000
2354,2323,00000010,fe000ce3,0,00000000
2355,2324,00000008,00108093,1,00000307
2356,2325,0000000c,00208463,0,00000000
2357,2326,00000010,fe000ce3,0,00000000
2358,2327,00000008,00108093,1,00000308
2359,2328,0000000c,00208463,0,00000000
2360,2329,00000010,fe000ce3,0,00000000
2361,2330,00000008,00108093,1,00000309
2362,2331,0000000c,00208463,0,00000000
2363,2332,00000010,fe000ce3,0,00000000
2364,2333,00000008,00108093,1,0000030a
2365,2334,0000000c,00208463,0,00000000
2366,2335,00000010,fe000ce3,0,00000000
2367,2336,00000008,00108093,1,0000030b
2368,2337,0000000c,00208463,0,00000000
2369,2338,00000010,fe000ce3,0,00000000
2370,2339,00000008,00108093,1,0000030c
2371,2340,0000000c,00208463,0,00000000
2372,2341,00000010,fe000ce3,0,00000000
2373,2342,00000008,00108093,1,0000030d
2374,2343,0000000c,00208463,0,00000000
2375,2344,00000010,fe000ce3,0,00000000
2376,2345,00000008,00108093,1,0000030e
2377,2346,0000000c,00208463,0,00000000
2378,2347,00000010,fe000ce3,0,00000000
2379,2348,00000008,00108093,1,0000030f
2380,2349,0000000c,00208463,0,00000000
2381,2350,00000010,fe000ce3,0,00000000
2382,2351,00000008,00108093,1,00000310
2383,2352,0000000c,00208463,0,00000000
2384,2353,00000010,fe000ce3,0,00000000
2385,2354,00000008,00108093,1,00000311
2386,2355,0000000c,00208463,0,00000000
2387,2356,00000010,fe000ce3,0,00000000
2388,2357,00000008,00108093,1,00000312
2389,2358,0000000c,00208463,0,00000000
2390,2359,00000010,fe000ce3,0,00000000
2391,2360,00000008,00108093,1,00000313
2392,2361,0000000c,00208463,0,00000000
2393,2362,00000010,fe000ce3,0,00000000
2394,2363,00000008,00108093,1,00000314
2395,2364,0000000c,00208463,0,00000000
2396,2365,00000010,fe000ce3,0,00000000
2397,2366,00000008,00108093,1,00000315
2398,2367,0000000c,00208463,0,00000000
2399,2368,00000010,fe000ce3,0,00000000
2400,2369,00000008,00108093,1,00000316
2401,2370,0000000c,00208463,0,00000000
2402,2371,00000010,fe000ce3,0,00000000
2403,2372,00000008,00108093,1,00000317
2404,2373,0000000c,00208463,0,00000000
2405,2374,00000010,fe000ce3,0,00000000
2406,2375,00000008,00108093,1,00000318
2407,2376,0000000c,00208463,0,00000000
2408,2377,00000010,fe000ce3,0,00000000
2409,2378,00000008,00108093,1,00000319
2410,2379,0000000c,00208463,0,00000000
2411,2380,00000010,fe000ce3,0,00000000
2412,2381,00000008,00108093,1,0000031a
2413,2382,0000000c,00208463,0,00000000
2414,2383,00000010,fe000ce3,0,00000000
2415,2384,00000008,00108093,1,0000031b
2416,2385,0000000c,00208463,0,00000000
2417,2386,00000010,fe000ce3,0,00000000
2418,2387,00000008,00108093,1,0000031c
2419,2388,0000000c,00208463,0,00000000
2420,2389,00000010,fe000ce3,0,00000000
2421,2390,00000008,00108093,1,0000031d
2422,2391,0000000c,00208463,0,00000000
2423,2392,00000010,fe000ce3,0,00000000
2424,2393,00000008,00108093,1,0000031e
2425,2394,0000000c,00208463,0,00000000
2426,2395,00000010,fe000ce3,0,00000000
2427,2396,00000008,00108093,1,0000031f
2428,2397,0000000c,00208463,0,00000000
2429,2398,00000010,fe000ce3,0,00000000
2430,2399,00000008,00108093,1,00000320
2431,2400,0000000c,00208463,0,00000000
2432,2401,00000010,fe000ce3,0,00000000
2433,2402,00000008,00108093,1,00000321
2434,2403,0000000c,00208463,0,00000000
2435,2404,00000010,fe000ce3,0,00000000
2436,2405,00000008,00108093,1,00000322
2437,2406,0000000c,00208463,0,00000000
2438,2407,00000010,fe000ce3,0,00000000
2439,2408,00000008,00108093,1,00000323
2440,2409,0000000c,00208463,0,00000000
2441,2410,00000010,fe000ce3,0,00000000
2442,2411,00000008,00108093,1,00000324
2443,2412,0000000c,00208463,0,00000000
2444,2413,00000010,fe000ce3,0,00000000
2445,2414,00000008,00108093,1,00000325
2446,2415,0000000c,00208463,0,00000000
2447,2416,00000010,fe000ce3,0,00000000
2448,2417,00000008,00108093,1,00000326
2449,2418,0000000c,00208463,0,00000000
2450,2419,00000010,fe000ce3,0,00000000
2451,2420,00000008,00108093,1,00000327
2452,2421,0000000c,00208463,0,00000000
2453,2422,00000010,fe000ce3,0,00000000
2454,2423,00000008,00108093,1,00000328
2455,2424,0000000c,00208463,0,00000000
2456,2425,00000010,fe000ce3,0,00000000
2457,2426,00000008,00108093,1,00000329
2458,2427,0000000c,00208463,0,00000000
2459,2428,00000010,fe000ce3,0,00000000
2460,2429,00000008,00108093,1,0000032a
2461,2430,0000000c,00208463,0,00000000
2462,2431,00000010,fe000ce3,0,00000000
2463,2432,00000008,00108093,1,0000032b
2464,2433,0000000c,00208463,0,00000000
2465,2434,00000010,fe000ce3,0,00000000
2466,2435,00000008,00108093,1,0000032c
2467,2436,0000000c,00208463,0,00000000
2468,2437,00000010,fe000ce3,0,00000000
2469,2438,00000008,00108093,1,0000032d
2470,2439,0000000c,00208463,0,00000000
2471,2440,00000010,fe000ce3,0,00000000
2472,2441,00000008,00108093,1,0000032e
2473,2442,0000000c,00208463,0,00000000
2474,2443,00000010,fe000ce3,0,00000000
2475,2444,00000008,00108093,1,0000032f
2476,2445,0000000c,00208463,0,00000000
2477,2446,00000010,fe000ce3,0,00000000
2478,2447,00000008,00108093,1,00000330
2479,2448,0000000c,00208463,0,00000000
2480,2449,00000010,fe000ce3,0,00000000
2481,2450,00000008,00108093,1,00000331
2482,2451,0000000c,00208463,0,00000000
2483,2452,00000010,fe000ce3,0,00000000
2484,2453,00000008,00108093,1,00000332
2485,2454,0000000c,00208463,0,00000000
2486,2455,00000010,fe000ce3,0,00000000
2487,2456,00000008,00108093,1,00000333
2488,2457,0000000c,00208463,0,00000000
2489,2458,00000010,fe000ce3,0,00000000
2490,2459,00000008,00108093,1,00000334
2491,2460,0000000c,00208463,0,00000000
2492,2461,00000010,fe000ce3,0,00000000
2493,2462,00000008,00108093,1,00000335
2494,2463,0000000c,00208463,0,00000000
2495,2464,00000010,fe000ce3,0,00000000
2496,2465,00000008,00108093,1,00000336
2497,2466,0000000c,00208463,0,00000000
2498,2467,00000010,fe000ce3,0,00000000
2499,2468,00000008,00108093,1,00000337
2500,2469,0000000c,00208463,0,00000000
2501,2470,00000010,fe000ce3,0,00000000
2502,2471,00000008,00108093,1,00000338
2503,2472,0000000c,00208463,0,00000000
2504,2473,00000010,fe000ce3,0,00000000
2505,2474,00000008,00108093,1,00000339
2506,2475,0000000c,00208463,0,00000000
2507,2476,00000010,fe000ce3,0,00000000
2508,2477,00000008,00108093,1,0000033a
2509,2478,0000000c,00208463,0,00000000
2510,2479,00000010,fe000ce3,0,00000000
2511,2480,00000008,00108093,1,0000033b
2512,2481,0000000c,00208463,0,00000000
2513,2482,00000010,fe000ce3,0,00000000
2514,2483,00000008,00108093,1,0000033c
2515,2484,0000000c,00208463,0,00000000
2516,2485,00000010,fe000ce3,0,00000000
2517,2486,00000008,00108093,1,0000033d
2518,2487,0000000c,00208463,0,00000000
2519,2488,00000010,fe000ce3,0,00000000
2520,2489,00000008,00108093,1,0000033e
2521,2490,0000000c,00208463,0,00000000
2522,2491,00000010,fe000ce3,0,00000000
2523,2492,00000008,00108093,1,0000033f
2524,2493,0000000c,00208463,0,00000000
2525,2494,00000010,fe000ce3,0,00000000
2526,2495,00000008,00108093,1,00000340
2527,2496,0000000c,00208463,0,00000000
2528,2497,00000010,fe000ce3,0,00000000
2529,2498,00000008,00108093,1,00000341
2530,2499,0000000c,00208463,0,00000000
2531,2500,00000010,fe000ce3,0,00000000
2532,2501,00000008,00108093,1,00000342
2533,2502,0000000c,00208463,0,00000000
2534,2503,00000010,fe000ce3,0,00000000
2535,2504,00000008,00108093,1,00000343
2536,2505,0000000c,00208463,0,00000000
2537,2506,00000010,fe000ce3,0,00000000
2538,2507,00000008,00108093,1,00000344
2539,2508,0000000c,00208463,0,00000000
2540,2509,00000010,fe000ce3,0,00000000
2541,2510,00000008,00108093,1,00000345
2542,2511,0000000c,00208463,0,00000000
2543,2512,00000010,fe000ce3,0,00000000
2544,2513,00000008,00108093,1,00000346
2545,2514,0000000c,00208463,0,00000000
2546,2515,00000010,fe000ce3,0,00000000
2547,2516,00000008,00108093,1,00000347
2548,2517,0000000c,00208463,0,00000000
2549,2518,00000010,fe000ce3,0,00000000
2550,2519,00000008,00108093,1,00000348
2551,2520,0000000c,00208463,0,00000000
2552,2521,00000010,fe000ce3,0,00000000
2553,2522,00000008,00108093,1,00000349
2554,2523,0000000c,00208463,0,00000000
2555,2524,00000010,fe000ce3,0,00000000
2556,2525,00000008,00108093,1,0000034a
2557,2526,0000000c,00208463,0,00000000
2558,2527,00000010,fe000ce3,0,00000000
2559,2528,00000008,00108093,1,0000034b
2560,2529,0000000c,00208463,0,00000000
2561,2530,00000010,fe000ce3,0,00000000
2562,2531,00000008,00108093,1,0000034c
2563,2532,0000000c,00208463,0,00000000
2564,2533,00000010,fe000ce3,0,00000000
2565,2534,00000008,00108093,1,0000034d
2566,2535,0000000c,00208463,0,00000000
2567,2536,00000010,fe000ce3,0,00000000
2568,2537,00000008,00108093,1,0000034e
2569,2538,0000000c,00208463,0,00000000
2570,2539,00000010,fe000ce3,0,00000000
2571,2540,00000008,00108093,1,0000034f
2572,2541,0000000c,00208463,0,00000000
2573,2542,00000010,fe000ce3,0,00000000
2574,2543,00000008,00108093,1,00000350
2575,2544,0000000c,00208463,0,00000000
2576,2545,00000010,fe000ce3,0,00000000
2577,2546,00000008,00108093,1,00000351
2578,2547,0000000c,00208463,0,00000000
2579,2548,00000010,fe000ce3,0,00000000
2580,2549,00000008,00108093,1,00000352
2581,2550,0000000c,00208463,0,00000000
2582,2551,00000010,fe000ce3,0,00000000
2583,2552,00000008,00108093,1,00000353
2584,2553,0000000c,00208463,0,00000000
2585,2554,00000010,fe000ce3,0,00000000
2586,2555,00000008,00108093,1,00000354
2587,2556,0000000c,00208463,0,00000000
2588,2557,00000010,fe000ce3,0,00000000
2589,2558,00000008,00108093,1,00000355
2590,2559,0000000c,00208463,0,00000000
2591,2560,00000010,fe000ce3,0,00000000
2592,2561,00000008,00108093,1,00000356
2593,2562,0000000c,00208463,0,00000000
2594,2563,00000010,fe000ce3,0,00000000
2595,2564,00000008,00108093,1,00000357
2596,2565,0000000c,00208463,0,00000000
2597,2566,00000010,fe000ce3,0,00000000
2598,2567,00000008,00108093,1,00000358
2599,2568,0000000c,00208463,0,00000000
2600,2569,00000010,fe000ce3,0,00000000
2601,2570,00000008,00108093,1,00000359
2602,2571,0000000c,00208463,0,00000000
2603,2572,00000010,fe000ce3,0,00000000
2604,2573,00000008,00108093,1,0000035a
2605,2574,0000000c,00208463,0,00000000
2606,2575,00000010,fe000ce3,0,00000000
2607,2576,00000008,00108093,1,0000035b
2608,2577,0000000c,00208463,0,00000000
2609,2578,00000010,fe000ce3,0,00000000
2610,2579,00000008,00108093,1,0000035c
2611,2580,0000000c,00208463,0,00000000
2612,2581,00000010,fe000ce3,0,00000000
2613,2582,00000008,00108093,1,0000035d
2614,2583,0000000c,00208463,0,00000000
2615,2584,00000010,fe000ce3,0,00000000
2616,2585,00000008,00108093,1,0000035e
2617,2586,0000000c,00208463,0,00000000
2618,2587,00000010,fe000ce3,0,00000000
2619,2588,00000008,00108093,1,0000035f
2620,2589,0000000c,00208463,0,00000000
2621,2590,00000010,fe000ce3,0,00000000
2622,2591,00000008,00108093,1,00000360
2623,2592,0000000c,00208463,0,00000000
2624,2593,00000010,fe000ce3,0,00000000
2625,2594,00000008,00108093,1,00000361
2626,2595,0000000c,00208463,0,00000000
2627,2596,00000010,fe000ce3,0,00000000
2628,2597,00000008,00108093,1,00000362
2629,2598,0000000c,00208463,0,00000000
2630,2599,00000010,fe000ce3,0,00000000
2631,2600,00000008,00108093,1,00000363
2632,2601,0000000c,00208463,0,00000000
2633,2602,00000010,fe000ce3,0,00000000
2634,2603,00000008,00108093,1,00000364
2635,2604,0000000c,00208463,0,00000000
2636,2605,00000010,fe000ce3,0,00000000
2637,2606,00000008,00108093,1,00000365
2638,2607,0000000c,00208463,0,00000000
2639,2608,00000010,fe000ce3,0,00000000
2640,2609,00000008,00108093,1,00000366
2641,2610,0000000c,00208463,0,00000000
2642,2611,00000010,fe000ce3,0,00000000
2643,2612,00000008,00108093,1,00000367
2644,2613,0000000c,00208463,0,00000000
2645,2614,00000010,fe000ce3,0,00000000
2646,2615,00000008,00108093,1,00000368
2647,2616,0000000c,00208463,0,00000000
2648,2617,00000010,fe000ce3,0,00000000
2649,2618,00000008,00108093,1,00000369
2650,2619,0000000c,00208463,0,00000000
2651,2620,00000010,fe000ce3,0,00000000
2652,2621,00000008,00108093,1,0000036a
2653,2622,0000000c,00208463,0,00000000
2654,2623,00000010,fe000ce3,0,00000000
2655,2624,00000008,00108093,1,0000036b
2656,2625,0000000c,00208463,0,00000000
2657,2626,00000010,fe000ce3,0,00000000
2658,2627,00000008,00108093,1,0000036c
2659,2628,0000000c,00208463,0,00000000
2660,2629,00000010,fe000ce3,0,00000000
2661,2630,00000008,00108093,1,0000036d
2662,2631,0000000c,00208463,0,00000000
2663,2632,00000010,fe000ce3,0,00000000
2664,2633,00000008,00108093,1,0000036e
2665,2634,0000000c,00208463,0,00000000
2666,2635,00000010,fe000ce3,0,00000000
2667,2636,00000008,00108093,1,0000036f
2668,2637,0000000c,00208463,0,00000000
2669,2638,00000010,fe000ce3,0,00000000
2670,2639,00000008,00108093,1,00000370
2671,2640,0000000c,00208463,0,00000000
2672,2641,00000010,fe000ce3,0,00000000
2673,2642,00000008,00108093,1,00000371
2674,2643,0000000c,00208463,0,00000000
2675,2644,00000010,fe000ce3,0,00000000
2676,2645,00000008,00108093,1,00000372
2677,2646,0000000c,00208463,0,00000000
2678,2647,00000010,fe000ce3,0,00000000
2679,2648,00000008,00108093,1,00000373
2680,2649,0000000c,00208463,0,00000000
2681,2650,00000010,fe000ce3,0,00000000
2682,2651,00000008,00108093,1,00000374
2683,2652,0000000c,00208463,0,00000000
2684,2653,00000010,fe000ce3,0,00000000
2685,2654,00000008,00108093,1,00000375
2686,2655,0000000c,00208463,0,00000000
2687,2656,00000010,fe000ce3,0,00000000
2688,2657,00000008,00108093,1,00000376
2689,2658,0000000c,00208463,0,00000000
2690,2659,00000010,fe000ce3,0,00000000
2691,2660,00000008,00108093,1,00000377
2692,2661,0000000c,00208463,0,00000000
2693,2662,00000010,fe000ce3,0,00000000
2694,2663,00000008,00108093,1,00000378
2695,2664,0000000c,00208463,0,00000000
2696,2665,00000010,fe000ce3,0,00000000
2697,2666,00000008,00108093,1,00000379
2698,2667,0000000c,00208463,0,00000000
2699,2668,00000010,fe000ce3,0,00000000
2700,2669,00000008,00108093,1,0000037a
2701,2670,0000000c,00208463,0,00000000
2702,2671,00000010,fe000ce3,0,00000000
2703,2672,00000008,00108093,1,0000037b
2704,2673,0000000c,00208463,0,00000000
2705,2674,00000010,fe000ce3,0,00000000
2706,2675,00000008,00108093,1,0000037c
2707,2676,0000000c,00208463,0,00000000
2708,2677,00000010,fe000ce3,0,00000000
2709,2678,00000008,00108093,1,0000037d
2710,2679,0000000c,00208463,0,00000000
2711,2680,00000010,fe000ce3,0,00000000
2712,2681,00000008,00108093,1,0000037e
2713,2682,0000000c,00208463,0,00000000
2714,2683,00000010,fe000ce3,0,00000000
2715,2684,00000008,00108093,1,0000037f
2716,2685,0000000c,00208463,0,00000000
2717,2686,00000010,fe000ce3,0,00000000
2718,2687,00000008,00108093,1,00000380
2719,2688,0000000c,00208463,0,00000000
2720,2689,00000010,fe000ce3,0,00000000
2721,2690,00000008,00108093,1,00000381
2722,2691,0000000c,00208463,0,00000000
2723,2692,00000010,fe000ce3,0,00000000
2724,2693,00000008,00108093,1,00000382
2725,2694,0000000c,00208463,0,00000000
2726,2695,00000010,fe000ce3,0,00000000
2727,2696,00000008,00108093,1,00000383
2728,2697,0000000c,00208463,0,00000000
2729,2698,00000010,fe000ce3,0,00000000
2730,2699,00000008,00108093,1,00000384
2731,2700,0000000c,00208463,0,00000000
2732,2701,00000010,fe000ce3,0,00000000
2733,2702,00000008,00108093,1,00000385
2734,2703,0000000c,00208463,0,00000000
2735,2704,00000010,fe000ce3,0,00000000
2736,2705,00000008,00108093,1,00000386
2737,2706,0000000c,00208463,0,00000000
2738,2707,00000010,fe000ce3,0,00000000
2739,2708,00000008,00108093,1,00000387
2740,2709,0000000c,00208463,0,00000000
2741,2710,00000010,fe000ce3,0,00000000
2742,2711,00000008,00108093,1,00000388
2743,2712,0000000c,00208463,0,00000000
2744,2713,00000010,fe000ce3,0,00000000
2745,2714,00000008,00108093,1,00000389
2746,2715,0000000c,00208463,0,00000000
2747,2716,00000010,fe000ce3,0,00000000
2748,2717,00000008,00108093,1,0000038a
2749,2718,0000000c,00208463,0,00000000
2750,2719,00000010,fe000ce3,0,00000000
2751,2720,00000008,00108093,1,0000038b
2752,2721,0000000c,00208463,0,00000000
2753,2722,00000010,fe000ce3,0,00000000
2754,2723,00000008,00108093,1,0000038c
2755,2724,0000000c,00208463,0,00000000
2756,2725,00000010,fe000ce3,0,00000000
2757,2726,00000008,00108093,1,0000038d
2758,2727,0000000c,00208463,0,00000000
2759,2728,00000010,fe000ce3,0,00000000
2760,2729,00000008,00108093,1,0000038e
2761,2730,0000000c,00208463,0,00000000
2762,2731,00000010,fe000ce3,0,00000000
2763,2732,00000008,00108093,1,0000038f
2764,2733,0000000c,00208463,0,00000000
2765,2734,00000010,fe000ce3,0,00000000
2766,2735,00000008,00108093,1,00000390
2767,2736,0000000c,00208463,0,00000000
2768,2737,00000010,fe000ce3,0,00000000
2769,2738,00000008,00108093,1,00000391
2770,2739,0000000c,00208463,0,00000000
2771,2740,00000010,fe000ce3,0,00000000
2772,2741,00000008,00108093,1,00000392
2773,2742,0000000c,00208463,0,00000000
2774,2743,00000010,fe000ce3,0,00000000
2775,2744,00000008,00108093,1,00000393
2776,2745,0000000c,00208463,0,00000000
2777,2746,00000010,fe000ce3,0,00000000
2778,2747,00000008,00108093,1,00000394
2779,2748,0000000c,00208463,0,00000000
2780,2749,00000010,fe000ce3,0,00000000
2781,2750,00000008,00108093,1,00000395
2782,2751,0000000c,00208463,0,00000000
2783,2752,00000010,fe000ce3,0,00000000
2784,2753,00000008,00108093,1,00000396
2785,2754,0000000c,00208463,0,00000000
2786,2755,00000010,fe000ce3,0,00000000
2787,2756,00000008,00108093,1,00000397
2788,2757,0000000c,00208463,0,00000000
2789,2758,00000010,fe000ce3,0,00000000
2790,2759,00000008,00108093,1,00000398
2791,2760,0000000c,00208463,0,00000000
2792,2761,00000010,fe000ce3,0,00000000
2793,2762,00000008,00108093,1,00000399
2794,2763,0000000c,00208463,0,00000000
2795,2764,00000010,fe000ce3,0,00000000
2796,2765,00000008,00108093,1,0000039a
2797,2766,0000000c,00208463,0,00000000
2798,2767,00000010,fe000ce3,0,00000000
2799,2768,00000008,00108093,1,0000039b
2800,2769,0000000c,00208463,0,00000000
2801,2770,00000010,fe000ce3,0,00000000
2802,2771,00000008,00108093,1,0000039c
2803,2772,0000000c,00208463,0,00000000
2804,2773,00000010,fe000ce3,0,00000000
2805,2774,00000008,00108093,1,0000039d
2806,2775,0000000c,00208463,0,00000000
2807,2776,00000010,fe000ce3,0,00000000
2808,2777,00000008,00108093,1,0000039e
2809,2778,0000000c,00208463,0,00000000
2810,2779,00000010,fe000ce3,0,00000000
2811,2780,00000008,00108093,1,0000039f
2812,2781,0000000c,00208463,0,00000000
2813,2782,00000010,fe000ce3,0,00000000
2814,2783,00000008,00108093,1,000003a0
2815,2784,0000000c,00208463,0,00000000
2816,2785,00000010,fe000ce3,0,00000000
2817,2786,00000008,00108093,1,000003a1
2818,2787,0000000c,00208463,0,00000000
2819,2788,00000010,fe000ce3,0,00000000
2820,2789,00000008,00108093,1,000003a2
2821,2790,0000000c,00208463,0,00000000
2822,2791,00000010,fe000ce3,0,00000000
2823,2792,00000008,00108093,1,000003a3
2824,2793,0000000c,00208463,0,00000000
2825,2794,00000010,fe000ce3,0,00000000
2826,2795,00000008,00108093,1,000003a4
2827,2796,0000000c,00208463,0,00000000
2828,2797,00000010,fe000ce3,0,00000000
2829,2798,00000008,00108093,1,000003a5
2830,2799,0000000c,00208463,0,00000000
2831,2800,00000010,fe000ce3,0,00000000
2832,2801,00000008,00108093,1,000003a6
2833,2802,0000000c,00208463,0,00000000
2834,2803,00000010,fe000ce3,0,00000000
2835,2804,00000008,00108093,1,000003a7
2836,2805,0000000c,00208463,0,00000000
2837,2806,00000010,fe000ce3,0,00000000
2838,2807,00000008,00108093,1,000003a8
2839,2808,0000000c,00208463,0,00000000
2840,2809,00000010,fe000ce3,0,00000000
2841,2810,00000008,00108093,1,000003a9
2842,2811,0000000c,00208463,0,00000000
2843,2812,00000010,fe000ce3,0,00000000
2844,2813,00000008,00108093,1,000003aa
2845,2814,0000000c,00208463,0,00000000
2846,2815,00000010,fe000ce3,0,00000000
2847,2816,00000008,00108093,1,000003ab
2848,2817,0000000c,00208463,0,00000000
2849,2818,00000010,fe000ce3,0,00000000
2850,2819,00000008,00108093,1,000003ac
2851,2820,0000000c,00208463,0,00000000
2852,2821,00000010,fe000ce3,0,00000000
2853,2822,00000008,00108093,1,000003ad
2854,2823,0000000c,00208463,0,00000000
2855,2824,00000010,fe000ce3,0,00000000
2856,2825,00000008,00108093,1,000003ae
2857,2826,0000000c,00208463,0,00000000
2858,2827,00000010,fe000ce3,0,00000000
2859,2828,00000008,00108093,1,000003af
2860,2829,0000000c,00208463,0,00000000
2861,2830,00000010,fe000ce3,0,00000000
2862,2831,00000008,00108093,1,000003b0
2863,2832,0000000c,00208463,0,00000000
2864,2833,00000010,fe000ce3,0,00000000
2865,2834,00000008,00108093,1,000003b1
2866,2835,0000000c,00208463,0,00000000
2867,2836,00000010,fe000ce3,0,00000000
2868,2837,00000008,00108093,1,000003b2
2869,2838,0000000c,00208463,0,00000000
2870,2839,00000010,fe000ce3,0,00000000
2871,2840,00000008,00108093,1,000003b3
2872,2841,0000000c,00208463,0,00000000
2873,2842,00000010,fe000ce3,0,00000000
2874,2843,00000008,00108093,1,000003b4
2875,2844,0000000c,00208463,0,00000000
2876,2845,00000010,fe000ce3,0,00000000
2877,2846,00000008,00108093,1,000003b5
2878,2847,0000000c,00208463,0,00000000
2879,2848,00000010,fe000ce3,0,00000000
2880,2849,00000008,00108093,1,000003b6
2881,2850,0000000c,00208463,0,00000000
2882,2851,00000010,fe000ce3,0,00000000
2883,2852,00000008,00108093,1,000003b7
2884,2853,0000000c,00208463,0,00000000
2885,2854,00000010,fe000ce3,0,00000000
2886,2855,00000008,00108093,1,000003b8
2887,2856,0000000c,00208463,0,00000000
2888,2857,00000010,fe000ce3,0,00000000
2889,2858,00000008,00108093,1,000003b9
2890,2859,0000000c,00208463,0,00000000
2891,2860,00000010,fe000ce3,0,00000000
2892,2861,00000008,00108093,1,000003ba
2893,2862,0000000c,00208463,0,00000000
2894,2863,00000010,fe000ce3,0,00000000
2895,2864,00000008,00108093,1,000003bb
2896,2865,0000000c,00208463,0,00000000
2897,2866,00000010,fe000ce3,0,00000000
2898,2867,00000008,00108093,1,000003bc
2899,2868,0000000c,00208463,0,00000000
2900,2869,00000010,fe000ce3,0,00000000
2901,2870,00000008,00108093,1,000003bd
2902,2871,0000000c,00208463,0,00000000
2903,2872,00000010,fe000ce3,0,00000000
2904,2873,00000008,00108093,1,000003be
2905,2874,0000000c,00208463,0,00000000
2906,2875,00000010,fe000ce3,0,00000000
2907,2876,00000008,00108093,1,000003bf
2908,2877,0000000c,00208463,0,00000000
2909,2878,00000010,fe000ce3,0,00000000
2910,2879,00000008,00108093,1,000003c0
2911,2880,0000000c,00208463,0,00000000
2912,2881,00000010,fe000ce3,0,00000000
2913,2882,00000008,00108093,1,000003c1
2914,2883,0000000c,00208463,0,00000000
2915,2884,00000010,fe000ce3,0,00000000
2916,2885,00000008,00108093,1,000003c2
2917,2886,0000000c,00208463,0,00000000
2918,2887,00000010,fe000ce3,0,00000000
2919,2888,00000008,00108093,1,000003c3
2920,2889,0000000c,00208463,0,00000000
2921,2890,00000010,fe000ce3,0,00000000
2922,2891,00000008,00108093,1,000003c4
2923,2892,0000000c,00208463,0,00000000
2924,2893,00000010,fe000ce3,0,00000000
2925,2894,00000008,00108093,1,000003c5
2926,2895,0000000c,00208463,0,00000000
2927,2896,00000010,fe000ce3,0,00000000
2928,2897,00000008,00108093,1,000003c6
2929,2898,0000000c,00208463,0,00000000
2930,2899,00000010,fe000ce3,0,00000000
2931,2900,00000008,00108093,1,000003c7
2932,2901,0000000c,00208463,0,00000000
2933,2902,00000010,fe000ce3,0,00000000
2934,2903,00000008,00108093,1,000003c8
2935,2904,0000000c,00208463,0,00000000
2936,2905,00000010,fe000ce3,0,00000000
2937,2906,00000008,00108093,1,000003c9
2938,2907,0000000c,00208463,0,00000000
2939,2908,00000010,fe000ce3,0,00000000
2940,2909,00000008,00108093,1,000003ca
2941,2910,0000000c,00208463,0,00000000
2942,2911,00000010,fe000ce3,0,00000000
2943,2912,00000008,00108093,1,000003cb
2944,2913,0000000c,00208463,0,00000000
2945,2914,00000010,fe000ce3,0,00000000
2946,2915,00000008,00108093,1,000003cc
2947,2916,0000000c,00208463,0,00000000
2948,2917,00000010,fe000ce3,0,00000000
2949,2918,00000008,00108093,1,000003cd
2950,2919,0000000c,00208463,0,00000000
2951,2920,00000010,fe000ce3,0,00000000
2952,2921,00000008,00108093,1,000003ce
2953,2922,0000000c,00208463,0,00000000
2954,2923,00000010,fe000ce3,0,00000000
2955,2924,00000008,00108093,1,000003cf
2956,2925,0000000c,00208463,0,00000000
2957,2926,00000010,fe000ce3,0,00000000
2958,2927,00000008,00108093,1,000003d0
2959,2928,0000000c,00208463,0,00000000
2960,2929,00000010,fe000ce3,0,00000000
2961,2930,00000008,00108093,1,000003d1
2962,2931,0000000c,00208463,0,00000000
2963,2932,00000010,fe000ce3,0,00000000
2964,2933,00000008,00108093,1,000003d2
2965,2934,0000000c,00208463,0,00000000
2966,2935,00000010,fe000ce3,0,00000000
2967,2936,00000008,00108093,1,000003d3
2968,2937,0000000c,00208463,0,00000000
2969,2938,00000010,fe000ce3,0,00000000
2970,2939,00000008,00108093,1,000003d4
2971,2940,0000000c,00208463,0,00000000
2972,2941,00000010,fe000ce3,0,00000000
2973,2942,00000008,00108093,1,000003d5
2974,2943,0000000c,00208463,0,00000000
2975,2944,00000010,fe000ce3,0,00000000
2976,2945,00000008,00108093,1,000003d6
2977,2946,0000000c,00208463,0,00000000
2978,2947,00000010,fe000ce3,0,00000000
2979,2948,00000008,00108093,1,000003d7
2980,2949,0000000c,00208463,0,00000000
2981,2950,00000010,fe000ce3,0,00000000
2982,2951,00000008,00108093,1,000003d8
2983,2952,0000000c,00208463,0,00000000
2984,2953,00000010,fe000ce3,0,00000000
2985,2954,00000008,00108093,1,000003d9
2986,2955,0000000c,00208463,0,00000000
2987,2956,00000010,fe000ce3,0,00000000
2988,2957,00000008,00108093,1,000003da
2989,2958,0000000c,00208463,0,00000000
2990,2959,00000010,fe000ce3,0,00000000
2991,2960,00000008,00108093,1,000003db
2992,2961,0000000c,00208463,0,00000000
2993,2962,00000010,fe000ce3,0,00000000
2994,2963,00000008,00108093,1,000003dc
2995,2964,0000000c,00208463,0,00000000
2996,2965,00000010,fe000ce3,0,00000000
2997,2966,00000008,00108093,1,000003dd
2998,2967,0000000c,00208463,0,00000000
2999,2968,00000010,fe000ce3,0,00000000
3000,2969,00000008,00108093,1,000003de
3001,2970,0000000c,00208463,0,00000000
3002,2971,00000010,fe000ce3,0,00000000
3003,2972,00000008,00108093,1,000003df
3004,2973,0000000c,00208463,0,00000000
3005,2974,00000010,fe000ce3,0,00000000
3006,2975,00000008,00108093,1,000003e0
3007,2976,0000000c,00208463,0,00000000
3008,2977,00000010,fe000ce3,0,00000000
3009,2978,00000008,00108093,1,000003e1
3010,2979,0000000c,00208463,0,00000000
3011,2980,00000010,fe000ce3,0,00000000
3012,2981,00000008,00108093,1,000003e2
3013,2982,0000000c,00208463,0,00000000
3014,2983,00000010,fe000ce3,0,00000000
3015,2984,00000008,00108093,1,000003e3
3016,2985,0000000c,00208463,0,00000000
3017,2986,00000010,fe000ce3,0,00000000
3018,2987,00000008,00108093,1,000003e4
3019,2988,0000000c,00208463,0,00000000
3020,2989,00000010,fe000ce3,0,00000000
3021,2990,00000008,00108093,1,000003e5
3022,2991,0000000c,00208463,0,00000000
3023,2992,00000010,fe000ce3,0,00000000
3024,2993,00000008,00108093,1,000003e6
3025,2994,0000000c,00208463,0,00000000
3026,2995,00000010,fe000ce3,0,00000000
3027,2996,00000008,00108093,1,000003e7
3028,2997,0000000c,00208463,0,00000000
3029,2998,00000010,fe000ce3,0,00000000
3030,2999,00000008,00108093,1,000003e8
3031,3000,0000000c,00208463,0,00000000
3032,3001,00000010,fe000ce3,0,00000000
3033,3002,00000008,00108093,1,000003e9
3034,3003,0000000c,00208463,0,00000000
3035,3004,00000010,fe000ce3,0,00000000
3036,3005,00000008,00108093,1,000003ea
3037,3006,0000000c,00208463,0,00000000
3038,3007,00000010,fe000ce3,0,00000000
3039,3008,00000008,00108093,1,000003eb
3040,3009,0000000c,00208463,0,00000000
3041,3010,00000010,fe000ce3,0,00000000
3042,3011,00000008,00108093,1,000003ec
3043,3012,0000000c,00208463,0,00000000
3044,3013,00000010,fe000ce3,0,00000000
3045,3014,00000008,00108093,1,000003ed
3046,3015,0000000c,00208463,0,00000000
3047,3016,00000010,fe000ce3,0,00000000
3048,3017,00000008,00108093,1,000003ee
3049,3018,0000000c,00208463,0,00000000
3050,3019,00000010,fe000ce3,0,00000000
3051,3020,00000008,00108093,1,000003ef
3052,3021,0000000c,00208463,0,00000000
3053,3022,00000010,fe000ce3,0,00000000
3054,3023,00000008,00108093,1,000003f0
3055,3024,0000000c,00208463,0,00000000
3056,3025,00000010,fe000ce3,0,00000000
3057,3026,00000008,00108093,1,000003f1
3058,3027,0000000c,00208463,0,00000000
3059,3028,00000010,fe000ce3,0,00000000
3060,3029,00000008,00108093,1,000003f2
3061,3030,0000000c,00208463,0,00000000
3062,3031,00000010,fe000ce3,0,00000000
3063,3032,00000008,00108093,1,000003f3
3064,3033,0000000c,00208463,0,00000000
3065,3034,00000010,fe000ce3,0,00000000
3066,3035,00000008,00108093,1,000003f4
3067,3036,0000000c,00208463,0,00000000
3068,3037,00000010,fe000ce3,0,00000000
3069,3038,00000008,00108093,1,000003f5
3070,3039,0000000c,00208463,0,00000000
3071,3040,00000010,fe000ce3,0,00000000
3072,3041,00000008,00108093,1,000003f6
3073,3042,0000000c,00208463,0,00000000
3074,3043,00000010,fe000ce3,0,00000000
3075,3044,00000008,00108093,1,000003f7
3076,3045,0000000c,00208463,0,00000000
3077,3046,00000010,fe000ce3,0,00000000
3078,3047,00000008,00108093,1,000003f8
3079,3048,0000000c,00208463,0,00000000
3080,3049,00000010,fe000ce3,0,00000000
3081,3050,00000008,00108093,1,000003f9
3082,3051,0000000c,00208463,0,00000000
3083,3052,00000010,fe000ce3,0,00000000
3084,3053,00000008,00108093,1,000003fa
3085,3054,0000000c,00208463,0,00000000
3086,3055,00000010,fe000ce3,0,00000000
3087,3056,00000008,00108093,1,000003fb
3088,3057,0000000c,00208463,0,00000000
3089,3058,00000010,fe000ce3,0,00000000
3090,3059,00000008,00108093,1,000003fc
3091,3060,0000000c,00208463,0,00000000
3092,3061,00000010,fe000ce3,0,00000000
3093,3062,00000008,00108093,1,000003fd
3094,3063,0000000c,00208463,0,00000000
3095,3064,00000010,fe000ce3,0,00000000
3096,3065,00000008,00108093,1,000003fe
3097,3066,0000000c,00208463,0,00000000
3098,3067,00000010,fe000ce3,0,00000000
3099,3068,00000008,00108093,1,000003ff
3100,3069,0000000c,00208463,0,00000000
3101,3070,00000010,fe000ce3,0,00000000
3102,3071,00000008,00108093,1,00000400
3103,3072,0000000c,00208463,0,00000000
3104,3073,00000010,fe000ce3,0,00000000
3105,3074,00000008,00108093,1,00000401
3106,3075,0000000c,00208463,0,00000000
3107,3076,00000010,fe000ce3,0,00000000
3108,3077,00000008,00108093,1,00000402
3109,3078,0000000c,00208463,0,00000000
3110,3079,00000010,fe000ce3,0,00000000
3111,3080,00000008,00108093,1,00000403
3112,3081,0000000c,00208463,0,00000000
3113,3082,00000010,fe000ce3,0,00000000
3114,3083,00000008,00108093,1,00000404
3115,3084,0000000c,00208463,0,00000000
3116,3085,00000010,fe000ce3,0,00000000
3117,3086,00000008,00108093,1,00000405
3118,3087,0000000c,00208463,0,00000000
3119,3088,00000010,fe000ce3,0,00000000
3120,3089,00000008,00108093,1,00000406
3121,3090,0000000c,00208463,0,00000000
3122,3091,00000010,fe000ce3,0,00000000
3123,3092,00000008,00108093,1,00000407
3124,3093,0000000c,00208463,0,00000000
3125,3094,00000010,fe000ce3,0,00000000
3126,3095,00000008,00108093,1,00000408
3127,3096,0000000c,00208463,0,00000000
3128,3097,00000010,fe000ce3,0,00000000
3129,3098,00000008,00108093,1,00000409
3130,3099,0000000c,00208463,0,00000000
3131,3100,00000010,fe000ce3,0,00000000
3132,3101,00000008,00108093,1,0000040a
3133,3102,0000000c,00208463,0,00000000
3134,3103,00000010,fe000ce3,0,00000000
3135,3104,00000008,00108093,1,0000040b
3136,3105,0000000c,00208463,0,00000000
3137,3106,00000010,fe000ce3,0,00000000
3138,3107,00000008,00108093,1,0000040c
3139,3108,0000000c,00208463,0,00000000
3140,3109,00000010,fe000ce3,0,00000000
3141,3110,00000008,00108093,1,0000040d
3142,3111,0000000c,00208463,0,00000000
3143,3112,00000010,fe000ce3,0,00000000
3144,3113,00000008,00108093,1,0000040e
3145,3114,0000000c,00208463,0,00000000
3146,3115,00000010,fe000ce3,0,00000000
3147,3116,00000008,00108093,1,0000040f
3148,3117,0000000c,00208463,0,00000000
3149,3118,00000010,fe000ce3,0,00000000
3150,3119,00000008,00108093,1,00000410
3151,3120,0000000c,00208463,0,00000000
3152,3121,00000010,fe000ce3,0,00000000
3153,3122,00000008,00108093,1,00000411
3154,3123,0000000c,00208463,0,00000000
3155,3124,00000010,fe000ce3,0,00000000
3156,3125,00000008,00108093,1,00000412
3157,3126,0000000c,00208463,0,00000000
3158,3127,00000010,fe000ce3,0,00000000
3159,3128,00000008,00108093,1,00000413
3160,3129,0000000c,00208463,0,00000000
3161,3130,00000010,fe000ce3,0,00000000
3162,3131,00000008,00108093,1,00000414
3163,3132,0000000c,00208463,0,00000000
3164,3133,00000010,fe000ce3,0,00000000
3165,3134,00000008,00108093,1,00000415
3166,3135,0000000c,00208463,0,00000000
3167,3136,00000010,fe000ce3,0,00000000
3168,3137,00000008,00108093,1,00000416
3169,3138,0000000c,00208463,0,00000000
3170,3139,00000010,fe000ce3,0,00000000
3171,3140,00000008,00108093,1,00000417
3172,3141,0000000c,00208463,0,00000000
3173,3142,00000010,fe000ce3,0,00000000
3174,3143,00000008,00108093,1,00000418
3175,3144,0000000c,00208463,0,00000000
3176,3145,00000010,fe000ce3,0,00000000
3177,3146,00000008,00108093,1,00000419
3178,3147,0000000c,00208463,0,00000000
3179,3148,00000010,fe000ce3,0,00000000
3180,3149,00000008,00108093,1,0000041a
3181,3150,0000000c,00208463,0,00000000
3182,3151,00000010,fe000ce3,0,00000000
3183,3152,00000008,00108093,1,0000041b
3184,3153,0000000c,00208463,0,00000000
3185,3154,00000010,fe000ce3,0,00000000
3186,3155,00000008,00108093,1,0000041c
3187,3156,0000000c,00208463,0,00000000
3188,3157,00000010,fe000ce3,0,00000000
3189,3158,00000008,00108093,1,0000041d
3190,3159,0000000c,00208463,0,00000000
3191,3160,00000010,fe000ce3,0,00000000
3192,3161,00000008,00108093,1,0000041e
3193,3162,0000000c,00208463,0,00000000
3194,3163,00000010,fe000ce3,0,00000000
3195,3164,00000008,00108093,1,0000041f
3196,3165,0000000c,00208463,0,00000000
3197,3166,00000010,fe000ce3,0,00000000
3198,3167,00000008,00108093,1,00000420
3199,3168,0000000c,00208463,0,00000000
3200,3169,00000010,fe000ce3,0,00000000
3201,3170,00000008,00108093,1,00000421
3202,3171,0000000c,00208463,0,00000000
3203,3172,00000010,fe000ce3,0,00000000
3204,3173,00000008,00108093,1,00000422
3205,3174,0000000c,00208463,0,00000000
3206,3175,00000010,fe000ce3,0,00000000
3207,3176,00000008,00108093,1,00000423
3208,3177,0000000c,00208463,0,00000000
3209,3178,00000010,fe000ce3,0,00000000
3210,3179,00000008,00108093,1,00000424
3211,3180,0000000c,00208463,0,00000000
3212,3181,00000010,fe000ce3,0,00000000
3213,3182,00000008,00108093,1,00000425
3214,3183,0000000c,00208463,0,00000000
3215,3184,00000010,fe000ce3,0,00000000
3216,3185,00000008,00108093,1,00000426
3217,3186,0000000c,00208463,0,00000000
3218,3187,00000010,fe000ce3,0,00000000
3219,3188,00000008,00108093,1,00000427
3220,3189,0000000c,00208463,0,00000000
3221,3190,00000010,fe000ce3,0,00000000
3222,3191,00000008,00108093,1,00000428
3223,3192,0000000c,00208463,0,00000000
3224,3193,00000010,fe000ce3,0,00000000
3225,3194,00000008,00108093,1,00000429
3226,3195,0000000c,00208463,0,00000000
3227,3196,00000010,fe000ce3,0,00000000
3228,3197,00000008,00108093,1,0000042a
3229,3198,0000000c,00208463,0,00000000
3230,3199,00000010,fe000ce3,0,00000000
3231,3200,00000008,00108093,1,0000042b
3232,3201,0000000c,00208463,0,00000000
3233,3202,00000010,fe000ce3,0,00000000
3234,3203,00000008,00108093,1,0000042c
3235,3204,0000000c,00208463,0,00000000
3236,3205,00000010,fe000ce3,0,00000000
3237,3206,00000008,00108093,1,0000042d
3238,3207,0000000c,00208463,0,00000000
3239,3208,00000010,fe000ce3,0,00000000
3240,3209,00000008,00108093,1,0000042e
3241,3210,0000000c,00208463,0,00000000
3242,3211,00000010,fe000ce3,0,00000000
3243,3212,00000008,00108093,1,0000042f
3244,3213,0000000c,00208463,0,00000000
3245,3214,00000010,fe000ce3,0,00000000
3246,3215,00000008,00108093,1,00000430
3247,3216,0000000c,00208463,0,00000000
3248,3217,00000010,fe000ce3,0,00000000
3249,3218,00000008,00108093,1,00000431
3250,3219,0000000c,00208463,0,00000000
3251,3220,00000010,fe000ce3,0,00000000
3252,3221,00000008,00108093,1,00000432
3253,3222,0000000c,00208463,0,00000000
3254,3223,00000010,fe000ce3,0,00000000
3255,3224,00000008,00108093,1,00000433
3256,3225,0000000c,00208463,0,00000000
3257,3226,00000010,fe000ce3,0,00000000
3258,3227,00000008,00108093,1,00000434
3259,3228,0000000c,00208463,0,00000000
3260,3229,00000010,fe000ce3,0,00000000
3261,3230,00000008,00108093,1,00000435
3262,3231,0000000c,00208463,0,00000000
3263,3232,00000010,fe000ce3,0,00000000
3264,3233,00000008,00108093,1,00000436
3265,3234,0000000c,00208463,0,00000000
3266,3235,00000010,fe000ce3,0,00000000
3267,3236,00000008,00108093,1,00000437
3268,3237,0000000c,00208463,0,00000000
3269,3238,00000010,fe000ce3,0,00000000
3270,3239,00000008,00108093,1,00000438
3271,3240,0000000c,00208463,0,00000000
3272,3241,00000010,fe000ce3,0,00000000
3273,3242,00000008,00108093,1,00000439
3274,3243,0000000c,00208463,0,00000000
3275,3244,00000010,fe000ce3,0,00000000
3276,3245,00000008,00108093,1,0000043a
3277,3246,0000000c,00208463,0,00000000
3278,3247,00000010,fe000ce3,0,00000000
3279,3248,00000008,00108093,1,0000043b
3280,3249,0000000c,00208463,0,00000000
3281,3250,00000010,fe000ce3,0,00000000
3282,3251,00000008,00108093,1,0000043c
3283,3252,0000000c,00208463,0,00000000
3284,3253,00000010,fe000ce3,0,00000000
3285,3254,00000008,00108093,1,0000043d
3286,3255,0000000c,00208463,0,00000000
3287,3256,00000010,fe000ce3,0,00000000
3288,3257,00000008,00108093,1,0000043e
3289,3258,0000000c,00208463,0,00000000
3290,3259,00000010,fe000ce3,0,00000000
3291,3260,00000008,00108093,1,0000043f
3292,3261,0000000c,00208463,0,00000000
3293,3262,00000010,fe000ce3,0,00000000
3294,3263,00000008,00108093,1,00000440
3295,3264,0000000c,00208463,0,00000000
3296,3265,00000010,fe000ce3,0,00000000
3297,3266,00000008,00108093,1,00000441
3298,3267,0000000c,00208463,0,00000000
3299,3268,00000010,fe000ce3,0,00000000
3300,3269,00000008,00108093,1,00000442
3301,3270,0000000c,00208463,0,00000000
3302,3271,00000010,fe000ce3,0,00000000
3303,3272,00000008,00108093,1,00000443
3304,3273,0000000c,00208463,0,00000000
3305,3274,00000010,fe000ce3,0,00000000
3306,3275,00000008,00108093,1,00000444
3307,3276,0000000c,00208463,0,00000000
3308,3277,00000010,fe000ce3,0,00000000
3309,3278,00000008,00108093,1,00000445
3310,3279,0000000c,00208463,0,00000000
3311,3280,00000010,fe000ce3,0,00000000
3312,3281,00000008,00108093,1,00000446
3313,3282,0000000c,00208463,0,00000000
3314,3283,00000010,fe000ce3,0,00000000
3315,3284,00000008,00108093,1,00000447
3316,3285,0000000c,00208463,0,00000000
3317,3286,00000010,fe000ce3,0,00000000
3318,3287,00000008,00108093,1,00000448
3319,3288,0000000c,00208463,0,00000000
3320,3289,00000010,fe000ce3,0,00000000
3321,3290,00000008,00108093,1,00000449
3322,3291,0000000c,00208463,0,00000000
3323,3292,00000010,fe000ce3,0,00000000
3324,3293,00000008,00108093,1,0000044a
3325,3294,0000000c,00208463,0,00000000
3326,3295,00000010,fe000ce3,0,00000000
3327,3296,00000008,00108093,1,0000044b
3328,3297,0000000c,00208463,0,00000000
3329,3298,00000010,fe000ce3,0,00000000
3330,3299,00000008,00108093,1,0000044c
3331,3300,0000000c,00208463,0,00000000
3332,3301,00000010,fe000ce3,0,00000000
3333,3302,00000008,00108093,1,0000044d
3334,3303,0000000c,00208463,0,00000000
3335,3304,00000010,fe000ce3,0,00000000
3336,3305,00000008,00108093,1,0000044e
3337,3306,0000000c,00208463,0,00000000
3338,3307,00000010,fe000ce3,0,00000000
3339,3308,00000008,00108093,1,0000044f
3340,3309,0000000c,00208463,0,00000000
3341,3310,00000010,fe000ce3,0,00000000
3342,3311,00000008,00108093,1,00000450
3343,3312,0000000c,00208463,0,00000000
3344,3313,00000010,fe000ce3,0,00000000
3345,3314,00000008,00108093,1,00000451
3346,3315,0000000c,00208463,0,00000000
3347,3316,00000010,fe000ce3,0,00000000
3348,3317,00000008,00108093,1,00000452
3349,3318,0000000c,00208463,0,00000000
3350,3319,00000010,fe000ce3,0,00000000
3351,3320,00000008,00108093,1,00000453
3352,3321,0000000c,00208463,0,00000000
3353,3322,00000010,fe000ce3,0,00000000
3354,3323,00000008,00108093,1,00000454
3355,3324,0000000c,00208463,0,00000000
3356,3325,00000010,fe000ce3,0,00000000
3357,3326,00000008,00108093,1,00000455
3358,3327,0000000c,00208463,0,00000000
3359,3328,00000010,fe000ce3,0,00000000
3360,3329,00000008,00108093,1,00000456
3361,3330,0000000c,00208463,0,00000000
3362,3331,00000010,fe000ce3,0,00000000
3363,3332,00000008,00108093,1,00000457
3364,3333,0000000c,00208463,0,00000000
3365,3334,00000010,fe000ce3,0,00000000
3366,3335,00000008,00108093,1,00000458
3367,3336,0000000c,00208463,0,00000000
3368,3337,00000010,fe000ce3,0,00000000
3369,3338,00000008,00108093,1,00000459
3370,3339,0000000c,00208463,0,00000000
3371,3340,00000010,fe000ce3,0,00000000
3372,3341,00000008,00108093,1,0000045a
3373,3342,0000000c,00208463,0,00000000
3374,3343,00000010,fe000ce3,0,00000000
3375,3344,00000008,00108093,1,0000045b
3376,3345,0000000c,00208463,0,00000000
3377,3346,00000010,fe000ce3,0,00000000
3378,3347,00000008,00108093,1,0000045c
3379,3348,0000000c,00208463,0,00000000
3380,3349,00000010,fe000ce3,0,00000000
3381,3350,00000008,00108093,1,0000045d
3382,3351,0000000c,00208463,0,00000000
3383,3352,00000010,fe000ce3,0,00000000
3384,3353,00000008,00108093,1,0000045e
3385,3354,0000000c,00208463,0,00000000
3386,3355,00000010,fe000ce3,0,00000000
3387,3356,00000008,00108093,1,0000045f
3388,3357,0000000c,00208463,0,00000000
3389,3358,00000010,fe000ce3,0,00000000
3390,3359,00000008,00108093,1,00000460
3391,3360,0000000c,00208463,0,00000000
3392,3361,00000010,fe000ce3,0,00000000
3393,3362,00000008,00108093,1,00000461
3394,3363,0000000c,00208463,0,00000000
3395,3364,00000010,fe000ce3,0,00000000
3396,3365,00000008,00108093,1,00000462
3397,3366,0000000c,00208463,0,00000000
3398,3367,00000010,fe000ce3,0,00000000
3399,3368,00000008,00108093,1,00000463
3400,3369,0000000c,00208463,0,00000000
3401,3370,00000010,fe000ce3,0,00000000
3402,3371,00000008,00108093,1,00000464
3403,3372,0000000c,00208463,0,00000000
3404,3373,00000010,fe000ce3,0,00000000
3405,3374,00000008,00108093,1,00000465
3406,3375,0000000c,00208463,0,00000000
3407,3376,00000010,fe000ce3,0,00000000
3408,3377,00000008,00108093,1,00000466
3409,3378,0000000c,00208463,0,00000000
3410,3379,00000010,fe000ce3,0,00000000
3411,3380,00000008,00108093,1,00000467
3412,3381,0000000c,00208463,0,00000000
3413,3382,00000010,fe000ce3,0,00000000
3414,3383,00000008,00108093,1,00000468
3415,3384,0000000c,00208463,0,00000000
3416,3385,00000010,fe000ce3,0,00000000
3417,3386,00000008,00108093,1,00000469
3418,3387,0000000c,00208463,0,00000000
3419,3388,00000010,fe000ce3,0,00000000
3420,3389,00000008,00108093,1,0000046a
3421,3390,0000000c,00208463,0,00000000
3422,3391,00000010,fe000ce3,0,00000000
3423,3392,00000008,00108093,1,0000046b
3424,3393,0000000c,00208463,0,00000000
3425,3394,00000010,fe000ce3,0,00000000
3426,3395,00000008,00108093,1,0000046c
3427,3396,0000000c,00208463,0,00000000
3428,3397,00000010,fe000ce3,0,00000000
3429,3398,00000008,00108093,1,0000046d
3430,3399,0000000c,00208463,0,00000000
3431,3400,00000010,fe000ce3,0,00000000
3432,3401,00000008,00108093,1,0000046e
3433,3402,0000000c,00208463,0,00000000
3434,3403,00000010,fe000ce3,0,00000000
3435,3404,00000008,00108093,1,0000046f
3436,3405,0000000c,00208463,0,00000000
3437,3406,00000010,fe000ce3,0,00000000
3438,3407,00000008,00108093,1,00000470
3439,3408,0000000c,00208463,0,00000000
3440,3409,00000010,fe000ce3,0,00000000
3441,3410,00000008,00108093,1,00000471
3442,3411,0000000c,00208463,0,00000000
3443,3412,00000010,fe000ce3,0,00000000
3444,3413,00000008,00108093,1,00000472
3445,3414,0000000c,00208463,0,00000000
3446,3415,00000010,fe000ce3,0,00000000
3447,3416,00000008,00108093,1,00000473
3448,3417,0000000c,00208463,0,00000000
3449,3418,00000010,fe000ce3,0,00000000
3450,3419,00000008,00108093,1,00000474
3451,3420,0000000c,00208463,0,00000000
3452,3421,00000010,fe000ce3,0,00000000
3453,3422,00000008,00108093,1,00000475
3454,3423,0000000c,00208463,0,00000000
3455,3424,00000010,fe000ce3,0,00000000
3456,3425,00000008,00108093,1,00000476
3457,3426,0000000c,00208463,0,00000000
3458,3427,00000010,fe000ce3,0,00000000
3459,3428,00000008,00108093,1,00000477
3460,3429,0000000c,00208463,0,00000000
3461,3430,00000010,fe000ce3,0,00000000
3462,3431,00000008,00108093,1,00000478
3463,3432,0000000c,00208463,0,00000000
3464,3433,00000010,fe000ce3,0,00000000
3465,3434,00000008,00108093,1,00000479
3466,3435,0000000c,00208463,0,00000000
3467,3436,00000010,fe000ce3,0,00000000
3468,3437,00000008,00108093,1,0000047a
3469,3438,0000000c,00208463,0,00000000
3470,3439,00000010,fe000ce3,0,00000000
3471,3440,00000008,00108093,1,0000047b
3472,3441,0000000c,00208463,0,00000000
3473,3442,00000010,fe000ce3,0,00000000
3474,3443,00000008,00108093,1,0000047c
3475,3444,0000000c,00208463,0,00000000
3476,3445,00000010,fe000ce3,0,00000000
3477,3446,00000008,00108093,1,0000047d
3478,3447,0000000c,00208463,0,00000000
3479,3448,00000010,fe000ce3,0,00000000
3480,3449,00000008,00108093,1,0000047e
3481,3450,0000000c,00208463,0,00000000
3482,3451,00000010,fe000ce3,0,00000000
3483,3452,00000008,00108093,1,0000047f
3484,3453,0000000c,00208463,0,00000000
3485,3454,00000010,fe000ce3,0,00000000
3486,3455,00000008,00108093,1,00000480
3487,3456,0000000c,00208463,0,00000000
3488,3457,00000010,fe000ce3,0,00000000
3489,3458,00000008,00108093,1,00000481
3490,3459,0000000c,00208463,0,00000000
3491,3460,00000010,fe000ce3,0,00000000
3492,3461,00000008,00108093,1,00000482
3493,3462,0000000c,00208463,0,00000000
3494,3463,00000010,fe000ce3,0,00000000
3495,3464,00000008,00108093,1,00000483
3496,3465,0000000c,00208463,0,00000000
3497,3466,00000010,fe000ce3,0,00000000
3498,3467,00000008,00108093,1,00000484
3499,3468,0000000c,00208463,0,00000000
3500,3469,00000010,fe000ce3,0,00000000
3501,3470,00000008,00108093,1,00000485
3502,3471,0000000c,00208463,0,00000000
3503,3472,00000010,fe000ce3,0,00000000
3504,3473,00000008,00108093,1,00000486
3505,3474,0000000c,00208463,0,00000000
3506,3475,00000010,fe000ce3,0,00000000
3507,3476,00000008,00108093,1,00000487
3508,3477,0000000c,00208463,0,00000000
3509,3478,00000010,fe000ce3,0,00000000
3510,3479,00000008,00108093,1,00000488
3511,3480,0000000c,00208463,0,00000000
3512,3481,00000010,fe000ce3,0,00000000
3513,3482,00000008,00108093,1,00000489
3514,3483,0000000c,00208463,0,00000000
3515,3484,00000010,fe000ce3,0,00000000
3516,3485,00000008,00108093,1,0000048a
3517,3486,0000000c,00208463,0,00000000
3518,3487,00000010,fe000ce3,0,00000000
3519,3488,00000008,00108093,1,0000048b
3520,3489,0000000c,00208463,0,00000000
3521,3490,00000010,fe000ce3,0,00000000
3522,3491,00000008,00108093,1,0000048c
3523,3492,0000000c,00208463,0,00000000
3524,3493,00000010,fe000ce3,0,00000000
3525,3494,00000008,00108093,1,0000048d
3526,3495,0000000c,00208463,0,00000000
3527,3496,00000010,fe000ce3,0,00000000
3528,3497,00000008,00108093,1,0000048e
3529,3498,0000000c,00208463,0,00000000
3530,3499,00000010,fe000ce3,0,00000000
3531,3500,00000008,00108093,1,0000048f
3532,3501,0000000c,00208463,0,00000000
3533,3502,00000010,fe000ce3,0,00000000
3534,3503,00000008,00108093,1,00000490
3535,3504,0000000c,00208463,0,00000000
3536,3505,00000010,fe000ce3,0,00000000
3537,3506,00000008,00108093,1,00000491
3538,3507,0000000c,00208463,0,00000000
3539,3508,00000010,fe000ce3,0,00000000
3540,3509,00000008,00108093,1,00000492
3541,3510,0000000c,00208463,0,00000000
3542,3511,00000010,fe000ce3,0,00000000
3543,3512,00000008,00108093,1,00000493
3544,3513,0000000c,00208463,0,00000000
3545,3514,00000010,fe000ce3,0,00000000
3546,3515,00000008,00108093,1,00000494
3547,3516,0000000c,00208463,0,00000000
3548,3517,00000010,fe000ce3,0,00000000
3549,3518,00000008,00108093,1,00000495
3550,3519,0000000c,00208463,0,00000000
3551,3520,00000010,fe000ce3,0,00000000
3552,3521,00000008,00108093,1,00000496
3553,3522,0000000c,00208463,0,00000000
3554,3523,00000010,fe000ce3,0,00000000
3555,3524,00000008,00108093,1,00000497
3556,3525,0000000c,00208463,0,00000000
3557,3526,00000010,fe000ce3,0,00000000
3558,3527,00000008,00108093,1,00000498
3559,3528,0000000c,00208463,0,00000000
3560,3529,00000010,fe000ce3,0,00000000
3561,3530,00000008,00108093,1,00000499
3562,3531,0000000c,00208463,0,00000000
3563,3532,00000010,fe000ce3,0,00000000
3564,3533,00000008,00108093,1,0000049a
3565,3534,0000000c,00208463,0,00000000
3566,3535,00000010,fe000ce3,0,00000000
3567,3536,00000008,00108093,1,0000049b
3568,3537,0000000c,00208463,0,00000000
3569,3538,00000010,fe000ce3,0,00000000
3570,3539,00000008,00108093,1,0000049c
3571,3540,0000000c,00208463,0,00000000
3572,3541,00000010,fe000ce3,0,00000000
3573,3542,00000008,00108093,1,0000049d
3574,3543,0000000c,00208463,0,00000000
3575,3544,00000010,fe000ce3,0,00000000
3576,3545,00000008,00108093,1,0000049e
3577,3546,0000000c,00208463,0,00000000
3578,3547,00000010,fe000ce3,0,00000000
3579,3548,00000008,00108093,1,0000049f
3580,3549,0000000c,00208463,0,00000000
3581,3550,00000010,fe000ce3,0,00000000
3582,3551,00000008,00108093,1,000004a0
3583,3552,0000000c,00208463,0,00000000
3584,3553,00000010,fe000ce3,0,00000000
3585,3554,00000008,00108093,1,000004a1
3586,3555,0000000c,00208463,0,00000000
3587,3556,00000010,fe000ce3,0,00000000
3588,3557,00000008,00108093,1,000004a2
3589,3558,0000000c,00208463,0,00000000
3590,3559,00000010,fe000ce3,0,00000000
3591,3560,00000008,00108093,1,000004a3
3592,3561,0000000c,00208463,0,00000000
3593,3562,00000010,fe000ce3,0,00000000
3594,3563,00000008,00108093,1,000004a4
3595,3564,0000000c,00208463,0,00000000
3596,3565,00000010,fe000ce3,0,00000000
3597,3566,00000008,00108093,1,000004a5
3598,3567,0000000c,00208463,0,00000000
3599,3568,00000010,fe000ce3,0,00000000
3600,3569,00000008,00108093,1,000004a6
3601,3570,0000000c,00208463,0,00000000
3602,3571,00000010,fe000ce3,0,00000000
3603,3572,00000008,00108093,1,000004a7
3604,3573,0000000c,00208463,0,00000000
3605,3574,00000010,fe000ce3,0,00000000
3606,3575,00000008,00108093,1,000004a8
3607,3576,0000000c,00208463,0,00000000
3608,3577,00000010,fe000ce3,0,00000000
3609,3578,00000008,00108093,1,000004a9
3610,3579,0000000c,00208463,0,00000000
3611,3580,00000010,fe000ce3,0,00000000
3612,3581,00000008,00108093,1,000004aa
3613,3582,0000000c,00208463,0,00000000
3614,3583,00000010,fe000ce3,0,00000000
3615,3584,00000008,00108093,1,000004ab
3616,3585,0000000c,00208463,0,00000000
3617,3586,00000010,fe000ce3,0,00000000
3618,3587,00000008,00108093,1,000004ac
3619,3588,0000000c,00208463,0,00000000
3620,3589,00000010,fe000ce3,0,00000000
3621,3590,00000008,00108093,1,000004ad
3622,3591,0000000c,00208463,0,00000000
3623,3592,00000010,fe000ce3,0,00000000
3624,3593,00000008,00108093,1,000004ae
3625,3594,0000000c,00208463,0,00000000
3626,3595,00000010,fe000ce3,0,00000000
3627,3596,00000008,00108093,1,000004af
3628,3597,0000000c,00208463,0,00000000
3629,3598,00000010,fe000ce3,0,00000000
3630,3599,00000008,00108093,1,000004b0
3631,3600,0000000c,00208463,0,00000000
3632,3601,00000010,fe000ce3,0,00000000
3633,3602,00000008,00108093,1,000004b1
3634,3603,0000000c,00208463,0,00000000
3635,3604,00000010,fe000ce3,0,00000000
3636,3605,00000008,00108093,1,000004b2
3637,3606,0000000c,00208463,0,00000000
3638,3607,00000010,fe000ce3,0,00000000
3639,3608,00000008,00108093,1,000004b3
3640,3609,0000000c,00208463,0,00000000
3641,3610,00000010,fe000ce3,0,00000000
3642,3611,00000008,00108093,1,000004b4
3643,3612,0000000c,00208463,0,00000000
3644,3613,00000010,fe000ce3,0,00000000
3645,3614,00000008,00108093,1,000004b5
3646,3615,0000000c,00208463,0,00000000
3647,3616,00000010,fe000ce3,0,00000000
3648,3617,00000008,00108093,1,000004b6
3649,3618,0000000c,00208463,0,00000000
3650,3619,00000010,fe000ce3,0,00000000
3651,3620,00000008,00108093,1,000004b7
3652,3621,0000000c,00208463,0,00000000
3653,3622,00000010,fe000ce3,0,00000000
3654,3623,00000008,00108093,1,000004b8
3655,3624,0000000c,00208463,0,00000000
3656,3625,00000010,fe000ce3,0,00000000
3657,3626,00000008,00108093,1,000004b9
3658,3627,0000000c,00208463,0,00000000
3659,3628,00000010,fe000ce3,0,00000000
3660,3629,00000008,00108093,1,000004ba
3661,3630,0000000c,00208463,0,00000000
3662,3631,00000010,fe000ce3,0,00000000
3663,3632,00000008,00108093,1,000004bb
3664,3633,0000000c,00208463,0,00000000
3665,3634,00000010,fe000ce3,0,00000000
3666,3635,00000008,00108093,1,000004bc
3667,3636,0000000c,00208463,0,00000000
3668,3637,00000010,fe000ce3,0,00000000
3669,3638,00000008,00108093,1,000004bd
3670,3639,0000000c,00208463,0,00000000
3671,3640,00000010,fe000ce3,0,00000000
3672,3641,00000008,00108093,1,000004be
3673,3642,0000000c,00208463,0,00000000
3674,3643,00000010,fe000ce3,0,00000000
3675,3644,00000008,00108093,1,000004bf
3676,3645,0000000c,00208463,0,00000000
3677,3646,00000010,fe000ce3,0,00000000
3678,3647,00000008,00108093,1,000004c0
3679,3648,0000000c,00208463,0,00000000
3680,3649,00000010,fe000ce3,0,00000000
3681,3650,00000008,00108093,1,000004c1
3682,3651,0000000c,00208463,0,00000000
3683,3652,00000010,fe000ce3,0,00000000
3684,3653,00000008,00108093,1,000004c2
3685,3654,0000000c,00208463,0,00000000
3686,3655,00000010,fe000ce3,0,00000000
3687,3656,00000008,00108093,1,000004c3
3688,3657,0000000c,00208463,0,00000000
3689,3658,00000010,fe000ce3,0,00000000
3690,3659,00000008,00108093,1,000004c4
3691,3660,0000000c,00208463,0,00000000
3692,3661,00000010,fe000ce3,0,00000000
3693,3662,00000008,00108093,1,000004c5
3694,3663,0000000c,00208463,0,00000000
3695,3664,00000010,fe000ce3,0,00000000
3696,3665,00000008,00108093,1,000004c6
3697,3666,0000000c,00208463,0,00000000
3698,3667,00000010,fe000ce3,0,00000000
3699,3668,00000008,00108093,1,000004c7
3700,3669,0000000c,00208463,0,00000000
3701,3670,00000010,fe000ce3,0,00000000
3702,3671,00000008,00108093,1,000004c8
3703,3672,0000000c,00208463,0,00000000
3704,3673,00000010,fe000ce3,0,00000000
3705,3674,00000008,00108093,1,000004c9
3706,3675,0000000c,00208463,0,00000000
3707,3676,00000010,fe000ce3,0,00000000
3708,3677,00000008,00108093,1,000004ca
3709,3678,0000000c,00208463,0,00000000
3710,3679,00000010,fe000ce3,0,00000000
3711,3680,00000008,00108093,1,000004cb
3712,3681,0000000c,00208463,0,00000000
3713,3682,00000010,fe000ce3,0,00000000
3714,3683,00000008,00108093,1,000004cc
3715,3684,0000000c,00208463,0,00000000
3716,3685,00000010,fe000ce3,0,00000000
3717,3686,00000008,00108093,1,000004cd
3718,3687,0000000c,00208463,0,00000000
3719,3688,00000010,fe000ce3,0,00000000
3720,3689,00000008,00108093,1,000004ce
3721,3690,0000000c,00208463,0,00000000
3722,3691,00000010,fe000ce3,0,00000000
3723,3692,00000008,00108093,1,000004cf
3724,3693,0000000c,00208463,0,00000000
3725,3694,00000010,fe000ce3,0,00000000
3726,3695,00000008,00108093,1,000004d0
3727,3696,0000000c,00208463,0,00000000
3728,3697,00000010,fe000ce3,0,00000000
3729,3698,00000008,00108093,1,000004d1
3730,3699,0000000c,00208463,0,00000000
3731,3700,00000010,fe000ce3,0,00000000
3732,3701,00000008,00108093,1,000004d2
3733,3702,0000000c,00208463,0,00000000
3734,3703,00000010,fe000ce3,0,00000000
3735,3704,00000008,00108093,1,000004d3
3736,3705,0000000c,00208463,0,00000000
3737,3706,00000010,fe000ce3,0,00000000
3738,3707,00000008,00108093,1,000004d4
3739,3708,0000000c,00208463,0,00000000
3740,3709,00000010,fe000ce3,0,00000000
3741,3710,00000008,00108093,1,000004d5
3742,3711,0000000c,00208463,0,00000000
3743,3712,00000010,fe000ce3,0,00000000
3744,3713,00000008,00108093,1,000004d6
3745,3714,0000000c,00208463,0,00000000
3746,3715,00000010,fe000ce3,0,00000000
3747,3716,00000008,00108093,1,000004d7
3748,3717,0000000c,00208463,0,00000000
3749,3718,00000010,fe000ce3,0,00000000
3750,3719,00000008,00108093,1,000004d8
3751,3720,0000000c,00208463,0,00000000
3752,3721,00000010,fe000ce3,0,00000000
3753,3722,00000008,00108093,1,000004d9
3754,3723,0000000c,00208463,0,00000000
3755,3724,00000010,fe000ce3,0,00000000
3756,3725,00000008,00108093,1,000004da
3757,3726,0000000c,00208463,0,00000000
3758,3727,00000010,fe000ce3,0,00000000
3759,3728,00000008,00108093,1,000004db
3760,3729,0000000c,00208463,0,00000000
3761,3730,00000010,fe000ce3,0,00000000
3762,3731,00000008,00108093,1,000004dc
3763,3732,0000000c,00208463,0,00000000
3764,3733,00000010,fe000ce3,0,00000000
3765,3734,00000008,00108093,1,000004dd
3766,3735,0000000c,00208463,0,00000000
3767,3736,00000010,fe000ce3,0,00000000
3768,3737,00000008,00108093,1,000004de
3769,3738,0000000c,00208463,0,00000000
3770,3739,00000010,fe000ce3,0,00000000
3771,3740,00000008,00108093,1,000004df
3772,3741,0000000c,00208463,0,00000000
3773,3742,00000010,fe000ce3,0,00000000
3774,3743,00000008,00108093,1,000004e0
3775,3744,0000000c,00208463,0,00000000
3776,3745,00000010,fe000ce3,0,00000000
3777,3746,00000008,00108093,1,000004e1
3778,3747,0000000c,00208463,0,00000000
3779,3748,00000010,fe000ce3,0,00000000
3780,3749,00000008,00108093,1,000004e2
3781,3750,0000000c,00208463,0,00000000
3782,3751,00000010,fe000ce3,0,00000000
3783,3752,00000008,00108093,1,000004e3
3784,3753,0000000c,00208463,0,00000000
3785,3754,00000010,fe000ce3,0,00000000
3786,3755,00000008,00108093,1,000004e4
3787,3756,0000000c,00208463,0,00000000
3788,3757,00000010,fe000ce3,0,00000000
3789,3758,00000008,00108093,1,000004e5
3790,3759,0000000c,00208463,0,00000000
3791,3760,00000010,fe000ce3,0,00000000
3792,3761,00000008,00108093,1,000004e6
3793,3762,0000000c,00208463,0,00000000
3794,3763,00000010,fe000ce3,0,00000000
3795,3764,00000008,00108093,1,000004e7
3796,3765,0000000c,00208463,0,00000000
3797,3766,00000010,fe000ce3,0,00000000
3798,3767,00000008,00108093,1,000004e8
3799,3768,0000000c,00208463,0,00000000
3800,3769,00000010,fe000ce3,0,00000000
3801,3770,00000008,00108093,1,000004e9
3802,3771,0000000c,00208463,0,00000000
3803,3772,00000010,fe000ce3,0,00000000
3804,3773,00000008,00108093,1,000004ea
3805,3774,0000000c,00208463,0,00000000
3806,3775,00000010,fe000ce3,0,00000000
3807,3776,00000008,00108093,1,000004eb
3808,3777,0000000c,00208463,0,00000000
3809,3778,00000010,fe000ce3,0,00000000
3810,3779,00000008,00108093,1,000004ec
3811,3780,0000000c,00208463,0,00000000
3812,3781,00000010,fe000ce3,0,00000000
3813,3782,00000008,00108093,1,000004ed
3814,3783,0000000c,00208463,0,00000000
3815,3784,00000010,fe000ce3,0,00000000
3816,3785,00000008,00108093,1,000004ee
3817,3786,0000000c,00208463,0,00000000
3818,3787,00000010,fe000ce3,0,00000000
3819,3788,00000008,00108093,1,000004ef
3820,3789,0000000c,00208463,0,00000000
3821,3790,00000010,fe000ce3,0,00000000
3822,3791,00000008,00108093,1,000004f0
3823,3792,0000000c,00208463,0,00000000
3824,3793,00000010,fe000ce3,0,00000000
3825,3794,00000008,00108093,1,000004f1
3826,3795,0000000c,00208463,0,00000000
3827,3796,00000010,fe000ce3,0,00000000
3828,3797,00000008,00108093,1,000004f2
3829,3798,0000000c,00208463,0,00000000
3830,3799,00000010,fe000ce3,0,00000000
3831,3800,00000008,00108093,1,000004f3
3832,3801,0000000c,00208463,0,00000000
3833,3802,00000010,fe000ce3,0,00000000
3834,3803,00000008,00108093,1,000004f4
3835,3804,0000000c,00208463,0,00000000
3836,3805,00000010,fe000ce3,0,00000000
3837,3806,00000008,00108093,1,000004f5
3838,3807,0000000c,00208463,0,00000000
3839,3808,00000010,fe000ce3,0,00000000
3840,3809,00000008,00108093,1,000004f6
3841,3810,0000000c,00208463,0,00000000
3842,3811,00000010,fe000ce3,0,00000000
3843,3812,00000008,00108093,1,000004f7
3844,3813,0000000c,00208463,0,00000000
3845,3814,00000010,fe000ce3,0,00000000
3846,3815,00000008,00108093,1,000004f8
3847,3816,0000000c,00208463,0,00000000
3848,3817,00000010,fe000ce3,0,00000000
3849,3818,00000008,00108093,1,000004f9
3850,3819,0000000c,00208463,0,00000000
3851,3820,00000010,fe000ce3,0,00000000
3852,3821,00000008,00108093,1,000004fa
3853,3822,0000000c,00208463,0,00000000
3854,3823,00000010,fe000ce3,0,00000000
3855,3824,00000008,00108093,1,000004fb
3856,3825,0000000c,00208463,0,00000000
3857,3826,00000010,fe000ce3,0,00000000
3858,3827,00000008,00108093,1,000004fc
3859,3828,0000000c,00208463,0,00000000
3860,3829,00000010,fe000ce3,0,00000000
3861,3830,00000008,00108093,1,000004fd
3862,3831,0000000c,00208463,0,00000000
3863,3832,00000010,fe000ce3,0,00000000
3864,3833,00000008,00108093,1,000004fe
3865,3834,0000000c,00208463,0,00000000
3866,3835,00000010,fe000ce3,0,00000000
3867,3836,00000008,00108093,1,000004ff
3868,3837,0000000c,00208463,0,00000000
3869,3838,00000010,fe000ce3,0,00000000
3870,3839,00000008,00108093,1,00000500
3871,3840,0000000c,00208463,0,00000000
3872,3841,00000010,fe000ce3,0,00000000
3873,3842,00000008,00108093,1,00000501
3874,3843,0000000c,00208463,0,00000000
3875,3844,00000010,fe000ce3,0,00000000
3876,3845,00000008,00108093,1,00000502
3877,3846,0000000c,00208463,0,00000000
3878,3847,00000010,fe000ce3,0,00000000
3879,3848,00000008,00108093,1,00000503
3880,3849,0000000c,00208463,0,00000000
3881,3850,00000010,fe000ce3,0,00000000
3882,3851,00000008,00108093,1,00000504
3883,3852,0000000c,00208463,0,00000000
3884,3853,00000010,fe000ce3,0,00000000
3885,3854,00000008,00108093,1,00000505
3886,3855,0000000c,00208463,0,00000000
3887,3856,00000010,fe000ce3,0,00000000
3888,3857,00000008,00108093,1,00000506
3889,3858,0000000c,00208463,0,00000000
3890,3859,00000010,fe000ce3,0,00000000
3891,3860,00000008,00108093,1,00000507
3892,3861,0000000c,00208463,0,00000000
3893,3862,00000010,fe000ce3,0,00000000
3894,3863,00000008,00108093,1,00000508
3895,3864,0000000c,00208463,0,00000000
3896,3865,00000010,fe000ce3,0,00000000
3897,3866,00000008,00108093,1,00000509
3898,3867,0000000c,00208463,0,00000000
3899,3868,00000010,fe000ce3,0,00000000
3900,3869,00000008,00108093,1,0000050a
3901,3870,0000000c,00208463,0,00000000
3902,3871,00000010,fe000ce3,0,00000000
3903,3872,00000008,00108093,1,0000050b
3904,3873,0000000c,00208463,0,00000000
3905,3874,00000010,fe000ce3,0,00000000
3906,3875,00000008,00108093,1,0000050c
3907,3876,0000000c,00208463,0,00000000
3908,3877,00000010,fe000ce3,0,00000000
3909,3878,00000008,00108093,1,0000050d
3910,3879,0000000c,00208463,0,00000000
3911,3880,00000010,fe000ce3,0,00000000
3912,3881,00000008,00108093,1,0000050e
3913,3882,0000000c,00208463,0,00000000
3914,3883,00000010,fe000ce3,0,00000000
3915,3884,00000008,00108093,1,0000050f
3916,3885,0000000c,00208463,0,00000000
3917,3886,00000010,fe000ce3,0,00000000
3918,3887,00000008,00108093,1,00000510
3919,3888,0000000c,00208463,0,00000000
3920,3889,00000010,fe000ce3,0,00000000
3921,3890,00000008,00108093,1,00000511
3922,3891,0000000c,00208463,0,00000000
3923,3892,00000010,fe000ce3,0,00000000
3924,3893,00000008,00108093,1,00000512
3925,3894,0000000c,00208463,0,00000000
3926,3895,00000010,fe000ce3,0,00000000
3927,3896,00000008,00108093,1,00000513
3928,3897,0000000c,00208463,0,00000000
3929,3898,00000010,fe000ce3,0,00000000
3930,3899,00000008,00108093,1,00000514
3931,3900,0000000c,00208463,0,00000000
3932,3901,00000010,fe000ce3,0,00000000
3933,3902,00000008,00108093,1,00000515
3934,3903,0000000c,00208463,0,00000000
3935,3904,00000010,fe000ce3,0,00000000
3936,3905,00000008,00108093,1,00000516
3937,3906,0000000c,00208463,0,00000000
3938,3907,00000010,fe000ce3,0,00000000
3939,3908,00000008,00108093,1,00000517
3940,3909,0000000c,00208463,0,00000000
3941,3910,00000010,fe000ce3,0,00000000
3942,3911,00000008,00108093,1,00000518
3943,3912,0000000c,00208463,0,00000000
3944,3913,00000010,fe000ce3,0,00000000
3945,3914,00000008,00108093,1,00000519
3946,3915,0000000c,00208463,0,00000000
3947,3916,00000010,fe000ce3,0,00000000
3948,3917,00000008,00108093,1,0000051a
3949,3918,0000000c,00208463,0,00000000
3950,3919,00000010,fe000ce3,0,00000000
3951,3920,00000008,00108093,1,0000051b
3952,3921,0000000c,00208463,0,00000000
3953,3922,00000010,fe000ce3,0,00000000
3954,3923,00000008,00108093,1,0000051c
3955,3924,0000000c,00208463,0,00000000
3956,3925,00000010,fe000ce3,0,00000000
3957,3926,00000008,00108093,1,0000051d
3958,3927,0000000c,00208463,0,00000000
3959,3928,00000010,fe000ce3,0,00000000
3960,3929,00000008,00108093,1,0000051e
3961,3930,0000000c,00208463,0,00000000
3962,3931,00000010,fe000ce3,0,00000000
3963,3932,00000008,00108093,1,0000051f
3964,3933,0000000c,00208463,0,00000000
3965,3934,00000010,fe000ce3,0,00000000
3966,3935,00000008,00108093,1,00000520
3967,3936,0000000c,00208463,0,00000000
3968,3937,00000010,fe000ce3,0,00000000
3969,3938,00000008,00108093,1,00000521
3970,3939,0000000c,00208463,0,00000000
3971,3940,00000010,fe000ce3,0,00000000
3972,3941,00000008,00108093,1,00000522
3973,3942,0000000c,00208463,0,00000000
3974,3943,00000010,fe000ce3,0,00000000
3975,3944,00000008,00108093,1,00000523
3976,3945,0000000c,00208463,0,00000000
3977,3946,00000010,fe000ce3,0,00000000
3978,3947,00000008,00108093,1,00000524
3979,3948,0000000c,00208463,0,00000000
3980,3949,00000010,fe000ce3,0,00000000
3981,3950,00000008,00108093,1,00000525
3982,3951,0000000c,00208463,0,00000000
3983,3952,00000010,fe000ce3,0,00000000
3984,3953,00000008,00108093,1,00000526
3985,3954,0000000c,00208463,0,00000000
3986,3955,00000010,fe000ce3,0,00000000
3987,3956,00000008,00108093,1,00000527
3988,3957,0000000c,00208463,0,00000000
3989,3958,00000010,fe000ce3,0,00000000
3990,3959,00000008,00108093,1,00000528
3991,3960,0000000c,00208463,0,00000000
3992,3961,00000010,fe000ce3,0,00000000
3993,3962,00000008,00108093,1,00000529
3994,3963,0000000c,00208463,0,00000000
3995,3964,00000010,fe000ce3,0,00000000
3996,3965,00000008,00108093,1,0000052a
3997,3966,0000000c,00208463,0,00000000
3998,3967,00000010,fe000ce3,0,00000000
3999,3968,00000008,00108093,1,0000052b
4000,3969,0000000c,00208463,0,00000000
4001,3970,00000010,fe000ce3,0,00000000
4002,3971,00000008,00108093,1,0000052c
4003,3972,0000000c,00208463,0,00000000
4004,3973,00000010,fe000ce3,0,00000000
4005,3974,00000008,00108093,1,0000052d
4006,3975,0000000c,00208463,0,00000000
4007,3976,00000010,fe000ce3,0,00000000
4008,3977,00000008,00108093,1,0000052e
4009,3978,0000000c,00208463,0,00000000
4010,3979,00000010,fe000ce3,0,00000000
4011,3980,00000008,00108093,1,0000052f
4012,3981,0000000c,00208463,0,00000000
4013,3982,00000010,fe000ce3,0,00000000
4014,3983,00000008,00108093,1,00000530
4015,3984,0000000c,00208463,0,00000000
4016,3985,00000010,fe000ce3,0,00000000
4017,3986,00000008,00108093,1,00000531
4018,3987,0000000c,00208463,0,00000000
4019,3988,00000010,fe000ce3,0,00000000
4020,3989,00000008,00108093,1,00000532
4021,3990,0000000c,00208463,0,00000000
4022,3991,00000010,fe000ce3,0,00000000
4023,3992,00000008,00108093,1,00000533
4024,3993,0000000c,00208463,0,00000000
4025,3994,00000010,fe000ce3,0,00000000
4026,3995,00000008,00108093,1,00000534
4027,3996,0000000c,00208463,0,00000000
4028,3997,00000010,fe000ce3,0,00000000
4029,3998,00000008,00108093,1,00000535
4030,3999,0000000c,00208463,0,00000000
4031,4000,00000010,fe000ce3,0,00000000
4032,4001,00000008,00108093,1,00000536
4033,4002,0000000c,00208463,0,00000000
4034,4003,00000010,fe000ce3,0,00000000
4035,4004,00000008,00108093,1,00000537
4036,4005,0000000c,00208463,0,00000000
4037,4006,00000010,fe000ce3,0,00000000
4038,4007,00000008,00108093,1,00000538
4039,4008,0000000c,00208463,0,00000000
4040,4009,00000010,fe000ce3,0,00000000
4041,4010,00000008,00108093,1,00000539
4042,4011,0000000c,00208463,0,00000000
4043,4012,00000010,fe000ce3,0,00000000
4044,4013,00000008,00108093,1,0000053a
4045,4014,0000000c,00208463,0,00000000
4046,4015,00000010,fe000ce3,0,00000000
4047,4016,00000008,00108093,1,0000053b
4048,4017,0000000c,00208463,0,00000000
4049,4018,00000010,fe000ce3,0,00000000
4050,4019,00000008,00108093,1,0000053c
4051,4020,0000000c,00208463,0,00000000
4052,4021,00000010,fe000ce3,0,00000000
4053,4022,00000008,00108093,1,0000053d
4054,4023,0000000c,00208463,0,00000000
4055,4024,00000010,fe000ce3,0,00000000
4056,4025,00000008,00108093,1,0000053e
4057,4026,0000000c,00208463,0,00000000
4058,4027,00000010,fe000ce3,0,00000000
4059,4028,00000008,00108093,1,0000053f
4060,4029,0000000c,00208463,0,00000000
4061,4030,00000010,fe000ce3,0,00000000
4062,4031,00000008,00108093,1,00000540
4063,4032,0000000c,00208463,0,00000000
4064,4033,00000010,fe000ce3,0,00000000
4065,4034,00000008,00108093,1,00000541
4066,4035,0000000c,00208463,0,00000000
4067,4036,00000010,fe000ce3,0,00000000
4068,4037,00000008,00108093,1,00000542
4069,4038,0000000c,00208463,0,00000000
4070,4039,00000010,fe000ce3,0,00000000
4071,4040,00000008,00108093,1,00000543
4072,4041,0000000c,00208463,0,00000000
4073,4042,00000010,fe000ce3,0,00000000
4074,4043,00000008,00108093,1,00000544
4075,4044,0000000c,00208463,0,00000000
4076,4045,00000010,fe000ce3,0,00000000
4077,4046,00000008,00108093,1,00000545
4078,4047,0000000c,00208463,0,00000000
4079,4048,00000010,fe000ce3,0,00000000
4080,4049,00000008,00108093,1,00000546
4081,4050,0000000c,00208463,0,00000000
4082,4051,00000010,fe000ce3,0,00000000
4083,4052,00000008,00108093,1,00000547
4084,4053,0000000c,00208463,0,00000000
4085,4054,00000010,fe000ce3,0,00000000
4086,4055,00000008,00108093,1,00000548
4087,4056,0000000c,00208463,0,00000000
4088,4057,00000010,fe000ce3,0,00000000
4089,4058,00000008,00108093,1,00000549
4090,4059,0000000c,00208463,0,00000000
4091,4060,00000010,fe000ce3,0,00000000
4092,4061,00000008,00108093,1,0000054a
4093,4062,0000000c,00208463,0,00000000
4094,4063,00000010,fe000ce3,0,00000000
4095,4064,00000008,00108093,1,0000054b
4096,4065,0000000c,00208463,0,00000000
4097,4066,00000010,fe000ce3,0,00000000
4098,4067,00000008,00108093,1,0000054c
4099,4068,0000000c,00208463,0,00000000
4100,4069,00000010,fe000ce3,0,00000000
4101,4070,00000008,00108093,1,0000054d
4102,4071,0000000c,00208463,0,00000000
4103,4072,00000010,fe000ce3,0,00000000
4104,4073,00000008,00108093,1,0000054e
4105,4074,0000000c,00208463,0,00000000
4106,4075,00000010,fe000ce3,0,00000000
4107,4076,00000008,00108093,1,0000054f
4108,4077,0000000c,00208463,0,00000000
4109,4078,00000010,fe000ce3,0,00000000
4110,4079,00000008,00108093,1,00000550
4111,4080,0000000c,00208463,0,00000000
4112,4081,00000010,fe000ce3,0,00000000
4113,4082,00000008,00108093,1,00000551
4114,4083,0000000c,00208463,0,00000000
4115,4084,00000010,fe000ce3,0,00000000
4116,4085,00000008,00108093,1,00000552
4117,4086,0000000c,00208463,0,00000000
4118,4087,00000010,fe000ce3,0,00000000
4119,4088,00000008,00108093,1,00000553
4120,4089,0000000c,00208463,0,00000000
4121,4090,00000010,fe000ce3,0,00000000
4122,4091,00000008,00108093,1,00000554
4123,4092,0000000c,00208463,0,00000000
4124,4093,00000010,fe000ce3,0,00000000
4125,4094,00000008,00108093,1,00000555
4126,4095,0000000c,00208463,0,00000000
4127,4096,00000010,fe000ce3,0,00000000
4128,4097,00000008,00108093,1,00000556
4129,4098,0000000c,00208463,0,00000000
4130,4099,00000010,fe000ce3,0,00000000
4131,4100,00000008,00108093,1,00000557
4132,4101,0000000c,00208463,0,00000000
4133,4102,00000010,fe000ce3,0,00000000
4134,4103,00000008,00108093,1,00000558
4135,4104,0000000c,00208463,0,00000000
4136,4105,00000010,fe000ce3,0,00000000
4137,4106,00000008,00108093,1,00000559
4138,4107,0000000c,00208463,0,00000000
4139,4108,00000010,fe000ce3,0,00000000
4140,4109,00000008,00108093,1,0000055a
4141,4110,0000000c,00208463,0,00000000
4142,4111,00000010,fe000ce3,0,00000000
4143,4112,00000008,00108093,1,0000055b
4144,4113,0000000c,00208463,0,00000000
4145,4114,00000010,fe000ce3,0,00000000
4146,4115,00000008,00108093,1,0000055c
4147,4116,0000000c,00208463,0,00000000
4148,4117,00000010,fe000ce3,0,00000000
4149,4118,00000008,00108093,1,0000055d
4150,4119,0000000c,00208463,0,00000000
4151,4120,00000010,fe000ce3,0,00000000
4152,4121,00000008,00108093,1,0000055e
4153,4122,0000000c,00208463,0,00000000
4154,4123,00000010,fe000ce3,0,00000000
4155,4124,00000008,00108093,1,0000055f
4156,4125,0000000c,00208463,0,00000000
4157,4126,00000010,fe000ce3,0,00000000
4158,4127,00000008,00108093,1,00000560
4159,4128,0000000c,00208463,0,00000000
4160,4129,00000010,fe000ce3,0,00000000
4161,4130,00000008,00108093,1,00000561
4162,4131,0000000c,00208463,0,00000000
4163,4132,00000010,fe000ce3,0,00000000
4164,4133,00000008,00108093,1,00000562
4165,4134,0000000c,00208463,0,00000000
4166,4135,00000010,fe000ce3,0,00000000
4167,4136,00000008,00108093,1,00000563
4168,4137,0000000c,00208463,0,00000000
4169,4138,00000010,fe000ce3,0,00000000
4170,4139,00000008,00108093,1,00000564
4171,4140,0000000c,00208463,0,00000000
4172,4141,00000010,fe000ce3,0,00000000
4173,4142,00000008,00108093,1,00000565
4174,4143,0000000c,00208463,0,00000000
4175,4144,00000010,fe000ce3,0,00000000
4176,4145,00000008,00108093,1,00000566
4177,4146,0000000c,00208463,0,00000000
4178,4147,00000010,fe000ce3,0,00000000
4179,4148,00000008,00108093,1,00000567
4180,4149,0000000c,00208463,0,00000000
4181,4150,00000010,fe000ce3,0,00000000
4182,4151,00000008,00108093,1,00000568
4183,4152,0000000c,00208463,0,00000000
4184,4153,00000010,fe000ce3,0,00000000
4185,4154,00000008,00108093,1,00000569
4186,4155,0000000c,00208463,0,00000000
4187,4156,00000010,fe000ce3,0,00000000
4188,4157,00000008,00108093,1,0000056a
4189,4158,0000000c,00208463,0,00000000
4190,4159,00000010,fe000ce3,0,00000000
4191,4160,00000008,00108093,1,0000056b
4192,4161,0000000c,00208463,0,00000000
4193,4162,00000010,fe000ce3,0,00000000
4194,4163,00000008,00108093,1,0000056c
4195,4164,0000000c,00208463,0,00000000
4196,4165,00000010,fe000ce3,0,00000000
4197,4166,00000008,00108093,1,0000056d
4198,4167,0000000c,00208463,0,00000000
4199,4168,00000010,fe000ce3,0,00000000
4200,4169,00000008,00108093,1,0000056e
4201,4170,0000000c,00208463,0,00000000
4202,4171,00000010,fe000ce3,0,00000000
4203,4172,00000008,00108093,1,0000056f
4204,4173,0000000c,00208463,0,00000000
4205,4174,00000010,fe000ce3,0,00000000
4206,4175,00000008,00108093,1,00000570
4207,4176,0000000c,00208463,0,00000000
4208,4177,00000010,fe000ce3,0,00000000
4209,4178,00000008,00108093,1,00000571
4210,4179,0000000c,00208463,0,00000000
4211,4180,00000010,fe000ce3,0,00000000
4212,4181,00000008,00108093,1,00000572
4213,4182,0000000c,00208463,0,00000000
4214,4183,00000010,fe000ce3,0,00000000
4215,4184,00000008,00108093,1,00000573
4216,4185,0000000c,00208463,0,00000000
4217,4186,00000010,fe000ce3,0,00000000
4218,4187,00000008,00108093,1,00000574
4219,4188,0000000c,00208463,0,00000000
4220,4189,00000010,fe000ce3,0,00000000
4221,4190,00000008,00108093,1,00000575
4222,4191,0000000c,00208463,0,00000000
4223,4192,00000010,fe000ce3,0,00000000
4224,4193,00000008,00108093,1,00000576
4225,4194,0000000c,00208463,0,00000000
4226,4195,00000010,fe000ce3,0,00000000
4227,4196,00000008,00108093,1,00000577
4228,4197,0000000c,00208463,0,00000000
4229,4198,00000010,fe000ce3,0,00000000
4230,4199,00000008,00108093,1,00000578
4231,4200,0000000c,00208463,0,00000000
4232,4201,00000010,fe000ce3,0,00000000
4233,4202,00000008,00108093,1,00000579
4234,4203,0000000c,00208463,0,00000000
4235,4204,00000010,fe000ce3,0,00000000
4236,4205,00000008,00108093,1,0000057a
4237,4206,0000000c,00208463,0,00000000
4238,4207,00000010,fe000ce3,0,00000000
4239,4208,00000008,00108093,1,0000057b
4240,4209,0000000c,00208463,0,00000000
4241,4210,00000010,fe000ce3,0,00000000
4242,4211,00000008,00108093,1,0000057c
4243,4212,0000000c,00208463,0,00000000
4244,4213,00000010,fe000ce3,0,00000000
4245,4214,00000008,00108093,1,0000057d
4246,4215,0000000c,00208463,0,00000000
4247,4216,00000010,fe000ce3,0,00000000
4248,4217,00000008,00108093,1,0000057e
4249,4218,0000000c,00208463,0,00000000
4250,4219,00000010,fe000ce3,0,00000000
4251,4220,00000008,00108093,1,0000057f
4252,4221,0000000c,00208463,0,00000000
4253,4222,00000010,fe000ce3,0,00000000
4254,4223,00000008,00108093,1,00000580
4255,4224,0000000c,00208463,0,00000000
4256,4225,00000010,fe000ce3,0,00000000
4257,4226,00000008,00108093,1,00000581
4258,4227,0000000c,00208463,0,00000000
4259,4228,00000010,fe000ce3,0,00000000
4260,4229,00000008,00108093,1,00000582
4261,4230,0000000c,00208463,0,00000000
4262,4231,00000010,fe000ce3,0,00000000
4263,4232,00000008,00108093,1,00000583
4264,4233,0000000c,00208463,0,00000000
4265,4234,00000010,fe000ce3,0,00000000
4266,4235,00000008,00108093,1,00000584
4267,4236,0000000c,00208463,0,00000000
4268,4237,00000010,fe000ce3,0,00000000
4269,4238,00000008,00108093,1,00000585
4270,4239,0000000c,00208463,0,00000000
4271,4240,00000010,fe000ce3,0,00000000
4272,4241,00000008,00108093,1,00000586
4273,4242,0000000c,00208463,0,00000000
4274,4243,00000010,fe000ce3,0,00000000
4275,4244,00000008,00108093,1,00000587
4276,4245,0000000c,00208463,0,00000000
4277,4246,00000010,fe000ce3,0,00000000
4278,4247,00000008,00108093,1,00000588
4279,4248,0000000c,00208463,0,00000000
4280,4249,00000010,fe000ce3,0,00000000
4281,4250,00000008,00108093,1,00000589
4282,4251,0000000c,00208463,0,00000000
4283,4252,00000010,fe000ce3,0,00000000
4284,4253,00000008,00108093,1,0000058a
4285,4254,0000000c,00208463,0,00000000
4286,4255,00000010,fe000ce3,0,00000000
4287,4256,00000008,00108093,1,0000058b
4288,4257,0000000c,00208463,0,00000000
4289,4258,00000010,fe000ce3,0,00000000
4290,4259,00000008,00108093,1,0000058c
4291,4260,0000000c,00208463,0,00000000
4292,4261,00000010,fe000ce3,0,00000000
4293,4262,00000008,00108093,1,0000058d
4294,4263,0000000c,00208463,0,00000000
4295,4264,00000010,fe000ce3,0,00000000
4296,4265,00000008,00108093,1,0000058e
4297,4266,0000000c,00208463,0,00000000
4298,4267,00000010,fe000ce3,0,00000000
4299,4268,00000008,00108093,1,0000058f
4300,4269,0000000c,00208463,0,00000000
4301,4270,00000010,fe000ce3,0,00000000
4302,4271,00000008,00108093,1,00000590
4303,4272,0000000c,00208463,0,00000000
4304,4273,00000010,fe000ce3,0,00000000
4305,4274,00000008,00108093,1,00000591
4306,4275,0000000c,00208463,0,00000000
4307,4276,00000010,fe000ce3,0,00000000
4308,4277,00000008,00108093,1,00000592
4309,4278,0000000c,00208463,0,00000000
4310,4279,00000010,fe000ce3,0,00000000
4311,4280,00000008,00108093,1,00000593
4312,4281,0000000c,00208463,0,00000000
4313,4282,00000010,fe000ce3,0,00000000
4314,4283,00000008,00108093,1,00000594
4315,4284,0000000c,00208463,0,00000000
4316,4285,00000010,fe000ce3,0,00000000
4317,4286,00000008,00108093,1,00000595
4318,4287,0000000c,00208463,0,00000000
4319,4288,00000010,fe000ce3,0,00000000
4320,4289,00000008,00108093,1,00000596
4321,4290,0000000c,00208463,0,00000000
4322,4291,00000010,fe000ce3,0,00000000
4323,4292,00000008,00108093,1,00000597
4324,4293,0000000c,00208463,0,00000000
4325,4294,00000010,fe000ce3,0,00000000
4326,4295,00000008,00108093,1,00000598
4327,4296,0000000c,00208463,0,00000000
4328,4297,00000010,fe000ce3,0,00000000
4329,4298,00000008,00108093,1,00000599
4330,4299,0000000c,00208463,0,00000000
4331,4300,00000010,fe000ce3,0,00000000
4332,4301,00000008,00108093,1,0000059a
4333,4302,0000000c,00208463,0,00000000
4334,4303,00000010,fe000ce3,0,00000000
4335,4304,00000008,00108093,1,0000059b
4336,4305,0000000c,00208463,0,00000000
4337,4306,00000010,fe000ce3,0,00000000
4338,4307,00000008,00108093,1,0000059c
4339,4308,0000000c,00208463,0,00000000
4340,4309,00000010,fe000ce3,0,00000000
4341,4310,00000008,00108093,1,0000059d
4342,4311,0000000c,00208463,0,00000000
4343,4312,00000010,fe000ce3,0,00000000
4344,4313,00000008,00108093,1,0000059e
4345,4314,0000000c,00208463,0,00000000
4346,4315,00000010,fe000ce3,0,00000000
4347,4316,00000008,00108093,1,0000059f
4348,4317,0000000c,00208463,0,00000000
4349,4318,00000010,fe000ce3,0,00000000
4350,4319,00000008,00108093,1,000005a0
4351,4320,0000000c,00208463,0,00000000
4352,4321,00000010,fe000ce3,0,00000000
4353,4322,00000008,00108093,1,000005a1
4354,4323,0000000c,00208463,0,00000000
4355,4324,00000010,fe000ce3,0,00000000
4356,4325,00000008,00108093,1,000005a2
4357,4326,0000000c,00208463,0,00000000
4358,4327,00000010,fe000ce3,0,00000000
4359,4328,00000008,00108093,1,000005a3
4360,4329,0000000c,00208463,0,00000000
4361,4330,00000010,fe000ce3,0,00000000
4362,4331,00000008,00108093,1,000005a4
4363,4332,0000000c,00208463,0,00000000
4364,4333,00000010,fe000ce3,0,00000000
4365,4334,00000008,00108093,1,000005a5
4366,4335,0000000c,00208463,0,00000000
4367,4336,00000010,fe000ce3,0,00000000
4368,4337,00000008,00108093,1,000005a6
4369,4338,0000000c,00208463,0,00000000
4370,4339,00000010,fe000ce3,0,00000000
4371,4340,00000008,00108093,1,000005a7
4372,4341,0000000c,00208463,0,00000000
4373,4342,00000010,fe000ce3,0,00000000
4374,4343,00000008,00108093,1,000005a8
4375,4344,0000000c,00208463,0,00000000
4376,4345,00000010,fe000ce3,0,00000000
4377,4346,00000008,00108093,1,000005a9
4378,4347,0000000c,00208463,0,00000000
4379,4348,00000010,fe000ce3,0,00000000
4380,4349,00000008,00108093,1,000005aa
4381,4350,0000000c,00208463,0,00000000
4382,4351,00000010,fe000ce3,0,00000000
4383,4352,00000008,00108093,1,000005ab
4384,4353,0000000c,00208463,0,00000000
4385,4354,00000010,fe000ce3,0,00000000
4386,4355,00000008,00108093,1,000005ac
4387,4356,0000000c,00208463,0,00000000
4388,4357,00000010,fe000ce3,0,00000000
4389,4358,00000008,00108093,1,000005ad
4390,4359,0000000c,00208463,0,00000000
4391,4360,00000010,fe000ce3,0,00000000
4392,4361,00000008,00108093,1,000005ae
4393,4362,0000000c,00208463,0,00000000
4394,4363,00000010,fe000ce3,0,00000000
4395,4364,00000008,00108093,1,000005af
4396,4365,0000000c,00208463,0,00000000
4397,4366,00000010,fe000ce3,0,00000000
4398,4367,00000008,00108093,1,000005b0
4399,4368,0000000c,00208463,0,00000000
4400,4369,00000010,fe000ce3,0,00000000
4401,4370,00000008,00108093,1,000005b1
4402,4371,0000000c,00208463,0,00000000
4403,4372,00000010,fe000ce3,0,00000000
4404,4373,00000008,00108093,1,000005b2
4405,4374,0000000c,00208463,0,00000000
4406,4375,00000010,fe000ce3,0,00000000
4407,4376,00000008,00108093,1,000005b3
4408,4377,0000000c,00208463,0,00000000
4409,4378,00000010,fe000ce3,0,00000000
4410,4379,00000008,00108093,1,000005b4
4411,4380,0000000c,00208463,0,00000000
4412,4381,00000010,fe000ce3,0,00000000
4413,4382,00000008,00108093,1,000005b5
4414,4383,0000000c,00208463,0,00000000
4415,4384,00000010,fe000ce3,0,00000000
4416,4385,00000008,00108093,1,000005b6
4417,4386,0000000c,00208463,0,00000000
4418,4387,00000010,fe000ce3,0,00000000
4419,4388,00000008,00108093,1,000005b7
4420,4389,0000000c,00208463,0,00000000
4421,4390,00000010,fe000ce3,0,00000000
4422,4391,00000008,00108093,1,000005b8
4423,4392,0000000c,00208463,0,00000000
4424,4393,00000010,fe000ce3,0,00000000
4425,4394,00000008,00108093,1,000005b9
4426,4395,0000000c,00208463,0,00000000
4427,4396,00000010,fe000ce3,0,00000000
4428,4397,00000008,00108093,1,000005ba
4429,4398,0000000c,00208463,0,00000000
4430,4399,00000010,fe000ce3,0,00000000
4431,4400,00000008,00108093,1,000005bb
4432,4401,0000000c,00208463,0,00000000
4433,4402,00000010,fe000ce3,0,00000000
4434,4403,00000008,00108093,1,000005bc
4435,4404,0000000c,00208463,0,00000000
4436,4405,00000010,fe000ce3,0,00000000
4437,4406,00000008,00108093,1,000005bd
4438,4407,0000000c,00208463,0,00000000
4439,4408,00000010,fe000ce3,0,00000000
4440,4409,00000008,00108093,1,000005be
4441,4410,0000000c,00208463,0,00000000
4442,4411,00000010,fe000ce3,0,00000000
4443,4412,00000008,00108093,1,000005bf
4444,4413,0000000c,00208463,0,00000000
4445,4414,00000010,fe000ce3,0,00000000
4446,4415,00000008,00108093,1,000005c0
4447,4416,0000000c,00208463,0,00000000
4448,4417,00000010,fe000ce3,0,00000000
4449,4418,00000008,00108093,1,000005c1
4450,4419,0000000c,00208463,0,00000000
4451,4420,00000010,fe000ce3,0,00000000
4452,4421,00000008,00108093,1,000005c2
4453,4422,0000000c,00208463,0,00000000
4454,4423,00000010,fe000ce3,0,00000000
4455,4424,00000008,00108093,1,000005c3
4456,4425,0000000c,00208463,0,00000000
4457,4426,00000010,fe000ce3,0,00000000
4458,4427,00000008,00108093,1,000005c4
4459,4428,0000000c,00208463,0,00000000
4460,4429,00000010,fe000ce3,0,00000000
4461,4430,00000008,00108093,1,000005c5
4462,4431,0000000c,00208463,0,00000000
4463,4432,00000010,fe000ce3,0,00000000
4464,4433,00000008,00108093,1,000005c6
4465,4434,0000000c,00208463,0,00000000
4466,4435,00000010,fe000ce3,0,00000000
4467,4436,00000008,00108093,1,000005c7
4468,4437,0000000c,00208463,0,00000000
4469,4438,00000010,fe000ce3,0,00000000
4470,4439,00000008,00108093,1,000005c8
4471,4440,0000000c,00208463,0,00000000
4472,4441,00000010,fe000ce3,0,00000000
4473,4442,00000008,00108093,1,000005c9
4474,4443,0000000c,00208463,0,00000000
4475,4444,00000010,fe000ce3,0,00000000
4476,4445,00000008,00108093,1,000005ca
4477,4446,0000000c,00208463,0,00000000
4478,4447,00000010,fe000ce3,0,00000000
4479,4448,00000008,00108093,1,000005cb
4480,4449,0000000c,00208463,0,00000000
4481,4450,00000010,fe000ce3,0,00000000
4482,4451,00000008,00108093,1,000005cc
4483,4452,0000000c,00208463,0,00000000
4484,4453,00000010,fe000ce3,0,00000000
4485,4454,00000008,00108093,1,000005cd
4486,4455,0000000c,00208463,0,00000000
4487,4456,00000010,fe000ce3,0,00000000
4488,4457,00000008,00108093,1,000005ce
4489,4458,0000000c,00208463,0,00000000
4490,4459,00000010,fe000ce3,0,00000000
4491,4460,00000008,00108093,1,000005cf
4492,4461,0000000c,00208463,0,00000000
4493,4462,00000010,fe000ce3,0,00000000
4494,4463,00000008,00108093,1,000005d0
4495,4464,0000000c,00208463,0,00000000
4496,4465,00000010,fe000ce3,0,00000000
4497,4466,00000008,00108093,1,000005d1
4498,4467,0000000c,00208463,0,00000000
4499,4468,00000010,fe000ce3,0,00000000
4500,4469,00000008,00108093,1,000005d2
4501,4470,0000000c,00208463,0,00000000
4502,4471,00000010,fe000ce3,0,00000000
4503,4472,00000008,00108093,1,000005d3
4504,4473,0000000c,00208463,0,00000000
4505,4474,00000010,fe000ce3,0,00000000
4506,4475,00000008,00108093,1,000005d4
4507,4476,0000000c,00208463,0,00000000
4508,4477,00000010,fe000ce3,0,00000000
4509,4478,00000008,00108093,1,000005d5
4510,4479,0000000c,00208463,0,00000000
4511,4480,00000010,fe000ce3,0,00000000
4512,4481,00000008,00108093,1,000005d6
4513,4482,0000000c,00208463,0,00000000
4514,4483,00000010,fe000ce3,0,00000000
4515,4484,00000008,00108093,1,000005d7
4516,4485,0000000c,00208463,0,00000000
4517,4486,00000010,fe000ce3,0,00000000
4518,4487,00000008,00108093,1,000005d8
4519,4488,0000000c,00208463,0,00000000
4520,4489,00000010,fe000ce3,0,00000000
4521,4490,00000008,00108093,1,000005d9
4522,4491,0000000c,00208463,0,00000000
4523,4492,00000010,fe000ce3,0,00000000
4524,4493,00000008,00108093,1,000005da
4525,4494,0000000c,00208463,0,00000000
4526,4495,00000010,fe000ce3,0,00000000
4527,4496,00000008,00108093,1,000005db
4528,4497,0000000c,00208463,0,00000000
4529,4498,00000010,fe000ce3,0,00000000
4530,4499,00000008,00108093,1,000005dc
4531,4500,0000000c,00208463,0,00000000
4532,4501,00000010,fe000ce3,0,00000000
4533,4502,00000008,00108093,1,000005dd
4534,4503,0000000c,00208463,0,00000000
4535,4504,00000010,fe000ce3,0,00000000
4536,4505,00000008,00108093,1,000005de
4537,4506,0000000c,00208463,0,00000000
4538,4507,00000010,fe000ce3,0,00000000
4539,4508,00000008,00108093,1,000005df
4540,4509,0000000c,00208463,0,00000000
4541,4510,00000010,fe000ce3,0,00000000
4542,4511,00000008,00108093,1,000005e0
4543,4512,0000000c,00208463,0,00000000
4544,4513,00000010,fe000ce3,0,00000000
4545,4514,00000008,00108093,1,000005e1
4546,4515,0000000c,00208463,0,00000000
4547,4516,00000010,fe000ce3,0,00000000
4548,4517,00000008,00108093,1,000005e2
4549,4518,0000000c,00208463,0,00000000
4550,4519,00000010,fe000ce3,0,00000000
4551,4520,00000008,00108093,1,000005e3
4552,4521,0000000c,00208463,0,00000000
4553,4522,00000010,fe000ce3,0,00000000
4554,4523,00000008,00108093,1,000005e4
4555,4524,0000000c,00208463,0,00000000
4556,4525,00000010,fe000ce3,0,00000000
4557,4526,00000008,00108093,1,000005e5
4558,4527,0000000c,00208463,0,00000000
4559,4528,00000010,fe000ce3,0,00000000
4560,4529,00000008,00108093,1,000005e6
4561,4530,0000000c,00208463,0,00000000
4562,4531,00000010,fe000ce3,0,00000000
4563,4532,00000008,00108093,1,000005e7
4564,4533,0000000c,00208463,0,00000000
4565,4534,00000010,fe000ce3,0,00000000
4566,4535,00000008,00108093,1,000005e8
4567,4536,0000000c,00208463,0,00000000
4568,4537,00000010,fe000ce3,0,00000000
4569,4538,00000008,00108093,1,000005e9
4570,4539,0000000c,00208463,0,00000000
4571,4540,00000010,fe000ce3,0,00000000
4572,4541,00000008,00108093,1,000005ea
4573,4542,0000000c,00208463,0,00000000
4574,4543,00000010,fe000ce3,0,00000000
4575,4544,00000008,00108093,1,000005eb
4576,4545,0000000c,00208463,0,00000000
4577,4546,00000010,fe000ce3,0,00000000
4578,4547,00000008,00108093,1,000005ec
4579,4548,0000000c,00208463,0,00000000
4580,4549,00000010,fe000ce3,0,00000000
4581,4550,00000008,00108093,1,000005ed
4582,4551,0000000c,00208463,0,00000000
4583,4552,00000010,fe000ce3,0,00000000
4584,4553,00000008,00108093,1,000005ee
4585,4554,0000000c,00208463,0,00000000
4586,4555,00000010,fe000ce3,0,00000000
4587,4556,00000008,00108093,1,000005ef
4588,4557,0000000c,00208463,0,00000000
4589,4558,00000010,fe000ce3,0,00000000
4590,4559,00000008,00108093,1,000005f0
4591,4560,0000000c,00208463,0,00000000
4592,4561,00000010,fe000ce3,0,00000000
4593,4562,00000008,00108093,1,000005f1
4594,4563,0000000c,00208463,0,00000000
4595,4564,00000010,fe000ce3,0,00000000
4596,4565,00000008,00108093,1,000005f2
4597,4566,0000000c,00208463,0,00000000
4598,4567,00000010,fe000ce3,0,00000000
4599,4568,00000008,00108093,1,000005f3
4600,4569,0000000c,00208463,0,00000000
4601,4570,00000010,fe000ce3,0,00000000
4602,4571,00000008,00108093,1,000005f4
4603,4572,0000000c,00208463,0,00000000
4604,4573,00000010,fe000ce3,0,00000000
4605,4574,00000008,00108093,1,000005f5
4606,4575,0000000c,00208463,0,00000000
4607,4576,00000010,fe000ce3,0,00000000
4608,4577,00000008,00108093,1,000005f6
4609,4578,0000000c,00208463,0,00000000
4610,4579,00000010,fe000ce3,0,00000000
4611,4580,00000008,00108093,1,000005f7
4612,4581,0000000c,00208463,0,00000000
4613,4582,00000010,fe000ce3,0,00000000
4614,4583,00000008,00108093,1,000005f8
4615,4584,0000000c,00208463,0,00000000
4616,4585,00000010,fe000ce3,0,00000000
4617,4586,00000008,00108093,1,000005f9
4618,4587,0000000c,00208463,0,00000000
4619,4588,00000010,fe000ce3,0,00000000
4620,4589,00000008,00108093,1,000005fa
4621,4590,0000000c,00208463,0,00000000
4622,4591,00000010,fe000ce3,0,00000000
4623,4592,00000008,00108093,1,000005fb
4624,4593,0000000c,00208463,0,00000000
4625,4594,00000010,fe000ce3,0,00000000
4626,4595,00000008,00108093,1,000005fc
4627,4596,0000000c,00208463,0,00000000
4628,4597,00000010,fe000ce3,0,00000000
4629,4598,00000008,00108093,1,000005fd
4630,4599,0000000c,00208463,0,00000000
4631,4600,00000010,fe000ce3,0,00000000
4632,4601,00000008,00108093,1,000005fe
4633,4602,0000000c,00208463,0,00000000
4634,4603,00000010,fe000ce3,0,00000000
4635,4604,00000008,00108093,1,000005ff
4636,4605,0000000c,00208463,0,00000000
4637,4606,00000010,fe000ce3,0,00000000
4638,4607,00000008,00108093,1,00000600
4639,4608,0000000c,00208463,0,00000000
4640,4609,00000010,fe000ce3,0,00000000
4641,4610,00000008,00108093,1,00000601
4642,4611,0000000c,00208463,0,00000000
4643,4612,00000010,fe000ce3,0,00000000
4644,4613,00000008,00108093,1,00000602
4645,4614,0000000c,00208463,0,00000000
4646,4615,00000010,fe000ce3,0,00000000
4647,4616,00000008,00108093,1,00000603
4648,4617,0000000c,00208463,0,00000000
4649,4618,00000010,fe000ce3,0,00000000
4650,4619,00000008,00108093,1,00000604
4651,4620,0000000c,00208463,0,00000000
4652,4621,00000010,fe000ce3,0,00000000
4653,4622,00000008,00108093,1,00000605
4654,4623,0000000c,00208463,0,00000000
4655,4624,00000010,fe000ce3,0,00000000
4656,4625,00000008,00108093,1,00000606
4657,4626,0000000c,00208463,0,00000000
4658,4627,00000010,fe000ce3,0,00000000
4659,4628,00000008,00108093,1,00000607
4660,4629,0000000c,00208463,0,00000000
4661,4630,00000010,fe000ce3,0,00000000
4662,4631,00000008,00108093,1,00000608
4663,4632,0000000c,00208463,0,00000000
4664,4633,00000010,fe000ce3,0,00000000
4665,4634,00000008,00108093,1,00000609
4666,4635,0000000c,00208463,0,00000000
4667,4636,00000010,fe000ce3,0,00000000
4668,4637,00000008,00108093,1,0000060a
4669,4638,0000000c,00208463,0,00000000
4670,4639,00000010,fe000ce3,0,00000000
4671,4640,00000008,00108093,1,0000060b
4672,4641,0000000c,00208463,0,00000000
4673,4642,00000010,fe000ce3,0,00000000
4674,4643,00000008,00108093,1,0000060c
4675,4644,0000000c,00208463,0,00000000
4676,4645,00000010,fe000ce3,0,00000000
4677,4646,00000008,00108093,1,0000060d
4678,4647,0000000c,00208463,0,00000000
4679,4648,00000010,fe000ce3,0,00000000
4680,4649,00000008,00108093,1,0000060e
4681,4650,0000000c,00208463,0,00000000
4682,4651,00000010,fe000ce3,0,00000000
4683,4652,00000008,00108093,1,0000060f
4684,4653,0000000c,00208463,0,00000000
4685,4654,00000010,fe000ce3,0,00000000
4686,4655,00000008,00108093,1,00000610
4687,4656,0000000c,00208463,0,00000000
4688,4657,00000010,fe000ce3,0,00000000
4689,4658,00000008,00108093,1,00000611
4690,4659,0000000c,00208463,0,00000000
4691,4660,00000010,fe000ce3,0,00000000
4692,4661,00000008,00108093,1,00000612
4693,4662,0000000c,00208463,0,00000000
4694,4663,00000010,fe000ce3,0,00000000
4695,4664,00000008,00108093,1,00000613
4696,4665,0000000c,00208463,0,00000000
4697,4666,00000010,fe000ce3,0,00000000
4698,4667,00000008,00108093,1,00000614
4699,4668,0000000c,00208463,0,00000000
4700,4669,00000010,fe000ce3,0,00000000
4701,4670,00000008,00108093,1,00000615
4702,4671,0000000c,00208463,0,00000000
4703,4672,00000010,fe000ce3,0,00000000
4704,4673,00000008,00108093,1,00000616
4705,4674,0000000c,00208463,0,00000000
4706,4675,00000010,fe000ce3,0,00000000
4707,4676,00000008,00108093,1,00000617
4708,4677,0000000c,00208463,0,00000000
4709,4678,00000010,fe000ce3,0,00000000
4710,4679,00000008,00108093,1,00000618
4711,4680,0000000c,00208463,0,00000000
4712,4681,00000010,fe000ce3,0,00000000
4713,4682,00000008,00108093,1,00000619
4714,4683,0000000c,00208463,0,00000000
4715,4684,00000010,fe000ce3,0,00000000
4716,4685,00000008,00108093,1,0000061a
4717,4686,0000000c,00208463,0,00000000
4718,4687,00000010,fe000ce3,0,00000000
4719,4688,00000008,00108093,1,0000061b
4720,4689,0000000c,00208463,0,00000000
4721,4690,00000010,fe000ce3,0,00000000
4722,4691,00000008,00108093,1,0000061c
4723,4692,0000000c,00208463,0,00000000
4724,4693,00000010,fe000ce3,0,00000000
4725,4694,00000008,00108093,1,0000061d
4726,4695,0000000c,00208463,0,00000000
4727,4696,00000010,fe000ce3,0,00000000
4728,4697,00000008,00108093,1,0000061e
4729,4698,0000000c,00208463,0,00000000
4730,4699,00000010,fe000ce3,0,00000000
4731,4700,00000008,00108093,1,0000061f
4732,4701,0000000c,00208463,0,00000000
4733,4702,00000010,fe000ce3,0,00000000
4734,4703,00000008,00108093,1,00000620
4735,4704,0000000c,00208463,0,00000000
4736,4705,00000010,fe000ce3,0,00000000
4737,4706,00000008,00108093,1,00000621
4738,4707,0000000c,00208463,0,00000000
4739,4708,00000010,fe000ce3,0,00000000
4740,4709,00000008,00108093,1,00000622
4741,4710,0000000c,00208463,0,00000000
4742,4711,00000010,fe000ce3,0,00000000
4743,4712,00000008,00108093,1,00000623
4744,4713,0000000c,00208463,0,00000000
4745,4714,00000010,fe000ce3,0,00000000
4746,4715,00000008,00108093,1,00000624
4747,4716,0000000c,00208463,0,00000000
4748,4717,00000010,fe000ce3,0,00000000
4749,4718,00000008,00108093,1,00000625
4750,4719,0000000c,00208463,0,00000000
4751,4720,00000010,fe000ce3,0,00000000
4752,4721,00000008,00108093,1,00000626
4753,4722,0000000c,00208463,0,00000000
4754,4723,00000010,fe000ce3,0,00000000
4755,4724,00000008,00108093,1,00000627
4756,4725,0000000c,00208463,0,00000000
4757,4726,00000010,fe000ce3,0,00000000
4758,4727,00000008,00108093,1,00000628
4759,4728,0000000c,00208463,0,00000000
4760,4729,00000010,fe000ce3,0,00000000
4761,4730,00000008,00108093,1,00000629
4762,4731,0000000c,00208463,0,00000000
4763,4732,00000010,fe000ce3,0,00000000
4764,4733,00000008,00108093,1,0000062a
4765,4734,0000000c,00208463,0,00000000
4766,4735,00000010,fe000ce3,0,00000000
4767,4736,00000008,00108093,1,0000062b
4768,4737,0000000c,00208463,0,00000000
4769,4738,00000010,fe000ce3,0,00000000
4770,4739,00000008,00108093,1,0000062c
4771,4740,0000000c,00208463,0,00000000
4772,4741,00000010,fe000ce3,0,00000000
4773,4742,00000008,00108093,1,0000062d
4774,4743,0000000c,00208463,0,00000000
4775,4744,00000010,fe000ce3,0,00000000
4776,4745,00000008,00108093,1,0000062e
4777,4746,0000000c,00208463,0,00000000
4778,4747,00000010,fe000ce3,0,00000000
4779,4748,00000008,00108093,1,0000062f
4780,4749,0000000c,00208463,0,00000000
4781,4750,00000010,fe000ce3,0,00000000
4782,4751,00000008,00108093,1,00000630
4783,4752,0000000c,00208463,0,00000000
4784,4753,00000010,fe000ce3,0,00000000
4785,4754,00000008,00108093,1,00000631
4786,4755,0000000c,00208463,0,00000000
4787,4756,00000010,fe000ce3,0,00000000
4788,4757,00000008,00108093,1,00000632
4789,4758,0000000c,00208463,0,00000000
4790,4759,00000010,fe000ce3,0,00000000
4791,4760,00000008,00108093,1,00000633
4792,4761,0000000c,00208463,0,00000000
4793,4762,00000010,fe000ce3,0,00000000
4794,4763,00000008,00108093,1,00000634
4795,4764,0000000c,00208463,0,00000000
4796,4765,00000010,fe000ce3,0,00000000
4797,4766,00000008,00108093,1,00000635
4798,4767,0000000c,00208463,0,00000000
4799,4768,00000010,fe000ce3,0,00000000
4800,4769,00000008,00108093,1,00000636
4801,4770,0000000c,00208463,0,00000000
4802,4771,00000010,fe000ce3,0,00000000
4803,4772,00000008,00108093,1,00000637
4804,4773,0000000c,00208463,0,00000000
4805,4774,00000010,fe000ce3,0,00000000
4806,4775,00000008,00108093,1,00000638
4807,4776,0000000c,00208463,0,00000000
4808,4777,00000010,fe000ce3,0,00000000
4809,4778,00000008,00108093,1,00000639
4810,4779,0000000c,00208463,0,00000000
4811,4780,00000010,fe000ce3,0,00000000
4812,4781,00000008,00108093,1,0000063a
4813,4782,0000000c,00208463,0,00000000
4814,4783,00000010,fe000ce3,0,00000000
4815,4784,00000008,00108093,1,0000063b
4816,4785,0000000c,00208463,0,00000000
4817,4786,00000010,fe000ce3,0,00000000
4818,4787,00000008,00108093,1,0000063c
4819,4788,0000000c,00208463,0,00000000
4820,4789,00000010,fe000ce3,0,00000000
4821,4790,00000008,00108093,1,0000063d
4822,4791,0000000c,00208463,0,00000000
4823,4792,00000010,fe000ce3,0,00000000
4824,4793,00000008,00108093,1,0000063e
4825,4794,0000000c,00208463,0,00000000
4826,4795,00000010,fe000ce3,0,00000000
4827,4796,00000008,00108093,1,0000063f
4828,4797,0000000c,00208463,0,00000000
4829,4798,00000010,fe000ce3,0,00000000
4830,4799,00000008,00108093,1,00000640
4831,4800,0000000c,00208463,0,00000000
4832,4801,00000010,fe000ce3,0,00000000
4833,4802,00000008,00108093,1,00000641
4834,4803,0000000c,00208463,0,00000000
4835,4804,00000010,fe000ce3,0,00000000
4836,4805,00000008,00108093,1,00000642
4837,4806,0000000c,00208463,0,00000000
4838,4807,00000010,fe000ce3,0,00000000
4839,4808,00000008,00108093,1,00000643
4840,4809,0000000c,00208463,0,00000000
4841,4810,00000010,fe000ce3,0,00000000
4842,4811,00000008,00108093,1,00000644
4843,4812,0000000c,00208463,0,00000000
4844,4813,00000010,fe000ce3,0,00000000
4845,4814,00000008,00108093,1,00000645
4846,4815,0000000c,00208463,0,00000000
4847,4816,00000010,fe000ce3,0,00000000
4848,4817,00000008,00108093,1,00000646
4849,4818,0000000c,00208463,0,00000000
4850,4819,00000010,fe000ce3,0,00000000
4851,4820,00000008,00108093,1,00000647
4852,4821,0000000c,00208463,0,00000000
4853,4822,00000010,fe000ce3,0,00000000
4854,4823,00000008,00108093,1,00000648
4855,4824,0000000c,00208463,0,00000000
4856,4825,00000010,fe000ce3,0,00000000
4857,4826,00000008,00108093,1,00000649
4858,4827,0000000c,00208463,0,00000000
4859,4828,00000010,fe000ce3,0,00000000
4860,4829,00000008,00108093,1,0000064a
4861,4830,0000000c,00208463,0,00000000
4862,4831,00000010,fe000ce3,0,00000000
4863,4832,00000008,00108093,1,0000064b
4864,4833,0000000c,00208463,0,00000000
4865,4834,00000010,fe000ce3,0,00000000
4866,4835,00000008,00108093,1,0000064c
4867,4836,0000000c,00208463,0,00000000
4868,4837,00000010,fe000ce3,0,00000000
4869,4838,00000008,00108093,1,0000064d
4870,4839,0000000c,00208463,0,00000000
4871,4840,00000010,fe000ce3,0,00000000
4872,4841,00000008,00108093,1,0000064e
4873,4842,0000000c,00208463,0,00000000
4874,4843,00000010,fe000ce3,0,00000000
4875,4844,00000008,00108093,1,0000064f
4876,4845,0000000c,00208463,0,00000000
4877,4846,00000010,fe000ce3,0,00000000
4878,4847,00000008,00108093,1,00000650
4879,4848,0000000c,00208463,0,00000000
4880,4849,00000010,fe000ce3,0,00000000
4881,4850,00000008,00108093,1,00000651
4882,4851,0000000c,00208463,0,00000000
4883,4852,00000010,fe000ce3,0,00000000
4884,4853,00000008,00108093,1,00000652
4885,4854,0000000c,00208463,0,00000000
4886,4855,00000010,fe000ce3,0,00000000
4887,4856,00000008,00108093,1,00000653
4888,4857,0000000c,00208463,0,00000000
4889,4858,00000010,fe000ce3,0,00000000
4890,4859,00000008,00108093,1,00000654
4891,4860,0000000c,00208463,0,00000000
4892,4861,00000010,fe000ce3,0,00000000
4893,4862,00000008,00108093,1,00000655
4894,4863,0000000c,00208463,0,00000000
4895,4864,00000010,fe000ce3,0,00000000
4896,4865,00000008,00108093,1,00000656
4897,4866,0000000c,00208463,0,00000000
4898,4867,00000010,fe000ce3,0,00000000
4899,4868,00000008,00108093,1,00000657
4900,4869,0000000c,00208463,0,00000000
4901,4870,00000010,fe000ce3,0,00000000
4902,4871,00000008,00108093,1,00000658
4903,4872,0000000c,00208463,0,00000000
4904,4873,00000010,fe000ce3,0,00000000
4905,4874,00000008,00108093,1,00000659
4906,4875,0000000c,00208463,0,00000000
4907,4876,00000010,fe000ce3,0,00000000
4908,4877,00000008,00108093,1,0000065a
4909,4878,0000000c,00208463,0,00000000
4910,4879,00000010,fe000ce3,0,00000000
4911,4880,00000008,00108093,1,0000065b
4912,4881,0000000c,00208463,0,00000000
4913,4882,00000010,fe000ce3,0,00000000
4914,4883,00000008,00108093,1,0000065c
4915,4884,0000000c,00208463,0,00000000
4916,4885,00000010,fe000ce3,0,00000000
4917,4886,00000008,00108093,1,0000065d
4918,4887,0000000c,00208463,0,00000000
4919,4888,00000010,fe000ce3,0,00000000
4920,4889,00000008,00108093,1,0000065e
4921,4890,0000000c,00208463,0,00000000
4922,4891,00000010,fe000ce3,0,00000000
4923,4892,00000008,00108093,1,0000065f
4924,4893,0000000c,00208463,0,00000000
4925,4894,00000010,fe000ce3,0,00000000
4926,4895,00000008,00108093,1,00000660
4927,4896,0000000c,00208463,0,00000000
4928,4897,00000010,fe000ce3,0,00000000
4929,4898,00000008,00108093,1,00000661
4930,4899,0000000c,00208463,0,00000000
4931,4900,00000010,fe000ce3,0,00000000
4932,4901,00000008,00108093,1,00000662
4933,4902,0000000c,00208463,0,00000000
4934,4903,00000010,fe000ce3,0,00000000
4935,4904,00000008,00108093,1,00000663
4936,4905,0000000c,00208463,0,00000000
4937,4906,00000010,fe000ce3,0,00000000
4938,4907,00000008,00108093,1,00000664
4939,4908,0000000c,00208463,0,00000000
4940,4909,00000010,fe000ce3,0,00000000
4941,4910,00000008,00108093,1,00000665
4942,4911,0000000c,00208463,0,00000000
4943,4912,00000010,fe000ce3,0,00000000
4944,4913,00000008,00108093,1,00000666
4945,4914,0000000c,00208463,0,00000000
4946,4915,00000010,fe000ce3,0,00000000
4947,4916,00000008,00108093,1,00000667
4948,4917,0000000c,00208463,0,00000000
4949,4918,00000010,fe000ce3,0,00000000
4950,4919,00000008,00108093,1,00000668
4951,4920,0000000c,00208463,0,00000000
4952,4921,00000010,fe000ce3,0,00000000
4953,4922,00000008,00108093,1,00000669
4954,4923,0000000c,00208463,0,00000000
4955,4924,00000010,fe000ce3,0,00000000
4956,4925,00000008,00108093,1,0000066a
4957,4926,0000000c,00208463,0,00000000
4958,4927,00000010,fe000ce3,0,00000000
4959,4928,00000008,00108093,1,0000066b
4960,4929,0000000c,00208463,0,00000000
4961,4930,00000010,fe000ce3,0,00000000
4962,4931,00000008,00108093,1,0000066c
4963,4932,0000000c,00208463,0,00000000
4964,4933,00000010,fe000ce3,0,00000000
4965,4934,00000008,00108093,1,0000066d
4966,4935,0000000c,00208463,0,00000000
4967,4936,00000010,fe000ce3,0,00000000
4968,4937,00000008,00108093,1,0000066e
4969,4938,0000000c,00208463,0,00000000
4970,4939,00000010,fe000ce3,0,00000000
4971,4940,00000008,00108093,1,0000066f
4972,4941,0000000c,00208463,0,00000000
4973,4942,00000010,fe000ce3,0,00000000
4974,4943,00000008,00108093,1,00000670
4975,4944,0000000c,00208463,0,00000000
4976,4945,00000010,fe000ce3,0,00000000
4977,4946,00000008,00108093,1,00000671
4978,4947,0000000c,00208463,0,00000000
4979,4948,00000010,fe000ce3,0,00000000
4980,4949,00000008,00108093,1,00000672
4981,4950,0000000c,00208463,0,00000000
4982,4951,00000010,fe000ce3,0,00000000
4983,4952,00000008,00108093,1,00000673
4984,4953,0000000c,00208463,0,00000000
4985,4954,00000010,fe000ce3,0,00000000
4986,4955,00000008,00108093,1,00000674
4987,4956,0000000c,00208463,0,00000000
4988,4957,00000010,fe000ce3,0,00000000
4989,4958,00000008,00108093,1,00000675
4990,4959,0000000c,00208463,0,00000000
4991,4960,00000010,fe000ce3,0,00000000
4992,4961,00000008,00108093,1,00000676
4993,4962,0000000c,00208463,0,00000000
4994,4963,00000010,fe000ce3,0,00000000
4995,4964,00000008,00108093,1,00000677
4996,4965,0000000c,00208463,0,00000000
4997,4966,00000010,fe000ce3,0,00000000
4998,4967,00000008,00108093,1,00000678
4999,4968,0000000c,00208463,0,00000000
5000,4969,00000010,fe000ce3,0,00000000
5001,4970,00000008,00108093,1,00000679
5002,4971,0000000c,00208463,0,00000000
5003,4972,00000010,fe000ce3,0,00000000
5004,4973,00000008,00108093,1,0000067a
5005,4974,0000000c,00208463,0,00000000
5006,4975,00000010,fe000ce3,0,00000000
5007,4976,00000008,00108093,1,0000067b
5008,4977,0000000c,00208463,0,00000000
5009,4978,00000010,fe000ce3,0,00000000
5010,4979,00000008,00108093,1,0000067c
5011,4980,0000000c,00208463,0,00000000
5012,4981,00000010,fe000ce3,0,00000000
5013,4982,00000008,00108093,1,0000067d
5014,4983,0000000c,00208463,0,00000000
5015,4984,00000010,fe000ce3,0,00000000
5016,4985,00000008,00108093,1,0000067e
5017,4986,0000000c,00208463,0,00000000
5018,4987,00000010,fe000ce3,0,00000000
5019,4988,00000008,00108093,1,0000067f
5020,4989,0000000c,00208463,0,00000000
5021,4990,00000010,fe000ce3,0,00000000
5022,4991,00000008,00108093,1,00000680
5023,4992,0000000c,00208463,0,00000000
5024,4993,00000010,fe000ce3,0,00000000
5025,4994,00000008,00108093,1,00000681
5026,4995,0000000c,00208463,0,00000000
5027,4996,00000010,fe000ce3,0,00000000
5028,4997,00000008,00108093,1,00000682
5029,4998,0000000c,00208463,0,00000000
5030,4999,00000010,fe000ce3,0,00000000
5031,5000,00000008,00108093,1,00000683
5032,5001,0000000c,00208463,0,00000000
5033,5002,00000010,fe000ce3,0,00000000
5034,5003,00000008,00108093,1,00000684
5035,5004,0000000c,00208463,0,00000000
5036,5005,00000010,fe000ce3,0,00000000
5037,5006,00000008,00108093,1,00000685
5038,5007,0000000c,00208463,0,00000000
5039,5008,00000010,fe000ce3,0,00000000
5040,5009,00000008,00108093,1,00000686
5041,5010,0000000c,00208463,0,00000000
5042,5011,00000010,fe000ce3,0,00000000
5043,5012,00000008,00108093,1,00000687
5044,5013,0000000c,00208463,0,00000000
5045,5014,00000010,fe000ce3,0,00000000
5046,5015,00000008,00108093,1,00000688
5047,5016,0000000c,00208463,0,00000000
5048,5017,00000010,fe000ce3,0,00000000
5049,5018,00000008,00108093,1,00000689
5050,5019,0000000c,00208463,0,00000000
5051,5020,00000010,fe000ce3,0,00000000
5052,5021,00000008,00108093,1,0000068a
5053,5022,0000000c,00208463,0,00000000
5054,5023,00000010,fe000ce3,0,00000000
5055,5024,00000008,00108093,1,0000068b
5056,5025,0000000c,00208463,0,00000000
5057,5026,00000010,fe000ce3,0,00000000
5058,5027,00000008,00108093,1,0000068c
5059,5028,0000000c,00208463,0,00000000
5060,5029,00000010,fe000ce3,0,00000000
5061,5030,00000008,00108093,1,0000068d
5062,5031,0000000c,00208463,0,00000000
5063,5032,00000010,fe000ce3,0,00000000
5064,5033,00000008,00108093,1,0000068e
5065,5034,0000000c,00208463,0,00000000
5066,5035,00000010,fe000ce3,0,00000000
5067,5036,00000008,00108093,1,0000068f
5068,5037,0000000c,00208463,0,00000000
5069,5038,00000010,fe000ce3,0,00000000
5070,5039,00000008,00108093,1,00000690
5071,5040,0000000c,00208463,0,00000000
5072,5041,00000010,fe000ce3,0,00000000
5073,5042,00000008,00108093,1,00000691
5074,5043,0000000c,00208463,0,00000000
5075,5044,00000010,fe000ce3,0,00000000
5076,5045,00000008,00108093,1,00000692
5077,5046,0000000c,00208463,0,00000000
5078,5047,00000010,fe000ce3,0,00000000
5079,5048,00000008,00108093,1,00000693
5080,5049,0000000c,00208463,0,00000000
5081,5050,00000010,fe000ce3,0,00000000
5082,5051,00000008,00108093,1,00000694
5083,5052,0000000c,00208463,0,00000000
5084,5053,00000010,fe000ce3,0,00000000
5085,5054,00000008,00108093,1,00000695
5086,5055,0000000c,00208463,0,00000000
5087,5056,00000010,fe000ce3,0,00000000
5088,5057,00000008,00108093,1,00000696
5089,5058,0000000c,00208463,0,00000000
5090,5059,00000010,fe000ce3,0,00000000
5091,5060,00000008,00108093,1,00000697
5092,5061,0000000c,00208463,0,00000000
5093,5062,00000010,fe000ce3,0,00000000
5094,5063,00000008,00108093,1,00000698
5095,5064,0000000c,00208463,0,00000000
5096,5065,00000010,fe000ce3,0,00000000
5097,5066,00000008,00108093,1,00000699
5098,5067,0000000c,00208463,0,00000000
5099,5068,00000010,fe000ce3,0,00000000
5100,5069,00000008,00108093,1,0000069a
5101,5070,0000000c,00208463,0,00000000
5102,5071,00000010,fe000ce3,0,00000000
5103,5072,00000008,00108093,1,0000069b
5104,5073,0000000c,00208463,0,00000000
5105,5074,00000010,fe000ce3,0,00000000
5106,5075,00000008,00108093,1,0000069c
5107,5076,0000000c,00208463,0,00000000
5108,5077,00000010,fe000ce3,0,00000000
5109,5078,00000008,00108093,1,0000069d
5110,5079,0000000c,00208463,0,00000000
5111,5080,00000010,fe000ce3,0,00000000
5112,5081,00000008,00108093,1,0000069e
5113,5082,0000000c,00208463,0,00000000
5114,5083,00000010,fe000ce3,0,00000000
5115,5084,00000008,00108093,1,0000069f
5116,5085,0000000c,00208463,0,00000000
5117,5086,00000010,fe000ce3,0,00000000
5118,5087,00000008,00108093,1,000006a0
5119,5088,0000000c,00208463,0,00000000
5120,5089,00000010,fe000ce3,0,00000000
5121,5090,00000008,00108093,1,000006a1
5122,5091,0000000c,00208463,0,00000000
5123,5092,00000010,fe000ce3,0,00000000
5124,5093,00000008,00108093,1,000006a2
5125,5094,0000000c,00208463,0,00000000
5126,5095,00000010,fe000ce3,0,00000000
5127,5096,00000008,00108093,1,000006a3
5128,5097,0000000c,00208463,0,00000000
5129,5098,00000010,fe000ce3,0,00000000
5130,5099,00000008,00108093,1,000006a4
5131,5100,0000000c,00208463,0,00000000
5132,5101,00000010,fe000ce3,0,00000000
5133,5102,00000008,00108093,1,000006a5
5134,5103,0000000c,00208463,0,00000000
5135,5104,00000010,fe000ce3,0,00000000
5136,5105,00000008,00108093,1,000006a6
5137,5106,0000000c,00208463,0,00000000
5138,5107,00000010,fe000ce3,0,00000000
5139,5108,00000008,00108093,1,000006a7
5140,5109,0000000c,00208463,0,00000000
5141,5110,00000010,fe000ce3,0,00000000
5142,5111,00000008,00108093,1,000006a8
5143,5112,0000000c,00208463,0,00000000
5144,5113,00000010,fe000ce3,0,00000000
5145,5114,00000008,00108093,1,000006a9
5146,5115,0000000c,00208463,0,00000000
5147,5116,00000010,fe000ce3,0,00000000
5148,5117,00000008,00108093,1,000006aa
5149,5118,0000000c,00208463,0,00000000
5150,5119,00000010,fe000ce3,0,00000000
5151,5120,00000008,00108093,1,000006ab
5152,5121,0000000c,00208463,0,00000000
5153,5122,00000010,fe000ce3,0,00000000
5154,5123,00000008,00108093,1,000006ac
5155,5124,0000000c,00208463,0,00000000
5156,5125,00000010,fe000ce3,0,00000000
5157,5126,00000008,00108093,1,000006ad
5158,5127,0000000c,00208463,0,00000000
5159,5128,00000010,fe000ce3,0,00000000
5160,5129,00000008,00108093,1,000006ae
5161,5130,0000000c,00208463,0,00000000
5162,5131,00000010,fe000ce3,0,00000000
5163,5132,00000008,00108093,1,000006af
5164,5133,0000000c,00208463,0,00000000
5165,5134,00000010,fe000ce3,0,00000000
5166,5135,00000008,00108093,1,000006b0
5167,5136,0000000c,00208463,0,00000000
5168,5137,00000010,fe000ce3,0,00000000
5169,5138,00000008,00108093,1,000006b1
5170,5139,0000000c,00208463,0,00000000
5171,5140,00000010,fe000ce3,0,00000000
5172,5141,00000008,00108093,1,000006b2
5173,5142,0000000c,00208463,0,00000000
5174,5143,00000010,fe000ce3,0,00000000
5175,5144,00000008,00108093,1,000006b3
5176,5145,0000000c,00208463,0,00000000
5177,5146,00000010,fe000ce3,0,00000000
5178,5147,00000008,00108093,1,000006b4
5179,5148,0000000c,00208463,0,00000000
5180,5149,00000010,fe000ce3,0,00000000
5181,5150,00000008,00108093,1,000006b5
5182,5151,0000000c,00208463,0,00000000
5183,5152,00000010,fe000ce3,0,00000000
5184,5153,00000008,00108093,1,000006b6
5185,5154,0000000c,00208463,0,00000000
5186,5155,00000010,fe000ce3,0,00000000
5187,5156,00000008,00108093,1,000006b7
5188,5157,0000000c,00208463,0,00000000
5189,5158,00000010,fe000ce3,0,00000000
5190,5159,00000008,00108093,1,000006b8
5191,5160,0000000c,00208463,0,00000000
5192,5161,00000010,fe000ce3,0,00000000
5193,5162,00000008,00108093,1,000006b9
5194,5163,0000000c,00208463,0,00000000
5195,5164,00000010,fe000ce3,0,00000000
5196,5165,00000008,00108093,1,000006ba
5197,5166,0000000c,00208463,0,00000000
5198,5167,00000010,fe000ce3,0,00000000
5199,5168,00000008,00108093,1,000006bb
5200,5169,0000000c,00208463,0,00000000
5201,5170,00000010,fe000ce3,0,00000000
5202,5171,00000008,00108093,1,000006bc
5203,5172,0000000c,00208463,0,00000000
5204,5173,00000010,fe000ce3,0,00000000
5205,5174,00000008,00108093,1,000006bd
5206,5175,0000000c,00208463,0,00000000
5207,5176,00000010,fe000ce3,0,00000000
5208,5177,00000008,00108093,1,000006be
5209,5178,0000000c,00208463,0,00000000
5210,5179,00000010,fe000ce3,0,00000000
5211,5180,00000008,00108093,1,000006bf
5212,5181,0000000c,00208463,0,00000000
5213,5182,00000010,fe000ce3,0,00000000
5214,5183,00000008,00108093,1,000006c0
5215,5184,0000000c,00208463,0,00000000
5216,5185,00000010,fe000ce3,0,00000000
5217,5186,00000008,00108093,1,000006c1
5218,5187,0000000c,00208463,0,00000000
5219,5188,00000010,fe000ce3,0,00000000
5220,5189,00000008,00108093,1,000006c2
5221,5190,0000000c,00208463,0,00000000
5222,5191,00000010,fe000ce3,0,00000000
5223,5192,00000008,00108093,1,000006c3
5224,5193,0000000c,00208463,0,00000000
5225,5194,00000010,fe000ce3,0,00000000
5226,5195,00000008,00108093,1,000006c4
5227,5196,0000000c,00208463,0,00000000
5228,5197,00000010,fe000ce3,0,00000000
5229,5198,00000008,00108093,1,000006c5
5230,5199,0000000c,00208463,0,00000000
5231,5200,00000010,fe000ce3,0,00000000
5232,5201,00000008,00108093,1,000006c6
5233,5202,0000000c,00208463,0,00000000
5234,5203,00000010,fe000ce3,0,00000000
5235,5204,00000008,00108093,1,000006c7
5236,5205,0000000c,00208463,0,00000000
5237,5206,00000010,fe000ce3,0,00000000
5238,5207,00000008,00108093,1,000006c8
5239,5208,0000000c,00208463,0,00000000
5240,5209,00000010,fe000ce3,0,00000000
5241,5210,00000008,00108093,1,000006c9
5242,5211,0000000c,00208463,0,00000000
5243,5212,00000010,fe000ce3,0,00000000
5244,5213,00000008,00108093,1,000006ca
5245,5214,0000000c,00208463,0,00000000
5246,5215,00000010,fe000ce3,0,00000000
5247,5216,00000008,00108093,1,000006cb
5248,5217,0000000c,00208463,0,00000000
5249,5218,00000010,fe000ce3,0,00000000
5250,5219,00000008,00108093,1,000006cc
5251,5220,0000000c,00208463,0,00000000
5252,5221,00000010,fe000ce3,0,00000000
5253,5222,00000008,00108093,1,000006cd
5254,5223,0000000c,00208463,0,00000000
5255,5224,00000010,fe000ce3,0,00000000
5256,5225,00000008,00108093,1,000006ce
5257,5226,0000000c,00208463,0,00000000
5258,5227,00000010,fe000ce3,0,00000000
5259,5228,00000008,00108093,1,000006cf
5260,5229,0000000c,00208463,0,00000000
5261,5230,00000010,fe000ce3,0,00000000
5262,5231,00000008,00108093,1,000006d0
5263,5232,0000000c,00208463,0,00000000
5264,5233,00000010,fe000ce3,0,00000000
5265,5234,00000008,00108093,1,000006d1
5266,5235,0000000c,00208463,0,00000000
5267,5236,00000010,fe000ce3,0,00000000
5268,5237,00000008,00108093,1,000006d2
5269,5238,0000000c,00208463,0,00000000
5270,5239,00000010,fe000ce3,0,00000000
5271,5240,00000008,00108093,1,000006d3
5272,5241,0000000c,00208463,0,00000000
5273,5242,00000010,fe000ce3,0,00000000
5274,5243,00000008,00108093,1,000006d4
5275,5244,0000000c,00208463,0,00000000
5276,5245,00000010,fe000ce3,0,00000000
5277,5246,00000008,00108093,1,000006d5
5278,5247,0000000c,00208463,0,00000000
5279,5248,00000010,fe000ce3,0,00000000
5280,5249,00000008,00108093,1,000006d6
5281,5250,0000000c,00208463,0,00000000
5282,5251,00000010,fe000ce3,0,00000000
5283,5252,00000008,00108093,1,000006d7
5284,5253,0000000c,00208463,0,00000000
5285,5254,00000010,fe000ce3,0,00000000
5286,5255,00000008,00108093,1,000006d8
5287,5256,0000000c,00208463,0,00000000
5288,5257,00000010,fe000ce3,0,00000000
5289,5258,00000008,00108093,1,000006d9
5290,5259,0000000c,00208463,0,00000000
5291,5260,00000010,fe000ce3,0,00000000
5292,5261,00000008,00108093,1,000006da
5293,5262,0000000c,00208463,0,00000000
5294,5263,00000010,fe000ce3,0,00000000
5295,5264,00000008,00108093,1,000006db
5296,5265,0000000c,00208463,0,00000000
5297,5266,00000010,fe000ce3,0,00000000
5298,5267,00000008,00108093,1,000006dc
5299,5268,0000000c,00208463,0,00000000
5300,5269,00000010,fe000ce3,0,00000000
5301,5270,00000008,00108093,1,000006dd
5302,5271,0000000c,00208463,0,00000000
5303,5272,00000010,fe000ce3,0,00000000
5304,5273,00000008,00108093,1,000006de
5305,5274,0000000c,00208463,0,00000000
5306,5275,00000010,fe000ce3,0,00000000
5307,5276,00000008,00108093,1,000006df
5308,5277,0000000c,00208463,0,00000000
5309,5278,00000010,fe000ce3,0,00000000
5310,5279,00000008,00108093,1,000006e0
5311,5280,0000000c,00208463,0,00000000
5312,5281,00000010,fe000ce3,0,00000000
5313,5282,00000008,00108093,1,000006e1
5314,5283,0000000c,00208463,0,00000000
5315,5284,00000010,fe000ce3,0,00000000
5316,5285,00000008,00108093,1,000006e2
5317,5286,0000000c,00208463,0,00000000
5318,5287,00000010,fe000ce3,0,00000000
5319,5288,00000008,00108093,1,000006e3
5320,5289,0000000c,00208463,0,00000000
5321,5290,00000010,fe000ce3,0,00000000
5322,5291,00000008,00108093,1,000006e4
5323,5292,0000000c,00208463,0,00000000
5324,5293,00000010,fe000ce3,0,00000000
5325,5294,00000008,00108093,1,000006e5
5326,5295,0000000c,00208463,0,00000000
5327,5296,00000010,fe000ce3,0,00000000
5328,5297,00000008,00108093,1,000006e6
5329,5298,0000000c,00208463,0,00000000
5330,5299,00000010,fe000ce3,0,00000000
5331,5300,00000008,00108093,1,000006e7
5332,5301,0000000c,00208463,0,00000000
5333,5302,00000010,fe000ce3,0,00000000
5334,5303,00000008,00108093,1,000006e8
5335,5304,0000000c,00208463,0,00000000
5336,5305,00000010,fe000ce3,0,00000000
5337,5306,00000008,00108093,1,000006e9
5338,5307,0000000c,00208463,0,00000000
5339,5308,00000010,fe000ce3,0,00000000
5340,5309,00000008,00108093,1,000006ea
5341,5310,0000000c,00208463,0,00000000
5342,5311,00000010,fe000ce3,0,00000000
5343,5312,00000008,00108093,1,000006eb
5344,5313,0000000c,00208463,0,00000000
5345,5314,00000010,fe000ce3,0,00000000
5346,5315,00000008,00108093,1,000006ec
5347,5316,0000000c,00208463,0,00000000
5348,5317,00000010,fe000ce3,0,00000000
5349,5318,00000008,00108093,1,000006ed
5350,5319,0000000c,00208463,0,00000000
5351,5320,00000010,fe000ce3,0,00000000
5352,5321,00000008,00108093,1,000006ee
5353,5322,0000000c,00208463,0,00000000
5354,5323,00000010,fe000ce3,0,00000000
5355,5324,00000008,00108093,1,000006ef
5356,5325,0000000c,00208463,0,00000000
5357,5326,00000010,fe000ce3,0,00000000
5358,5327,00000008,00108093,1,000006f0
5359,5328,0000000c,00208463,0,00000000
5360,5329,00000010,fe000ce3,0,00000000
5361,5330,00000008,00108093,1,000006f1
5362,5331,0000000c,00208463,0,00000000
5363,5332,00000010,fe000ce3,0,00000000
5364,5333,00000008,00108093,1,000006f2
5365,5334,0000000c,00208463,0,00000000
5366,5335,00000010,fe000ce3,0,00000000
5367,5336,00000008,00108093,1,000006f3
5368,5337,0000000c,00208463,0,00000000
5369,5338,00000010,fe000ce3,0,00000000
5370,5339,00000008,00108093,1,000006f4
5371,5340,0000000c,00208463,0,00000000
5372,5341,00000010,fe000ce3,0,00000000
5373,5342,00000008,00108093,1,000006f5
5374,5343,0000000c,00208463,0,00000000
5375,5344,00000010,fe000ce3,0,00000000
5376,5345,00000008,00108093,1,000006f6
5377,5346,0000000c,00208463,0,00000000
5378,5347,00000010,fe000ce3,0,00000000
5379,5348,00000008,00108093,1,000006f7
5380,5349,0000000c,00208463,0,00000000
5381,5350,00000010,fe000ce3,0,00000000
5382,5351,00000008,00108093,1,000006f8
5383,5352,0000000c,00208463,0,00000000
5384,5353,00000010,fe000ce3,0,00000000
5385,5354,00000008,00108093,1,000006f9
5386,5355,0000000c,00208463,0,00000000
5387,5356,00000010,fe000ce3,0,00000000
5388,5357,00000008,00108093,1,000006fa
5389,5358,0000000c,00208463,0,00000000
5390,5359,00000010,fe000ce3,0,00000000
5391,5360,00000008,00108093,1,000006fb
5392,5361,0000000c,00208463,0,00000000
5393,5362,00000010,fe000ce3,0,00000000
5394,5363,00000008,00108093,1,000006fc
5395,5364,0000000c,00208463,0,00000000
5396,5365,00000010,fe000ce3,0,00000000
5397,5366,00000008,00108093,1,000006fd
5398,5367,0000000c,00208463,0,00000000
5399,5368,00000010,fe000ce3,0,00000000
5400,5369,00000008,00108093,1,000006fe
5401,5370,0000000c,00208463,0,00000000
5402,5371,00000010,fe000ce3,0,00000000
5403,5372,00000008,00108093,1,000006ff
5404,5373,0000000c,00208463,0,00000000
5405,5374,00000010,fe000ce3,0,00000000
5406,5375,00000008,00108093,1,00000700
5407,5376,0000000c,00208463,0,00000000
5408,5377,00000010,fe000ce3,0,00000000
5409,5378,00000008,00108093,1,00000701
5410,5379,0000000c,00208463,0,00000000
5411,5380,00000010,fe000ce3,0,00000000
5412,5381,00000008,00108093,1,00000702
5413,5382,0000000c,00208463,0,00000000
5414,5383,00000010,fe000ce3,0,00000000
5415,5384,00000008,00108093,1,00000703
5416,5385,0000000c,00208463,0,00000000
5417,5386,00000010,fe000ce3,0,00000000
5418,5387,00000008,00108093,1,00000704
5419,5388,0000000c,00208463,0,00000000
5420,5389,00000010,fe000ce3,0,00000000
5421,5390,00000008,00108093,1,00000705
5422,5391,0000000c,00208463,0,00000000
5423,5392,00000010,fe000ce3,0,00000000
5424,5393,00000008,00108093,1,00000706
5425,5394,0000000c,00208463,0,00000000
5426,5395,00000010,fe000ce3,0,00000000
5427,5396,00000008,00108093,1,00000707
5428,5397,0000000c,00208463,0,00000000
5429,5398,00000010,fe000ce3,0,00000000
5430,5399,00000008,00108093,1,00000708
5431,5400,0000000c,00208463,0,00000000
5432,5401,00000010,fe000ce3,0,00000000
5433,5402,00000008,00108093,1,00000709
5434,5403,0000000c,00208463,0,00000000
5435,5404,00000010,fe000ce3,0,00000000
5436,5405,00000008,00108093,1,0000070a
5437,5406,0000000c,00208463,0,00000000
5438,5407,00000010,fe000ce3,0,00000000
5439,5408,00000008,00108093,1,0000070b
5440,5409,0000000c,00208463,0,00000000
5441,5410,00000010,fe000ce3,0,00000000
5442,5411,00000008,00108093,1,0000070c
5443,5412,0000000c,00208463,0,00000000
5444,5413,00000010,fe000ce3,0,00000000
5445,5414,00000008,00108093,1,0000070d
5446,5415,0000000c,00208463,0,00000000
5447,5416,00000010,fe000ce3,0,00000000
5448,5417,00000008,00108093,1,0000070e
5449,5418,0000000c,00208463,0,00000000
5450,5419,00000010,fe000ce3,0,00000000
5451,5420,00000008,00108093,1,0000070f
5452,5421,0000000c,00208463,0,00000000
5453,5422,00000010,fe000ce3,0,00000000
5454,5423,00000008,00108093,1,00000710
5455,5424,0000000c,00208463,0,00000000
5456,5425,00000010,fe000ce3,0,00000000
5457,5426,00000008,00108093,1,00000711
5458,5427,0000000c,00208463,0,00000000
5459,5428,00000010,fe000ce3,0,00000000
5460,5429,00000008,00108093,1,00000712
5461,5430,0000000c,00208463,0,00000000
5462,5431,00000010,fe000ce3,0,00000000
5463,5432,00000008,00108093,1,00000713
5464,5433,0000000c,00208463,0,00000000
5465,5434,00000010,fe000ce3,0,00000000
5466,5435,00000008,00108093,1,00000714
5467,5436,0000000c,00208463,0,00000000
5468,5437,00000010,fe000ce3,0,00000000
5469,5438,00000008,00108093,1,00000715
5470,5439,0000000c,00208463,0,00000000
5471,5440,00000010,fe000ce3,0,00000000
5472,5441,00000008,00108093,1,00000716
5473,5442,0000000c,00208463,0,00000000
5474,5443,00000010,fe000ce3,0,00000000
5475,5444,00000008,00108093,1,00000717
5476,5445,0000000c,00208463,0,00000000
5477,5446,00000010,fe000ce3,0,00000000
5478,5447,00000008,00108093,1,00000718
5479,5448,0000000c,00208463,0,00000000
5480,5449,00000010,fe000ce3,0,00000000
5481,5450,00000008,00108093,1,00000719
5482,5451,0000000c,00208463,0,00000000
5483,5452,00000010,fe000ce3,0,00000000
5484,5453,00000008,00108093,1,0000071a
5485,5454,0000000c,00208463,0,00000000
5486,5455,00000010,fe000ce3,0,00000000
5487,5456,00000008,00108093,1,0000071b
5488,5457,0000000c,00208463,0,00000000
5489,5458,00000010,fe000ce3,0,00000000
5490,5459,00000008,00108093,1,0000071c
5491,5460,0000000c,00208463,0,00000000
5492,5461,00000010,fe000ce3,0,00000000
5493,5462,00000008,00108093,1,0000071d
5494,5463,0000000c,00208463,0,00000000
5495,5464,00000010,fe000ce3,0,00000000
5496,5465,00000008,00108093,1,0000071e
5497,5466,0000000c,00208463,0,00000000
5498,5467,00000010,fe000ce3,0,00000000
5499,5468,00000008,00108093,1,0000071f
5500,5469,0000000c,00208463,0,00000000
5501,5470,00000010,fe000ce3,0,00000000
5502,5471,00000008,00108093,1,00000720
5503,5472,0000000c,00208463,0,00000000
5504,5473,00000010,fe000ce3,0,00000000
5505,5474,00000008,00108093,1,00000721
5506,5475,0000000c,00208463,0,00000000
5507,5476,00000010,fe000ce3,0,00000000
5508,5477,00000008,00108093,1,00000722
5509,5478,0000000c,00208463,0,00000000
5510,5479,00000010,fe000ce3,0,00000000
5511,5480,00000008,00108093,1,00000723
5512,5481,0000000c,00208463,0,00000000
5513,5482,00000010,fe000ce3,0,00000000
5514,5483,00000008,00108093,1,00000724
5515,5484,0000000c,00208463,0,00000000
5516,5485,00000010,fe000ce3,0,00000000
5517,5486,00000008,00108093,1,00000725
5518,5487,0000000c,00208463,0,00000000
5519,5488,00000010,fe000ce3,0,00000000
5520,5489,00000008,00108093,1,00000726
5521,5490,0000000c,00208463,0,00000000
5522,5491,00000010,fe000ce3,0,00000000
5523,5492,00000008,00108093,1,00000727
5524,5493,0000000c,00208463,0,00000000
5525,5494,00000010,fe000ce3,0,00000000
5526,5495,00000008,00108093,1,00000728
5527,5496,0000000c,00208463,0,00000000
5528,5497,00000010,fe000ce3,0,00000000
5529,5498,00000008,00108093,1,00000729
5530,5499,0000000c,00208463,0,00000000
5531,5500,00000010,fe000ce3,0,00000000
5532,5501,00000008,00108093,1,0000072a
5533,5502,0000000c,00208463,0,00000000
5534,5503,00000010,fe000ce3,0,00000000
5535,5504,00000008,00108093,1,0000072b
5536,5505,0000000c,00208463,0,00000000
5537,5506,00000010,fe000ce3,0,00000000
5538,5507,00000008,00108093,1,0000072c
5539,5508,0000000c,00208463,0,00000000
5540,5509,00000010,fe000ce3,0,00000000
5541,5510,00000008,00108093,1,0000072d
5542,5511,0000000c,00208463,0,00000000
5543,5512,00000010,fe000ce3,0,00000000
5544,5513,00000008,00108093,1,0000072e
5545,5514,0000000c,00208463,0,00000000
5546,5515,00000010,fe000ce3,0,00000000
5547,5516,00000008,00108093,1,0000072f
5548,5517,0000000c,00208463,0,00000000
5549,5518,00000010,fe000ce3,0,00000000
5550,5519,00000008,00108093,1,00000730
5551,5520,0000000c,00208463,0,00000000
5552,5521,00000010,fe000ce3,0,00000000
5553,5522,00000008,00108093,1,00000731
5554,5523,0000000c,00208463,0,00000000
5555,5524,00000010,fe000ce3,0,00000000
5556,5525,00000008,00108093,1,00000732
5557,5526,0000000c,00208463,0,00000000
5558,5527,00000010,fe000ce3,0,00000000
5559,5528,00000008,00108093,1,00000733
5560,5529,0000000c,00208463,0,00000000
5561,5530,00000010,fe000ce3,0,00000000
5562,5531,00000008,00108093,1,00000734
5563,5532,0000000c,00208463,0,00000000
5564,5533,00000010,fe000ce3,0,00000000
5565,5534,00000008,00108093,1,00000735
5566,5535,0000000c,00208463,0,00000000
5567,5536,00000010,fe000ce3,0,00000000
5568,5537,00000008,00108093,1,00000736
5569,5538,0000000c,00208463,0,00000000
5570,5539,00000010,fe000ce3,0,00000000
5571,5540,00000008,00108093,1,00000737
5572,5541,0000000c,00208463,0,00000000
5573,5542,00000010,fe000ce3,0,00000000
5574,5543,00000008,00108093,1,00000738
5575,5544,0000000c,00208463,0,00000000
5576,5545,00000010,fe000ce3,0,00000000
5577,5546,00000008,00108093,1,00000739
5578,5547,0000000c,00208463,0,00000000
5579,5548,00000010,fe000ce3,0,00000000
5580,5549,00000008,00108093,1,0000073a
5581,5550,0000000c,00208463,0,00000000
5582,5551,00000010,fe000ce3,0,00000000
5583,5552,00000008,00108093,1,0000073b
5584,5553,0000000c,00208463,0,00000000
5585,5554,00000010,fe000ce3,0,00000000
5586,5555,00000008,00108093,1,0000073c
5587,5556,0000000c,00208463,0,00000000
5588,5557,00000010,fe000ce3,0,00000000
5589,5558,00000008,00108093,1,0000073d
5590,5559,0000000c,00208463,0,00000000
5591,5560,00000010,fe000ce3,0,00000000
5592,5561,00000008,00108093,1,0000073e
5593,5562,0000000c,00208463,0,00000000
5594,5563,00000010,fe000ce3,0,00000000
5595,5564,00000008,00108093,1,0000073f
5596,5565,0000000c,00208463,0,00000000
5597,5566,00000010,fe000ce3,0,00000000
5598,5567,00000008,00108093,1,00000740
5599,5568,0000000c,00208463,0,00000000
5600,5569,00000010,fe000ce3,0,00000000
5601,5570,00000008,00108093,1,00000741
5602,5571,0000000c,00208463,0,00000000
5603,5572,00000010,fe000ce3,0,00000000
5604,5573,00000008,00108093,1,00000742
5605,5574,0000000c,00208463,0,00000000
5606,5575,00000010,fe000ce3,0,00000000
5607,5576,00000008,00108093,1,00000743
5608,5577,0000000c,00208463,0,00000000
5609,5578,00000010,fe000ce3,0,00000000
5610,5579,00000008,00108093,1,00000744
5611,5580,0000000c,00208463,0,00000000
5612,5581,00000010,fe000ce3,0,00000000
5613,5582,00000008,00108093,1,00000745
5614,5583,0000000c,00208463,0,00000000
5615,5584,00000010,fe000ce3,0,00000000
5616,5585,00000008,00108093,1,00000746
5617,5586,0000000c,00208463,0,00000000
5618,5587,00000010,fe000ce3,0,00000000
5619,5588,00000008,00108093,1,00000747
5620,5589,0000000c,00208463,0,00000000
5621,5590,00000010,fe000ce3,0,00000000
5622,5591,00000008,00108093,1,00000748
5623,5592,0000000c,00208463,0,00000000
5624,5593,00000010,fe000ce3,0,00000000
5625,5594,00000008,00108093,1,00000749
5626,5595,0000000c,00208463,0,00000000
5627,5596,00000010,fe000ce3,0,00000000
5628,5597,00000008,00108093,1,0000074a
5629,5598,0000000c,00208463,0,00000000
5630,5599,00000010,fe000ce3,0,00000000
5631,5600,00000008,00108093,1,0000074b
5632,5601,0000000c,00208463,0,00000000
5633,5602,00000010,fe000ce3,0,00000000
5634,5603,00000008,00108093,1,0000074c
5635,5604,0000000c,00208463,0,00000000
5636,5605,00000010,fe000ce3,0,00000000
5637,5606,00000008,00108093,1,0000074d
5638,5607,0000000c,00208463,0,00000000
5639,5608,00000010,fe000ce3,0,00000000
5640,5609,00000008,00108093,1,0000074e
5641,5610,0000000c,00208463,0,00000000
5642,5611,00000010,fe000ce3,0,00000000
5643,5612,00000008,00108093,1,0000074f
5644,5613,0000000c,00208463,0,00000000
5645,5614,00000010,fe000ce3,0,00000000
5646,5615,00000008,00108093,1,00000750
5647,5616,0000000c,00208463,0,00000000
5648,5617,00000010,fe000ce3,0,00000000
5649,5618,00000008,00108093,1,00000751
5650,5619,0000000c,00208463,0,00000000
5651,5620,00000010,fe000ce3,0,00000000
5652,5621,00000008,00108093,1,00000752
5653,5622,0000000c,00208463,0,00000000
5654,5623,00000010,fe000ce3,0,00000000
5655,5624,00000008,00108093,1,00000753
5656,5625,0000000c,00208463,0,00000000
5657,5626,00000010,fe000ce3,0,00000000
5658,5627,00000008,00108093,1,00000754
5659,5628,0000000c,00208463,0,00000000
5660,5629,00000010,fe000ce3,0,00000000
5661,5630,00000008,00108093,1,00000755
5662,5631,0000000c,00208463,0,00000000
5663,5632,00000010,fe000ce3,0,00000000
5664,5633,00000008,00108093,1,00000756
5665,5634,0000000c,00208463,0,00000000
5666,5635,00000010,fe000ce3,0,00000000
5667,5636,00000008,00108093,1,00000757
5668,5637,0000000c,00208463,0,00000000
5669,5638,00000010,fe000ce3,0,00000000
5670,5639,00000008,00108093,1,00000758
5671,5640,0000000c,00208463,0,00000000
5672,5641,00000010,fe000ce3,0,00000000
5673,5642,00000008,00108093,1,00000759
5674,5643,0000000c,00208463,0,00000000
5675,5644,00000010,fe000ce3,0,00000000
5676,5645,00000008,00108093,1,0000075a
5677,5646,0000000c,00208463,0,00000000
5678,5647,00000010,fe000ce3,0,00000000
5679,5648,00000008,00108093,1,0000075b
5680,5649,0000000c,00208463,0,00000000
5681,5650,00000010,fe000ce3,0,00000000
5682,5651,00000008,00108093,1,0000075c
5683,5652,0000000c,00208463,0,00000000
5684,5653,00000010,fe000ce3,0,00000000
5685,5654,00000008,00108093,1,0000075d
5686,5655,0000000c,00208463,0,00000000
5687,5656,00000010,fe000ce3,0,00000000
5688,5657,00000008,00108093,1,0000075e
5689,5658,0000000c,00208463,0,00000000
5690,5659,00000010,fe000ce3,0,00000000
5691,5660,00000008,00108093,1,0000075f
5692,5661,0000000c,00208463,0,00000000
5693,5662,00000010,fe000ce3,0,00000000
5694,5663,00000008,00108093,1,00000760
5695,5664,0000000c,00208463,0,00000000
5696,5665,00000010,fe000ce3,0,00000000
5697,5666,00000008,00108093,1,00000761
5698,5667,0000000c,00208463,0,00000000
5699,5668,00000010,fe000ce3,0,00000000
5700,5669,00000008,00108093,1,00000762
5701,5670,0000000c,00208463,0,00000000
5702,5671,00000010,fe000ce3,0,00000000
5703,5672,00000008,00108093,1,00000763
5704,5673,0000000c,00208463,0,00000000
5705,5674,00000010,fe000ce3,0,00000000
5706,5675,00000008,00108093,1,00000764
5707,5676,0000000c,00208463,0,00000000
5708,5677,00000010,fe000ce3,0,00000000
5709,5678,00000008,00108093,1,00000765
5710,5679,0000000c,00208463,0,00000000
5711,5680,00000010,fe000ce3,0,00000000
5712,5681,00000008,00108093,1,00000766
5713,5682,0000000c,00208463,0,00000000
5714,5683,00000010,fe000ce3,0,00000000
5715,5684,00000008,00108093,1,00000767
5716,5685,0000000c,00208463,0,00000000
5717,5686,00000010,fe000ce3,0,00000000
5718,5687,00000008,00108093,1,00000768
5719,5688,0000000c,00208463,0,00000000
5720,5689,00000010,fe000ce3,0,00000000
5721,5690,00000008,00108093,1,00000769
5722,5691,0000000c,00208463,0,00000000
5723,5692,00000010,fe000ce3,0,00000000
5724,5693,00000008,00108093,1,0000076a
5725,5694,0000000c,00208463,0,00000000
5726,5695,00000010,fe000ce3,0,00000000
5727,5696,00000008,00108093,1,0000076b
5728,5697,0000000c,00208463,0,00000000
5729,5698,00000010,fe000ce3,0,00000000
5730,5699,00000008,00108093,1,0000076c
5731,5700,0000000c,00208463,0,00000000
5732,5701,00000010,fe000ce3,0,00000000
5733,5702,00000008,00108093,1,0000076d
5734,5703,0000000c,00208463,0,00000000
5735,5704,00000010,fe000ce3,0,00000000
5736,5705,00000008,00108093,1,0000076e
5737,5706,0000000c,00208463,0,00000000
5738,5707,00000010,fe000ce3,0,00000000
5739,5708,00000008,00108093,1,0000076f
5740,5709,0000000c,00208463,0,00000000
5741,5710,00000010,fe000ce3,0,00000000
5742,5711,00000008,00108093,1,00000770
5743,5712,0000000c,00208463,0,00000000
5744,5713,00000010,fe000ce3,0,00000000
5745,5714,00000008,00108093,1,00000771
5746,5715,0000000c,00208463,0,00000000
5747,5716,00000010,fe000ce3,0,00000000
5748,5717,00000008,00108093,1,00000772
5749,5718,0000000c,00208463,0,00000000
5750,5719,00000010,fe000ce3,0,00000000
5751,5720,00000008,00108093,1,00000773
5752,5721,0000000c,00208463,0,00000000
5753,5722,00000010,fe000ce3,0,00000000
5754,5723,00000008,00108093,1,00000774
5755,5724,0000000c,00208463,0,00000000
5756,5725,00000010,fe000ce3,0,00000000
5757,5726,00000008,00108093,1,00000775
5758,5727,0000000c,00208463,0,00000000
5759,5728,00000010,fe000ce3,0,00000000
5760,5729,00000008,00108093,1,00000776
5761,5730,0000000c,00208463,0,00000000
5762,5731,00000010,fe000ce3,0,00000000
5763,5732,00000008,00108093,1,00000777
5764,5733,0000000c,00208463,0,00000000
5765,5734,00000010,fe000ce3,0,00000000
5766,5735,00000008,00108093,1,00000778
5767,5736,0000000c,00208463,0,00000000
5768,5737,00000010,fe000ce3,0,00000000
5769,5738,00000008,00108093,1,00000779
5770,5739,0000000c,00208463,0,00000000
5771,5740,00000010,fe000ce3,0,00000000
5772,5741,00000008,00108093,1,0000077a
5773,5742,0000000c,00208463,0,00000000
5774,5743,00000010,fe000ce3,0,00000000
5775,5744,00000008,00108093,1,0000077b
5776,5745,0000000c,00208463,0,00000000
5777,5746,00000010,fe000ce3,0,00000000
5778,5747,00000008,00108093,1,0000077c
5779,5748,0000000c,00208463,0,00000000
5780,5749,00000010,fe000ce3,0,00000000
5781,5750,00000008,00108093,1,0000077d
5782,5751,0000000c,00208463,0,00000000
5783,5752,00000010,fe000ce3,0,00000000
5784,5753,00000008,00108093,1,0000077e
5785,5754,0000000c,00208463,0,00000000
5786,5755,00000010,fe000ce3,0,00000000
5787,5756,00000008,00108093,1,0000077f
5788,5757,0000000c,00208463,0,00000000
5789,5758,00000010,fe000ce3,0,00000000
5790,5759,00000008,00108093,1,00000780
5791,5760,0000000c,00208463,0,00000000
5792,5761,00000010,fe000ce3,0,00000000
5793,5762,00000008,00108093,1,00000781
5794,5763,0000000c,00208463,0,00000000
5795,5764,00000010,fe000ce3,0,00000000
5796,5765,00000008,00108093,1,00000782
5797,5766,0000000c,00208463,0,00000000
5798,5767,00000010,fe000ce3,0,00000000
5799,5768,00000008,00108093,1,00000783
5800,5769,0000000c,00208463,0,00000000
5801,5770,00000010,fe000ce3,0,00000000
5802,5771,00000008,00108093,1,00000784
5803,5772,0000000c,00208463,0,00000000
5804,5773,00000010,fe000ce3,0,00000000
5805,5774,00000008,00108093,1,00000785
5806,5775,0000000c,00208463,0,00000000
5807,5776,00000010,fe000ce3,0,00000000
5808,5777,00000008,00108093,1,00000786
5809,5778,0000000c,00208463,0,00000000
5810,5779,00000010,fe000ce3,0,00000000
5811,5780,00000008,00108093,1,00000787
5812,5781,0000000c,00208463,0,00000000
5813,5782,00000010,fe000ce3,0,00000000
5814,5783,00000008,00108093,1,00000788
5815,5784,0000000c,00208463,0,00000000
5816,5785,00000010,fe000ce3,0,00000000
5817,5786,00000008,00108093,1,00000789
5818,5787,0000000c,00208463,0,00000000
5819,5788,00000010,fe000ce3,0,00000000
5820,5789,00000008,00108093,1,0000078a
5821,5790,0000000c,00208463,0,00000000
5822,5791,00000010,fe000ce3,0,00000000
5823,5792,00000008,00108093,1,0000078b
5824,5793,0000000c,00208463,0,00000000
5825,5794,00000010,fe000ce3,0,00000000
5826,5795,00000008,00108093,1,0000078c
5827,5796,0000000c,00208463,0,00000000
5828,5797,00000010,fe000ce3,0,00000000
5829,5798,00000008,00108093,1,0000078d
5830,5799,0000000c,00208463,0,00000000
5831,5800,00000010,fe000ce3,0,00000000
5832,5801,00000008,00108093,1,0000078e
5833,5802,0000000c,00208463,0,00000000
5834,5803,00000010,fe000ce3,0,00000000
5835,5804,00000008,00108093,1,0000078f
5836,5805,0000000c,00208463,0,00000000
5837,5806,00000010,fe000ce3,0,00000000
5838,5807,00000008,00108093,1,00000790
5839,5808,0000000c,00208463,0,00000000
5840,5809,00000010,fe000ce3,0,00000000
5841,5810,00000008,00108093,1,00000791
5842,5811,0000000c,00208463,0,00000000
5843,5812,00000010,fe000ce3,0,00000000
5844,5813,00000008,00108093,1,00000792
5845,5814,0000000c,00208463,0,00000000
5846,5815,00000010,fe000ce3,0,00000000
5847,5816,00000008,00108093,1,00000793
5848,5817,0000000c,00208463,0,00000000
5849,5818,00000010,fe000ce3,0,00000000
5850,5819,00000008,00108093,1,00000794
5851,5820,0000000c,00208463,0,00000000
5852,5821,00000010,fe000ce3,0,00000000
5853,5822,00000008,00108093,1,00000795
5854,5823,0000000c,00208463,0,00000000
5855,5824,00000010,fe000ce3,0,00000000
5856,5825,00000008,00108093,1,00000796
5857,5826,0000000c,00208463,0,00000000
5858,5827,00000010,fe000ce3,0,00000000
5859,5828,00000008,00108093,1,00000797
5860,5829,0000000c,00208463,0,00000000
5861,5830,00000010,fe000ce3,0,00000000
5862,5831,00000008,00108093,1,00000798
5863,5832,0000000c,00208463,0,00000000
5864,5833,00000010,fe000ce3,0,00000000
5865,5834,00000008,00108093,1,00000799
5866,5835,0000000c,00208463,0,00000000
5867,5836,00000010,fe000ce3,0,00000000
5868,5837,00000008,00108093,1,0000079a
5869,5838,0000000c,00208463,0,00000000
5870,5839,00000010,fe000ce3,0,00000000
5871,5840,00000008,00108093,1,0000079b
5872,5841,0000000c,00208463,0,00000000
5873,5842,00000010,fe000ce3,0,00000000
5874,5843,00000008,00108093,1,0000079c
5875,5844,0000000c,00208463,0,00000000
5876,5845,00000010,fe000ce3,0,00000000
5877,5846,00000008,00108093,1,0000079d
5878,5847,0000000c,00208463,0,00000000
5879,5848,00000010,fe000ce3,0,00000000
5880,5849,00000008,00108093,1,0000079e
5881,5850,0000000c,00208463,0,00000000
5882,5851,00000010,fe000ce3,0,00000000
5883,5852,00000008,00108093,1,0000079f
5884,5853,0000000c,00208463,0,00000000
5885,5854,00000010,fe000ce3,0,00000000
5886,5855,00000008,00108093,1,000007a0
5887,5856,0000000c,00208463,0,00000000
5888,5857,00000010,fe000ce3,0,00000000
5889,5858,00000008,00108093,1,000007a1
5890,5859,0000000c,00208463,0,00000000
5891,5860,00000010,fe000ce3,0,00000000
5892,5861,00000008,00108093,1,000007a2
5893,5862,0000000c,00208463,0,00000000
5894,5863,00000010,fe000ce3,0,00000000
5895,5864,00000008,00108093,1,000007a3
5896,5865,0000000c,00208463,0,00000000
5897,5866,00000010,fe000ce3,0,00000000
5898,5867,00000008,00108093,1,000007a4
5899,5868,0000000c,00208463,0,00000000
5900,5869,00000010,fe000ce3,0,00000000
5901,5870,00000008,00108093,1,000007a5
5902,5871,0000000c,00208463,0,00000000
5903,5872,00000010,fe000ce3,0,00000000
5904,5873,00000008,00108093,1,000007a6
5905,5874,0000000c,00208463,0,00000000
5906,5875,00000010,fe000ce3,0,00000000
5907,5876,00000008,00108093,1,000007a7
5908,5877,0000000c,00208463,0,00000000
5909,5878,00000010,fe000ce3,0,00000000
5910,5879,00000008,00108093,1,000007a8
5911,5880,0000000c,00208463,0,00000000
5912,5881,00000010,fe000ce3,0,00000000
5913,5882,00000008,00108093,1,000007a9
5914,5883,0000000c,00208463,0,00000000
5915,5884,00000010,fe000ce3,0,00000000
5916,5885,00000008,00108093,1,000007aa
5917,5886,0000000c,00208463,0,00000000
5918,5887,00000010,fe000ce3,0,00000000
5919,5888,00000008,00108093,1,000007ab
5920,5889,0000000c,00208463,0,00000000
5921,5890,00000010,fe000ce3,0,00000000
5922,5891,00000008,00108093,1,000007ac
5923,5892,0000000c,00208463,0,00000000
5924,5893,00000010,fe000ce3,0,00000000
5925,5894,00000008,00108093,1,000007ad
5926,5895,0000000c,00208463,0,00000000
5927,5896,00000010,fe000ce3,0,00000000
5928,5897,00000008,00108093,1,000007ae
5929,5898,0000000c,00208463,0,00000000
5930,5899,00000010,fe000ce3,0,00000000
5931,5900,00000008,00108093,1,000007af
5932,5901,0000000c,00208463,0,00000000
5933,5902,00000010,fe000ce3,0,00000000
5934,5903,00000008,00108093,1,000007b0
5935,5904,0000000c,00208463,0,00000000
5936,5905,00000010,fe000ce3,0,00000000
5937,5906,00000008,00108093,1,000007b1
5938,5907,0000000c,00208463,0,00000000
5939,5908,00000010,fe000ce3,0,00000000
5940,5909,00000008,00108093,1,000007b2
5941,5910,0000000c,00208463,0,00000000
5942,5911,00000010,fe000ce3,0,00000000
5943,5912,00000008,00108093,1,000007b3
5944,5913,0000000c,00208463,0,00000000
5945,5914,00000010,fe000ce3,0,00000000
5946,5915,00000008,00108093,1,000007b4
5947,5916,0000000c,00208463,0,00000000
5948,5917,00000010,fe000ce3,0,00000000
5949,5918,00000008,00108093,1,000007b5
5950,5919,0000000c,00208463,0,00000000
5951,5920,00000010,fe000ce3,0,00000000
5952,5921,00000008,00108093,1,000007b6
5953,5922,0000000c,00208463,0,00000000
5954,5923,00000010,fe000ce3,0,00000000
5955,5924,00000008,00108093,1,000007b7
5956,5925,0000000c,00208463,0,00000000
5957,5926,00000010,fe000ce3,0,00000000
5958,5927,00000008,00108093,1,000007b8
5959,5928,0000000c,00208463,0,00000000
5960,5929,00000010,fe000ce3,0,00000000
5961,5930,00000008,00108093,1,000007b9
5962,5931,0000000c,00208463,0,00000000
5963,5932,00000010,fe000ce3,0,00000000
5964,5933,00000008,00108093,1,000007ba
5965,5934,0000000c,00208463,0,00000000
5966,5935,00000010,fe000ce3,0,00000000
5967,5936,00000008,00108093,1,000007bb
5968,5937,0000000c,00208463,0,00000000
5969,5938,00000010,fe000ce3,0,00000000
5970,5939,00000008,00108093,1,000007bc
5971,5940,0000000c,00208463,0,00000000
5972,5941,00000010,fe000ce3,0,00000000
5973,5942,00000008,00108093,1,000007bd
5974,5943,0000000c,00208463,0,00000000
5975,5944,00000010,fe000ce3,0,00000000
5976,5945,00000008,00108093,1,000007be
5977,5946,0000000c,00208463,0,00000000
5978,5947,00000010,fe000ce3,0,00000000
5979,5948,00000008,00108093,1,000007bf
5980,5949,0000000c,00208463,0,00000000
5981,5950,00000010,fe000ce3,0,00000000
5982,5951,00000008,00108093,1,000007c0
5983,5952,0000000c,00208463,0,00000000
5984,5953,00000010,fe000ce3,0,00000000
5985,5954,00000008,00108093,1,000007c1
5986,5955,0000000c,00208463,0,00000000
5987,5956,00000010,fe000ce3,0,00000000
5988,5957,00000008,00108093,1,000007c2
5989,5958,0000000c,00208463,0,00000000
5990,5959,00000010,fe000ce3,0,00000000
5991,5960,00000008,00108093,1,000007c3
5992,5961,0000000c,00208463,0,00000000
5993,5962,00000010,fe000ce3,0,00000000
5994,5963,00000008,00108093,1,000007c4
5995,5964,0000000c,00208463,0,00000000
5996,5965,00000010,fe000ce3,0,00000000
5997,5966,00000008,00108093,1,000007c5
5998,5967,0000000c,00208463,0,00000000
5999,5968,00000010,fe000ce3,0,00000000
6000,5969,00000008,00108093,1,000007c6
6001,5970,0000000c,00208463,0,00000000
6002,5971,00000010,fe000ce3,0,00000000
6003,5972,00000008,00108093,1,000007c7
6004,5973,0000000c,00208463,0,00000000
6005,5974,00000010,fe000ce3,0,00000000
6006,5975,00000008,00108093,1,000007c8
6007,5976,0000000c,00208463,0,00000000
6008,5977,00000010,fe000ce3,0,00000000
6009,5978,00000008,00108093,1,000007c9
6010,5979,0000000c,00208463,0,00000000
6011,5980,00000010,fe000ce3,0,00000000
6012,5981,00000008,00108093,1,000007ca
6013,5982,0000000c,00208463,0,00000000
6014,5983,00000010,fe000ce3,0,00000000
6015,5984,00000008,00108093,1,000007cb
6016,5985,0000000c,00208463,0,00000000
6017,5986,00000010,fe000ce3,0,00000000
6018,5987,00000008,00108093,1,000007cc
6019,5988,0000000c,00208463,0,00000000
6020,5989,00000010,fe000ce3,0,00000000
6021,5990,00000008,00108093,1,000007cd
6022,5991,0000000c,00208463,0,00000000
6023,5992,00000010,fe000ce3,0,00000000
6024,5993,00000008,00108093,1,000007ce
6025,5994,0000000c,00208463,0,00000000
6026,5995,00000010,fe000ce3,0,00000000
6027,5996,00000008,00108093,1,000007cf
6028,5997,0000000c,00208463,0,00000000
6029,5998,00000010,fe000ce3,0,00000000
6030,5999,00000008,00108093,1,000007d0
6031,6000,0000000c,00208463,0,00000000
6034,6001,00000014,00000063,0,00000000
