cycle,index,pc,instruction,rd,value
6,0,00000000,00000093,1,00000000
9,1,00000004,7d000113,2,000007d0
12,2,00000008,00108093,1,00000001
15,3,0000000c,00208463,0,00000000
18,4,00000010,fe000ce3,0,00000000
22,5,00000008,00108093,1,00000002
25,6,0000000c,00208463,0,00000000
28,7,00000010,fe000ce3,0,00000000
32,8,00000008,00108093,1,00000003
35,9,0000000c,00208463,0,00000000
38,10,00000010,fe000ce3,0,00000000
42,11,00000008,00108093,1,00000004
45,12,0000000c,00208463,0,00000000
48,13,00000010,fe000ce3,0,00000000
52,14,00000008,00108093,1,00000005
55,15,0000000c,00208463,0,00000000
58,16,00000010,fe000ce3,0,00000000
62,17,00000008,00108093,1,00000006
65,18,0000000c,00208463,0,00000000
68,19,00000010,fe000ce3,0,00000000
72,20,00000008,00108093,1,00000007
75,21,0000000c,00208463,0,00000000
78,22,00000010,fe000ce3,0,00000000
82,23,00000008,00108093,1,00000008
85,24,0000000c,00208463,0,00000000
88,25,00000010,fe000ce3,0,00000000
92,26,00000008,00108093,1,00000009
95,27,0000000c,00208463,0,00000000
98,28,00000010,fe000ce3,0,00000000
102,29,00000008,00108093,1,0000000a
105,30,0000000c,00208463,0,00000000
108,31,00000010,fe000ce3,0,00000000
112,32,00000008,00108093,1,0000000b
115,33,0000000c,00208463,0,00000000
118,34,00000010,fe000ce3,0,00000000
122,35,00000008,00108093,1,0000000c
125,36,0000000c,00208463,0,00000000
128,37,00000010,fe000ce3,0,00000000
132,38,00000008,00108093,1,0000000d
135,39,0000000c,00208463,0,00000000
138,40,00000010,fe000ce3,0,00000000
142,41,00000008,00108093,1,0000000e
145,42,0000000c,00208463,0,00000000
148,43,00000010,fe000ce3,0,00000000
152,44,00000008,00108093,1,0000000f
155,45,0000000c,00208463,0,00000000
158,46,00000010,fe000ce3,0,00000000
162,47,00000008,00108093,1,00000010
165,48,0000000c,00208463,0,00000000
168,49,00000010,fe000ce3,0,00000000
172,50,00000008,00108093,1,00000011
175,51,0000000c,00208463,0,00000000
178,52,00000010,fe000ce3,0,00000000
182,53,00000008,00108093,1,00000012
185,54,0000000c,00208463,0,00000000
188,55,00000010,fe000ce3,0,00000000
192,56,00000008,00108093,1,00000013
195,57,0000000c,00208463,0,00000000
198,58,00000010,fe000ce3,0,00000000
202,59,00000008,00108093,1,00000014
205,60,0000000c,00208463,0,00000000
208,61,00000010,fe000ce3,0,00000000
212,62,00000008,00108093,1,00000015
215,63,0000000c,00208463,0,00000000
218,64,00000010,fe000ce3,0,00000000
222,65,00000008,00108093,1,00000016
225,66,0000000c,00208463,0,00000000
228,67,00000010,fe000ce3,0,00000000
232,68,00000008,00108093,1,00000017
235,69,0000000c,00208463,0,00000000
238,70,00000010,fe000ce3,0,00000000
242,71,00000008,00108093,1,00000018
245,72,0000000c,00208463,0,00000000
248,73,00000010,fe000ce3,0,00000000
252,74,00000008,00108093,1,00000019
255,75,0000000c,00208463,0,00000000
258,76,00000010,fe000ce3,0,00000000
262,77,00000008,00108093,1,0000001a
265,78,0000000c,00208463,0,00000000
268,79,00000010,fe000ce3,0,00000000
272,80,00000008,00108093,1,0000001b
275,81,0000000c,00208463,0,00000000
278,82,00000010,fe000ce3,0,00000000
282,83,00000008,00108093,1,0000001c
285,84,0000000c,00208463,0,00000000
288,85,00000010,fe000ce3,0,00000000
292,86,00000008,00108093,1,0000001d
295,87,0000000c,00208463,0,00000000
298,88,00000010,fe000ce3,0,00000000
302,89,00000008,00108093,1,0000001e
305,90,0000000c,00208463,0,00000000
308,91,00000010,fe000ce3,0,00000000
312,92,00000008,00108093,1,0000001f
315,93,0000000c,00208463,0,00000000
318,94,00000010,fe000ce3,0,00000000
322,95,00000008,00108093,1,00000020
325,96,0000000c,00208463,0,00000000
328,97,00000010,fe000ce3,0,00000000
332,98,00000008,00108093,1,00000021
335,99,0000000c,00208463,0,00000000
338,100,00000010,fe000ce3,0,00000000
342,101,00000008,00108093,1,00000022
345,102,0000000c,00208463,0,00000000
348,103,00000010,fe000ce3,0,00000000
352,104,00000008,00108093,1,00000023
355,105,0000000c,00208463,0,00000000
358,106,00000010,fe000ce3,0,00000000
362,107,00000008,00108093,1,00000024
365,108,0000000c,00208463,0,00000000
368,109,00000010,fe000ce3,0,00000000
372,110,00000008,00108093,1,00000025
375,111,0000000c,00208463,0,00000000
378,112,00000010,fe000ce3,0,00000000
382,113,00000008,00108093,1,00000026
385,114,0000000c,00208463,0,00000000
388,115,00000010,fe000ce3,0,00000000
392,116,00000008,00108093,1,00000027
395,117,0000000c,00208463,0,00000000
398,118,00000010,fe000ce3,0,00000000
402,119,00000008,00108093,1,00000028
405,120,0000000c,00208463,0,00000000
408,121,00000010,fe000ce3,0,00000000
412,122,00000008,00108093,1,00000029
415,123,0000000c,00208463,0,00000000
418,124,00000010,fe000ce3,0,00000000
422,125,00000008,00108093,1,0000002a
425,126,0000000c,00208463,0,00000000
428,127,00000010,fe000ce3,0,00000000
432,128,00000008,00108093,1,0000002b
435,129,0000000c,00208463,0,00000000
438,130,00000010,fe000ce3,0,00000000
442,131,00000008,00108093,1,0000002c
445,132,0000000c,00208463,0,00000000
448,133,00000010,fe000ce3,0,00000000
452,134,00000008,00108093,1,0000002d
455,135,0000000c,00208463,0,00000000
458,136,00000010,fe000ce3,0,00000000
462,137,00000008,00108093,1,0000002e
465,138,0000000c,00208463,0,00000000
468,139,00000010,fe000ce3,0,00000000
472,140,00000008,00108093,1,0000002f
475,141,0000000c,00208463,0,00000000
478,142,00000010,fe000ce3,0,00000000
482,143,00000008,00108093,1,00000030
485,144,0000000c,00208463,0,00000000
488,145,00000010,fe000ce3,0,00000000
492,146,00000008,00108093,1,00000031
495,147,0000000c,00208463,0,00000000
498,148,00000010,fe000ce3,0,00000000
502,149,00000008,00108093,1,00000032
505,150,0000000c,00208463,0,00000000
508,151,00000010,fe000ce3,0,00000000
512,152,00000008,00108093,1,00000033
515,153,0000000c,00208463,0,00000000
518,154,00000010,fe000ce3,0,00000000
522,155,00000008,00108093,1,00000034
525,156,0000000c,00208463,0,00000000
528,157,00000010,fe000ce3,0,00000000
532,158,00000008,00108093,1,00000035
535,159,0000000c,00208463,0,00000000
538,160,00000010,fe000ce3,0,00000000
542,161,00000008,00108093,1,00000036
545,162,0000000c,00208463,0,00000000
548,163,00000010,fe000ce3,0,00000000
552,164,00000008,00108093,1,00000037
555,165,0000000c,00208463,0,00000000
558,166,00000010,fe000ce3,0,00000000
562,167,00000008,00108093,1,00000038
565,168,0000000c,00208463,0,00000000
568,169,00000010,fe000ce3,0,00000000
572,170,00000008,00108093,1,00000039
575,171,0000000c,00208463,0,00000000
578,172,00000010,fe000ce3,0,00000000
582,173,00000008,00108093,1,0000003a
585,174,0000000c,00208463,0,00000000
588,175,00000010,fe000ce3,0,00000000
592,176,00000008,00108093,1,0000003b
595,177,0000000c,00208463,0,00000000
598,178,00000010,fe000ce3,0,00000000
602,179,00000008,00108093,1,0000003c
605,180,0000000c,00208463,0,00000000
608,181,00000010,fe000ce3,0,00000000
612,182,00000008,00108093,1,0000003d
615,183,0000000c,00208463,0,00000000
618,184,00000010,fe000ce3,0,00000000
622,185,00000008,00108093,1,0000003e
625,186,0000000c,00208463,0,00000000
628,187,00000010,fe000ce3,0,00000000
632,188,00000008,00108093,1,0000003f
635,189,0000000c,00208463,0,00000000
638,190,00000010,fe000ce3,0,00000000
642,191,00000008,00108093,1,00000040
645,192,0000000c,00208463,0,00000000
648,193,00000010,fe000ce3,0,00000000
652,194,00000008,00108093,1,00000041
655,195,0000000c,00208463,0,00000000
658,196,00000010,fe000ce3,0,00000000
662,197,00000008,00108093,1,00000042
665,198,0000000c,00208463,0,00000000
668,199,00000010,fe000ce3,0,00000000
672,200,00000008,00108093,1,00000043
675,201,0000000c,00208463,0,00000000
678,202,00000010,fe000ce3,0,00000000
682,203,00000008,00108093,1,00000044
685,204,0000000c,00208463,0,00000000
688,205,00000010,fe000ce3,0,00000000
692,206,00000008,00108093,1,00000045
695,207,0000000c,00208463,0,00000000
698,208,00000010,fe000ce3,0,00000000
702,209,00000008,00108093,1,00000046
705,210,0000000c,00208463,0,00000000
708,211,00000010,fe000ce3,0,00000000
712,212,00000008,00108093,1,00000047
715,213,0000000c,00208463,0,00000000
718,214,00000010,fe000ce3,0,00000000
722,215,00000008,00108093,1,00000048
725,216,0000000c,00208463,0,00000000
728,217,00000010,fe000ce3,0,00000000
732,218,00000008,00108093,1,00000049
735,219,0000000c,00208463,0,00000000
738,220,00000010,fe000ce3,0,00000000
742,221,00000008,00108093,1,0000004a
745,222,0000000c,00208463,0,00000000
748,223,00000010,fe000ce3,0,00000000
752,224,00000008,00108093,1,0000004b
755,225,0000000c,00208463,0,00000000
758,226,00000010,fe000ce3,0,00000000
762,227,00000008,00108093,1,0000004c
765,228,0000000c,00208463,0,00000000
768,229,00000010,fe000ce3,0,00000000
772,230,00000008,00108093,1,0000004d
775,231,0000000c,00208463,0,00000000
778,232,00000010,fe000ce3,0,00000000
782,233,00000008,00108093,1,0000004e
785,234,0000000c,00208463,0,00000000
788,235,00000010,fe000ce3,0,00000000
792,236,00000008,00108093,1,0000004f
795,237,0000000c,00208463,0,00000000
798,238,00000010,fe000ce3,0,00000000
802,239,00000008,00108093,1,00000050
805,240,0000000c,00208463,0,00000000
808,241,00000010,fe000ce3,0,00000000
812,242,00000008,00108093,1,00000051
815,243,0000000c,00208463,0,00000000
818,244,00000010,fe000ce3,0,00000000
822,245,00000008,00108093,1,00000052
825,246,0000000c,00208463,0,00000000
828,247,00000010,fe000ce3,0,00000000
832,248,00000008,00108093,1,00000053
835,249,0000000c,00208463,0,00000000
838,250,00000010,fe000ce3,0,00000000
842,251,00000008,00108093,1,00000054
845,252,0000000c,00208463,0,00000000
848,253,00000010,fe000ce3,0,00000000
852,254,00000008,00108093,1,00000055
855,255,0000000c,00208463,0,00000000
858,256,00000010,fe000ce3,0,00000000
862,257,00000008,00108093,1,00000056
865,258,0000000c,00208463,0,00000000
868,259,00000010,fe000ce3,0,00000000
872,260,00000008,00108093,1,00000057
875,261,0000000c,00208463,0,00000000
878,262,00000010,fe000ce3,0,00000000
882,263,00000008,00108093,1,00000058
885,264,0000000c,00208463,0,00000000
888,265,00000010,fe000ce3,0,00000000
892,266,00000008,00108093,1,00000059
895,267,0000000c,00208463,0,00000000
898,268,00000010,fe000ce3,0,00000000
902,269,00000008,00108093,1,0000005a
905,270,0000000c,00208463,0,00000000
908,271,00000010,fe000ce3,0,00000000
912,272,00000008,00108093,1,0000005b
915,273,0000000c,00208463,0,00000000
918,274,00000010,fe000ce3,0,00000000
922,275,00000008,00108093,1,0000005c
925,276,0000000c,00208463,0,00000000
928,277,00000010,fe000ce3,0,00000000
932,278,00000008,00108093,1,0000005d
935,279,0000000c,00208463,0,00000000
938,280,00000010,fe000ce3,0,00000000
942,281,00000008,00108093,1,0000005e
945,282,0000000c,00208463,0,00000000
948,283,00000010,fe000ce3,0,00000000
952,284,00000008,00108093,1,0000005f
955,285,0000000c,00208463,0,00000000
958,286,00000010,fe000ce3,0,00000000
962,287,00000008,00108093,1,00000060
965,288,0000000c,00208463,0,00000000
968,289,00000010,fe000ce3,0,00000000
972,290,00000008,00108093,1,00000061
975,291,0000000c,00208463,0,00000000
978,292,00000010,fe000ce3,0,00000000
982,293,00000008,00108093,1,00000062
985,294,0000000c,00208463,0,00000000
988,295,00000010,fe000ce3,0,00000000
992,296,00000008,00108093,1,00000063
995,297,0000000c,00208463,0,00000000
998,298,00000010,fe000ce3,0,00000000
1002,299,00000008,00108093,1,00000064
1005,300,0000000c,00208463,0,00000000
1008,301,00000010,fe000ce3,0,00000000
1012,302,00000008,00108093,1,00000065
1015,303,0000000c,00208463,0,00000000
1018,304,00000010,fe000ce3,0,00000000
1022,305,00000008,00108093,1,00000066
1025,306,0000000c,00208463,0,00000000
1028,307,00000010,fe000ce3,0,00000000
1032,308,00000008,00108093,1,00000067
1035,309,0000000c,00208463,0,00000000
1038,310,00000010,fe000ce3,0,00000000
1042,311,00000008,00108093,1,00000068
1045,312,0000000c,00208463,0,00000000
1048,313,00000010,fe000ce3,0,00000000
1052,314,00000008,00108093,1,00000069
1055,315,0000000c,00208463,0,00000000
1058,316,00000010,fe000ce3,0,00000000
1062,317,00000008,00108093,1,0000006a
1065,318,0000000c,00208463,0,00000000
1068,319,00000010,fe000ce3,0,00000000
1072,320,00000008,00108093,1,0000006b
1075,321,0000000c,00208463,0,00000000
1078,322,00000010,fe000ce3,0,00000000
1082,323,00000008,00108093,1,0000006c
1085,324,0000000c,00208463,0,00000000
1088,325,00000010,fe000ce3,0,00000000
1092,326,00000008,00108093,1,0000006d
1095,327,0000000c,00208463,0,00000000
1098,328,00000010,fe000ce3,0,00000000
1102,329,00000008,00108093,1,0000006e
1105,330,0000000c,00208463,0,00000000
1108,331,00000010,fe000ce3,0,00000000
1112,332,00000008,00108093,1,0000006f
1115,333,0000000c,00208463,0,00000000
1118,334,00000010,fe000ce3,0,00000000
1122,335,00000008,00108093,1,00000070
1125,336,0000000c,00208463,0,00000000
1128,337,00000010,fe000ce3,0,00000000
1132,338,00000008,00108093,1,00000071
1135,339,0000000c,00208463,0,00000000
1138,340,00000010,fe000ce3,0,00000000
1142,341,00000008,00108093,1,00000072
1145,342,0000000c,00208463,0,00000000
1148,343,00000010,fe000ce3,0,00000000
1152,344,00000008,00108093,1,00000073
1155,345,0000000c,00208463,0,00000000
1158,346,00000010,fe000ce3,0,00000000
1162,347,00000008,00108093,1,00000074
1165,348,0000000c,00208463,0,00000000
1168,349,00000010,fe000ce3,0,00000000
1172,350,00000008,00108093,1,00000075
1175,351,0000000c,00208463,0,00000000
1178,352,00000010,fe000ce3,0,00000000
1182,353,00000008,00108093,1,00000076
1185,354,0000000c,00208463,0,00000000
1188,355,00000010,fe000ce3,0,00000000
1192,356,00000008,00108093,1,00000077
1195,357,0000000c,00208463,0,00000000
1198,358,00000010,fe000ce3,0,00000000
1202,359,00000008,00108093,1,00000078
1205,360,0000000c,00208463,0,00000000
1208,361,00000010,fe000ce3,0,00000000
1212,362,00000008,00108093,1,00000079
1215,363,0000000c,00208463,0,00000000
1218,364,00000010,fe000ce3,0,00000000
1222,365,00000008,00108093,1,0000007a
1225,366,0000000c,00208463,0,00000000
1228,367,00000010,fe000ce3,0,00000000
1232,368,00000008,00108093,1,0000007b
1235,369,0000000c,00208463,0,00000000
1238,370,00000010,fe000ce3,0,00000000
1242,371,00000008,00108093,1,0000007c
1245,372,0000000c,00208463,0,00000000
1248,373,00000010,fe000ce3,0,00000000
1252,374,00000008,00108093,1,0000007d
1255,375,0000000c,00208463,0,00000000
1258,376,00000010,fe000ce3,0,00000000
1262,377,00000008,00108093,1,0000007e
1265,378,0000000c,00208463,0,00000000
1268,379,00000010,fe000ce3,0,00000000
1272,380,00000008,00108093,1,0000007f
1275,381,0000000c,00208463,0,00000000
1278,382,00000010,fe000ce3,0,00000000
1282,383,00000008,00108093,1,00000080
1285,384,0000000c,00208463,0,00000000
1288,385,00000010,fe000ce3,0,00000000
1292,386,00000008,00108093,1,00000081
1295,387,0000000c,00208463,0,00000000
1298,388,00000010,fe000ce3,0,00000000
1302,389,00000008,00108093,1,00000082
1305,390,0000000c,00208463,0,00000000
1308,391,00000010,fe000ce3,0,00000000
1312,392,00000008,00108093,1,00000083
1315,393,0000000c,00208463,0,00000000
1318,394,00000010,fe000ce3,0,00000000
1322,395,00000008,00108093,1,00000084
1325,396,0000000c,00208463,0,00000000
1328,397,00000010,fe000ce3,0,00000000
1332,398,00000008,00108093,1,00000085
1335,399,0000000c,00208463,0,00000000
1338,400,00000010,fe000ce3,0,00000000
1342,401,00000008,00108093,1,00000086
1345,402,0000000c,00208463,0,00000000
1348,403,00000010,fe000ce3,0,00000000
1352,404,00000008,00108093,1,00000087
1355,405,0000000c,00208463,0,00000000
1358,406,00000010,fe000ce3,0,00000000
1362,407,00000008,00108093,1,00000088
1365,408,0000000c,00208463,0,00000000
1368,409,00000010,fe000ce3,0,00000000
1372,410,00000008,00108093,1,00000089
1375,411,0000000c,00208463,0,00000000
1378,412,00000010,fe000ce3,0,00000000
1382,413,00000008,00108093,1,0000008a
1385,414,0000000c,00208463,0,00000000
1388,415,00000010,fe000ce3,0,00000000
1392,416,00000008,00108093,1,0000008b
1395,417,0000000c,00208463,0,00000000
1398,418,00000010,fe000ce3,0,00000000
1402,419,00000008,00108093,1,0000008c
1405,420,0000000c,00208463,0,00000000
1408,421,00000010,fe000ce3,0,00000000
1412,422,00000008,00108093,1,0000008d
1415,423,0000000c,00208463,0,00000000
1418,424,00000010,fe000ce3,0,00000000
1422,425,00000008,00108093,1,0000008e
1425,426,0000000c,00208463,0,00000000
1428,427,00000010,fe000ce3,0,00000000
1432,428,00000008,00108093,1,0000008f
1435,429,0000000c,00208463,0,00000000
1438,430,00000010,fe000ce3,0,00000000
1442,431,00000008,00108093,1,00000090
1445,432,0000000c,00208463,0,00000000
1448,433,00000010,fe000ce3,0,00000000
1452,434,00000008,00108093,1,00000091
1455,435,0000000c,00208463,0,00000000
1458,436,00000010,fe000ce3,0,00000000
1462,437,00000008,00108093,1,00000092
1465,438,0000000c,00208463,0,00000000
1468,439,00000010,fe000ce3,0,00000000
1472,440,00000008,00108093,1,00000093
1475,441,0000000c,00208463,0,00000000
1478,442,00000010,fe000ce3,0,00000000
1482,443,00000008,00108093,1,00000094
1485,444,0000000c,00208463,0,00000000
1488,445,00000010,fe000ce3,0,00000000
1492,446,00000008,00108093,1,00000095
1495,447,0000000c,00208463,0,00000000
1498,448,00000010,fe000ce3,0,00000000
1502,449,00000008,00108093,1,00000096
1505,450,0000000c,00208463,0,00000000
1508,451,00000010,fe000ce3,0,00000000
1512,452,00000008,00108093,1,00000097
1515,453,0000000c,00208463,0,00000000
1518,454,00000010,fe000ce3,0,00000000
1522,455,00000008,00108093,1,00000098
1525,456,0000000c,00208463,0,00000000
1528,457,00000010,fe000ce3,0,00000000
1532,458,00000008,00108093,1,00000099
1535,459,0000000c,00208463,0,00000000
1538,460,00000010,fe000ce3,0,00000000
1542,461,00000008,00108093,1,0000009a
1545,462,0000000c,00208463,0,00000000
1548,463,00000010,fe000ce3,0,00000000
1552,464,00000008,00108093,1,0000009b
1555,465,0000000c,00208463,0,00000000
1558,466,00000010,fe000ce3,0,00000000
1562,467,00000008,00108093,1,0000009c
1565,468,0000000c,00208463,0,00000000
1568,469,00000010,fe000ce3,0,00000000
1572,470,00000008,00108093,1,0000009d
1575,471,0000000c,00208463,0,00000000
1578,472,00000010,fe000ce3,0,00000000
1582,473,00000008,00108093,1,0000009e
1585,474,0000000c,00208463,0,00000000
1588,475,00000010,fe000ce3,0,00000000
1592,476,00000008,00108093,1,0000009f
1595,477,0000000c,00208463,0,00000000
1598,478,00000010,fe000ce3,0,00000000
1602,479,00000008,00108093,1,000000a0
1605,480,0000000c,00208463,0,00000000
1608,481,00000010,fe000ce3,0,00000000
1612,482,00000008,00108093,1,000000a1
1615,483,0000000c,00208463,0,00000000
1618,484,00000010,fe000ce3,0,00000000
1622,485,00000008,00108093,1,000000a2
1625,486,0000000c,00208463,0,00000000
1628,487,00000010,fe000ce3,0,00000000
1632,488,00000008,00108093,1,000000a3
1635,489,0000000c,00208463,0,00000000
1638,490,00000010,fe000ce3,0,00000000
1642,491,00000008,00108093,1,000000a4
1645,492,0000000c,00208463,0,00000000
1648,493,00000010,fe000ce3,0,00000000
1652,494,00000008,00108093,1,000000a5
1655,495,0000000c,00208463,0,00000000
1658,496,00000010,fe000ce3,0,00000000
1662,497,00000008,00108093,1,000000a6
1665,498,0000000c,00208463,0,00000000
1668,499,00000010,fe000ce3,0,00000000
1672,500,00000008,00108093,1,000000a7
1675,501,0000000c,00208463,0,00000000
1678,502,00000010,fe000ce3,0,00000000
1682,503,00000008,00108093,1,000000a8
1685,504,0000000c,00208463,0,00000000
1688,505,00000010,fe000ce3,0,00000000
1692,506,00000008,00108093,1,000000a9
1695,507,0000000c,00208463,0,00000000
1698,508,00000010,fe000ce3,0,00000000
1702,509,00000008,00108093,1,000000aa
1705,510,0000000c,00208463,0,00000000
1708,511,00000010,fe000ce3,0,00000000
1712,512,00000008,00108093,1,000000ab
1715,513,0000000c,00208463,0,00000000
1718,514,00000010,fe000ce3,0,00000000
1722,515,00000008,00108093,1,000000ac
1725,516,0000000c,00208463,0,00000000
1728,517,00000010,fe000ce3,0,00000000
1732,518,00000008,00108093,1,000000ad
1735,519,0000000c,00208463,0,00000000
1738,520,00000010,fe000ce3,0,00000000
1742,521,00000008,00108093,1,000000ae
1745,522,0000000c,00208463,0,00000000
1748,523,00000010,fe000ce3,0,00000000
1752,524,00000008,00108093,1,000000af
1755,525,0000000c,00208463,0,00000000
1758,526,00000010,fe000ce3,0,00000000
1762,527,00000008,00108093,1,000000b0
1765,528,0000000c,00208463,0,00000000
1768,529,00000010,fe000ce3,0,00000000
1772,530,00000008,00108093,1,000000b1
1775,531,0000000c,00208463,0,00000000
1778,532,00000010,fe000ce3,0,00000000
1782,533,00000008,00108093,1,000000b2
1785,534,0000000c,00208463,0,00000000
1788,535,00000010,fe000ce3,0,00000000
1792,536,00000008,00108093,1,000000b3
1795,537,0000000c,00208463,0,00000000
1798,538,00000010,fe000ce3,0,00000000
1802,539,00000008,00108093,1,000000b4
1805,540,0000000c,00208463,0,00000000
1808,541,00000010,fe000ce3,0,00000000
1812,542,00000008,00108093,1,000000b5
1815,543,0000000c,00208463,0,00000000
1818,544,00000010,fe000ce3,0,00000000
1822,545,00000008,00108093,1,000000b6
1825,546,0000000c,00208463,0,00000000
1828,547,00000010,fe000ce3,0,00000000
1832,548,00000008,00108093,1,000000b7
1835,549,0000000c,00208463,0,00000000
1838,550,00000010,fe000ce3,0,00000000
1842,551,00000008,00108093,1,000000b8
1845,552,0000000c,00208463,0,00000000
1848,553,00000010,fe000ce3,0,00000000
1852,554,00000008,00108093,1,000000b9
1855,555,0000000c,00208463,0,00000000
1858,556,00000010,fe000ce3,0,00000000
1862,557,00000008,00108093,1,000000ba
1865,558,0000000c,00208463,0,00000000
1868,559,00000010,fe000ce3,0,00000000
1872,560,00000008,00108093,1,000000bb
1875,561,0000000c,00208463,0,00000000
1878,562,00000010,fe000ce3,0,00000000
1882,563,00000008,00108093,1,000000bc
1885,564,0000000c,00208463,0,00000000
1888,565,00000010,fe000ce3,0,00000000
1892,566,00000008,00108093,1,000000bd
1895,567,0000000c,00208463,0,00000000
1898,568,00000010,fe000ce3,0,00000000
1902,569,00000008,00108093,1,000000be
1905,570,0000000c,00208463,0,00000000
1908,571,00000010,fe000ce3,0,00000000
1912,572,00000008,00108093,1,000000bf
1915,573,0000000c,00208463,0,00000000
1918,574,00000010,fe000ce3,0,00000000
1922,575,00000008,00108093,1,000000c0
1925,576,0000000c,00208463,0,00000000
1928,577,00000010,fe000ce3,0,00000000
1932,578,00000008,00108093,1,000000c1
1935,579,0000000c,00208463,0,00000000
1938,580,00000010,fe000ce3,0,00000000
1942,581,00000008,00108093,1,000000c2
1945,582,0000000c,00208463,0,00000000
1948,583,00000010,fe000ce3,0,00000000
1952,584,00000008,00108093,1,000000c3
1955,585,0000000c,00208463,0,00000000
1958,586,00000010,fe000ce3,0,00000000
1962,587,00000008,00108093,1,000000c4
1965,588,0000000c,00208463,0,00000000
1968,589,00000010,fe000ce3,0,00000000
1972,590,00000008,00108093,1,000000c5
1975,591,0000000c,00208463,0,00000000
1978,592,00000010,fe000ce3,0,00000000
1982,593,00000008,00108093,1,000000c6
1985,594,0000000c,00208463,0,00000000
1988,595,00000010,fe000ce3,0,00000000
1992,596,00000008,00108093,1,000000c7
1995,597,0000000c,00208463,0,00000000
1998,598,00000010,fe000ce3,0,00000000
2002,599,00000008,00108093,1,000000c8
2005,600,0000000c,00208463,0,00000000
2008,601,00000010,fe000ce3,0,00000000
2012,602,00000008,00108093,1,000000c9
2015,603,0000000c,00208463,0,00000000
2018,604,00000010,fe000ce3,0,00000000
2022,605,00000008,00108093,1,000000ca
2025,606,0000000c,00208463,0,00000000
2028,607,00000010,fe000ce3,0,00000000
2032,608,00000008,00108093,1,000000cb
2035,609,0000000c,00208463,0,00000000
2038,610,00000010,fe000ce3,0,00000000
2042,611,00000008,00108093,1,000000cc
2045,612,0000000c,00208463,0,00000000
2048,613,00000010,fe000ce3,0,00000000
2052,614,00000008,00108093,1,000000cd
2055,615,0000000c,00208463,0,00000000
2058,616,00000010,fe000ce3,0,00000000
2062,617,00000008,00108093,1,000000ce
2065,618,0000000c,00208463,0,00000000
2068,619,00000010,fe000ce3,0,00000000
2072,620,00000008,00108093,1,000000cf
2075,621,0000000c,00208463,0,00000000
2078,622,00000010,fe000ce3,0,00000000
2082,623,00000008,00108093,1,000000d0
2085,624,0000000c,00208463,0,00000000
2088,625,00000010,fe000ce3,0,00000000
2092,626,00000008,00108093,1,000000d1
2095,627,0000000c,00208463,0,00000000
2098,628,00000010,fe000ce3,0,00000000
2102,629,00000008,00108093,1,000000d2
2105,630,0000000c,00208463,0,00000000
2108,631,00000010,fe000ce3,0,00000000
2112,632,00000008,00108093,1,000000d3
2115,633,0000000c,00208463,0,00000000
2118,634,00000010,fe000ce3,0,00000000
2122,635,00000008,00108093,1,000000d4
2125,636,0000000c,00208463,0,00000000
2128,637,00000010,fe000ce3,0,00000000
2132,638,00000008,00108093,1,000000d5
2135,639,0000000c,00208463,0,00000000
2138,640,00000010,fe000ce3,0,00000000
2142,641,00000008,00108093,1,000000d6
2145,642,0000000c,00208463,0,00000000
2148,643,00000010,fe000ce3,0,00000000
2152,644,00000008,00108093,1,000000d7
2155,645,0000000c,00208463,0,00000000
2158,646,00000010,fe000ce3,0,00000000
2162,647,00000008,00108093,1,000000d8
2165,648,0000000c,00208463,0,00000000
2168,649,00000010,fe000ce3,0,00000000
2172,650,00000008,00108093,1,000000d9
2175,651,0000000c,00208463,0,00000000
2178,652,00000010,fe000ce3,0,00000000
2182,653,00000008,00108093,1,000000da
2185,654,0000000c,00208463,0,00000000
2188,655,00000010,fe000ce3,0,00000000
2192,656,00000008,00108093,1,000000db
2195,657,0000000c,00208463,0,00000000
2198,658,00000010,fe000ce3,0,00000000
2202,659,00000008,00108093,1,000000dc
2205,660,0000000c,00208463,0,00000000
2208,661,00000010,fe000ce3,0,00000000
2212,662,00000008,00108093,1,000000dd
2215,663,0000000c,00208463,0,00000000
2218,664,00000010,fe000ce3,0,00000000
2222,665,00000008,00108093,1,000000de
2225,666,0000000c,00208463,0,00000000
2228,667,00000010,fe000ce3,0,00000000
2232,668,00000008,00108093,1,000000df
2235,669,0000000c,00208463,0,00000000
2238,670,00000010,fe000ce3,0,00000000
2242,671,00000008,00108093,1,000000e0
2245,672,0000000c,00208463,0,00000000
2248,673,00000010,fe000ce3,0,00000000
2252,674,00000008,00108093,1,000000e1
2255,675,0000000c,00208463,0,00000000
2258,676,00000010,fe000ce3,0,00000000
2262,677,00000008,00108093,1,000000e2
2265,678,0000000c,00208463,0,00000000
2268,679,00000010,fe000ce3,0,00000000
2272,680,00000008,00108093,1,000000e3
2275,681,0000000c,00208463,0,00000000
2278,682,00000010,fe000ce3,0,00000000
2282,683,00000008,00108093,1,000000e4
2285,684,0000000c,00208463,0,00000000
2288,685,00000010,fe000ce3,0,00000000
2292,686,00000008,00108093,1,000000e5
2295,687,0000000c,00208463,0,00000000
2298,688,00000010,fe000ce3,0,00000000
2302,689,00000008,00108093,1,000000e6
2305,690,0000000c,00208463,0,00000000
2308,691,00000010,fe000ce3,0,00000000
2312,692,00000008,00108093,1,000000e7
2315,693,0000000c,00208463,0,00000000
2318,694,00000010,fe000ce3,0,00000000
2322,695,00000008,00108093,1,000000e8
2325,696,0000000c,00208463,0,00000000
2328,697,00000010,fe000ce3,0,00000000
2332,698,00000008,00108093,1,000000e9
2335,699,0000000c,00208463,0,00000000
2338,700,00000010,fe000ce3,0,00000000
2342,701,00000008,00108093,1,000000ea
2345,702,0000000c,00208463,0,00000000
2348,703,00000010,fe000ce3,0,00000000
2352,704,00000008,00108093,1,000000eb
2355,705,0000000c,00208463,0,00000000
2358,706,00000010,fe000ce3,0,00000000
2362,707,00000008,00108093,1,000000ec
2365,708,0000000c,00208463,0,00000000
2368,709,00000010,fe000ce3,0,00000000
2372,710,00000008,00108093,1,000000ed
2375,711,0000000c,00208463,0,00000000
2378,712,00000010,fe000ce3,0,00000000
2382,713,00000008,00108093,1,000000ee
2385,714,0000000c,00208463,0,00000000
2388,715,00000010,fe000ce3,0,00000000
2392,716,00000008,00108093,1,000000ef
2395,717,0000000c,00208463,0,00000000
2398,718,00000010,fe000ce3,0,00000000
2402,719,00000008,00108093,1,000000f0
2405,720,0000000c,00208463,0,00000000
2408,721,00000010,fe000ce3,0,00000000
2412,722,00000008,00108093,1,000000f1
2415,723,0000000c,00208463,0,00000000
2418,724,00000010,fe000ce3,0,00000000
2422,725,00000008,00108093,1,000000f2
2425,726,0000000c,00208463,0,00000000
2428,727,00000010,fe000ce3,0,00000000
2432,728,00000008,00108093,1,000000f3
2435,729,0000000c,00208463,0,00000000
2438,730,00000010,fe000ce3,0,00000000
2442,731,00000008,00108093,1,000000f4
2445,732,0000000c,00208463,0,00000000
2448,733,00000010,fe000ce3,0,00000000
2452,734,00000008,00108093,1,000000f5
2455,735,0000000c,00208463,0,00000000
2458,736,00000010,fe000ce3,0,00000000
2462,737,00000008,00108093,1,000000f6
2465,738,0000000c,00208463,0,00000000
2468,739,00000010,fe000ce3,0,00000000
2472,740,00000008,00108093,1,000000f7
2475,741,0000000c,00208463,0,00000000
2478,742,00000010,fe000ce3,0,00000000
2482,743,00000008,00108093,1,000000f8
2485,744,0000000c,00208463,0,00000000
2488,745,00000010,fe000ce3,0,00000000
2492,746,00000008,00108093,1,000000f9
2495,747,0000000c,00208463,0,00000000
2498,748,00000010,fe000ce3,0,00000000
2502,749,00000008,00108093,1,000000fa
2505,750,0000000c,00208463,0,00000000
2508,751,00000010,fe000ce3,0,00000000
2512,752,00000008,00108093,1,000000fb
2515,753,0000000c,00208463,0,00000000
2518,754,00000010,fe000ce3,0,00000000
2522,755,00000008,00108093,1,000000fc
2525,756,0000000c,00208463,0,00000000
2528,757,00000010,fe000ce3,0,00000000
2532,758,00000008,00108093,1,000000fd
2535,759,0000000c,00208463,0,00000000
2538,760,00000010,fe000ce3,0,00000000
2542,761,00000008,00108093,1,000000fe
2545,762,0000000c,00208463,0,00000000
2548,763,00000010,fe000ce3,0,00000000
2552,764,00000008,00108093,1,000000ff
2555,765,0000000c,00208463,0,00000000
2558,766,00000010,fe000ce3,0,00000000
2562,767,00000008,00108093,1,00000100
2565,768,0000000c,00208463,0,00000000
2568,769,00000010,fe000ce3,0,00000000
2572,770,00000008,00108093,1,00000101
2575,771,0000000c,00208463,0,00000000
2578,772,00000010,fe000ce3,0,00000000
2582,773,00000008,00108093,1,00000102
2585,774,0000000c,00208463,0,00000000
2588,775,00000010,fe000ce3,0,00000000
2592,776,00000008,00108093,1,00000103
2595,777,0000000c,00208463,0,00000000
2598,778,00000010,fe000ce3,0,00000000
2602,779,00000008,00108093,1,00000104
2605,780,0000000c,00208463,0,00000000
2608,781,00000010,fe000ce3,0,00000000
2612,782,00000008,00108093,1,00000105
2615,783,0000000c,00208463,0,00000000
2618,784,00000010,fe000ce3,0,00000000
2622,785,00000008,00108093,1,00000106
2625,786,0000000c,00208463,0,00000000
2628,787,00000010,fe000ce3,0,00000000
2632,788,00000008,00108093,1,00000107
2635,789,0000000c,00208463,0,00000000
2638,790,00000010,fe000ce3,0,00000000
2642,791,00000008,00108093,1,00000108
2645,792,0000000c,00208463,0,00000000
2648,793,00000010,fe000ce3,0,00000000
2652,794,00000008,00108093,1,00000109
2655,795,0000000c,00208463,0,00000000
2658,796,00000010,fe000ce3,0,00000000
2662,797,00000008,00108093,1,0000010a
2665,798,0000000c,00208463,0,00000000
2668,799,00000010,fe000ce3,0,00000000
2672,800,00000008,00108093,1,0000010b
2675,801,0000000c,00208463,0,00000000
2678,802,00000010,fe000ce3,0,00000000
2682,803,00000008,00108093,1,0000010c
2685,804,0000000c,00208463,0,00000000
2688,805,00000010,fe000ce3,0,00000000
2692,806,00000008,00108093,1,0000010d
2695,807,0000000c,00208463,0,00000000
2698,808,00000010,fe000ce3,0,00000000
2702,809,00000008,00108093,1,0000010e
2705,810,0000000c,00208463,0,00000000
2708,811,00000010,fe000ce3,0,00000000
2712,812,00000008,00108093,1,0000010f
2715,813,0000000c,00208463,0,00000000
2718,814,00000010,fe000ce3,0,00000000
2722,815,00000008,00108093,1,00000110
2725,816,0000000c,00208463,0,00000000
2728,817,00000010,fe000ce3,0,00000000
2732,818,00000008,00108093,1,00000111
2735,819,0000000c,00208463,0,00000000
2738,820,00000010,fe000ce3,0,00000000
2742,821,00000008,00108093,1,00000112
2745,822,0000000c,00208463,0,00000000
2748,823,00000010,fe000ce3,0,00000000
2752,824,00000008,00108093,1,00000113
2755,825,0000000c,00208463,0,00000000
2758,826,00000010,fe000ce3,0,00000000
2762,827,00000008,00108093,1,00000114
2765,828,0000000c,00208463,0,00000000
2768,829,00000010,fe000ce3,0,00000000
2772,830,00000008,00108093,1,00000115
2775,831,0000000c,00208463,0,00000000
2778,832,00000010,fe000ce3,0,00000000
2782,833,00000008,00108093,1,00000116
2785,834,0000000c,00208463,0,00000000
2788,835,00000010,fe000ce3,0,00000000
2792,836,00000008,00108093,1,00000117
2795,837,0000000c,00208463,0,00000000
2798,838,00000010,fe000ce3,0,00000000
2802,839,00000008,00108093,1,00000118
2805,840,0000000c,00208463,0,00000000
2808,841,00000010,fe000ce3,0,00000000
2812,842,00000008,00108093,1,00000119
2815,843,0000000c,00208463,0,00000000
2818,844,00000010,fe000ce3,0,00000000
2822,845,00000008,00108093,1,0000011a
2825,846,0000000c,00208463,0,00000000
2828,847,00000010,fe000ce3,0,00000000
2832,848,00000008,00108093,1,0000011b
2835,849,0000000c,00208463,0,00000000
2838,850,00000010,fe000ce3,0,00000000
2842,851,00000008,00108093,1,0000011c
2845,852,0000000c,00208463,0,00000000
2848,853,00000010,fe000ce3,0,00000000
2852,854,00000008,00108093,1,0000011d
2855,855,0000000c,00208463,0,00000000
2858,856,00000010,fe000ce3,0,00000000
2862,857,00000008,00108093,1,0000011e
2865,858,0000000c,00208463,0,00000000
2868,859,00000010,fe000ce3,0,00000000
2872,860,00000008,00108093,1,0000011f
2875,861,0000000c,00208463,0,00000000
2878,862,00000010,fe000ce3,0,00000000
2882,863,00000008,00108093,1,00000120
2885,864,0000000c,00208463,0,00000000
2888,865,00000010,fe000ce3,0,00000000
2892,866,00000008,00108093,1,00000121
2895,867,0000000c,00208463,0,00000000
2898,868,00000010,fe000ce3,0,00000000
2902,869,00000008,00108093,1,00000122
2905,870,0000000c,00208463,0,00000000
2908,871,00000010,fe000ce3,0,00000000
2912,872,00000008,00108093,1,00000123
2915,873,0000000c,00208463,0,00000000
2918,874,00000010,fe000ce3,0,00000000
2922,875,00000008,00108093,1,00000124
2925,876,0000000c,00208463,0,00000000
2928,877,00000010,fe000ce3,0,00000000
2932,878,00000008,00108093,1,00000125
2935,879,0000000c,00208463,0,00000000
2938,880,00000010,fe000ce3,0,00000000
2942,881,00000008,00108093,1,00000126
2945,882,0000000c,00208463,0,00000000
2948,883,00000010,fe000ce3,0,00000000
2952,884,00000008,00108093,1,00000127
2955,885,0000000c,00208463,0,00000000
2958,886,00000010,fe000ce3,0,00000000
2962,887,00000008,00108093,1,00000128
2965,888,0000000c,00208463,0,00000000
2968,889,00000010,fe000ce3,0,00000000
2972,890,00000008,00108093,1,00000129
2975,891,0000000c,00208463,0,00000000
2978,892,00000010,fe000ce3,0,00000000
2982,893,00000008,00108093,1,0000012a
2985,894,0000000c,00208463,0,00000000
2988,895,00000010,fe000ce3,0,00000000
2992,896,00000008,00108093,1,0000012b
2995,897,0000000c,00208463,0,00000000
2998,898,00000010,fe000ce3,0,00000000
3002,899,00000008,00108093,1,0000012c
3005,900,0000000c,00208463,0,00000000
3008,901,00000010,fe000ce3,0,00000000
3012,902,00000008,00108093,1,0000012d
3015,903,0000000c,00208463,0,00000000
3018,904,00000010,fe000ce3,0,00000000
3022,905,00000008,00108093,1,0000012e
3025,906,0000000c,00208463,0,00000000
3028,907,00000010,fe000ce3,0,00000000
3032,908,00000008,00108093,1,0000012f
3035,909,0000000c,00208463,0,00000000
3038,910,00000010,fe000ce3,0,00000000
3042,911,00000008,00108093,1,00000130
3045,912,0000000c,00208463,0,00000000
3048,913,00000010,fe000ce3,0,00000000
3052,914,00000008,00108093,1,00000131
3055,915,0000000c,00208463,0,00000000
3058,916,00000010,fe000ce3,0,00000000
3062,917,00000008,00108093,1,00000132
3065,918,0000000c,00208463,0,00000000
3068,919,00000010,fe000ce3,0,00000000
3072,920,00000008,00108093,1,00000133
3075,921,0000000c,00208463,0,00000000
3078,922,00000010,fe000ce3,0,00000000
3082,923,00000008,00108093,1,00000134
3085,924,0000000c,00208463,0,00000000
3088,925,00000010,fe000ce3,0,00000000
3092,926,00000008,00108093,1,00000135
3095,927,0000000c,00208463,0,00000000
3098,928,00000010,fe000ce3,0,00000000
3102,929,00000008,00108093,1,00000136
3105,930,0000000c,00208463,0,00000000
3108,931,00000010,fe000ce3,0,00000000
3112,932,00000008,00108093,1,00000137
3115,933,0000000c,00208463,0,00000000
3118,934,00000010,fe000ce3,0,00000000
3122,935,00000008,00108093,1,00000138
3125,936,0000000c,00208463,0,00000000
3128,937,00000010,fe000ce3,0,00000000
3132,938,00000008,00108093,1,00000139
3135,939,0000000c,00208463,0,00000000
3138,940,00000010,fe000ce3,0,00000000
3142,941,00000008,00108093,1,0000013a
3145,942,0000000c,00208463,0,00000000
3148,943,00000010,fe000ce3,0,00000000
3152,944,00000008,00108093,1,0000013b
3155,945,0000000c,00208463,0,00000000
3158,946,00000010,fe000ce3,0,00000000
3162,947,00000008,00108093,1,0000013c
3165,948,0000000c,00208463,0,00000000
3168,949,00000010,fe000ce3,0,00000000
3172,950,00000008,00108093,1,0000013d
3175,951,0000000c,00208463,0,00000000
3178,952,00000010,fe000ce3,0,00000000
3182,953,00000008,00108093,1,0000013e
3185,954,0000000c,00208463,0,00000000
3188,955,00000010,fe000ce3,0,00000000
3192,956,00000008,00108093,1,0000013f
3195,957,0000000c,00208463,0,00000000
3198,958,00000010,fe000ce3,0,00000000
3202,959,00000008,00108093,1,00000140
3205,960,0000000c,00208463,0,00000000
3208,961,00000010,fe000ce3,0,00000000
3212,962,00000008,00108093,1,00000141
3215,963,0000000c,00208463,0,00000000
3218,964,00000010,fe000ce3,0,00000000
3222,965,00000008,00108093,1,00000142
3225,966,0000000c,00208463,0,00000000
3228,967,00000010,fe000ce3,0,00000000
3232,968,00000008,00108093,1,00000143
3235,969,0000000c,00208463,0,00000000
3238,970,00000010,fe000ce3,0,00000000
3242,971,00000008,00108093,1,00000144
3245,972,0000000c,00208463,0,00000000
3248,973,00000010,fe000ce3,0,00000000
3252,974,00000008,00108093,1,00000145
3255,975,0000000c,00208463,0,00000000
3258,976,00000010,fe000ce3,0,00000000
3262,977,00000008,00108093,1,00000146
3265,978,0000000c,00208463,0,00000000
3268,979,00000010,fe000ce3,0,00000000
3272,980,00000008,00108093,1,00000147
3275,981,0000000c,00208463,0,00000000
3278,982,00000010,fe000ce3,0,00000000
3282,983,00000008,00108093,1,00000148
3285,984,0000000c,00208463,0,00000000
3288,985,00000010,fe000ce3,0,00000000
3292,986,00000008,00108093,1,00000149
3295,987,0000000c,00208463,0,00000000
3298,988,00000010,fe000ce3,0,00000000
3302,989,00000008,00108093,1,0000014a
3305,990,0000000c,00208463,0,00000000
3308,991,00000010,fe000ce3,0,00000000
3312,992,00000008,00108093,1,0000014b
3315,993,0000000c,00208463,0,00000000
3318,994,00000010,fe000ce3,0,00000000
3322,995,00000008,00108093,1,0000014c
3325,996,0000000c,00208463,0,00000000
3328,997,00000010,fe000ce3,0,00000000
3332,998,00000008,00108093,1,0000014d
3335,999,0000000c,00208463,0,00000000
3338,1000,00000010,fe000ce3,0,00000000
3342,1001,00000008,00108093,1,0000014e
3345,1002,0000000c,00208463,0,00000000
3348,1003,00000010,fe000ce3,0,00000000
3352,1004,00000008,00108093,1,0000014f
3355,1005,0000000c,00208463,0,00000000
3358,1006,00000010,fe000ce3,0,00000000
3362,1007,00000008,00108093,1,00000150
3365,1008,0000000c,00208463,0,00000000
3368,1009,00000010,fe000ce3,0,00000000
3372,1010,00000008,00108093,1,00000151
3375,1011,0000000c,00208463,0,00000000
3378,1012,00000010,fe000ce3,0,00000000
3382,1013,00000008,00108093,1,00000152
3385,1014,0000000c,00208463,0,00000000
3388,1015,00000010,fe000ce3,0,00000000
3392,1016,00000008,00108093,1,00000153
3395,1017,0000000c,00208463,0,00000000
3398,1018,00000010,fe000ce3,0,00000000
3402,1019,00000008,00108093,1,00000154
3405,1020,0000000c,00208463,0,00000000
3408,1021,00000010,fe000ce3,0,00000000
3412,1022,00000008,00108093,1,00000155
3415,1023,0000000c,00208463,0,00000000
3418,1024,00000010,fe000ce3,0,00000000
3422,1025,00000008,00108093,1,00000156
3425,1026,0000000c,00208463,0,00000000
3428,1027,00000010,fe000ce3,0,00000000
3432,1028,00000008,00108093,1,00000157
3435,1029,0000000c,00208463,0,00000000
3438,1030,00000010,fe000ce3,0,00000000
3442,1031,00000008,00108093,1,00000158
3445,1032,0000000c,00208463,0,00000000
3448,1033,00000010,fe000ce3,0,00000000
3452,1034,00000008,00108093,1,00000159
3455,1035,0000000c,00208463,0,00000000
3458,1036,00000010,fe000ce3,0,00000000
3462,1037,00000008,00108093,1,0000015a
3465,1038,0000000c,00208463,0,00000000
3468,1039,00000010,fe000ce3,0,00000000
3472,1040,00000008,00108093,1,0000015b
3475,1041,0000000c,00208463,0,00000000
3478,1042,00000010,fe000ce3,0,00000000
3482,1043,00000008,00108093,1,0000015c
3485,1044,0000000c,00208463,0,00000000
3488,1045,00000010,fe000ce3,0,00000000
3492,1046,00000008,00108093,1,0000015d
3495,1047,0000000c,00208463,0,00000000
3498,1048,00000010,fe000ce3,0,00000000
3502,1049,00000008,00108093,1,0000015e
3505,1050,0000000c,00208463,0,00000000
3508,1051,00000010,fe000ce3,0,00000000
3512,1052,00000008,00108093,1,0000015f
3515,1053,0000000c,00208463,0,00000000
3518,1054,00000010,fe000ce3,0,00000000
3522,1055,00000008,00108093,1,00000160
3525,1056,0000000c,00208463,0,00000000
3528,1057,00000010,fe000ce3,0,00000000
3532,1058,00000008,00108093,1,00000161
3535,1059,0000000c,00208463,0,00000000
3538,1060,00000010,fe000ce3,0,00000000
3542,1061,00000008,00108093,1,00000162
3545,1062,0000000c,00208463,0,00000000
3548,1063,00000010,fe000ce3,0,00000000
3552,1064,00000008,00108093,1,00000163
3555,1065,0000000c,00208463,0,00000000
3558,1066,00000010,fe000ce3,0,00000000
3562,1067,00000008,00108093,1,00000164
3565,1068,0000000c,00208463,0,00000000
3568,1069,00000010,fe000ce3,0,00000000
3572,1070,00000008,00108093,1,00000165
3575,1071,0000000c,00208463,0,00000000
3578,1072,00000010,fe000ce3,0,00000000
3582,1073,00000008,00108093,1,00000166
3585,1074,0000000c,00208463,0,00000000
3588,1075,00000010,fe000ce3,0,00000000
3592,1076,00000008,00108093,1,00000167
3595,1077,0000000c,00208463,0,00000000
3598,1078,00000010,fe000ce3,0,00000000
3602,1079,00000008,00108093,1,00000168
3605,1080,0000000c,00208463,0,00000000
3608,1081,00000010,fe000ce3,0,00000000
3612,1082,00000008,00108093,1,00000169
3615,1083,0000000c,00208463,0,00000000
3618,1084,00000010,fe000ce3,0,00000000
3622,1085,00000008,00108093,1,0000016a
3625,1086,0000000c,00208463,0,00000000
3628,1087,00000010,fe000ce3,0,00000000
3632,1088,00000008,00108093,1,0000016b
3635,1089,0000000c,00208463,0,00000000
3638,1090,00000010,fe000ce3,0,00000000
3642,1091,00000008,00108093,1,0000016c
3645,1092,0000000c,00208463,0,00000000
3648,1093,00000010,fe000ce3,0,00000000
3652,1094,00000008,00108093,1,0000016d
3655,1095,0000000c,00208463,0,00000000
3658,1096,00000010,fe000ce3,0,00000000
3662,1097,00000008,00108093,1,0000016e
3665,1098,0000000c,00208463,0,00000000
3668,1099,00000010,fe000ce3,0,00000000
3672,1100,00000008,00108093,1,0000016f
3675,1101,0000000c,00208463,0,00000000
3678,1102,00000010,fe000ce3,0,00000000
3682,1103,00000008,00108093,1,00000170
3685,1104,0000000c,00208463,0,00000000
3688,1105,00000010,fe000ce3,0,00000000
3692,1106,00000008,00108093,1,00000171
3695,1107,0000000c,00208463,0,00000000
3698,1108,00000010,fe000ce3,0,00000000
3702,1109,00000008,00108093,1,00000172
3705,1110,0000000c,00208463,0,00000000
3708,1111,00000010,fe000ce3,0,00000000
3712,1112,00000008,00108093,1,00000173
3715,1113,0000000c,00208463,0,00000000
3718,1114,00000010,fe000ce3,0,00000000
3722,1115,00000008,00108093,1,00000174
3725,1116,0000000c,00208463,0,00000000
3728,1117,00000010,fe000ce3,0,00000000
3732,1118,00000008,00108093,1,00000175
3735,1119,0000000c,00208463,0,00000000
3738,1120,00000010,fe000ce3,0,00000000
3742,1121,00000008,00108093,1,00000176
3745,1122,0000000c,00208463,0,00000000
3748,1123,00000010,fe000ce3,0,00000000
3752,1124,00000008,00108093,1,00000177
3755,1125,0000000c,00208463,0,00000000
3758,1126,00000010,fe000ce3,0,00000000
3762,1127,00000008,00108093,1,00000178
3765,1128,0000000c,00208463,0,00000000
3768,1129,00000010,fe000ce3,0,00000000
3772,1130,00000008,00108093,1,00000179
3775,1131,0000000c,00208463,0,00000000
3778,1132,00000010,fe000ce3,0,00000000
3782,1133,00000008,00108093,1,0000017a
3785,1134,0000000c,00208463,0,00000000
3788,1135,00000010,fe000ce3,0,00000000
3792,1136,00000008,00108093,1,0000017b
3795,1137,0000000c,00208463,0,00000000
3798,1138,00000010,fe000ce3,0,00000000
3802,1139,00000008,00108093,1,0000017c
3805,1140,0000000c,00208463,0,00000000
3808,1141,00000010,fe000ce3,0,00000000
3812,1142,00000008,00108093,1,0000017d
3815,1143,0000000c,00208463,0,00000000
3818,1144,00000010,fe000ce3,0,00000000
3822,1145,00000008,00108093,1,0000017e
3825,1146,0000000c,00208463,0,00000000
3828,1147,00000010,fe000ce3,0,00000000
3832,1148,00000008,00108093,1,0000017f
3835,1149,0000000c,00208463,0,00000000
3838,1150,00000010,fe000ce3,0,00000000
3842,1151,00000008,00108093,1,00000180
3845,1152,0000000c,00208463,0,00000000
3848,1153,00000010,fe000ce3,0,00000000
3852,1154,00000008,00108093,1,00000181
3855,1155,0000000c,00208463,0,00000000
3858,1156,00000010,fe000ce3,0,00000000
3862,1157,00000008,00108093,1,00000182
3865,1158,0000000c,00208463,0,00000000
3868,1159,00000010,fe000ce3,0,00000000
3872,1160,00000008,00108093,1,00000183
3875,1161,0000000c,00208463,0,00000000
3878,1162,00000010,fe000ce3,0,00000000
3882,1163,00000008,00108093,1,00000184
3885,1164,0000000c,00208463,0,00000000
3888,1165,00000010,fe000ce3,0,00000000
3892,1166,00000008,00108093,1,00000185
3895,1167,0000000c,00208463,0,00000000
3898,1168,00000010,fe000ce3,0,00000000
3902,1169,00000008,00108093,1,00000186
3905,1170,0000000c,00208463,0,00000000
3908,1171,00000010,fe000ce3,0,00000000
3912,1172,00000008,00108093,1,00000187
3915,1173,0000000c,00208463,0,00000000
3918,1174,00000010,fe000ce3,0,00000000
3922,1175,00000008,00108093,1,00000188
3925,1176,0000000c,00208463,0,00000000
3928,1177,00000010,fe000ce3,0,00000000
3932,1178,00000008,00108093,1,00000189
3935,1179,0000000c,00208463,0,00000000
3938,1180,00000010,fe000ce3,0,00000000
3942,1181,00000008,00108093,1,0000018a
3945,1182,0000000c,00208463,0,00000000
3948,1183,00000010,fe000ce3,0,00000000
3952,1184,00000008,00108093,1,0000018b
3955,1185,0000000c,00208463,0,00000000
3958,1186,00000010,fe000ce3,0,00000000
3962,1187,00000008,00108093,1,0000018c
3965,1188,0000000c,00208463,0,00000000
3968,1189,00000010,fe000ce3,0,00000000
3972,1190,00000008,00108093,1,0000018d
3975,1191,0000000c,00208463,0,00000000
3978,1192,00000010,fe000ce3,0,00000000
3982,1193,00000008,00108093,1,0000018e
3985,1194,0000000c,00208463,0,00000000
3988,1195,00000010,fe000ce3,0,00000000
3992,1196,00000008,00108093,1,0000018f
3995,1197,0000000c,00208463,0,00000000
3998,1198,00000010,fe000ce3,0,00000000
4002,1199,00000008,00108093,1,00000190
4005,1200,0000000c,00208463,0,00000000
4008,1201,00000010,fe000ce3,0,00000000
4012,1202,00000008,00108093,1,00000191
4015,1203,0000000c,00208463,0,00000000
4018,1204,00000010,fe000ce3,0,00000000
4022,1205,00000008,00108093,1,00000192
4025,1206,0000000c,00208463,0,00000000
4028,1207,00000010,fe000ce3,0,00000000
4032,1208,00000008,00108093,1,00000193
4035,1209,0000000c,00208463,0,00000000
4038,1210,00000010,fe000ce3,0,00000000
4042,1211,00000008,00108093,1,00000194
4045,1212,0000000c,00208463,0,00000000
4048,1213,00000010,fe000ce3,0,00000000
4052,1214,00000008,00108093,1,00000195
4055,1215,0000000c,00208463,0,00000000
4058,1216,00000010,fe000ce3,0,00000000
4062,1217,00000008,00108093,1,00000196
4065,1218,0000000c,00208463,0,00000000
4068,1219,00000010,fe000ce3,0,00000000
4072,1220,00000008,00108093,1,00000197
4075,1221,0000000c,00208463,0,00000000
4078,1222,00000010,fe000ce3,0,00000000
4082,1223,00000008,00108093,1,00000198
4085,1224,0000000c,00208463,0,00000000
4088,1225,00000010,fe000ce3,0,00000000
4092,1226,00000008,00108093,1,00000199
4095,1227,0000000c,00208463,0,00000000
4098,1228,00000010,fe000ce3,0,00000000
4102,1229,00000008,00108093,1,0000019a
4105,1230,0000000c,00208463,0,00000000
4108,1231,00000010,fe000ce3,0,00000000
4112,1232,00000008,00108093,1,0000019b
4115,1233,0000000c,00208463,0,00000000
4118,1234,00000010,fe000ce3,0,00000000
4122,1235,00000008,00108093,1,0000019c
4125,1236,0000000c,00208463,0,00000000
4128,1237,00000010,fe000ce3,0,00000000
4132,1238,00000008,00108093,1,0000019d
4135,1239,0000000c,00208463,0,00000000
4138,1240,00000010,fe000ce3,0,00000000
4142,1241,00000008,00108093,1,0000019e
4145,1242,0000000c,00208463,0,00000000
4148,1243,00000010,fe000ce3,0,00000000
4152,1244,00000008,00108093,1,0000019f
4155,1245,0000000c,00208463,0,00000000
4158,1246,00000010,fe000ce3,0,00000000
4162,1247,00000008,00108093,1,000001a0
4165,1248,0000000c,00208463,0,00000000
4168,1249,00000010,fe000ce3,0,00000000
4172,1250,00000008,00108093,1,000001a1
4175,1251,0000000c,00208463,0,00000000
4178,1252,00000010,fe000ce3,0,00000000
4182,1253,00000008,00108093,1,000001a2
4185,1254,0000000c,00208463,0,00000000
4188,1255,00000010,fe000ce3,0,00000000
4192,1256,00000008,00108093,1,000001a3
4195,1257,0000000c,00208463,0,00000000
4198,1258,00000010,fe000ce3,0,00000000
4202,1259,00000008,00108093,1,000001a4
4205,1260,0000000c,00208463,0,00000000
4208,1261,00000010,fe000ce3,0,00000000
4212,1262,00000008,00108093,1,000001a5
4215,1263,0000000c,00208463,0,00000000
4218,1264,00000010,fe000ce3,0,00000000
4222,1265,00000008,00108093,1,000001a6
4225,1266,0000000c,00208463,0,00000000
4228,1267,00000010,fe000ce3,0,00000000
4232,1268,00000008,00108093,1,000001a7
4235,1269,0000000c,00208463,0,00000000
4238,1270,00000010,fe000ce3,0,00000000
4242,1271,00000008,00108093,1,000001a8
4245,1272,0000000c,00208463,0,00000000
4248,1273,00000010,fe000ce3,0,00000000
4252,1274,00000008,00108093,1,000001a9
4255,1275,0000000c,00208463,0,00000000
4258,1276,00000010,fe000ce3,0,00000000
4262,1277,00000008,00108093,1,000001aa
4265,1278,0000000c,00208463,0,00000000
4268,1279,00000010,fe000ce3,0,00000000
4272,1280,00000008,00108093,1,000001ab
4275,1281,0000000c,00208463,0,00000000
4278,1282,00000010,fe000ce3,0,00000000
4282,1283,00000008,00108093,1,000001ac
4285,1284,0000000c,00208463,0,00000000
4288,1285,00000010,fe000ce3,0,00000000
4292,1286,00000008,00108093,1,000001ad
4295,1287,0000000c,00208463,0,00000000
4298,1288,00000010,fe000ce3,0,00000000
4302,1289,00000008,00108093,1,000001ae
4305,1290,0000000c,00208463,0,00000000
4308,1291,00000010,fe000ce3,0,00000000
4312,1292,00000008,00108093,1,000001af
4315,1293,0000000c,00208463,0,00000000
4318,1294,00000010,fe000ce3,0,00000000
4322,1295,00000008,00108093,1,000001b0
4325,1296,0000000c,00208463,0,00000000
4328,1297,00000010,fe000ce3,0,00000000
4332,1298,00000008,00108093,1,000001b1
4335,1299,0000000c,00208463,0,00000000
4338,1300,00000010,fe000ce3,0,00000000
4342,1301,00000008,00108093,1,000001b2
4345,1302,0000000c,00208463,0,00000000
4348,1303,00000010,fe000ce3,0,00000000
4352,1304,00000008,00108093,1,000001b3
4355,1305,0000000c,00208463,0,00000000
4358,1306,00000010,fe000ce3,0,00000000
4362,1307,00000008,00108093,1,000001b4
4365,1308,0000000c,00208463,0,00000000
4368,1309,00000010,fe000ce3,0,00000000
4372,1310,00000008,00108093,1,000001b5
4375,1311,0000000c,00208463,0,00000000
4378,1312,00000010,fe000ce3,0,00000000
4382,1313,00000008,00108093,1,000001b6
4385,1314,0000000c,00208463,0,00000000
4388,1315,00000010,fe000ce3,0,00000000
4392,1316,00000008,00108093,1,000001b7
4395,1317,0000000c,00208463,0,00000000
4398,1318,00000010,fe000ce3,0,00000000
4402,1319,00000008,00108093,1,000001b8
4405,1320,0000000c,00208463,0,00000000
4408,1321,00000010,fe000ce3,0,00000000
4412,1322,00000008,00108093,1,000001b9
4415,1323,0000000c,00208463,0,00000000
4418,1324,00000010,fe000ce3,0,00000000
4422,1325,00000008,00108093,1,000001ba
4425,1326,0000000c,00208463,0,00000000
4428,1327,00000010,fe000ce3,0,00000000
4432,1328,00000008,00108093,1,000001bb
4435,1329,0000000c,00208463,0,00000000
4438,1330,00000010,fe000ce3,0,00000000
4442,1331,00000008,00108093,1,000001bc
4445,1332,0000000c,00208463,0,00000000
4448,1333,00000010,fe000ce3,0,00000000
4452,1334,00000008,00108093,1,000001bd
4455,1335,0000000c,00208463,0,00000000
4458,1336,00000010,fe000ce3,0,00000000
4462,1337,00000008,00108093,1,000001be
4465,1338,0000000c,00208463,0,00000000
4468,1339,00000010,fe000ce3,0,00000000
4472,1340,00000008,00108093,1,000001bf
4475,1341,0000000c,00208463,0,00000000
4478,1342,00000010,fe000ce3,0,00000000
4482,1343,00000008,00108093,1,000001c0
4485,1344,0000000c,00208463,0,00000000
4488,1345,00000010,fe000ce3,0,00000000
4492,1346,00000008,00108093,1,000001c1
4495,1347,0000000c,00208463,0,00000000
4498,1348,00000010,fe000ce3,0,00000000
4502,1349,00000008,00108093,1,000001c2
4505,1350,0000000c,00208463,0,00000000
4508,1351,00000010,fe000ce3,0,00000000
4512,1352,00000008,00108093,1,000001c3
4515,1353,0000000c,00208463,0,00000000
4518,1354,00000010,fe000ce3,0,00000000
4522,1355,00000008,00108093,1,000001c4
4525,1356,0000000c,00208463,0,00000000
4528,1357,00000010,fe000ce3,0,00000000
4532,1358,00000008,00108093,1,000001c5
4535,1359,0000000c,00208463,0,00000000
4538,1360,00000010,fe000ce3,0,00000000
4542,1361,00000008,00108093,1,000001c6
4545,1362,0000000c,00208463,0,00000000
4548,1363,00000010,fe000ce3,0,00000000
4552,1364,00000008,00108093,1,000001c7
4555,1365,0000000c,00208463,0,00000000
4558,1366,00000010,fe000ce3,0,00000000
4562,1367,00000008,00108093,1,000001c8
4565,1368,0000000c,00208463,0,00000000
4568,1369,00000010,fe000ce3,0,00000000
4572,1370,00000008,00108093,1,000001c9
4575,1371,0000000c,00208463,0,00000000
4578,1372,00000010,fe000ce3,0,00000000
4582,1373,00000008,00108093,1,000001ca
4585,1374,0000000c,00208463,0,00000000
4588,1375,00000010,fe000ce3,0,00000000
4592,1376,00000008,00108093,1,000001cb
4595,1377,0000000c,00208463,0,00000000
4598,1378,00000010,fe000ce3,0,00000000
4602,1379,00000008,00108093,1,000001cc
4605,1380,0000000c,00208463,0,00000000
4608,1381,00000010,fe000ce3,0,00000000
4612,1382,00000008,00108093,1,000001cd
4615,1383,0000000c,00208463,0,00000000
4618,1384,00000010,fe000ce3,0,00000000
4622,1385,00000008,00108093,1,000001ce
4625,1386,0000000c,00208463,0,00000000
4628,1387,00000010,fe000ce3,0,00000000
4632,1388,00000008,00108093,1,000001cf
4635,1389,0000000c,00208463,0,00000000
4638,1390,00000010,fe000ce3,0,00000000
4642,1391,00000008,00108093,1,000001d0
4645,1392,0000000c,00208463,0,00000000
4648,1393,00000010,fe000ce3,0,00000000
4652,1394,00000008,00108093,1,000001d1
4655,1395,0000000c,00208463,0,00000000
4658,1396,00000010,fe000ce3,0,00000000
4662,1397,00000008,00108093,1,000001d2
4665,1398,0000000c,00208463,0,00000000
4668,1399,00000010,fe000ce3,0,00000000
4672,1400,00000008,00108093,1,000001d3
4675,1401,0000000c,00208463,0,00000000
4678,1402,00000010,fe000ce3,0,00000000
4682,1403,00000008,00108093,1,000001d4
4685,1404,0000000c,00208463,0,00000000
4688,1405,00000010,fe000ce3,0,00000000
4692,1406,00000008,00108093,1,000001d5
4695,1407,0000000c,00208463,0,00000000
4698,1408,00000010,fe000ce3,0,00000000
4702,1409,00000008,00108093,1,000001d6
4705,1410,0000000c,00208463,0,00000000
4708,1411,00000010,fe000ce3,0,00000000
4712,1412,00000008,00108093,1,000001d7
4715,1413,0000000c,00208463,0,00000000
4718,1414,00000010,fe000ce3,0,00000000
4722,1415,00000008,00108093,1,000001d8
4725,1416,0000000c,00208463,0,00000000
4728,1417,00000010,fe000ce3,0,00000000
4732,1418,00000008,00108093,1,000001d9
4735,1419,0000000c,00208463,0,00000000
4738,1420,00000010,fe000ce3,0,00000000
4742,1421,00000008,00108093,1,000001da
4745,1422,0000000c,00208463,0,00000000
4748,1423,00000010,fe000ce3,0,00000000
4752,1424,00000008,00108093,1,000001db
4755,1425,0000000c,00208463,0,00000000
4758,1426,00000010,fe000ce3,0,00000000
4762,1427,00000008,00108093,1,000001dc
4765,1428,0000000c,00208463,0,00000000
4768,1429,00000010,fe000ce3,0,00000000
4772,1430,00000008,00108093,1,000001dd
4775,1431,0000000c,00208463,0,00000000
4778,1432,00000010,fe000ce3,0,00000000
4782,1433,00000008,00108093,1,000001de
4785,1434,0000000c,00208463,0,00000000
4788,1435,00000010,fe000ce3,0,00000000
4792,1436,00000008,00108093,1,000001df
4795,1437,0000000c,00208463,0,00000000
4798,1438,00000010,fe000ce3,0,00000000
4802,1439,00000008,00108093,1,000001e0
4805,1440,0000000c,00208463,0,00000000
4808,1441,00000010,fe000ce3,0,00000000
4812,1442,00000008,00108093,1,000001e1
4815,1443,0000000c,00208463,0,00000000
4818,1444,00000010,fe000ce3,0,00000000
4822,1445,00000008,00108093,1,000001e2
4825,1446,0000000c,00208463,0,00000000
4828,1447,00000010,fe000ce3,0,00000000
4832,1448,00000008,00108093,1,000001e3
4835,1449,0000000c,00208463,0,00000000
4838,1450,00000010,fe000ce3,0,00000000
4842,1451,00000008,00108093,1,000001e4
4845,1452,0000000c,00208463,0,00000000
4848,1453,00000010,fe000ce3,0,00000000
4852,1454,00000008,00108093,1,000001e5
4855,1455,0000000c,00208463,0,00000000
4858,1456,00000010,fe000ce3,0,00000000
4862,1457,00000008,00108093,1,000001e6
4865,1458,0000000c,00208463,0,00000000
4868,1459,00000010,fe000ce3,0,00000000
4872,1460,00000008,00108093,1,000001e7
4875,1461,0000000c,00208463,0,00000000
4878,1462,00000010,fe000ce3,0,00000000
4882,1463,00000008,00108093,1,000001e8
4885,1464,0000000c,00208463,0,00000000
4888,1465,00000010,fe000ce3,0,00000000
4892,1466,00000008,00108093,1,000001e9
4895,1467,0000000c,00208463,0,00000000
4898,1468,00000010,fe000ce3,0,00000000
4902,1469,00000008,00108093,1,000001ea
4905,1470,0000000c,00208463,0,00000000
4908,1471,00000010,fe000ce3,0,00000000
4912,1472,00000008,00108093,1,000001eb
4915,1473,0000000c,00208463,0,00000000
4918,1474,00000010,fe000ce3,0,00000000
4922,1475,00000008,00108093,1,000001ec
4925,1476,0000000c,00208463,0,00000000
4928,1477,00000010,fe000ce3,0,00000000
4932,1478,00000008,00108093,1,000001ed
4935,1479,0000000c,00208463,0,00000000
4938,1480,00000010,fe000ce3,0,00000000
4942,1481,00000008,00108093,1,000001ee
4945,1482,0000000c,00208463,0,00000000
4948,1483,00000010,fe000ce3,0,00000000
4952,1484,00000008,00108093,1,000001ef
4955,1485,0000000c,00208463,0,00000000
4958,1486,00000010,fe000ce3,0,00000000
4962,1487,00000008,00108093,1,000001f0
4965,1488,0000000c,00208463,0,00000000
4968,1489,00000010,fe000ce3,0,00000000
4972,1490,00000008,00108093,1,000001f1
4975,1491,0000000c,00208463,0,00000000
4978,1492,00000010,fe000ce3,0,00000000
4982,1493,00000008,00108093,1,000001f2
4985,1494,0000000c,00208463,0,00000000
4988,1495,00000010,fe000ce3,0,00000000
4992,1496,00000008,00108093,1,000001f3
4995,1497,0000000c,00208463,0,00000000
4998,1498,00000010,fe000ce3,0,00000000
5002,1499,00000008,00108093,1,000001f4
5005,1500,0000000c,00208463,0,00000000
5008,1501,00000010,fe000ce3,0,00000000
5012,1502,00000008,00108093,1,000001f5
5015,1503,0000000c,00208463,0,00000000
5018,1504,00000010,fe000ce3,0,00000000
5022,1505,00000008,00108093,1,000001f6
5025,1506,0000000c,00208463,0,00000000
5028,1507,00000010,fe000ce3,0,00000000
5032,1508,00000008,00108093,1,000001f7
5035,1509,0000000c,00208463,0,00000000
5038,1510,00000010,fe000ce3,0,00000000
5042,1511,00000008,00108093,1,000001f8
5045,1512,0000000c,00208463,0,00000000
5048,1513,00000010,fe000ce3,0,00000000
5052,1514,00000008,00108093,1,000001f9
5055,1515,0000000c,00208463,0,00000000
5058,1516,00000010,fe000ce3,0,00000000
5062,1517,00000008,00108093,1,000001fa
5065,1518,0000000c,00208463,0,00000000
5068,1519,00000010,fe000ce3,0,00000000
5072,1520,00000008,00108093,1,000001fb
5075,1521,0000000c,00208463,0,00000000
5078,1522,00000010,fe000ce3,0,00000000
5082,1523,00000008,00108093,1,000001fc
5085,1524,0000000c,00208463,0,00000000
5088,1525,00000010,fe000ce3,0,00000000
5092,1526,00000008,00108093,1,000001fd
5095,1527,0000000c,00208463,0,00000000
5098,1528,00000010,fe000ce3,0,00000000
5102,1529,00000008,00108093,1,000001fe
5105,1530,0000000c,00208463,0,00000000
5108,1531,00000010,fe000ce3,0,00000000
5112,1532,00000008,00108093,1,000001ff
5115,1533,0000000c,00208463,0,00000000
5118,1534,00000010,fe000ce3,0,00000000
5122,1535,00000008,00108093,1,00000200
5125,1536,0000000c,00208463,0,00000000
5128,1537,00000010,fe000ce3,0,00000000
5132,1538,00000008,00108093,1,00000201
5135,1539,0000000c,00208463,0,00000000
5138,1540,00000010,fe000ce3,0,00000000
5142,1541,00000008,00108093,1,00000202
5145,1542,0000000c,00208463,0,00000000
5148,1543,00000010,fe000ce3,0,00000000
5152,1544,00000008,00108093,1,00000203
5155,1545,0000000c,00208463,0,00000000
5158,1546,00000010,fe000ce3,0,00000000
5162,1547,00000008,00108093,1,00000204
5165,1548,0000000c,00208463,0,00000000
5168,1549,00000010,fe000ce3,0,00000000
5172,1550,00000008,00108093,1,00000205
5175,1551,0000000c,00208463,0,00000000
5178,1552,00000010,fe000ce3,0,00000000
5182,1553,00000008,00108093,1,00000206
5185,1554,0000000c,00208463,0,00000000
5188,1555,00000010,fe000ce3,0,00000000
5192,1556,00000008,00108093,1,00000207
5195,1557,0000000c,00208463,0,00000000
5198,1558,00000010,fe000ce3,0,00000000
5202,1559,00000008,00108093,1,00000208
5205,1560,0000000c,00208463,0,00000000
5208,1561,00000010,fe000ce3,0,00000000
5212,1562,00000008,00108093,1,00000209
5215,1563,0000000c,00208463,0,00000000
5218,1564,00000010,fe000ce3,0,00000000
5222,1565,00000008,00108093,1,0000020a
5225,1566,0000000c,00208463,0,00000000
5228,1567,00000010,fe000ce3,0,00000000
5232,1568,00000008,00108093,1,0000020b
5235,1569,0000000c,00208463,0,00000000
5238,1570,00000010,fe000ce3,0,00000000
5242,1571,00000008,00108093,1,0000020c
5245,1572,0000000c,00208463,0,00000000
5248,1573,00000010,fe000ce3,0,00000000
5252,1574,00000008,00108093,1,0000020d
5255,1575,0000000c,00208463,0,00000000
5258,1576,00000010,fe000ce3,0,00000000
5262,1577,00000008,00108093,1,0000020e
5265,1578,0000000c,00208463,0,00000000
5268,1579,00000010,fe000ce3,0,00000000
5272,1580,00000008,00108093,1,0000020f
5275,1581,0000000c,00208463,0,00000000
5278,1582,00000010,fe000ce3,0,00000000
5282,1583,00000008,00108093,1,00000210
5285,1584,0000000c,00208463,0,00000000
5288,1585,00000010,fe000ce3,0,00000000
5292,1586,00000008,00108093,1,00000211
5295,1587,0000000c,00208463,0,00000000
5298,1588,00000010,fe000ce3,0,00000000
5302,1589,00000008,00108093,1,00000212
5305,1590,0000000c,00208463,0,00000000
5308,1591,00000010,fe000ce3,0,00000000
5312,1592,00000008,00108093,1,00000213
5315,1593,0000000c,00208463,0,00000000
5318,1594,00000010,fe000ce3,0,00000000
5322,1595,00000008,00108093,1,00000214
5325,1596,0000000c,00208463,0,00000000
5328,1597,00000010,fe000ce3,0,00000000
5332,1598,00000008,00108093,1,00000215
5335,1599,0000000c,00208463,0,00000000
5338,1600,00000010,fe000ce3,0,00000000
5342,1601,00000008,00108093,1,00000216
5345,1602,0000000c,00208463,0,00000000
5348,1603,00000010,fe000ce3,0,00000000
5352,1604,00000008,00108093,1,00000217
5355,1605,0000000c,00208463,0,00000000
5358,1606,00000010,fe000ce3,0,00000000
5362,1607,00000008,00108093,1,00000218
5365,1608,0000000c,00208463,0,00000000
5368,1609,00000010,fe000ce3,0,00000000
5372,1610,00000008,00108093,1,00000219
5375,1611,0000000c,00208463,0,00000000
5378,1612,00000010,fe000ce3,0,00000000
5382,1613,00000008,00108093,1,0000021a
5385,1614,0000000c,00208463,0,00000000
5388,1615,00000010,fe000ce3,0,00000000
5392,1616,00000008,00108093,1,0000021b
5395,1617,0000000c,00208463,0,00000000
5398,1618,00000010,fe000ce3,0,00000000
5402,1619,00000008,00108093,1,0000021c
5405,1620,0000000c,00208463,0,00000000
5408,1621,00000010,fe000ce3,0,00000000
5412,1622,00000008,00108093,1,0000021d
5415,1623,0000000c,00208463,0,00000000
5418,1624,00000010,fe000ce3,0,00000000
5422,1625,00000008,00108093,1,0000021e
5425,1626,0000000c,00208463,0,00000000
5428,1627,00000010,fe000ce3,0,00000000
5432,1628,00000008,00108093,1,0000021f
5435,1629,0000000c,00208463,0,00000000
5438,1630,00000010,fe000ce3,0,00000000
5442,1631,00000008,00108093,1,00000220
5445,1632,0000000c,00208463,0,00000000
5448,1633,00000010,fe000ce3,0,00000000
5452,1634,00000008,00108093,1,00000221
5455,1635,0000000c,00208463,0,00000000
5458,1636,00000010,fe000ce3,0,00000000
5462,1637,00000008,00108093,1,00000222
5465,1638,0000000c,00208463,0,00000000
5468,1639,00000010,fe000ce3,0,00000000
5472,1640,00000008,00108093,1,00000223
5475,1641,0000000c,00208463,0,00000000
5478,1642,00000010,fe000ce3,0,00000000
5482,1643,00000008,00108093,1,00000224
5485,1644,0000000c,00208463,0,00000000
5488,1645,00000010,fe000ce3,0,00000000
5492,1646,00000008,00108093,1,00000225
5495,1647,0000000c,00208463,0,00000000
5498,1648,00000010,fe000ce3,0,00000000
5502,1649,00000008,00108093,1,00000226
5505,1650,0000000c,00208463,0,00000000
5508,1651,00000010,fe000ce3,0,00000000
5512,1652,00000008,00108093,1,00000227
5515,1653,0000000c,00208463,0,00000000
5518,1654,00000010,fe000ce3,0,00000000
5522,1655,00000008,00108093,1,00000228
5525,1656,0000000c,00208463,0,00000000
5528,1657,00000010,fe000ce3,0,00000000
5532,1658,00000008,00108093,1,00000229
5535,1659,0000000c,00208463,0,00000000
5538,1660,00000010,fe000ce3,0,00000000
5542,1661,00000008,00108093,1,0000022a
5545,1662,0000000c,00208463,0,00000000
5548,1663,00000010,fe000ce3,0,00000000
5552,1664,00000008,00108093,1,0000022b
5555,1665,0000000c,00208463,0,00000000
5558,1666,00000010,fe000ce3,0,00000000
5562,1667,00000008,00108093,1,0000022c
5565,1668,0000000c,00208463,0,00000000
5568,1669,00000010,fe000ce3,0,00000000
5572,1670,00000008,00108093,1,0000022d
5575,1671,0000000c,00208463,0,00000000
5578,1672,00000010,fe000ce3,0,00000000
5582,1673,00000008,00108093,1,0000022e
5585,1674,0000000c,00208463,0,00000000
5588,1675,00000010,fe000ce3,0,00000000
5592,1676,00000008,00108093,1,0000022f
5595,1677,0000000c,00208463,0,00000000
5598,1678,00000010,fe000ce3,0,00000000
5602,1679,00000008,00108093,1,00000230
5605,1680,0000000c,00208463,0,00000000
5608,1681,00000010,fe000ce3,0,00000000
5612,1682,00000008,00108093,1,00000231
5615,1683,0000000c,00208463,0,00000000
5618,1684,00000010,fe000ce3,0,00000000
5622,1685,00000008,00108093,1,00000232
5625,1686,0000000c,00208463,0,00000000
5628,1687,00000010,fe000ce3,0,00000000
5632,1688,00000008,00108093,1,00000233
5635,1689,0000000c,00208463,0,00000000
5638,1690,00000010,fe000ce3,0,00000000
5642,1691,00000008,00108093,1,00000234
5645,1692,0000000c,00208463,0,00000000
5648,1693,00000010,fe000ce3,0,00000000
5652,1694,00000008,00108093,1,00000235
5655,1695,0000000c,00208463,0,00000000
5658,1696,00000010,fe000ce3,0,00000000
5662,1697,00000008,00108093,1,00000236
5665,1698,0000000c,00208463,0,00000000
5668,1699,00000010,fe000ce3,0,00000000
5672,1700,00000008,00108093,1,00000237
5675,1701,0000000c,00208463,0,00000000
5678,1702,00000010,fe000ce3,0,00000000
5682,1703,00000008,00108093,1,00000238
5685,1704,0000000c,00208463,0,00000000
5688,1705,00000010,fe000ce3,0,00000000
5692,1706,00000008,00108093,1,00000239
5695,1707,0000000c,00208463,0,00000000
5698,1708,00000010,fe000ce3,0,00000000
5702,1709,00000008,00108093,1,0000023a
5705,1710,0000000c,00208463,0,00000000
5708,1711,00000010,fe000ce3,0,00000000
5712,1712,00000008,00108093,1,0000023b
5715,1713,0000000c,00208463,0,00000000
5718,1714,00000010,fe000ce3,0,00000000
5722,1715,00000008,00108093,1,0000023c
5725,1716,0000000c,00208463,0,00000000
5728,1717,00000010,fe000ce3,0,00000000
5732,1718,00000008,00108093,1,0000023d
5735,1719,0000000c,00208463,0,00000000
5738,1720,00000010,fe000ce3,0,00000000
5742,1721,00000008,00108093,1,0000023e
5745,1722,0000000c,00208463,0,00000000
5748,1723,00000010,fe000ce3,0,00000000
5752,1724,00000008,00108093,1,0000023f
5755,1725,0000000c,00208463,0,00000000
5758,1726,00000010,fe000ce3,0,00000000
5762,1727,00000008,00108093,1,00000240
5765,1728,0000000c,00208463,0,00000000
5768,1729,00000010,fe000ce3,0,00000000
5772,1730,00000008,00108093,1,00000241
5775,1731,0000000c,00208463,0,00000000
5778,1732,00000010,fe000ce3,0,00000000
5782,1733,00000008,00108093,1,00000242
5785,1734,0000000c,00208463,0,00000000
5788,1735,00000010,fe000ce3,0,00000000
5792,1736,00000008,00108093,1,00000243
5795,1737,0000000c,00208463,0,00000000
5798,1738,00000010,fe000ce3,0,00000000
5802,1739,00000008,00108093,1,00000244
5805,1740,0000000c,00208463,0,00000000
5808,1741,00000010,fe000ce3,0,00000000
5812,1742,00000008,00108093,1,00000245
5815,1743,0000000c,00208463,0,00000000
5818,1744,00000010,fe000ce3,0,00000000
5822,1745,00000008,00108093,1,00000246
5825,1746,0000000c,00208463,0,00000000
5828,1747,00000010,fe000ce3,0,00000000
5832,1748,00000008,00108093,1,00000247
5835,1749,0000000c,00208463,0,00000000
5838,1750,00000010,fe000ce3,0,00000000
5842,1751,00000008,00108093,1,00000248
5845,1752,0000000c,00208463,0,00000000
5848,1753,00000010,fe000ce3,0,00000000
5852,1754,00000008,00108093,1,00000249
5855,1755,0000000c,00208463,0,00000000
5858,1756,00000010,fe000ce3,0,00000000
5862,1757,00000008,00108093,1,0000024a
5865,1758,0000000c,00208463,0,00000000
5868,1759,00000010,fe000ce3,0,00000000
5872,1760,00000008,00108093,1,0000024b
5875,1761,0000000c,00208463,0,00000000
5878,1762,00000010,fe000ce3,0,00000000
5882,1763,00000008,00108093,1,0000024c
5885,1764,0000000c,00208463,0,00000000
5888,1765,00000010,fe000ce3,0,00000000
5892,1766,00000008,00108093,1,0000024d
5895,1767,0000000c,00208463,0,00000000
5898,1768,00000010,fe000ce3,0,00000000
5902,1769,00000008,00108093,1,0000024e
5905,1770,0000000c,00208463,0,00000000
5908,1771,00000010,fe000ce3,0,00000000
5912,1772,00000008,00108093,1,0000024f
5915,1773,0000000c,00208463,0,00000000
5918,1774,00000010,fe000ce3,0,00000000
5922,1775,00000008,00108093,1,00000250
5925,1776,0000000c,00208463,0,00000000
5928,1777,00000010,fe000ce3,0,00000000
5932,1778,00000008,00108093,1,00000251
5935,1779,0000000c,00208463,0,00000000
5938,1780,00000010,fe000ce3,0,00000000
5942,1781,00000008,00108093,1,00000252
5945,1782,0000000c,00208463,0,00000000
5948,1783,00000010,fe000ce3,0,00000000
5952,1784,00000008,00108093,1,00000253
5955,1785,0000000c,00208463,0,00000000
5958,1786,00000010,fe000ce3,0,00000000
5962,1787,00000008,00108093,1,00000254
5965,1788,0000000c,00208463,0,00000000
5968,1789,00000010,fe000ce3,0,00000000
5972,1790,00000008,00108093,1,00000255
5975,1791,0000000c,00208463,0,00000000
5978,1792,00000010,fe000ce3,0,00000000
5982,1793,00000008,00108093,1,00000256
5985,1794,0000000c,00208463,0,00000000
5988,1795,00000010,fe000ce3,0,00000000
5992,1796,00000008,00108093,1,00000257
5995,1797,0000000c,00208463,0,00000000
5998,1798,00000010,fe000ce3,0,00000000
6002,1799,00000008,00108093,1,00000258
6005,1800,0000000c,00208463,0,00000000
6008,1801,00000010,fe000ce3,0,00000000
6012,1802,00000008,00108093,1,00000259
6015,1803,0000000c,00208463,0,00000000
6018,1804,00000010,fe000ce3,0,00000000
6022,1805,00000008,00108093,1,0000025a
6025,1806,0000000c,00208463,0,00000000
6028,1807,00000010,fe000ce3,0,00000000
6032,1808,00000008,00108093,1,0000025b
6035,1809,0000000c,00208463,0,00000000
6038,1810,00000010,fe000ce3,0,00000000
6042,1811,00000008,00108093,1,0000025c
6045,1812,0000000c,00208463,0,00000000
6048,1813,00000010,fe000ce3,0,00000000
6052,1814,00000008,00108093,1,0000025d
6055,1815,0000000c,00208463,0,00000000
6058,1816,00000010,fe000ce3,0,00000000
6062,1817,00000008,00108093,1,0000025e
6065,1818,0000000c,00208463,0,00000000
6068,1819,00000010,fe000ce3,0,00000000
6072,1820,00000008,00108093,1,0000025f
6075,1821,0000000c,00208463,0,00000000
6078,1822,00000010,fe000ce3,0,00000000
6082,1823,00000008,00108093,1,00000260
6085,1824,0000000c,00208463,0,00000000
6088,1825,00000010,fe000ce3,0,00000000
6092,1826,00000008,00108093,1,00000261
6095,1827,0000000c,00208463,0,00000000
6098,1828,00000010,fe000ce3,0,00000000
6102,1829,00000008,00108093,1,00000262
6105,1830,0000000c,00208463,0,00000000
6108,1831,00000010,fe000ce3,0,00000000
6112,1832,00000008,00108093,1,00000263
6115,1833,0000000c,00208463,0,00000000
6118,1834,00000010,fe000ce3,0,00000000
6122,1835,00000008,00108093,1,00000264
6125,1836,0000000c,00208463,0,00000000
6128,1837,00000010,fe000ce3,0,00000000
6132,1838,00000008,00108093,1,00000265
6135,1839,0000000c,00208463,0,00000000
6138,1840,00000010,fe000ce3,0,00000000
6142,1841,00000008,00108093,1,00000266
6145,1842,0000000c,00208463,0,00000000
6148,1843,00000010,fe000ce3,0,00000000
6152,1844,00000008,00108093,1,00000267
6155,1845,0000000c,00208463,0,00000000
6158,1846,00000010,fe000ce3,0,00000000
6162,1847,00000008,00108093,1,00000268
6165,1848,0000000c,00208463,0,00000000
6168,1849,00000010,fe000ce3,0,00000000
6172,1850,00000008,00108093,1,00000269
6175,1851,0000000c,00208463,0,00000000
6178,1852,00000010,fe000ce3,0,00000000
6182,1853,00000008,00108093,1,0000026a
6185,1854,0000000c,00208463,0,00000000
6188,1855,00000010,fe000ce3,0,00000000
6192,1856,00000008,00108093,1,0000026b
6195,1857,0000000c,00208463,0,00000000
6198,1858,00000010,fe000ce3,0,00000000
6202,1859,00000008,00108093,1,0000026c
6205,1860,0000000c,00208463,0,00000000
6208,1861,00000010,fe000ce3,0,00000000
6212,1862,00000008,00108093,1,0000026d
6215,1863,0000000c,00208463,0,00000000
6218,1864,00000010,fe000ce3,0,00000000
6222,1865,00000008,00108093,1,0000026e
6225,1866,0000000c,00208463,0,00000000
6228,1867,00000010,fe000ce3,0,00000000
6232,1868,00000008,00108093,1,0000026f
6235,1869,0000000c,00208463,0,00000000
6238,1870,00000010,fe000ce3,0,00000000
6242,1871,00000008,00108093,1,00000270
6245,1872,0000000c,00208463,0,00000000
6248,1873,00000010,fe000ce3,0,00000000
6252,1874,00000008,00108093,1,00000271
6255,1875,0000000c,00208463,0,00000000
6258,1876,00000010,fe000ce3,0,00000000
6262,1877,00000008,00108093,1,00000272
6265,1878,0000000c,00208463,0,00000000
6268,1879,00000010,fe000ce3,0,00000000
6272,1880,00000008,00108093,1,00000273
6275,1881,0000000c,00208463,0,00000000
6278,1882,00000010,fe000ce3,0,00000000
6282,1883,00000008,00108093,1,00000274
6285,1884,0000000c,00208463,0,00000000
6288,1885,00000010,fe000ce3,0,00000000
6292,1886,00000008,00108093,1,00000275
6295,1887,0000000c,00208463,0,00000000
6298,1888,00000010,fe000ce3,0,00000000
6302,1889,00000008,00108093,1,00000276
6305,1890,0000000c,00208463,0,00000000
6308,1891,00000010,fe000ce3,0,00000000
6312,1892,00000008,00108093,1,00000277
6315,1893,0000000c,00208463,0,00000000
6318,1894,00000010,fe000ce3,0,00000000
6322,1895,00000008,00108093,1,00000278
6325,1896,0000000c,00208463,0,00000000
6328,1897,00000010,fe000ce3,0,00000000
6332,1898,00000008,00108093,1,00000279
6335,1899,0000000c,00208463,0,00000000
6338,1900,00000010,fe000ce3,0,00000000
6342,1901,00000008,00108093,1,0000027a
6345,1902,0000000c,00208463,0,00000000
6348,1903,00000010,fe000ce3,0,00000000
6352,1904,00000008,00108093,1,0000027b
6355,1905,0000000c,00208463,0,00000000
6358,1906,00000010,fe000ce3,0,00000000
6362,1907,00000008,00108093,1,0000027c
6365,1908,0000000c,00208463,0,00000000
6368,1909,00000010,fe000ce3,0,00000000
6372,1910,00000008,00108093,1,0000027d
6375,1911,0000000c,00208463,0,00000000
6378,1912,00000010,fe000ce3,0,00000000
6382,1913,00000008,00108093,1,0000027e
6385,1914,0000000c,00208463,0,00000000
6388,1915,00000010,fe000ce3,0,00000000
6392,1916,00000008,00108093,1,0000027f
6395,1917,0000000c,00208463,0,00000000
6398,1918,00000010,fe000ce3,0,00000000
6402,1919,00000008,00108093,1,00000280
6405,1920,0000000c,00208463,0,00000000
6408,1921,00000010,fe000ce3,0,00000000
6412,1922,00000008,00108093,1,00000281
6415,1923,0000000c,00208463,0,00000000
6418,1924,00000010,fe000ce3,0,00000000
6422,1925,00000008,00108093,1,00000282
6425,1926,0000000c,00208463,0,00000000
6428,1927,00000010,fe000ce3,0,00000000
6432,1928,00000008,00108093,1,00000283
6435,1929,0000000c,00208463,0,00000000
6438,1930,00000010,fe000ce3,0,00000000
6442,1931,00000008,00108093,1,00000284
6445,1932,0000000c,00208463,0,00000000
6448,1933,00000010,fe000ce3,0,00000000
6452,1934,00000008,00108093,1,00000285
6455,1935,0000000c,00208463,0,00000000
6458,1936,00000010,fe000ce3,0,00000000
6462,1937,00000008,00108093,1,00000286
6465,1938,0000000c,00208463,0,00000000
6468,1939,00000010,fe000ce3,0,00000000
6472,1940,00000008,00108093,1,00000287
6475,1941,0000000c,00208463,0,00000000
6478,1942,00000010,fe000ce3,0,00000000
6482,1943,00000008,00108093,1,00000288
6485,1944,0000000c,00208463,0,00000000
6488,1945,00000010,fe000ce3,0,00000000
6492,1946,00000008,00108093,1,00000289
6495,1947,0000000c,00208463,0,00000000
6498,1948,00000010,fe000ce3,0,00000000
6502,1949,00000008,00108093,1,0000028a
6505,1950,0000000c,00208463,0,00000000
6508,1951,00000010,fe000ce3,0,00000000
6512,1952,00000008,00108093,1,0000028b
6515,1953,0000000c,00208463,0,00000000
6518,1954,00000010,fe000ce3,0,00000000
6522,1955,00000008,00108093,1,0000028c
6525,1956,0000000c,00208463,0,00000000
6528,1957,00000010,fe000ce3,0,00000000
6532,1958,00000008,00108093,1,0000028d
6535,1959,0000000c,00208463,0,00000000
6538,1960,00000010,fe000ce3,0,00000000
6542,1961,00000008,00108093,1,0000028e
6545,1962,0000000c,00208463,0,00000000
6548,1963,00000010,fe000ce3,0,00000000
6552,1964,00000008,00108093,1,0000028f
6555,1965,0000000c,00208463,0,00000000
6558,1966,00000010,fe000ce3,0,00000000
6562,1967,00000008,00108093,1,00000290
6565,1968,0000000c,00208463,0,00000000
6568,1969,00000010,fe000ce3,0,00000000
6572,1970,00000008,00108093,1,00000291
6575,1971,0000000c,00208463,0,00000000
6578,1972,00000010,fe000ce3,0,00000000
6582,1973,00000008,00108093,1,00000292
6585,1974,0000000c,00208463,0,00000000
6588,1975,00000010,fe000ce3,0,00000000
6592,1976,00000008,00108093,1,00000293
6595,1977,0000000c,00208463,0,00000000
6598,1978,00000010,fe000ce3,0,00000000
6602,1979,00000008,00108093,1,00000294
6605,1980,0000000c,00208463,0,00000000
6608,1981,00000010,fe000ce3,0,00000000
6612,1982,00000008,00108093,1,00000295
6615,1983,0000000c,00208463,0,00000000
6618,1984,00000010,fe000ce3,0,00000000
6622,1985,00000008,00108093,1,00000296
6625,1986,0000000c,00208463,0,00000000
6628,1987,00000010,fe000ce3,0,00000000
6632,1988,00000008,00108093,1,00000297
6635,1989,0000000c,00208463,0,00000000
6638,1990,00000010,fe000ce3,0,00000000
6642,1991,00000008,00108093,1,00000298
6645,1992,0000000c,00208463,0,00000000
6648,1993,00000010,fe000ce3,0,00000000
6652,1994,00000008,00108093,1,00000299
6655,1995,0000000c,00208463,0,00000000
6658,1996,00000010,fe000ce3,0,00000000
6662,1997,00000008,00108093,1,0000029a
6665,1998,0000000c,00208463,0,00000000
6668,1999,00000010,fe000ce3,0,00000000
6672,2000,00000008,00108093,1,0000029b
6675,2001,0000000c,00208463,0,00000000
6678,2002,00000010,fe000ce3,0,00000000
6682,2003,00000008,00108093,1,0000029c
6685,2004,0000000c,00208463,0,00000000
6688,2005,00000010,fe000ce3,0,00000000
6692,2006,00000008,00108093,1,0000029d
6695,2007,0000000c,00208463,0,00000000
6698,2008,00000010,fe000ce3,0,00000000
6702,2009,00000008,00108093,1,0000029e
6705,2010,0000000c,00208463,0,00000000
6708,2011,00000010,fe000ce3,0,00000000
6712,2012,00000008,00108093,1,0000029f
6715,2013,0000000c,00208463,0,00000000
6718,2014,00000010,fe000ce3,0,00000000
6722,2015,00000008,00108093,1,000002a0
6725,2016,0000000c,00208463,0,00000000
6728,2017,00000010,fe000ce3,0,00000000
6732,2018,00000008,00108093,1,000002a1
6735,2019,0000000c,00208463,0,00000000
6738,2020,00000010,fe000ce3,0,00000000
6742,2021,00000008,00108093,1,000002a2
6745,2022,0000000c,00208463,0,00000000
6748,2023,00000010,fe000ce3,0,00000000
6752,2024,00000008,00108093,1,000002a3
6755,2025,0000000c,00208463,0,00000000
6758,2026,00000010,fe000ce3,0,00000000
6762,2027,00000008,00108093,1,000002a4
6765,2028,0000000c,00208463,0,00000000
6768,2029,00000010,fe000ce3,0,00000000
6772,2030,00000008,00108093,1,000002a5
6775,2031,0000000c,00208463,0,00000000
6778,2032,00000010,fe000ce3,0,00000000
6782,2033,00000008,00108093,1,000002a6
6785,2034,0000000c,00208463,0,00000000
6788,2035,00000010,fe000ce3,0,00000000
6792,2036,00000008,00108093,1,000002a7
6795,2037,0000000c,00208463,0,00000000
6798,2038,00000010,fe000ce3,0,00000000
6802,2039,00000008,00108093,1,000002a8
6805,2040,0000000c,00208463,0,00000000
6808,2041,00000010,fe000ce3,0,00000000
6812,2042,00000008,00108093,1,000002a9
6815,2043,0000000c,00208463,0,00000000
6818,2044,00000010,fe000ce3,0,00000000
6822,2045,00000008,00108093,1,000002aa
6825,2046,0000000c,00208463,0,00000000
6828,2047,00000010,fe000ce3,0,00000000
6832,2048,00000008,00108093,1,000002ab
6835,2049,0000000c,00208463,0,00000000
6838,2050,00000010,fe000ce3,0,00000000
6842,2051,00000008,00108093,1,000002ac
6845,2052,0000000c,00208463,0,00000000
6848,2053,00000010,fe000ce3,0,00000000
6852,2054,00000008,00108093,1,000002ad
6855,2055,0000000c,00208463,0,00000000
6858,2056,00000010,fe000ce3,0,00000000
6862,2057,00000008,00108093,1,000002ae
6865,2058,0000000c,00208463,0,00000000
6868,2059,00000010,fe000ce3,0,00000000
6872,2060,00000008,00108093,1,000002af
6875,2061,0000000c,00208463,0,00000000
6878,2062,00000010,fe000ce3,0,00000000
6882,2063,00000008,00108093,1,000002b0
6885,2064,0000000c,00208463,0,00000000
6888,2065,00000010,fe000ce3,0,00000000
6892,2066,00000008,00108093,1,000002b1
6895,2067,0000000c,00208463,0,00000000
6898,2068,00000010,fe000ce3,0,00000000
6902,2069,00000008,00108093,1,000002b2
6905,2070,0000000c,00208463,0,00000000
6908,2071,00000010,fe000ce3,0,00000000
6912,2072,00000008,00108093,1,000002b3
6915,2073,0000000c,00208463,0,00000000
6918,2074,00000010,fe000ce3,0,00000000
6922,2075,00000008,00108093,1,000002b4
6925,2076,0000000c,00208463,0,00000000
6928,2077,00000010,fe000ce3,0,00000000
6932,2078,00000008,00108093,1,000002b5
6935,2079,0000000c,00208463,0,00000000
6938,2080,00000010,fe000ce3,0,00000000
6942,2081,00000008,00108093,1,000002b6
6945,2082,0000000c,00208463,0,00000000
6948,2083,00000010,fe000ce3,0,00000000
6952,2084,00000008,00108093,1,000002b7
6955,2085,0000000c,00208463,0,00000000
6958,2086,00000010,fe000ce3,0,00000000
6962,2087,00000008,00108093,1,000002b8
6965,2088,0000000c,00208463,0,00000000
6968,2089,00000010,fe000ce3,0,00000000
6972,2090,00000008,00108093,1,000002b9
6975,2091,0000000c,00208463,0,00000000
6978,2092,00000010,fe000ce3,0,00000000
6982,2093,00000008,00108093,1,000002ba
6985,2094,0000000c,00208463,0,00000000
6988,2095,00000010,fe000ce3,0,00000000
6992,2096,00000008,00108093,1,000002bb
6995,2097,0000000c,00208463,0,00000000
6998,2098,00000010,fe000ce3,0,00000000
7002,2099,00000008,00108093,1,000002bc
7005,2100,0000000c,00208463,0,00000000
7008,2101,00000010,fe000ce3,0,00000000
7012,2102,00000008,00108093,1,000002bd
7015,2103,0000000c,00208463,0,00000000
7018,2104,00000010,fe000ce3,0,00000000
7022,2105,00000008,00108093,1,000002be
7025,2106,0000000c,00208463,0,00000000
7028,2107,00000010,fe000ce3,0,00000000
7032,2108,00000008,00108093,1,000002bf
7035,2109,0000000c,00208463,0,00000000
7038,2110,00000010,fe000ce3,0,00000000
7042,2111,00000008,00108093,1,000002c0
7045,2112,0000000c,00208463,0,00000000
7048,2113,00000010,fe000ce3,0,00000000
7052,2114,00000008,00108093,1,000002c1
7055,2115,0000000c,00208463,0,00000000
7058,2116,00000010,fe000ce3,0,00000000
7062,2117,00000008,00108093,1,000002c2
7065,2118,0000000c,00208463,0,00000000
7068,2119,00000010,fe000ce3,0,00000000
7072,2120,00000008,00108093,1,000002c3
7075,2121,0000000c,00208463,0,00000000
7078,2122,00000010,fe000ce3,0,00000000
7082,2123,00000008,00108093,1,000002c4
7085,2124,0000000c,00208463,0,00000000
7088,2125,00000010,fe000ce3,0,00000000
7092,2126,00000008,00108093,1,000002c5
7095,2127,0000000c,00208463,0,00000000
7098,2128,00000010,fe000ce3,0,00000000
7102,2129,00000008,00108093,1,000002c6
7105,2130,0000000c,00208463,0,00000000
7108,2131,00000010,fe000ce3,0,00000000
7112,2132,00000008,00108093,1,000002c7
7115,2133,0000000c,00208463,0,00000000
7118,2134,00000010,fe000ce3,0,00000000
7122,2135,00000008,00108093,1,000002c8
7125,2136,0000000c,00208463,0,00000000
7128,2137,00000010,fe000ce3,0,00000000
7132,2138,00000008,00108093,1,000002c9
7135,2139,0000000c,00208463,0,00000000
7138,2140,00000010,fe000ce3,0,00000000
7142,2141,00000008,00108093,1,000002ca
7145,2142,0000000c,00208463,0,00000000
7148,2143,00000010,fe000ce3,0,00000000
7152,2144,00000008,00108093,1,000002cb
7155,2145,0000000c,00208463,0,00000000
7158,2146,00000010,fe000ce3,0,00000000
7162,2147,00000008,00108093,1,000002cc
7165,2148,0000000c,00208463,0,00000000
7168,2149,00000010,fe000ce3,0,00000000
7172,2150,00000008,00108093,1,000002cd
7175,2151,0000000c,00208463,0,00000000
7178,2152,00000010,fe000ce3,0,00000000
7182,2153,00000008,00108093,1,000002ce
7185,2154,0000000c,00208463,0,00000000
7188,2155,00000010,fe000ce3,0,00000000
7192,2156,00000008,00108093,1,000002cf
7195,2157,0000000c,00208463,0,00000000
7198,2158,00000010,fe000ce3,0,00000000
7202,2159,00000008,00108093,1,000002d0
7205,2160,0000000c,00208463,0,00000000
7208,2161,00000010,fe000ce3,0,00000000
7212,2162,00000008,00108093,1,000002d1
7215,2163,0000000c,00208463,0,00000000
7218,2164,00000010,fe000ce3,0,00000000
7222,2165,00000008,00108093,1,000002d2
7225,2166,0000000c,00208463,0,00000000
7228,2167,00000010,fe000ce3,0,00000000
7232,2168,00000008,00108093,1,000002d3
7235,2169,0000000c,00208463,0,00000000
7238,2170,00000010,fe000ce3,0,00000000
7242,2171,00000008,00108093,1,000002d4
7245,2172,0000000c,00208463,0,00000000
7248,2173,00000010,fe000ce3,0,00000000
7252,2174,00000008,00108093,1,000002d5
7255,2175,0000000c,00208463,0,00000000
7258,2176,00000010,fe000ce3,0,00000000
7262,2177,00000008,00108093,1,000002d6
7265,2178,0000000c,00208463,0,00000000
7268,2179,00000010,fe000ce3,0,00000000
7272,2180,00000008,00108093,1,000002d7
7275,2181,0000000c,00208463,0,00000000
7278,2182,00000010,fe000ce3,0,00000000
7282,2183,00000008,00108093,1,000002d8
7285,2184,0000000c,00208463,0,00000000
7288,2185,00000010,fe000ce3,0,00000000
7292,2186,00000008,00108093,1,000002d9
7295,2187,0000000c,00208463,0,00000000
7298,2188,00000010,fe000ce3,0,00000000
7302,2189,00000008,00108093,1,000002da
7305,2190,0000000c,00208463,0,00000000
7308,2191,00000010,fe000ce3,0,00000000
7312,2192,00000008,00108093,1,000002db
7315,2193,0000000c,00208463,0,00000000
7318,2194,00000010,fe000ce3,0,00000000
7322,2195,00000008,00108093,1,000002dc
7325,2196,0000000c,00208463,0,00000000
7328,2197,00000010,fe000ce3,0,00000000
7332,2198,00000008,00108093,1,000002dd
7335,2199,0000000c,00208463,0,00000000
7338,2200,00000010,fe000ce3,0,00000000
7342,2201,00000008,00108093,1,000002de
7345,2202,0000000c,00208463,0,00000000
7348,2203,00000010,fe000ce3,0,00000000
7352,2204,00000008,00108093,1,000002df
7355,2205,0000000c,00208463,0,00000000
7358,2206,00000010,fe000ce3,0,00000000
7362,2207,00000008,00108093,1,000002e0
7365,2208,0000000c,00208463,0,00000000
7368,2209,00000010,fe000ce3,0,00000000
7372,2210,00000008,00108093,1,000002e1
7375,2211,0000000c,00208463,0,00000000
7378,2212,00000010,fe000ce3,0,00000000
7382,2213,00000008,00108093,1,000002e2
7385,2214,0000000c,00208463,0,00000000
7388,2215,00000010,fe000ce3,0,00000000
7392,2216,00000008,00108093,1,000002e3
7395,2217,0000000c,00208463,0,00000000
7398,2218,00000010,fe000ce3,0,00000000
7402,2219,00000008,00108093,1,000002e4
7405,2220,0000000c,00208463,0,00000000
7408,2221,00000010,fe000ce3,0,00000000
7412,2222,00000008,00108093,1,000002e5
7415,2223,0000000c,00208463,0,00000000
7418,2224,00000010,fe000ce3,0,00000000
7422,2225,00000008,00108093,1,000002e6
7425,2226,0000000c,00208463,0,00000000
7428,2227,00000010,fe000ce3,0,00000000
7432,2228,00000008,00108093,1,000002e7
7435,2229,0000000c,00208463,0,00000000
7438,2230,00000010,fe000ce3,0,00000000
7442,2231,00000008,00108093,1,000002e8
7445,2232,0000000c,00208463,0,00000000
7448,2233,00000010,fe000ce3,0,00000000
7452,2234,00000008,00108093,1,000002e9
7455,2235,0000000c,00208463,0,00000000
7458,2236,00000010,fe000ce3,0,00000000
7462,2237,00000008,00108093,1,000002ea
7465,2238,0000000c,00208463,0,00000000
7468,2239,00000010,fe000ce3,0,00000000
7472,2240,00000008,00108093,1,000002eb
7475,2241,0000000c,00208463,0,00000000
7478,2242,00000010,fe000ce3,0,00000000
7482,2243,00000008,00108093,1,000002ec
7485,2244,0000000c,00208463,0,00000000
7488,2245,00000010,fe000ce3,0,00000000
7492,2246,00000008,00108093,1,000002ed
7495,2247,0000000c,00208463,0,00000000
7498,2248,00000010,fe000ce3,0,00000000
7502,2249,00000008,00108093,1,000002ee
7505,2250,0000000c,00208463,0,00000000
7508,2251,00000010,fe000ce3,0,00000000
7512,2252,00000008,00108093,1,000002ef
7515,2253,0000000c,00208463,0,00000000
7518,2254,00000010,fe000ce3,0,00000000
7522,2255,00000008,00108093,1,000002f0
7525,2256,0000000c,00208463,0,00000000
7528,2257,00000010,fe000ce3,0,00000000
7532,2258,00000008,00108093,1,000002f1
7535,2259,0000000c,00208463,0,00000000
7538,2260,00000010,fe000ce3,0,00000000
7542,2261,00000008,00108093,1,000002f2
7545,2262,0000000c,00208463,0,00000000
7548,2263,00000010,fe000ce3,0,00000000
7552,2264,00000008,00108093,1,000002f3
7555,2265,0000000c,00208463,0,00000000
7558,2266,00000010,fe000ce3,0,00000000
7562,2267,00000008,00108093,1,000002f4
7565,2268,0000000c,00208463,0,00000000
7568,2269,00000010,fe000ce3,0,00000000
7572,2270,00000008,00108093,1,000002f5
7575,2271,0000000c,00208463,0,00000000
7578,2272,00000010,fe000ce3,0,00000000
7582,2273,00000008,00108093,1,000002f6
7585,2274,0000000c,00208463,0,00000000
7588,2275,00000010,fe000ce3,0,00000000
7592,2276,00000008,00108093,1,000002f7
7595,2277,0000000c,00208463,0,00000000
7598,2278,00000010,fe000ce3,0,00000000
7602,2279,00000008,00108093,1,000002f8
7605,2280,0000000c,00208463,0,00000000
7608,2281,00000010,fe000ce3,0,00000000
7612,2282,00000008,00108093,1,000002f9
7615,2283,0000000c,00208463,0,00000000
7618,2284,00000010,fe000ce3,0,00000000
7622,2285,00000008,00108093,1,000002fa
7625,2286,0000000c,00208463,0,00000000
7628,2287,00000010,fe000ce3,0,00000000
7632,2288,00000008,00108093,1,000002fb
7635,2289,0000000c,00208463,0,00000000
7638,2290,00000010,fe000ce3,0,00000000
7642,2291,00000008,00108093,1,000002fc
7645,2292,0000000c,00208463,0,00000000
7648,2293,00000010,fe000ce3,0,00000000
7652,2294,00000008,00108093,1,000002fd
7655,2295,0000000c,00208463,0,00000000
7658,2296,00000010,fe000ce3,0,00000000
7662,2297,00000008,00108093,1,000002fe
7665,2298,0000000c,00208463,0,00000000
7668,2299,00000010,fe000ce3,0,00000000
7672,2300,00000008,00108093,1,000002ff
7675,2301,0000000c,00208463,0,00000000
7678,2302,00000010,fe000ce3,0,00000000
7682,2303,00000008,00108093,1,00000300
7685,2304,0000000c,00208463,0,00000000
7688,2305,00000010,fe000ce3,0,00000000
7692,2306,00000008,00108093,1,00000301
7695,2307,0000000c,00208463,0,00000000
7698,2308,00000010,fe000ce3,0,00000000
7702,2309,00000008,00108093,1,00000302
7705,2310,0000000c,00208463,0,00000000
7708,2311,00000010,fe000ce3,0,00000000
7712,2312,00000008,00108093,1,00000303
7715,2313,0000000c,00208463,0,00000000
7718,2314,00000010,fe000ce3,0,00000000
7722,2315,00000008,00108093,1,00000304
7725,2316,0000000c,00208463,0,00000000
7728,2317,00000010,fe000ce3,0,00000000
7732,2318,00000008,00108093,1,00000305
7735,2319,0000000c,00208463,0,00000000
7738,2320,00000010,fe000ce3,0,00000000
7742,2321,00000008,00108093,1,00000306
7745,2322,0000000c,00208463,0,00000000
7748,2323,00000010,fe000ce3,0,00000000
7752,2324,00000008,00108093,1,00000307
7755,2325,0000000c,00208463,0,00000000
7758,2326,00000010,fe000ce3,0,00000000
7762,2327,00000008,00108093,1,00000308
7765,2328,0000000c,00208463,0,00000000
7768,2329,00000010,fe000ce3,0,00000000
7772,2330,00000008,00108093,1,00000309
7775,2331,0000000c,00208463,0,00000000
7778,2332,00000010,fe000ce3,0,00000000
7782,2333,00000008,00108093,1,0000030a
7785,2334,0000000c,00208463,0,00000000
7788,2335,00000010,fe000ce3,0,00000000
7792,2336,00000008,00108093,1,0000030b
7795,2337,0000000c,00208463,0,00000000
7798,2338,00000010,fe000ce3,0,00000000
7802,2339,00000008,00108093,1,0000030c
7805,2340,0000000c,00208463,0,00000000
7808,2341,00000010,fe000ce3,0,00000000
7812,2342,00000008,00108093,1,0000030d
7815,2343,0000000c,00208463,0,00000000
7818,2344,00000010,fe000ce3,0,00000000
7822,2345,00000008,00108093,1,0000030e
7825,2346,0000000c,00208463,0,00000000
7828,2347,00000010,fe000ce3,0,00000000
7832,2348,00000008,00108093,1,0000030f
7835,2349,0000000c,00208463,0,00000000
7838,2350,00000010,fe000ce3,0,00000000
7842,2351,00000008,00108093,1,00000310
7845,2352,0000000c,00208463,0,00000000
7848,2353,00000010,fe000ce3,0,00000000
7852,2354,00000008,00108093,1,00000311
7855,2355,0000000c,00208463,0,00000000
7858,2356,00000010,fe000ce3,0,00000000
7862,2357,00000008,00108093,1,00000312
7865,2358,0000000c,00208463,0,00000000
7868,2359,00000010,fe000ce3,0,00000000
7872,2360,00000008,00108093,1,00000313
7875,2361,0000000c,00208463,0,00000000
7878,2362,00000010,fe000ce3,0,00000000
7882,2363,00000008,00108093,1,00000314
7885,2364,0000000c,00208463,0,00000000
7888,2365,00000010,fe000ce3,0,00000000
7892,2366,00000008,00108093,1,00000315
7895,2367,0000000c,00208463,0,00000000
7898,2368,00000010,fe000ce3,0,00000000
7902,2369,00000008,00108093,1,00000316
7905,2370,0000000c,00208463,0,00000000
7908,2371,00000010,fe000ce3,0,00000000
7912,2372,00000008,00108093,1,00000317
7915,2373,0000000c,00208463,0,00000000
7918,2374,00000010,fe000ce3,0,00000000
7922,2375,00000008,00108093,1,00000318
7925,2376,0000000c,00208463,0,00000000
7928,2377,00000010,fe000ce3,0,00000000
7932,2378,00000008,00108093,1,00000319
7935,2379,0000000c,00208463,0,00000000
7938,2380,00000010,fe000ce3,0,00000000
7942,2381,00000008,00108093,1,0000031a
7945,2382,0000000c,00208463,0,00000000
7948,2383,00000010,fe000ce3,0,00000000
7952,2384,00000008,00108093,1,0000031b
7955,2385,0000000c,00208463,0,00000000
7958,2386,00000010,fe000ce3,0,00000000
7962,2387,00000008,00108093,1,0000031c
7965,2388,0000000c,00208463,0,00000000
7968,2389,00000010,fe000ce3,0,00000000
7972,2390,00000008,00108093,1,0000031d
7975,2391,0000000c,00208463,0,00000000
7978,2392,00000010,fe000ce3,0,00000000
7982,2393,00000008,00108093,1,0000031e
7985,2394,0000000c,00208463,0,00000000
7988,2395,00000010,fe000ce3,0,00000000
7992,2396,00000008,00108093,1,0000031f
7995,2397,0000000c,00208463,0,00000000
7998,2398,00000010,fe000ce3,0,00000000
8002,2399,00000008,00108093,1,00000320
8005,2400,0000000c,00208463,0,00000000
8008,2401,00000010,fe000ce3,0,00000000
8012,2402,00000008,00108093,1,00000321
8015,2403,0000000c,00208463,0,00000000
8018,2404,00000010,fe000ce3,0,00000000
8022,2405,00000008,00108093,1,00000322
8025,2406,0000000c,00208463,0,00000000
8028,2407,00000010,fe000ce3,0,00000000
8032,2408,00000008,00108093,1,00000323
8035,2409,0000000c,00208463,0,00000000
8038,2410,00000010,fe000ce3,0,00000000
8042,2411,00000008,00108093,1,00000324
8045,2412,0000000c,00208463,0,00000000
8048,2413,00000010,fe000ce3,0,00000000
8052,2414,00000008,00108093,1,00000325
8055,2415,0000000c,00208463,0,00000000
8058,2416,00000010,fe000ce3,0,00000000
8062,2417,00000008,00108093,1,00000326
8065,2418,0000000c,00208463,0,00000000
8068,2419,00000010,fe000ce3,0,00000000
8072,2420,00000008,00108093,1,00000327
8075,2421,0000000c,00208463,0,00000000
8078,2422,00000010,fe000ce3,0,00000000
8082,2423,00000008,00108093,1,00000328
8085,2424,0000000c,00208463,0,00000000
8088,2425,00000010,fe000ce3,0,00000000
8092,2426,00000008,00108093,1,00000329
8095,2427,0000000c,00208463,0,00000000
8098,2428,00000010,fe000ce3,0,00000000
8102,2429,00000008,00108093,1,0000032a
8105,2430,0000000c,00208463,0,00000000
8108,2431,00000010,fe000ce3,0,00000000
8112,2432,00000008,00108093,1,0000032b
8115,2433,0000000c,00208463,0,00000000
8118,2434,00000010,fe000ce3,0,00000000
8122,2435,00000008,00108093,1,0000032c
8125,2436,0000000c,00208463,0,00000000
8128,2437,00000010,fe000ce3,0,00000000
8132,2438,00000008,00108093,1,0000032d
8135,2439,0000000c,00208463,0,00000000
8138,2440,00000010,fe000ce3,0,00000000
8142,2441,00000008,00108093,1,0000032e
8145,2442,0000000c,00208463,0,00000000
8148,2443,00000010,fe000ce3,0,00000000
8152,2444,00000008,00108093,1,0000032f
8155,2445,0000000c,00208463,0,00000000
8158,2446,00000010,fe000ce3,0,00000000
8162,2447,00000008,00108093,1,00000330
8165,2448,0000000c,00208463,0,00000000
8168,2449,00000010,fe000ce3,0,00000000
8172,2450,00000008,00108093,1,00000331
8175,2451,0000000c,00208463,0,00000000
8178,2452,00000010,fe000ce3,0,00000000
8182,2453,00000008,00108093,1,00000332
8185,2454,0000000c,00208463,0,00000000
8188,2455,00000010,fe000ce3,0,00000000
8192,2456,00000008,00108093,1,00000333
8195,2457,0000000c,00208463,0,00000000
8198,2458,00000010,fe000ce3,0,00000000
8202,2459,00000008,00108093,1,00000334
8205,2460,0000000c,00208463,0,00000000
8208,2461,00000010,fe000ce3,0,00000000
8212,2462,00000008,00108093,1,00000335
8215,2463,0000000c,00208463,0,00000000
8218,2464,00000010,fe000ce3,0,00000000
8222,2465,00000008,00108093,1,00000336
8225,2466,0000000c,00208463,0,00000000
8228,2467,00000010,fe000ce3,0,00000000
8232,2468,00000008,00108093,1,00000337
8235,2469,0000000c,00208463,0,00000000
8238,2470,00000010,fe000ce3,0,00000000
8242,2471,00000008,00108093,1,00000338
8245,2472,0000000c,00208463,0,00000000
8248,2473,00000010,fe000ce3,0,00000000
8252,2474,00000008,00108093,1,00000339
8255,2475,0000000c,00208463,0,00000000
8258,2476,00000010,fe000ce3,0,00000000
8262,2477,00000008,00108093,1,0000033a
8265,2478,0000000c,00208463,0,00000000
8268,2479,00000010,fe000ce3,0,00000000
8272,2480,00000008,00108093,1,0000033b
8275,2481,0000000c,00208463,0,00000000
8278,2482,00000010,fe000ce3,0,00000000
8282,2483,00000008,00108093,1,0000033c
8285,2484,0000000c,00208463,0,00000000
8288,2485,00000010,fe000ce3,0,00000000
8292,2486,00000008,00108093,1,0000033d
8295,2487,0000000c,00208463,0,00000000
8298,2488,00000010,fe000ce3,0,00000000
8302,2489,00000008,00108093,1,0000033e
8305,2490,0000000c,00208463,0,00000000
8308,2491,00000010,fe000ce3,0,00000000
8312,2492,00000008,00108093,1,0000033f
8315,2493,0000000c,00208463,0,00000000
8318,2494,00000010,fe000ce3,0,00000000
8322,2495,00000008,00108093,1,00000340
8325,2496,0000000c,00208463,0,00000000
8328,2497,00000010,fe000ce3,0,00000000
8332,2498,00000008,00108093,1,00000341
8335,2499,0000000c,00208463,0,00000000
8338,2500,00000010,fe000ce3,0,00000000
8342,2501,00000008,00108093,1,00000342
8345,2502,0000000c,00208463,0,00000000
8348,2503,00000010,fe000ce3,0,00000000
8352,2504,00000008,00108093,1,00000343
8355,2505,0000000c,00208463,0,00000000
8358,2506,00000010,fe000ce3,0,00000000
8362,2507,00000008,00108093,1,00000344
8365,2508,0000000c,00208463,0,00000000
8368,2509,00000010,fe000ce3,0,00000000
8372,2510,00000008,00108093,1,00000345
8375,2511,0000000c,00208463,0,00000000
8378,2512,00000010,fe000ce3,0,00000000
8382,2513,00000008,00108093,1,00000346
8385,2514,0000000c,00208463,0,00000000
8388,2515,00000010,fe000ce3,0,00000000
8392,2516,00000008,00108093,1,00000347
8395,2517,0000000c,00208463,0,00000000
8398,2518,00000010,fe000ce3,0,00000000
8402,2519,00000008,00108093,1,00000348
8405,2520,0000000c,00208463,0,00000000
8408,2521,00000010,fe000ce3,0,00000000
8412,2522,00000008,00108093,1,00000349
8415,2523,0000000c,00208463,0,00000000
8418,2524,00000010,fe000ce3,0,00000000
8422,2525,00000008,00108093,1,0000034a
8425,2526,0000000c,00208463,0,00000000
8428,2527,00000010,fe000ce3,0,00000000
8432,2528,00000008,00108093,1,0000034b
8435,2529,0000000c,00208463,0,00000000
8438,2530,00000010,fe000ce3,0,00000000
8442,2531,00000008,00108093,1,0000034c
8445,2532,0000000c,00208463,0,00000000
8448,2533,00000010,fe000ce3,0,00000000
8452,2534,00000008,00108093,1,0000034d
8455,2535,0000000c,00208463,0,00000000
8458,2536,00000010,fe000ce3,0,00000000
8462,2537,00000008,00108093,1,0000034e
8465,2538,0000000c,00208463,0,00000000
8468,2539,00000010,fe000ce3,0,00000000
8472,2540,00000008,00108093,1,0000034f
8475,2541,0000000c,00208463,0,00000000
8478,2542,00000010,fe000ce3,0,00000000
8482,2543,00000008,00108093,1,00000350
8485,2544,0000000c,00208463,0,00000000
8488,2545,00000010,fe000ce3,0,00000000
8492,2546,00000008,00108093,1,00000351
8495,2547,0000000c,00208463,0,00000000
8498,2548,00000010,fe000ce3,0,00000000
8502,2549,00000008,00108093,1,00000352
8505,2550,0000000c,00208463,0,00000000
8508,2551,00000010,fe000ce3,0,00000000
8512,2552,00000008,00108093,1,00000353
8515,2553,0000000c,00208463,0,00000000
8518,2554,00000010,fe000ce3,0,00000000
8522,2555,00000008,00108093,1,00000354
8525,2556,0000000c,00208463,0,00000000
8528,2557,00000010,fe000ce3,0,00000000
8532,2558,00000008,00108093,1,00000355
8535,2559,0000000c,00208463,0,00000000
8538,2560,00000010,fe000ce3,0,00000000
8542,2561,00000008,00108093,1,00000356
8545,2562,0000000c,00208463,0,00000000
8548,2563,00000010,fe000ce3,0,00000000
8552,2564,00000008,00108093,1,00000357
8555,2565,0000000c,00208463,0,00000000
8558,2566,00000010,fe000ce3,0,00000000
8562,2567,00000008,00108093,1,00000358
8565,2568,0000000c,00208463,0,00000000
8568,2569,00000010,fe000ce3,0,00000000
8572,2570,00000008,00108093,1,00000359
8575,2571,0000000c,00208463,0,00000000
8578,2572,00000010,fe000ce3,0,00000000
8582,2573,00000008,00108093,1,0000035a
8585,2574,0000000c,00208463,0,00000000
8588,2575,00000010,fe000ce3,0,00000000
8592,2576,00000008,00108093,1,0000035b
8595,2577,0000000c,00208463,0,00000000
8598,2578,00000010,fe000ce3,0,00000000
8602,2579,00000008,00108093,1,0000035c
8605,2580,0000000c,00208463,0,00000000
8608,2581,00000010,fe000ce3,0,00000000
8612,2582,00000008,00108093,1,0000035d
8615,2583,0000000c,00208463,0,00000000
8618,2584,00000010,fe000ce3,0,00000000
8622,2585,00000008,00108093,1,0000035e
8625,2586,0000000c,00208463,0,00000000
8628,2587,00000010,fe000ce3,0,00000000
8632,2588,00000008,00108093,1,0000035f
8635,2589,0000000c,00208463,0,00000000
8638,2590,00000010,fe000ce3,0,00000000
8642,2591,00000008,00108093,1,00000360
8645,2592,0000000c,00208463,0,00000000
8648,2593,00000010,fe000ce3,0,00000000
8652,2594,00000008,00108093,1,00000361
8655,2595,0000000c,00208463,0,00000000
8658,2596,00000010,fe000ce3,0,00000000
8662,2597,00000008,00108093,1,00000362
8665,2598,0000000c,00208463,0,00000000
8668,2599,00000010,fe000ce3,0,00000000
8672,2600,00000008,00108093,1,00000363
8675,2601,0000000c,00208463,0,00000000
8678,2602,00000010,fe000ce3,0,00000000
8682,2603,00000008,00108093,1,00000364
8685,2604,0000000c,00208463,0,00000000
8688,2605,00000010,fe000ce3,0,00000000
8692,2606,00000008,00108093,1,00000365
8695,2607,0000000c,00208463,0,00000000
8698,2608,00000010,fe000ce3,0,00000000
8702,2609,00000008,00108093,1,00000366
8705,2610,0000000c,00208463,0,00000000
8708,2611,00000010,fe000ce3,0,00000000
8712,2612,00000008,00108093,1,00000367
8715,2613,0000000c,00208463,0,00000000
8718,2614,00000010,fe000ce3,0,00000000
8722,2615,00000008,00108093,1,00000368
8725,2616,0000000c,00208463,0,00000000
8728,2617,00000010,fe000ce3,0,00000000
8732,2618,00000008,00108093,1,00000369
8735,2619,0000000c,00208463,0,00000000
8738,2620,00000010,fe000ce3,0,00000000
8742,2621,00000008,00108093,1,0000036a
8745,2622,0000000c,00208463,0,00000000
8748,2623,00000010,fe000ce3,0,00000000
8752,2624,00000008,00108093,1,0000036b
8755,2625,0000000c,00208463,0,00000000
8758,2626,00000010,fe000ce3,0,00000000
8762,2627,00000008,00108093,1,0000036c
8765,2628,0000000c,00208463,0,00000000
8768,2629,00000010,fe000ce3,0,00000000
8772,2630,00000008,00108093,1,0000036d
8775,2631,0000000c,00208463,0,00000000
8778,2632,00000010,fe000ce3,0,00000000
8782,2633,00000008,00108093,1,0000036e
8785,2634,0000000c,00208463,0,00000000
8788,2635,00000010,fe000ce3,0,00000000
8792,2636,00000008,00108093,1,0000036f
8795,2637,0000000c,00208463,0,00000000
8798,2638,00000010,fe000ce3,0,00000000
8802,2639,00000008,00108093,1,00000370
8805,2640,0000000c,00208463,0,00000000
8808,2641,00000010,fe000ce3,0,00000000
8812,2642,00000008,00108093,1,00000371
8815,2643,0000000c,00208463,0,00000000
8818,2644,00000010,fe000ce3,0,00000000
8822,2645,00000008,00108093,1,00000372
8825,2646,0000000c,00208463,0,00000000
8828,2647,00000010,fe000ce3,0,00000000
8832,2648,00000008,00108093,1,00000373
8835,2649,0000000c,00208463,0,00000000
8838,2650,00000010,fe000ce3,0,00000000
8842,2651,00000008,00108093,1,00000374
8845,2652,0000000c,00208463,0,00000000
8848,2653,00000010,fe000ce3,0,00000000
8852,2654,00000008,00108093,1,00000375
8855,2655,0000000c,00208463,0,00000000
8858,2656,00000010,fe000ce3,0,00000000
8862,2657,00000008,00108093,1,00000376
8865,2658,0000000c,00208463,0,00000000
8868,2659,00000010,fe000ce3,0,00000000
8872,2660,00000008,00108093,1,00000377
8875,2661,0000000c,00208463,0,00000000
8878,2662,00000010,fe000ce3,0,00000000
8882,2663,00000008,00108093,1,00000378
8885,2664,0000000c,00208463,0,00000000
8888,2665,00000010,fe000ce3,0,00000000
8892,2666,00000008,00108093,1,00000379
8895,2667,0000000c,00208463,0,00000000
8898,2668,00000010,fe000ce3,0,00000000
8902,2669,00000008,00108093,1,0000037a
8905,2670,0000000c,00208463,0,00000000
8908,2671,00000010,fe000ce3,0,00000000
8912,2672,00000008,00108093,1,0000037b
8915,2673,0000000c,00208463,0,00000000
8918,2674,00000010,fe000ce3,0,00000000
8922,2675,00000008,00108093,1,0000037c
8925,2676,0000000c,00208463,0,00000000
8928,2677,00000010,fe000ce3,0,00000000
8932,2678,00000008,00108093,1,0000037d
8935,2679,0000000c,00208463,0,00000000
8938,2680,00000010,fe000ce3,0,00000000
8942,2681,00000008,00108093,1,0000037e
8945,2682,0000000c,00208463,0,00000000
8948,2683,00000010,fe000ce3,0,00000000
8952,2684,00000008,00108093,1,0000037f
8955,2685,0000000c,00208463,0,00000000
8958,2686,00000010,fe000ce3,0,00000000
8962,2687,00000008,00108093,1,00000380
8965,2688,0000000c,00208463,0,00000000
8968,2689,00000010,fe000ce3,0,00000000
8972,2690,00000008,00108093,1,00000381
8975,2691,0000000c,00208463,0,00000000
8978,2692,00000010,fe000ce3,0,00000000
8982,2693,00000008,00108093,1,00000382
8985,2694,0000000c,00208463,0,00000000
8988,2695,00000010,fe000ce3,0,00000000
8992,2696,00000008,00108093,1,00000383
8995,2697,0000000c,00208463,0,00000000
8998,2698,00000010,fe000ce3,0,00000000
9002,2699,00000008,00108093,1,00000384
9005,2700,0000000c,00208463,0,00000000
9008,2701,00000010,fe000ce3,0,00000000
9012,2702,00000008,00108093,1,00000385
9015,2703,0000000c,00208463,0,00000000
9018,2704,00000010,fe000ce3,0,00000000
9022,2705,00000008,00108093,1,00000386
9025,2706,0000000c,00208463,0,00000000
9028,2707,00000010,fe000ce3,0,00000000
9032,2708,00000008,00108093,1,00000387
9035,2709,0000000c,00208463,0,00000000
9038,2710,00000010,fe000ce3,0,00000000
9042,2711,00000008,00108093,1,00000388
9045,2712,0000000c,00208463,0,00000000
9048,2713,00000010,fe000ce3,0,00000000
9052,2714,00000008,00108093,1,00000389
9055,2715,0000000c,00208463,0,00000000
9058,2716,00000010,fe000ce3,0,00000000
9062,2717,00000008,00108093,1,0000038a
9065,2718,0000000c,00208463,0,00000000
9068,2719,00000010,fe000ce3,0,00000000
9072,2720,00000008,00108093,1,0000038b
9075,2721,0000000c,00208463,0,00000000
9078,2722,00000010,fe000ce3,0,00000000
9082,2723,00000008,00108093,1,0000038c
9085,2724,0000000c,00208463,0,00000000
9088,2725,00000010,fe000ce3,0,00000000
9092,2726,00000008,00108093,1,0000038d
9095,2727,0000000c,00208463,0,00000000
9098,2728,00000010,fe000ce3,0,00000000
9102,2729,00000008,00108093,1,0000038e
9105,2730,0000000c,00208463,0,00000000
9108,2731,00000010,fe000ce3,0,00000000
9112,2732,00000008,00108093,1,0000038f
9115,2733,0000000c,00208463,0,00000000
9118,2734,00000010,fe000ce3,0,00000000
9122,2735,00000008,00108093,1,00000390
9125,2736,0000000c,00208463,0,00000000
9128,2737,00000010,fe000ce3,0,00000000
9132,2738,00000008,00108093,1,00000391
9135,2739,0000000c,00208463,0,00000000
9138,2740,00000010,fe000ce3,0,00000000
9142,2741,00000008,00108093,1,00000392
9145,2742,0000000c,00208463,0,00000000
9148,2743,00000010,fe000ce3,0,00000000
9152,2744,00000008,00108093,1,00000393
9155,2745,0000000c,00208463,0,00000000
9158,2746,00000010,fe000ce3,0,00000000
9162,2747,00000008,00108093,1,00000394
9165,2748,0000000c,00208463,0,00000000
9168,2749,00000010,fe000ce3,0,00000000
9172,2750,00000008,00108093,1,00000395
9175,2751,0000000c,00208463,0,00000000
9178,2752,00000010,fe000ce3,0,00000000
9182,2753,00000008,00108093,1,00000396
9185,2754,0000000c,00208463,0,00000000
9188,2755,00000010,fe000ce3,0,00000000
9192,2756,00000008,00108093,1,00000397
9195,2757,0000000c,00208463,0,00000000
9198,2758,00000010,fe000ce3,0,00000000
9202,2759,00000008,00108093,1,00000398
9205,2760,0000000c,00208463,0,00000000
9208,2761,00000010,fe000ce3,0,00000000
9212,2762,00000008,00108093,1,00000399
9215,2763,0000000c,00208463,0,00000000
9218,2764,00000010,fe000ce3,0,00000000
9222,2765,00000008,00108093,1,0000039a
9225,2766,0000000c,00208463,0,00000000
9228,2767,00000010,fe000ce3,0,00000000
9232,2768,00000008,00108093,1,0000039b
9235,2769,0000000c,00208463,0,00000000
9238,2770,00000010,fe000ce3,0,00000000
9242,2771,00000008,00108093,1,0000039c
9245,2772,0000000c,00208463,0,00000000
9248,2773,00000010,fe000ce3,0,00000000
9252,2774,00000008,00108093,1,0000039d
9255,2775,0000000c,00208463,0,00000000
9258,2776,00000010,fe000ce3,0,00000000
9262,2777,00000008,00108093,1,0000039e
9265,2778,0000000c,00208463,0,00000000
9268,2779,00000010,fe000ce3,0,00000000
9272,2780,00000008,00108093,1,0000039f
9275,2781,0000000c,00208463,0,00000000
9278,2782,00000010,fe000ce3,0,00000000
9282,2783,00000008,00108093,1,000003a0
9285,2784,0000000c,00208463,0,00000000
9288,2785,00000010,fe000ce3,0,00000000
9292,2786,00000008,00108093,1,000003a1
9295,2787,0000000c,00208463,0,00000000
9298,2788,00000010,fe000ce3,0,00000000
9302,2789,00000008,00108093,1,000003a2
9305,2790,0000000c,00208463,0,00000000
9308,2791,00000010,fe000ce3,0,00000000
9312,2792,00000008,00108093,1,000003a3
9315,2793,0000000c,00208463,0,00000000
9318,2794,00000010,fe000ce3,0,00000000
9322,2795,00000008,00108093,1,000003a4
9325,2796,0000000c,00208463,0,00000000
9328,2797,00000010,fe000ce3,0,00000000
9332,2798,00000008,00108093,1,000003a5
9335,2799,0000000c,00208463,0,00000000
9338,2800,00000010,fe000ce3,0,00000000
9342,2801,00000008,00108093,1,000003a6
9345,2802,0000000c,00208463,0,00000000
9348,2803,00000010,fe000ce3,0,00000000
9352,2804,00000008,00108093,1,000003a7
9355,2805,0000000c,00208463,0,00000000
9358,2806,00000010,fe000ce3,0,00000000
9362,2807,00000008,00108093,1,000003a8
9365,2808,0000000c,00208463,0,00000000
9368,2809,00000010,fe000ce3,0,00000000
9372,2810,00000008,00108093,1,000003a9
9375,2811,0000000c,00208463,0,00000000
9378,2812,00000010,fe000ce3,0,00000000
9382,2813,00000008,00108093,1,000003aa
9385,2814,0000000c,00208463,0,00000000
9388,2815,00000010,fe000ce3,0,00000000
9392,2816,00000008,00108093,1,000003ab
9395,2817,0000000c,00208463,0,00000000
9398,2818,00000010,fe000ce3,0,00000000
9402,2819,00000008,00108093,1,000003ac
9405,2820,0000000c,00208463,0,00000000
9408,2821,00000010,fe000ce3,0,00000000
9412,2822,00000008,00108093,1,000003ad
9415,2823,0000000c,00208463,0,00000000
9418,2824,00000010,fe000ce3,0,00000000
9422,2825,00000008,00108093,1,000003ae
9425,2826,0000000c,00208463,0,00000000
9428,2827,00000010,fe000ce3,0,00000000
9432,2828,00000008,00108093,1,000003af
9435,2829,0000000c,00208463,0,00000000
9438,2830,00000010,fe000ce3,0,00000000
9442,2831,00000008,00108093,1,000003b0
9445,2832,0000000c,00208463,0,00000000
9448,2833,00000010,fe000ce3,0,00000000
9452,2834,00000008,00108093,1,000003b1
9455,2835,0000000c,00208463,0,00000000
9458,2836,00000010,fe000ce3,0,00000000
9462,2837,00000008,00108093,1,000003b2
9465,2838,0000000c,00208463,0,00000000
9468,2839,00000010,fe000ce3,0,00000000
9472,2840,00000008,00108093,1,000003b3
9475,2841,0000000c,00208463,0,00000000
9478,2842,00000010,fe000ce3,0,00000000
9482,2843,00000008,00108093,1,000003b4
9485,2844,0000000c,00208463,0,00000000
9488,2845,00000010,fe000ce3,0,00000000
9492,2846,00000008,00108093,1,000003b5
9495,2847,0000000c,00208463,0,00000000
9498,2848,00000010,fe000ce3,0,00000000
9502,2849,00000008,00108093,1,000003b6
9505,2850,0000000c,00208463,0,00000000
9508,2851,00000010,fe000ce3,0,00000000
9512,2852,00000008,00108093,1,000003b7
9515,2853,0000000c,00208463,0,00000000
9518,2854,00000010,fe000ce3,0,00000000
9522,2855,00000008,00108093,1,000003b8
9525,2856,0000000c,00208463,0,00000000
9528,2857,00000010,fe000ce3,0,00000000
9532,2858,00000008,00108093,1,000003b9
9535,2859,0000000c,00208463,0,00000000
9538,2860,00000010,fe000ce3,0,00000000
9542,2861,00000008,00108093,1,000003ba
9545,2862,0000000c,00208463,0,00000000
9548,2863,00000010,fe000ce3,0,00000000
9552,2864,00000008,00108093,1,000003bb
9555,2865,0000000c,00208463,0,00000000
9558,2866,00000010,fe000ce3,0,00000000
9562,2867,00000008,00108093,1,000003bc
9565,2868,0000000c,00208463,0,00000000
9568,2869,00000010,fe000ce3,0,00000000
9572,2870,00000008,00108093,1,000003bd
9575,2871,0000000c,00208463,0,00000000
9578,2872,00000010,fe000ce3,0,00000000
9582,2873,00000008,00108093,1,000003be
9585,2874,0000000c,00208463,0,00000000
9588,2875,00000010,fe000ce3,0,00000000
9592,2876,00000008,00108093,1,000003bf
9595,2877,0000000c,00208463,0,00000000
9598,2878,00000010,fe000ce3,0,00000000
9602,2879,00000008,00108093,1,000003c0
9605,2880,0000000c,00208463,0,00000000
9608,2881,00000010,fe000ce3,0,00000000
9612,2882,00000008,00108093,1,000003c1
9615,2883,0000000c,00208463,0,00000000
9618,2884,00000010,fe000ce3,0,00000000
9622,2885,00000008,00108093,1,000003c2
9625,2886,0000000c,00208463,0,00000000
9628,2887,00000010,fe000ce3,0,00000000
9632,2888,00000008,00108093,1,000003c3
9635,2889,0000000c,00208463,0,00000000
9638,2890,00000010,fe000ce3,0,00000000
9642,2891,00000008,00108093,1,000003c4
9645,2892,0000000c,00208463,0,00000000
9648,2893,00000010,fe000ce3,0,00000000
9652,2894,00000008,00108093,1,000003c5
9655,2895,0000000c,00208463,0,00000000
9658,2896,00000010,fe000ce3,0,00000000
9662,2897,00000008,00108093,1,000003c6
9665,2898,0000000c,00208463,0,00000000
9668,2899,00000010,fe000ce3,0,00000000
9672,2900,00000008,00108093,1,000003c7
9675,2901,0000000c,00208463,0,00000000
9678,2902,00000010,fe000ce3,0,00000000
9682,2903,00000008,00108093,1,000003c8
9685,2904,0000000c,00208463,0,00000000
9688,2905,00000010,fe000ce3,0,00000000
9692,2906,00000008,00108093,1,000003c9
9695,2907,0000000c,00208463,0,00000000
9698,2908,00000010,fe000ce3,0,00000000
9702,2909,00000008,00108093,1,000003ca
9705,2910,0000000c,00208463,0,00000000
9708,2911,00000010,fe000ce3,0,00000000
9712,2912,00000008,00108093,1,000003cb
9715,2913,0000000c,00208463,0,00000000
9718,2914,00000010,fe000ce3,0,00000000
9722,2915,00000008,00108093,1,000003cc
9725,2916,0000000c,00208463,0,00000000
9728,2917,00000010,fe000ce3,0,00000000
9732,2918,00000008,00108093,1,000003cd
9735,2919,0000000c,00208463,0,00000000
9738,2920,00000010,fe000ce3,0,00000000
9742,2921,00000008,00108093,1,000003ce
9745,2922,0000000c,00208463,0,00000000
9748,2923,00000010,fe000ce3,0,00000000
9752,2924,00000008,00108093,1,000003cf
9755,2925,0000000c,00208463,0,00000000
9758,2926,00000010,fe000ce3,0,00000000
9762,2927,00000008,00108093,1,000003d0
9765,2928,0000000c,00208463,0,00000000
9768,2929,00000010,fe000ce3,0,00000000
9772,2930,00000008,00108093,1,000003d1
9775,2931,0000000c,00208463,0,00000000
9778,2932,00000010,fe000ce3,0,00000000
9782,2933,00000008,00108093,1,000003d2
9785,2934,0000000c,00208463,0,00000000
9788,2935,00000010,fe000ce3,0,00000000
9792,2936,00000008,00108093,1,000003d3
9795,2937,0000000c,00208463,0,00000000
9798,2938,00000010,fe000ce3,0,00000000
9802,2939,00000008,00108093,1,000003d4
9805,2940,0000000c,00208463,0,00000000
9808,2941,00000010,fe000ce3,0,00000000
9812,2942,00000008,00108093,1,000003d5
9815,2943,0000000c,00208463,0,00000000
9818,2944,00000010,fe000ce3,0,00000000
9822,2945,00000008,00108093,1,000003d6
9825,2946,0000000c,00208463,0,00000000
9828,2947,00000010,fe000ce3,0,00000000
9832,2948,00000008,00108093,1,000003d7
9835,2949,0000000c,00208463,0,00000000
9838,2950,00000010,fe000ce3,0,00000000
9842,2951,00000008,00108093,1,000003d8
9845,2952,0000000c,00208463,0,00000000
9848,2953,00000010,fe000ce3,0,00000000
9852,2954,00000008,00108093,1,000003d9
9855,2955,0000000c,00208463,0,00000000
9858,2956,00000010,fe000ce3,0,00000000
9862,2957,00000008,00108093,1,000003da
9865,2958,0000000c,00208463,0,00000000
9868,2959,00000010,fe000ce3,0,00000000
9872,2960,00000008,00108093,1,000003db
9875,2961,0000000c,00208463,0,00000000
9878,2962,00000010,fe000ce3,0,00000000
9882,2963,00000008,00108093,1,000003dc
9885,2964,0000000c,00208463,0,00000000
9888,2965,00000010,fe000ce3,0,00000000
9892,2966,00000008,00108093,1,000003dd
9895,2967,0000000c,00208463,0,00000000
9898,2968,00000010,fe000ce3,0,00000000
9902,2969,00000008,00108093,1,000003de
9905,2970,0000000c,00208463,0,00000000
9908,2971,00000010,fe000ce3,0,00000000
9912,2972,00000008,00108093,1,000003df
9915,2973,0000000c,00208463,0,00000000
9918,2974,00000010,fe000ce3,0,00000000
9922,2975,00000008,00108093,1,000003e0
9925,2976,0000000c,00208463,0,00000000
9928,2977,00000010,fe000ce3,0,00000000
9932,2978,00000008,00108093,1,000003e1
9935,2979,0000000c,00208463,0,00000000
9938,2980,00000010,fe000ce3,0,00000000
9942,2981,00000008,00108093,1,000003e2
9945,2982,0000000c,00208463,0,00000000
9948,2983,00000010,fe000ce3,0,00000000
9952,2984,00000008,00108093,1,000003e3
9955,2985,0000000c,00208463,0,00000000
9958,2986,00000010,fe000ce3,0,00000000
9962,2987,00000008,00108093,1,000003e4
9965,2988,0000000c,00208463,0,00000000
9968,2989,00000010,fe000ce3,0,00000000
9972,2990,00000008,00108093,1,000003e5
9975,2991,0000000c,00208463,0,00000000
9978,2992,00000010,fe000ce3,0,00000000
9982,2993,00000008,00108093,1,000003e6
9985,2994,0000000c,00208463,0,00000000
9988,2995,00000010,fe000ce3,0,00000000
9992,2996,00000008,00108093,1,000003e7
9995,2997,0000000c,00208463,0,00000000
9998,2998,00000010,fe000ce3,0,00000000
10002,2999,00000008,00108093,1,000003e8
10005,3000,0000000c,00208463,0,00000000
10008,3001,00000010,fe000ce3,0,00000000
10012,3002,00000008,00108093,1,000003e9
10015,3003,0000000c,00208463,0,00000000
10018,3004,00000010,fe000ce3,0,00000000
10022,3005,00000008,00108093,1,000003ea
10025,3006,0000000c,00208463,0,00000000
10028,3007,00000010,fe000ce3,0,00000000
10032,3008,00000008,00108093,1,000003eb
10035,3009,0000000c,00208463,0,00000000
10038,3010,00000010,fe000ce3,0,00000000
10042,3011,00000008,00108093,1,000003ec
10045,3012,0000000c,00208463,0,00000000
10048,3013,00000010,fe000ce3,0,00000000
10052,3014,00000008,00108093,1,000003ed
10055,3015,0000000c,00208463,0,00000000
10058,3016,00000010,fe000ce3,0,00000000
10062,3017,00000008,00108093,1,000003ee
10065,3018,0000000c,00208463,0,00000000
10068,3019,00000010,fe000ce3,0,00000000
10072,3020,00000008,00108093,1,000003ef
10075,3021,0000000c,00208463,0,00000000
10078,3022,00000010,fe000ce3,0,00000000
10082,3023,00000008,00108093,1,000003f0
10085,3024,0000000c,00208463,0,00000000
10088,3025,00000010,fe000ce3,0,00000000
10092,3026,00000008,00108093,1,000003f1
10095,3027,0000000c,00208463,0,00000000
10098,3028,00000010,fe000ce3,0,00000000
10102,3029,00000008,00108093,1,000003f2
10105,3030,0000000c,00208463,0,00000000
10108,3031,00000010,fe000ce3,0,00000000
10112,3032,00000008,00108093,1,000003f3
10115,3033,0000000c,00208463,0,00000000
10118,3034,00000010,fe000ce3,0,00000000
10122,3035,00000008,00108093,1,000003f4
10125,3036,0000000c,00208463,0,00000000
10128,3037,00000010,fe000ce3,0,00000000
10132,3038,00000008,00108093,1,000003f5
10135,3039,0000000c,00208463,0,00000000
10138,3040,00000010,fe000ce3,0,00000000
10142,3041,00000008,00108093,1,000003f6
10145,3042,0000000c,00208463,0,00000000
10148,3043,00000010,fe000ce3,0,00000000
10152,3044,00000008,00108093,1,000003f7
10155,3045,0000000c,00208463,0,00000000
10158,3046,00000010,fe000ce3,0,00000000
10162,3047,00000008,00108093,1,000003f8
10165,3048,0000000c,00208463,0,00000000
10168,3049,00000010,fe000ce3,0,00000000
10172,3050,00000008,00108093,1,000003f9
10175,3051,0000000c,00208463,0,00000000
10178,3052,00000010,fe000ce3,0,00000000
10182,3053,00000008,00108093,1,000003fa
10185,3054,0000000c,00208463,0,00000000
10188,3055,00000010,fe000ce3,0,00000000
10192,3056,00000008,00108093,1,000003fb
10195,3057,0000000c,00208463,0,00000000
10198,3058,00000010,fe000ce3,0,00000000
10202,3059,00000008,00108093,1,000003fc
10205,3060,0000000c,00208463,0,00000000
10208,3061,00000010,fe000ce3,0,00000000
10212,3062,00000008,00108093,1,000003fd
10215,3063,0000000c,00208463,0,00000000
10218,3064,00000010,fe000ce3,0,00000000
10222,3065,00000008,00108093,1,000003fe
10225,3066,0000000c,00208463,0,00000000
10228,3067,00000010,fe000ce3,0,00000000
10232,3068,00000008,00108093,1,000003ff
10235,3069,0000000c,00208463,0,00000000
10238,3070,00000010,fe000ce3,0,00000000
10242,3071,00000008,00108093,1,00000400
10245,3072,0000000c,00208463,0,00000000
10248,3073,00000010,fe000ce3,0,00000000
10252,3074,00000008,00108093,1,00000401
10255,3075,0000000c,00208463,0,00000000
10258,3076,00000010,fe000ce3,0,00000000
10262,3077,00000008,00108093,1,00000402
10265,3078,0000000c,00208463,0,00000000
10268,3079,00000010,fe000ce3,0,00000000
10272,3080,00000008,00108093,1,00000403
10275,3081,0000000c,00208463,0,00000000
10278,3082,00000010,fe000ce3,0,00000000
10282,3083,00000008,00108093,1,00000404
10285,3084,0000000c,00208463,0,00000000
10288,3085,00000010,fe000ce3,0,00000000
10292,3086,00000008,00108093,1,00000405
10295,3087,0000000c,00208463,0,00000000
10298,3088,00000010,fe000ce3,0,00000000
10302,3089,00000008,00108093,1,00000406
10305,3090,0000000c,00208463,0,00000000
10308,3091,00000010,fe000ce3,0,00000000
10312,3092,00000008,00108093,1,00000407
10315,3093,0000000c,00208463,0,00000000
10318,3094,00000010,fe000ce3,0,00000000
10322,3095,00000008,00108093,1,00000408
10325,3096,0000000c,00208463,0,00000000
10328,3097,00000010,fe000ce3,0,00000000
10332,3098,00000008,00108093,1,00000409
10335,3099,0000000c,00208463,0,00000000
10338,3100,00000010,fe000ce3,0,00000000
10342,3101,00000008,00108093,1,0000040a
10345,3102,0000000c,00208463,0,00000000
10348,3103,00000010,fe000ce3,0,00000000
10352,3104,00000008,00108093,1,0000040b
10355,3105,0000000c,00208463,0,00000000
10358,3106,00000010,fe000ce3,0,00000000
10362,3107,00000008,00108093,1,0000040c
10365,3108,0000000c,00208463,0,00000000
10368,3109,00000010,fe000ce3,0,00000000
10372,3110,00000008,00108093,1,0000040d
10375,3111,0000000c,00208463,0,00000000
10378,3112,00000010,fe000ce3,0,00000000
10382,3113,00000008,00108093,1,0000040e
10385,3114,0000000c,00208463,0,00000000
10388,3115,00000010,fe000ce3,0,00000000
10392,3116,00000008,00108093,1,0000040f
10395,3117,0000000c,00208463,0,00000000
10398,3118,00000010,fe000ce3,0,00000000
10402,3119,00000008,00108093,1,00000410
10405,3120,0000000c,00208463,0,00000000
10408,3121,00000010,fe000ce3,0,00000000
10412,3122,00000008,00108093,1,00000411
10415,3123,0000000c,00208463,0,00000000
10418,3124,00000010,fe000ce3,0,00000000
10422,3125,00000008,00108093,1,00000412
10425,3126,0000000c,00208463,0,00000000
10428,3127,00000010,fe000ce3,0,00000000
10432,3128,00000008,00108093,1,00000413
10435,3129,0000000c,00208463,0,00000000
10438,3130,00000010,fe000ce3,0,00000000
10442,3131,00000008,00108093,1,00000414
10445,3132,0000000c,00208463,0,00000000
10448,3133,00000010,fe000ce3,0,00000000
10452,3134,00000008,00108093,1,00000415
10455,3135,0000000c,00208463,0,00000000
10458,3136,00000010,fe000ce3,0,00000000
10462,3137,00000008,00108093,1,00000416
10465,3138,0000000c,00208463,0,00000000
10468,3139,00000010,fe000ce3,0,00000000
10472,3140,00000008,00108093,1,00000417
10475,3141,0000000c,00208463,0,00000000
10478,3142,00000010,fe000ce3,0,00000000
10482,3143,00000008,00108093,1,00000418
10485,3144,0000000c,00208463,0,00000000
10488,3145,00000010,fe000ce3,0,00000000
10492,3146,00000008,00108093,1,00000419
10495,3147,0000000c,00208463,0,00000000
10498,3148,00000010,fe000ce3,0,00000000
10502,3149,00000008,00108093,1,0000041a
10505,3150,0000000c,00208463,0,00000000
10508,3151,00000010,fe000ce3,0,00000000
10512,3152,00000008,00108093,1,0000041b
10515,3153,0000000c,00208463,0,00000000
10518,3154,00000010,fe000ce3,0,00000000
10522,3155,00000008,00108093,1,0000041c
10525,3156,0000000c,00208463,0,00000000
10528,3157,00000010,fe000ce3,0,00000000
10532,3158,00000008,00108093,1,0000041d
10535,3159,0000000c,00208463,0,00000000
10538,3160,00000010,fe000ce3,0,00000000
10542,3161,00000008,00108093,1,0000041e
10545,3162,0000000c,00208463,0,00000000
10548,3163,00000010,fe000ce3,0,00000000
10552,3164,00000008,00108093,1,0000041f
10555,3165,0000000c,00208463,0,00000000
10558,3166,00000010,fe000ce3,0,00000000
10562,3167,00000008,00108093,1,00000420
10565,3168,0000000c,00208463,0,00000000
10568,3169,00000010,fe000ce3,0,00000000
10572,3170,00000008,00108093,1,00000421
10575,3171,0000000c,00208463,0,00000000
10578,3172,00000010,fe000ce3,0,00000000
10582,3173,00000008,00108093,1,00000422
10585,3174,0000000c,00208463,0,00000000
10588,3175,00000010,fe000ce3,0,00000000
10592,3176,00000008,00108093,1,00000423
10595,3177,0000000c,00208463,0,00000000
10598,3178,00000010,fe000ce3,0,00000000
10602,3179,00000008,00108093,1,00000424
10605,3180,0000000c,00208463,0,00000000
10608,3181,00000010,fe000ce3,0,00000000
10612,3182,00000008,00108093,1,00000425
10615,3183,0000000c,00208463,0,00000000
10618,3184,00000010,fe000ce3,0,00000000
10622,3185,00000008,00108093,1,00000426
10625,3186,0000000c,00208463,0,00000000
10628,3187,00000010,fe000ce3,0,00000000
10632,3188,00000008,00108093,1,00000427
10635,3189,0000000c,00208463,0,00000000
10638,3190,00000010,fe000ce3,0,00000000
10642,3191,00000008,00108093,1,00000428
10645,3192,0000000c,00208463,0,00000000
10648,3193,00000010,fe000ce3,0,00000000
10652,3194,00000008,00108093,1,00000429
10655,3195,0000000c,00208463,0,00000000
10658,3196,00000010,fe000ce3,0,00000000
10662,3197,00000008,00108093,1,0000042a
10665,3198,0000000c,00208463,0,00000000
10668,3199,00000010,fe000ce3,0,00000000
10672,3200,00000008,00108093,1,0000042b
10675,3201,0000000c,00208463,0,00000000
10678,3202,00000010,fe000ce3,0,00000000
10682,3203,00000008,00108093,1,0000042c
10685,3204,0000000c,00208463,0,00000000
10688,3205,00000010,fe000ce3,0,00000000
10692,3206,00000008,00108093,1,0000042d
10695,3207,0000000c,00208463,0,00000000
10698,3208,00000010,fe000ce3,0,00000000
10702,3209,00000008,00108093,1,0000042e
10705,3210,0000000c,00208463,0,00000000
10708,3211,00000010,fe000ce3,0,00000000
10712,3212,00000008,00108093,1,0000042f
10715,3213,0000000c,00208463,0,00000000
10718,3214,00000010,fe000ce3,0,00000000
10722,3215,00000008,00108093,1,00000430
10725,3216,0000000c,00208463,0,00000000
10728,3217,00000010,fe000ce3,0,00000000
10732,3218,00000008,00108093,1,00000431
10735,3219,0000000c,00208463,0,00000000
10738,3220,00000010,fe000ce3,0,00000000
10742,3221,00000008,00108093,1,00000432
10745,3222,0000000c,00208463,0,00000000
10748,3223,00000010,fe000ce3,0,00000000
10752,3224,00000008,00108093,1,00000433
10755,3225,0000000c,00208463,0,00000000
10758,3226,00000010,fe000ce3,0,00000000
10762,3227,00000008,00108093,1,00000434
10765,3228,0000000c,00208463,0,00000000
10768,3229,00000010,fe000ce3,0,00000000
10772,3230,00000008,00108093,1,00000435
10775,3231,0000000c,00208463,0,00000000
10778,3232,00000010,fe000ce3,0,00000000
10782,3233,00000008,00108093,1,00000436
10785,3234,0000000c,00208463,0,00000000
10788,3235,00000010,fe000ce3,0,00000000
10792,3236,00000008,00108093,1,00000437
10795,3237,0000000c,00208463,0,00000000
10798,3238,00000010,fe000ce3,0,00000000
10802,3239,00000008,00108093,1,00000438
10805,3240,0000000c,00208463,0,00000000
10808,3241,00000010,fe000ce3,0,00000000
10812,3242,00000008,00108093,1,00000439
10815,3243,0000000c,00208463,0,00000000
10818,3244,00000010,fe000ce3,0,00000000
10822,3245,00000008,00108093,1,0000043a
10825,3246,0000000c,00208463,0,00000000
10828,3247,00000010,fe000ce3,0,00000000
10832,3248,00000008,00108093,1,0000043b
10835,3249,0000000c,00208463,0,00000000
10838,3250,00000010,fe000ce3,0,00000000
10842,3251,00000008,00108093,1,0000043c
10845,3252,0000000c,00208463,0,00000000
10848,3253,00000010,fe000ce3,0,00000000
10852,3254,00000008,00108093,1,0000043d
10855,3255,0000000c,00208463,0,00000000
10858,3256,00000010,fe000ce3,0,00000000
10862,3257,00000008,00108093,1,0000043e
10865,3258,0000000c,00208463,0,00000000
10868,3259,00000010,fe000ce3,0,00000000
10872,3260,00000008,00108093,1,0000043f
10875,3261,0000000c,00208463,0,00000000
10878,3262,00000010,fe000ce3,0,00000000
10882,3263,00000008,00108093,1,00000440
10885,3264,0000000c,00208463,0,00000000
10888,3265,00000010,fe000ce3,0,00000000
10892,3266,00000008,00108093,1,00000441
10895,3267,0000000c,00208463,0,00000000
10898,3268,00000010,fe000ce3,0,00000000
10902,3269,00000008,00108093,1,00000442
10905,3270,0000000c,00208463,0,00000000
10908,3271,00000010,fe000ce3,0,00000000
10912,3272,00000008,00108093,1,00000443
10915,3273,0000000c,00208463,0,00000000
10918,3274,00000010,fe000ce3,0,00000000
10922,3275,00000008,00108093,1,00000444
10925,3276,0000000c,00208463,0,00000000
10928,3277,00000010,fe000ce3,0,00000000
10932,3278,00000008,00108093,1,00000445
10935,3279,0000000c,00208463,0,00000000
10938,3280,00000010,fe000ce3,0,00000000
10942,3281,00000008,00108093,1,00000446
10945,3282,0000000c,00208463,0,00000000
10948,3283,00000010,fe000ce3,0,00000000
10952,3284,00000008,00108093,1,00000447
10955,3285,0000000c,00208463,0,00000000
10958,3286,00000010,fe000ce3,0,00000000
10962,3287,00000008,00108093,1,00000448
10965,3288,0000000c,00208463,0,00000000
10968,3289,00000010,fe000ce3,0,00000000
10972,3290,00000008,00108093,1,00000449
10975,3291,0000000c,00208463,0,00000000
10978,3292,00000010,fe000ce3,0,00000000
10982,3293,00000008,00108093,1,0000044a
10985,3294,0000000c,00208463,0,00000000
10988,3295,00000010,fe000ce3,0,00000000
10992,3296,00000008,00108093,1,0000044b
10995,3297,0000000c,00208463,0,00000000
10998,3298,00000010,fe000ce3,0,00000000
11002,3299,00000008,00108093,1,0000044c
11005,3300,0000000c,00208463,0,00000000
11008,3301,00000010,fe000ce3,0,00000000
11012,3302,00000008,00108093,1,0000044d
11015,3303,0000000c,00208463,0,00000000
11018,3304,00000010,fe000ce3,0,00000000
11022,3305,00000008,00108093,1,0000044e
11025,3306,0000000c,00208463,0,00000000
11028,3307,00000010,fe000ce3,0,00000000
11032,3308,00000008,00108093,1,0000044f
11035,3309,0000000c,00208463,0,00000000
11038,3310,00000010,fe000ce3,0,00000000
11042,3311,00000008,00108093,1,00000450
11045,3312,0000000c,00208463,0,00000000
11048,3313,00000010,fe000ce3,0,00000000
11052,3314,00000008,00108093,1,00000451
11055,3315,0000000c,00208463,0,00000000
11058,3316,00000010,fe000ce3,0,00000000
11062,3317,00000008,00108093,1,00000452
11065,3318,0000000c,00208463,0,00000000
11068,3319,00000010,fe000ce3,0,00000000
11072,3320,00000008,00108093,1,00000453
11075,3321,0000000c,00208463,0,00000000
11078,3322,00000010,fe000ce3,0,00000000
11082,3323,00000008,00108093,1,00000454
11085,3324,0000000c,00208463,0,00000000
11088,3325,00000010,fe000ce3,0,00000000
11092,3326,00000008,00108093,1,00000455
11095,3327,0000000c,00208463,0,00000000
11098,3328,00000010,fe000ce3,0,00000000
11102,3329,00000008,00108093,1,00000456
11105,3330,0000000c,00208463,0,00000000
11108,3331,00000010,fe000ce3,0,00000000
11112,3332,00000008,00108093,1,00000457
11115,3333,0000000c,00208463,0,00000000
11118,3334,00000010,fe000ce3,0,00000000
11122,3335,00000008,00108093,1,00000458
11125,3336,0000000c,00208463,0,00000000
11128,3337,00000010,fe000ce3,0,00000000
11132,3338,00000008,00108093,1,00000459
11135,3339,0000000c,00208463,0,00000000
11138,3340,00000010,fe000ce3,0,00000000
11142,3341,00000008,00108093,1,0000045a
11145,3342,0000000c,00208463,0,00000000
11148,3343,00000010,fe000ce3,0,00000000
11152,3344,00000008,00108093,1,0000045b
11155,3345,0000000c,00208463,0,00000000
11158,3346,00000010,fe000ce3,0,00000000
11162,3347,00000008,00108093,1,0000045c
11165,3348,0000000c,00208463,0,00000000
11168,3349,00000010,fe000ce3,0,00000000
11172,3350,00000008,00108093,1,0000045d
11175,3351,0000000c,00208463,0,00000000
11178,3352,00000010,fe000ce3,0,00000000
11182,3353,00000008,00108093,1,0000045e
11185,3354,0000000c,00208463,0,00000000
11188,3355,00000010,fe000ce3,0,00000000
11192,3356,00000008,00108093,1,0000045f
11195,3357,0000000c,00208463,0,00000000
11198,3358,00000010,fe000ce3,0,00000000
11202,3359,00000008,00108093,1,00000460
11205,3360,0000000c,00208463,0,00000000
11208,3361,00000010,fe000ce3,0,00000000
11212,3362,00000008,00108093,1,00000461
11215,3363,0000000c,00208463,0,00000000
11218,3364,00000010,fe000ce3,0,00000000
11222,3365,00000008,00108093,1,00000462
11225,3366,0000000c,00208463,0,00000000
11228,3367,00000010,fe000ce3,0,00000000
11232,3368,00000008,00108093,1,00000463
11235,3369,0000000c,00208463,0,00000000
11238,3370,00000010,fe000ce3,0,00000000
11242,3371,00000008,00108093,1,00000464
11245,3372,0000000c,00208463,0,00000000
11248,3373,00000010,fe000ce3,0,00000000
11252,3374,00000008,00108093,1,00000465
11255,3375,0000000c,00208463,0,00000000
11258,3376,00000010,fe000ce3,0,00000000
11262,3377,00000008,00108093,1,00000466
11265,3378,0000000c,00208463,0,00000000
11268,3379,00000010,fe000ce3,0,00000000
11272,3380,00000008,00108093,1,00000467
11275,3381,0000000c,00208463,0,00000000
11278,3382,00000010,fe000ce3,0,00000000
11282,3383,00000008,00108093,1,00000468
11285,3384,0000000c,00208463,0,00000000
11288,3385,00000010,fe000ce3,0,00000000
11292,3386,00000008,00108093,1,00000469
11295,3387,0000000c,00208463,0,00000000
11298,3388,00000010,fe000ce3,0,00000000
11302,3389,00000008,00108093,1,0000046a
11305,3390,0000000c,00208463,0,00000000
11308,3391,00000010,fe000ce3,0,00000000
11312,3392,00000008,00108093,1,0000046b
11315,3393,0000000c,00208463,0,00000000
11318,3394,00000010,fe000ce3,0,00000000
11322,3395,00000008,00108093,1,0000046c
11325,3396,0000000c,00208463,0,00000000
11328,3397,00000010,fe000ce3,0,00000000
11332,3398,00000008,00108093,1,0000046d
11335,3399,0000000c,00208463,0,00000000
11338,3400,00000010,fe000ce3,0,00000000
11342,3401,00000008,00108093,1,0000046e
11345,3402,0000000c,00208463,0,00000000
11348,3403,00000010,fe000ce3,0,00000000
11352,3404,00000008,00108093,1,0000046f
11355,3405,0000000c,00208463,0,00000000
11358,3406,00000010,fe000ce3,0,00000000
11362,3407,00000008,00108093,1,00000470
11365,3408,0000000c,00208463,0,00000000
11368,3409,00000010,fe000ce3,0,00000000
11372,3410,00000008,00108093,1,00000471
11375,3411,0000000c,00208463,0,00000000
11378,3412,00000010,fe000ce3,0,00000000
11382,3413,00000008,00108093,1,00000472
11385,3414,0000000c,00208463,0,00000000
11388,3415,00000010,fe000ce3,0,00000000
11392,3416,00000008,00108093,1,00000473
11395,3417,0000000c,00208463,0,00000000
11398,3418,00000010,fe000ce3,0,00000000
11402,3419,00000008,00108093,1,00000474
11405,3420,0000000c,00208463,0,00000000
11408,3421,00000010,fe000ce3,0,00000000
11412,3422,00000008,00108093,1,00000475
11415,3423,0000000c,00208463,0,00000000
11418,3424,00000010,fe000ce3,0,00000000
11422,3425,00000008,00108093,1,00000476
11425,3426,0000000c,00208463,0,00000000
11428,3427,00000010,fe000ce3,0,00000000
11432,3428,00000008,00108093,1,00000477
11435,3429,0000000c,00208463,0,00000000
11438,3430,00000010,fe000ce3,0,00000000
11442,3431,00000008,00108093,1,00000478
11445,3432,0000000c,00208463,0,00000000
11448,3433,00000010,fe000ce3,0,00000000
11452,3434,00000008,00108093,1,00000479
11455,3435,0000000c,00208463,0,00000000
11458,3436,00000010,fe000ce3,0,00000000
11462,3437,00000008,00108093,1,0000047a
11465,3438,0000000c,00208463,0,00000000
11468,3439,00000010,fe000ce3,0,00000000
11472,3440,00000008,00108093,1,0000047b
11475,3441,0000000c,00208463,0,00000000
11478,3442,00000010,fe000ce3,0,00000000
11482,3443,00000008,00108093,1,0000047c
11485,3444,0000000c,00208463,0,00000000
11488,3445,00000010,fe000ce3,0,00000000
11492,3446,00000008,00108093,1,0000047d
11495,3447,0000000c,00208463,0,00000000
11498,3448,00000010,fe000ce3,0,00000000
11502,3449,00000008,00108093,1,0000047e
11505,3450,0000000c,00208463,0,00000000
11508,3451,00000010,fe000ce3,0,00000000
11512,3452,00000008,00108093,1,0000047f
11515,3453,0000000c,00208463,0,00000000
11518,3454,00000010,fe000ce3,0,00000000
11522,3455,00000008,00108093,1,00000480
11525,3456,0000000c,00208463,0,00000000
11528,3457,00000010,fe000ce3,0,00000000
11532,3458,00000008,00108093,1,00000481
11535,3459,0000000c,00208463,0,00000000
11538,3460,00000010,fe000ce3,0,00000000
11542,3461,00000008,00108093,1,00000482
11545,3462,0000000c,00208463,0,00000000
11548,3463,00000010,fe000ce3,0,00000000
11552,3464,00000008,00108093,1,00000483
11555,3465,0000000c,00208463,0,00000000
11558,3466,00000010,fe000ce3,0,00000000
11562,3467,00000008,00108093,1,00000484
11565,3468,0000000c,00208463,0,00000000
11568,3469,00000010,fe000ce3,0,00000000
11572,3470,00000008,00108093,1,00000485
11575,3471,0000000c,00208463,0,00000000
11578,3472,00000010,fe000ce3,0,00000000
11582,3473,00000008,00108093,1,00000486
11585,3474,0000000c,00208463,0,00000000
11588,3475,00000010,fe000ce3,0,00000000
11592,3476,00000008,00108093,1,00000487
11595,3477,0000000c,00208463,0,00000000
11598,3478,00000010,fe000ce3,0,00000000
11602,3479,00000008,00108093,1,00000488
11605,3480,0000000c,00208463,0,00000000
11608,3481,00000010,fe000ce3,0,00000000
11612,3482,00000008,00108093,1,00000489
11615,3483,0000000c,00208463,0,00000000
11618,3484,00000010,fe000ce3,0,00000000
11622,3485,00000008,00108093,1,0000048a
11625,3486,0000000c,00208463,0,00000000
11628,3487,00000010,fe000ce3,0,00000000
11632,3488,00000008,00108093,1,0000048b
11635,3489,0000000c,00208463,0,00000000
11638,3490,00000010,fe000ce3,0,00000000
11642,3491,00000008,00108093,1,0000048c
11645,3492,0000000c,00208463,0,00000000
11648,3493,00000010,fe000ce3,0,00000000
11652,3494,00000008,00108093,1,0000048d
11655,3495,0000000c,00208463,0,00000000
11658,3496,00000010,fe000ce3,0,00000000
11662,3497,00000008,00108093,1,0000048e
11665,3498,0000000c,00208463,0,00000000
11668,3499,00000010,fe000ce3,0,00000000
11672,3500,00000008,00108093,1,0000048f
11675,3501,0000000c,00208463,0,00000000
11678,3502,00000010,fe000ce3,0,00000000
11682,3503,00000008,00108093,1,00000490
11685,3504,0000000c,00208463,0,00000000
11688,3505,00000010,fe000ce3,0,00000000
11692,3506,00000008,00108093,1,00000491
11695,3507,0000000c,00208463,0,00000000
11698,3508,00000010,fe000ce3,0,00000000
11702,3509,00000008,00108093,1,00000492
11705,3510,0000000c,00208463,0,00000000
11708,3511,00000010,fe000ce3,0,00000000
11712,3512,00000008,00108093,1,00000493
11715,3513,0000000c,00208463,0,00000000
11718,3514,00000010,fe000ce3,0,00000000
11722,3515,00000008,00108093,1,00000494
11725,3516,0000000c,00208463,0,00000000
11728,3517,00000010,fe000ce3,0,00000000
11732,3518,00000008,00108093,1,00000495
11735,3519,0000000c,00208463,0,00000000
11738,3520,00000010,fe000ce3,0,00000000
11742,3521,00000008,00108093,1,00000496
11745,3522,0000000c,00208463,0,00000000
11748,3523,00000010,fe000ce3,0,00000000
11752,3524,00000008,00108093,1,00000497
11755,3525,0000000c,00208463,0,00000000
11758,3526,00000010,fe000ce3,0,00000000
11762,3527,00000008,00108093,1,00000498
11765,3528,0000000c,00208463,0,00000000
11768,3529,00000010,fe000ce3,0,00000000
11772,3530,00000008,00108093,1,00000499
11775,3531,0000000c,00208463,0,00000000
11778,3532,00000010,fe000ce3,0,00000000
11782,3533,00000008,00108093,1,0000049a
11785,3534,0000000c,00208463,0,00000000
11788,3535,00000010,fe000ce3,0,00000000
11792,3536,00000008,00108093,1,0000049b
11795,3537,0000000c,00208463,0,00000000
11798,3538,00000010,fe000ce3,0,00000000
11802,3539,00000008,00108093,1,0000049c
11805,3540,0000000c,00208463,0,00000000
11808,3541,00000010,fe000ce3,0,00000000
11812,3542,00000008,00108093,1,0000049d
11815,3543,0000000c,00208463,0,00000000
11818,3544,00000010,fe000ce3,0,00000000
11822,3545,00000008,00108093,1,0000049e
11825,3546,0000000c,00208463,0,00000000
11828,3547,00000010,fe000ce3,0,00000000
11832,3548,00000008,00108093,1,0000049f
11835,3549,0000000c,00208463,0,00000000
11838,3550,00000010,fe000ce3,0,00000000
11842,3551,00000008,00108093,1,000004a0
11845,3552,0000000c,00208463,0,00000000
11848,3553,00000010,fe000ce3,0,00000000
11852,3554,00000008,00108093,1,000004a1
11855,3555,0000000c,00208463,0,00000000
11858,3556,00000010,fe000ce3,0,00000000
11862,3557,00000008,00108093,1,000004a2
11865,3558,0000000c,00208463,0,00000000
11868,3559,00000010,fe000ce3,0,00000000
11872,3560,00000008,00108093,1,000004a3
11875,3561,0000000c,00208463,0,00000000
11878,3562,00000010,fe000ce3,0,00000000
11882,3563,00000008,00108093,1,000004a4
11885,3564,0000000c,00208463,0,00000000
11888,3565,00000010,fe000ce3,0,00000000
11892,3566,00000008,00108093,1,000004a5
11895,3567,0000000c,00208463,0,00000000
11898,3568,00000010,fe000ce3,0,00000000
11902,3569,00000008,00108093,1,000004a6
11905,3570,0000000c,00208463,0,00000000
11908,3571,00000010,fe000ce3,0,00000000
11912,3572,00000008,00108093,1,000004a7
11915,3573,0000000c,00208463,0,00000000
11918,3574,00000010,fe000ce3,0,00000000
11922,3575,00000008,00108093,1,000004a8
11925,3576,0000000c,00208463,0,00000000
11928,3577,00000010,fe000ce3,0,00000000
11932,3578,00000008,00108093,1,000004a9
11935,3579,0000000c,00208463,0,00000000
11938,3580,00000010,fe000ce3,0,00000000
11942,3581,00000008,00108093,1,000004aa
11945,3582,0000000c,00208463,0,00000000
11948,3583,00000010,fe000ce3,0,00000000
11952,3584,00000008,00108093,1,000004ab
11955,3585,0000000c,00208463,0,00000000
11958,3586,00000010,fe000ce3,0,00000000
11962,3587,00000008,00108093,1,000004ac
11965,3588,0000000c,00208463,0,00000000
11968,3589,00000010,fe000ce3,0,00000000
11972,3590,00000008,00108093,1,000004ad
11975,3591,0000000c,00208463,0,00000000
11978,3592,00000010,fe000ce3,0,00000000
11982,3593,00000008,00108093,1,000004ae
11985,3594,0000000c,00208463,0,00000000
11988,3595,00000010,fe000ce3,0,00000000
11992,3596,00000008,00108093,1,000004af
11995,3597,0000000c,00208463,0,00000000
11998,3598,00000010,fe000ce3,0,00000000
12002,3599,00000008,00108093,1,000004b0
12005,3600,0000000c,00208463,0,00000000
12008,3601,00000010,fe000ce3,0,00000000
12012,3602,00000008,00108093,1,000004b1
12015,3603,0000000c,00208463,0,00000000
12018,3604,00000010,fe000ce3,0,00000000
12022,3605,00000008,00108093,1,000004b2
12025,3606,0000000c,00208463,0,00000000
12028,3607,00000010,fe000ce3,0,00000000
12032,3608,00000008,00108093,1,000004b3
12035,3609,0000000c,00208463,0,00000000
12038,3610,00000010,fe000ce3,0,00000000
12042,3611,00000008,00108093,1,000004b4
12045,3612,0000000c,00208463,0,00000000
12048,3613,00000010,fe000ce3,0,00000000
12052,3614,00000008,00108093,1,000004b5
12055,3615,0000000c,00208463,0,00000000
12058,3616,00000010,fe000ce3,0,00000000
12062,3617,00000008,00108093,1,000004b6
12065,3618,0000000c,00208463,0,00000000
12068,3619,00000010,fe000ce3,0,00000000
12072,3620,00000008,00108093,1,000004b7
12075,3621,0000000c,00208463,0,00000000
12078,3622,00000010,fe000ce3,0,00000000
12082,3623,00000008,00108093,1,000004b8
12085,3624,0000000c,00208463,0,00000000
12088,3625,00000010,fe000ce3,0,00000000
12092,3626,00000008,00108093,1,000004b9
12095,3627,0000000c,00208463,0,00000000
12098,3628,00000010,fe000ce3,0,00000000
12102,3629,00000008,00108093,1,000004ba
12105,3630,0000000c,00208463,0,00000000
12108,3631,00000010,fe000ce3,0,00000000
12112,3632,00000008,00108093,1,000004bb
12115,3633,0000000c,00208463,0,00000000
12118,3634,00000010,fe000ce3,0,00000000
12122,3635,00000008,00108093,1,000004bc
12125,3636,0000000c,00208463,0,00000000
12128,3637,00000010,fe000ce3,0,00000000
12132,3638,00000008,00108093,1,000004bd
12135,3639,0000000c,00208463,0,00000000
12138,3640,00000010,fe000ce3,0,00000000
12142,3641,00000008,00108093,1,000004be
12145,3642,0000000c,00208463,0,00000000
12148,3643,00000010,fe000ce3,0,00000000
12152,3644,00000008,00108093,1,000004bf
12155,3645,0000000c,00208463,0,00000000
12158,3646,00000010,fe000ce3,0,00000000
12162,3647,00000008,00108093,1,000004c0
12165,3648,0000000c,00208463,0,00000000
12168,3649,00000010,fe000ce3,0,00000000
12172,3650,00000008,00108093,1,000004c1
12175,3651,0000000c,00208463,0,00000000
12178,3652,00000010,fe000ce3,0,00000000
12182,3653,00000008,00108093,1,000004c2
12185,3654,0000000c,00208463,0,00000000
12188,3655,00000010,fe000ce3,0,00000000
12192,3656,00000008,00108093,1,000004c3
12195,3657,0000000c,00208463,0,00000000
12198,3658,00000010,fe000ce3,0,00000000
12202,3659,00000008,00108093,1,000004c4
12205,3660,0000000c,00208463,0,00000000
12208,3661,00000010,fe000ce3,0,00000000
12212,3662,00000008,00108093,1,000004c5
12215,3663,0000000c,00208463,0,00000000
12218,3664,00000010,fe000ce3,0,00000000
12222,3665,00000008,00108093,1,000004c6
12225,3666,0000000c,00208463,0,00000000
12228,3667,00000010,fe000ce3,0,00000000
12232,3668,00000008,00108093,1,000004c7
12235,3669,0000000c,00208463,0,00000000
12238,3670,00000010,fe000ce3,0,00000000
12242,3671,00000008,00108093,1,000004c8
12245,3672,0000000c,00208463,0,00000000
12248,3673,00000010,fe000ce3,0,00000000
12252,3674,00000008,00108093,1,000004c9
12255,3675,0000000c,00208463,0,00000000
12258,3676,00000010,fe000ce3,0,00000000
12262,3677,00000008,00108093,1,000004ca
12265,3678,0000000c,00208463,0,00000000
12268,3679,00000010,fe000ce3,0,00000000
12272,3680,00000008,00108093,1,000004cb
12275,3681,0000000c,00208463,0,00000000
12278,3682,00000010,fe000ce3,0,00000000
12282,3683,00000008,00108093,1,000004cc
12285,3684,0000000c,00208463,0,00000000
12288,3685,00000010,fe000ce3,0,00000000
12292,3686,00000008,00108093,1,000004cd
12295,3687,0000000c,00208463,0,00000000
12298,3688,00000010,fe000ce3,0,00000000
12302,3689,00000008,00108093,1,000004ce
12305,3690,0000000c,00208463,0,00000000
12308,3691,00000010,fe000ce3,0,00000000
12312,3692,00000008,00108093,1,000004cf
12315,3693,0000000c,00208463,0,00000000
12318,3694,00000010,fe000ce3,0,00000000
12322,3695,00000008,00108093,1,000004d0
12325,3696,0000000c,00208463,0,00000000
12328,3697,00000010,fe000ce3,0,00000000
12332,3698,00000008,00108093,1,000004d1
12335,3699,0000000c,00208463,0,00000000
12338,3700,00000010,fe000ce3,0,00000000
12342,3701,00000008,00108093,1,000004d2
12345,3702,0000000c,00208463,0,00000000
12348,3703,00000010,fe000ce3,0,00000000
12352,3704,00000008,00108093,1,000004d3
12355,3705,0000000c,00208463,0,00000000
12358,3706,00000010,fe000ce3,0,00000000
12362,3707,00000008,00108093,1,000004d4
12365,3708,0000000c,00208463,0,00000000
12368,3709,00000010,fe000ce3,0,00000000
12372,3710,00000008,00108093,1,000004d5
12375,3711,0000000c,00208463,0,00000000
12378,3712,00000010,fe000ce3,0,00000000
12382,3713,00000008,00108093,1,000004d6
12385,3714,0000000c,00208463,0,00000000
12388,3715,00000010,fe000ce3,0,00000000
12392,3716,00000008,00108093,1,000004d7
12395,3717,0000000c,00208463,0,00000000
12398,3718,00000010,fe000ce3,0,00000000
12402,3719,00000008,00108093,1,000004d8
12405,3720,0000000c,00208463,0,00000000
12408,3721,00000010,fe000ce3,0,00000000
12412,3722,00000008,00108093,1,000004d9
12415,3723,0000000c,00208463,0,00000000
12418,3724,00000010,fe000ce3,0,00000000
12422,3725,00000008,00108093,1,000004da
12425,3726,0000000c,00208463,0,00000000
12428,3727,00000010,fe000ce3,0,00000000
12432,3728,00000008,00108093,1,000004db
12435,3729,0000000c,00208463,0,00000000
12438,3730,00000010,fe000ce3,0,00000000
12442,3731,00000008,00108093,1,000004dc
12445,3732,0000000c,00208463,0,00000000
12448,3733,00000010,fe000ce3,0,00000000
12452,3734,00000008,00108093,1,000004dd
12455,3735,0000000c,00208463,0,00000000
12458,3736,00000010,fe000ce3,0,00000000
12462,3737,00000008,00108093,1,000004de
12465,3738,0000000c,00208463,0,00000000
12468,3739,00000010,fe000ce3,0,00000000
12472,3740,00000008,00108093,1,000004df
12475,3741,0000000c,00208463,0,00000000
12478,3742,00000010,fe000ce3,0,00000000
12482,3743,00000008,00108093,1,000004e0
12485,3744,0000000c,00208463,0,00000000
12488,3745,00000010,fe000ce3,0,00000000
12492,3746,00000008,00108093,1,000004e1
12495,3747,0000000c,00208463,0,00000000
12498,3748,00000010,fe000ce3,0,00000000
12502,3749,00000008,00108093,1,000004e2
12505,3750,0000000c,00208463,0,00000000
12508,3751,00000010,fe000ce3,0,00000000
12512,3752,00000008,00108093,1,000004e3
12515,3753,0000000c,00208463,0,00000000
12518,3754,00000010,fe000ce3,0,00000000
12522,3755,00000008,00108093,1,000004e4
12525,3756,0000000c,00208463,0,00000000
12528,3757,00000010,fe000ce3,0,00000000
12532,3758,00000008,00108093,1,000004e5
12535,3759,0000000c,00208463,0,00000000
12538,3760,00000010,fe000ce3,0,00000000
12542,3761,00000008,00108093,1,000004e6
12545,3762,0000000c,00208463,0,00000000
12548,3763,00000010,fe000ce3,0,00000000
12552,3764,00000008,00108093,1,000004e7
12555,3765,0000000c,00208463,0,00000000
12558,3766,00000010,fe000ce3,0,00000000
12562,3767,00000008,00108093,1,000004e8
12565,3768,0000000c,00208463,0,00000000
12568,3769,00000010,fe000ce3,0,00000000
12572,3770,00000008,00108093,1,000004e9
12575,3771,0000000c,00208463,0,00000000
12578,3772,00000010,fe000ce3,0,00000000
12582,3773,00000008,00108093,1,000004ea
12585,3774,0000000c,00208463,0,00000000
12588,3775,00000010,fe000ce3,0,00000000
12592,3776,00000008,00108093,1,000004eb
12595,3777,0000000c,00208463,0,00000000
12598,3778,00000010,fe000ce3,0,00000000
12602,3779,00000008,00108093,1,000004ec
12605,3780,0000000c,00208463,0,00000000
12608,3781,00000010,fe000ce3,0,00000000
12612,3782,00000008,00108093,1,000004ed
12615,3783,0000000c,00208463,0,00000000
12618,3784,00000010,fe000ce3,0,00000000
12622,3785,00000008,00108093,1,000004ee
12625,3786,0000000c,00208463,0,00000000
12628,3787,00000010,fe000ce3,0,00000000
12632,3788,00000008,00108093,1,000004ef
12635,3789,0000000c,00208463,0,00000000
12638,3790,00000010,fe000ce3,0,00000000
12642,3791,00000008,00108093,1,000004f0
12645,3792,0000000c,00208463,0,00000000
12648,3793,00000010,fe000ce3,0,00000000
12652,3794,00000008,00108093,1,000004f1
12655,3795,0000000c,00208463,0,00000000
12658,3796,00000010,fe000ce3,0,00000000
12662,3797,00000008,00108093,1,000004f2
12665,3798,0000000c,00208463,0,00000000
12668,3799,00000010,fe000ce3,0,00000000
12672,3800,00000008,00108093,1,000004f3
12675,3801,0000000c,00208463,0,00000000
12678,3802,00000010,fe000ce3,0,00000000
12682,3803,00000008,00108093,1,000004f4
12685,3804,0000000c,00208463,0,00000000
12688,3805,00000010,fe000ce3,0,00000000
12692,3806,00000008,00108093,1,000004f5
12695,3807,0000000c,00208463,0,00000000
12698,3808,00000010,fe000ce3,0,00000000
12702,3809,00000008,00108093,1,000004f6
12705,3810,0000000c,00208463,0,00000000
12708,3811,00000010,fe000ce3,0,00000000
12712,3812,00000008,00108093,1,000004f7
12715,3813,0000000c,00208463,0,00000000
12718,3814,00000010,fe000ce3,0,00000000
12722,3815,00000008,00108093,1,000004f8
12725,3816,0000000c,00208463,0,00000000
12728,3817,00000010,fe000ce3,0,00000000
12732,3818,00000008,00108093,1,000004f9
12735,3819,0000000c,00208463,0,00000000
12738,3820,00000010,fe000ce3,0,00000000
12742,3821,00000008,00108093,1,000004fa
12745,3822,0000000c,00208463,0,00000000
12748,3823,00000010,fe000ce3,0,00000000
12752,3824,00000008,00108093,1,000004fb
12755,3825,0000000c,00208463,0,00000000
12758,3826,00000010,fe000ce3,0,00000000
12762,3827,00000008,00108093,1,000004fc
12765,3828,0000000c,00208463,0,00000000
12768,3829,00000010,fe000ce3,0,00000000
12772,3830,00000008,00108093,1,000004fd
12775,3831,0000000c,00208463,0,00000000
12778,3832,00000010,fe000ce3,0,00000000
12782,3833,00000008,00108093,1,000004fe
12785,3834,0000000c,00208463,0,00000000
12788,3835,00000010,fe000ce3,0,00000000
12792,3836,00000008,00108093,1,000004ff
12795,3837,0000000c,00208463,0,00000000
12798,3838,00000010,fe000ce3,0,00000000
12802,3839,00000008,00108093,1,00000500
12805,3840,0000000c,00208463,0,00000000
12808,3841,00000010,fe000ce3,0,00000000
12812,3842,00000008,00108093,1,00000501
12815,3843,0000000c,00208463,0,00000000
12818,3844,00000010,fe000ce3,0,00000000
12822,3845,00000008,00108093,1,00000502
12825,3846,0000000c,00208463,0,00000000
12828,3847,00000010,fe000ce3,0,00000000
12832,3848,00000008,00108093,1,00000503
12835,3849,0000000c,00208463,0,00000000
12838,3850,00000010,fe000ce3,0,00000000
12842,3851,00000008,00108093,1,00000504
12845,3852,0000000c,00208463,0,00000000
12848,3853,00000010,fe000ce3,0,00000000
12852,3854,00000008,00108093,1,00000505
12855,3855,0000000c,00208463,0,00000000
12858,3856,00000010,fe000ce3,0,00000000
12862,3857,00000008,00108093,1,00000506
12865,3858,0000000c,00208463,0,00000000
12868,3859,00000010,fe000ce3,0,00000000
12872,3860,00000008,00108093,1,00000507
12875,3861,0000000c,00208463,0,00000000
12878,3862,00000010,fe000ce3,0,00000000
12882,3863,00000008,00108093,1,00000508
12885,3864,0000000c,00208463,0,00000000
12888,3865,00000010,fe000ce3,0,00000000
12892,3866,00000008,00108093,1,00000509
12895,3867,0000000c,00208463,0,00000000
12898,3868,00000010,fe000ce3,0,00000000
12902,3869,00000008,00108093,1,0000050a
12905,3870,0000000c,00208463,0,00000000
12908,3871,00000010,fe000ce3,0,00000000
12912,3872,00000008,00108093,1,0000050b
12915,3873,0000000c,00208463,0,00000000
12918,3874,00000010,fe000ce3,0,00000000
12922,3875,00000008,00108093,1,0000050c
12925,3876,0000000c,00208463,0,00000000
12928,3877,00000010,fe000ce3,0,00000000
12932,3878,00000008,00108093,1,0000050d
12935,3879,0000000c,00208463,0,00000000
12938,3880,00000010,fe000ce3,0,00000000
12942,3881,00000008,00108093,1,0000050e
12945,3882,0000000c,00208463,0,00000000
12948,3883,00000010,fe000ce3,0,00000000
12952,3884,00000008,00108093,1,0000050f
12955,3885,0000000c,00208463,0,00000000
12958,3886,00000010,fe000ce3,0,00000000
12962,3887,00000008,00108093,1,00000510
12965,3888,0000000c,00208463,0,00000000
12968,3889,00000010,fe000ce3,0,00000000
12972,3890,00000008,00108093,1,00000511
12975,3891,0000000c,00208463,0,00000000
12978,3892,00000010,fe000ce3,0,00000000
12982,3893,00000008,00108093,1,00000512
12985,3894,0000000c,00208463,0,00000000
12988,3895,00000010,fe000ce3,0,00000000
12992,3896,00000008,00108093,1,00000513
12995,3897,0000000c,00208463,0,00000000
12998,3898,00000010,fe000ce3,0,00000000
13002,3899,00000008,00108093,1,00000514
13005,3900,0000000c,00208463,0,00000000
13008,3901,00000010,fe000ce3,0,00000000
13012,3902,00000008,00108093,1,00000515
13015,3903,0000000c,00208463,0,00000000
13018,3904,00000010,fe000ce3,0,00000000
13022,3905,00000008,00108093,1,00000516
13025,3906,0000000c,00208463,0,00000000
13028,3907,00000010,fe000ce3,0,00000000
13032,3908,00000008,00108093,1,00000517
13035,3909,0000000c,00208463,0,00000000
13038,3910,00000010,fe000ce3,0,00000000
13042,3911,00000008,00108093,1,00000518
13045,3912,0000000c,00208463,0,00000000
13048,3913,00000010,fe000ce3,0,00000000
13052,3914,00000008,00108093,1,00000519
13055,3915,0000000c,00208463,0,00000000
13058,3916,00000010,fe000ce3,0,00000000
13062,3917,00000008,00108093,1,0000051a
13065,3918,0000000c,00208463,0,00000000
13068,3919,00000010,fe000ce3,0,00000000
13072,3920,00000008,00108093,1,0000051b
13075,3921,0000000c,00208463,0,00000000
13078,3922,00000010,fe000ce3,0,00000000
13082,3923,00000008,00108093,1,0000051c
13085,3924,0000000c,00208463,0,00000000
13088,3925,00000010,fe000ce3,0,00000000
13092,3926,00000008,00108093,1,0000051d
13095,3927,0000000c,00208463,0,00000000
13098,3928,00000010,fe000ce3,0,00000000
13102,3929,00000008,00108093,1,0000051e
13105,3930,0000000c,00208463,0,00000000
13108,3931,00000010,fe000ce3,0,00000000
13112,3932,00000008,00108093,1,0000051f
13115,3933,0000000c,00208463,0,00000000
13118,3934,00000010,fe000ce3,0,00000000
13122,3935,00000008,00108093,1,00000520
13125,3936,0000000c,00208463,0,00000000
13128,3937,00000010,fe000ce3,0,00000000
13132,3938,00000008,00108093,1,00000521
13135,3939,0000000c,00208463,0,00000000
13138,3940,00000010,fe000ce3,0,00000000
13142,3941,00000008,00108093,1,00000522
13145,3942,0000000c,00208463,0,00000000
13148,3943,00000010,fe000ce3,0,00000000
13152,3944,00000008,00108093,1,00000523
13155,3945,0000000c,00208463,0,00000000
13158,3946,00000010,fe000ce3,0,00000000
13162,3947,00000008,00108093,1,00000524
13165,3948,0000000c,00208463,0,00000000
13168,3949,00000010,fe000ce3,0,00000000
13172,3950,00000008,00108093,1,00000525
13175,3951,0000000c,00208463,0,00000000
13178,3952,00000010,fe000ce3,0,00000000
13182,3953,00000008,00108093,1,00000526
13185,3954,0000000c,00208463,0,00000000
13188,3955,00000010,fe000ce3,0,00000000
13192,3956,00000008,00108093,1,00000527
13195,3957,0000000c,00208463,0,00000000
13198,3958,00000010,fe000ce3,0,00000000
13202,3959,00000008,00108093,1,00000528
13205,3960,0000000c,00208463,0,00000000
13208,3961,00000010,fe000ce3,0,00000000
13212,3962,00000008,00108093,1,00000529
13215,3963,0000000c,00208463,0,00000000
13218,3964,00000010,fe000ce3,0,00000000
13222,3965,00000008,00108093,1,0000052a
13225,3966,0000000c,00208463,0,00000000
13228,3967,00000010,fe000ce3,0,00000000
13232,3968,00000008,00108093,1,0000052b
13235,3969,0000000c,00208463,0,00000000
13238,3970,00000010,fe000ce3,0,00000000
13242,3971,00000008,00108093,1,0000052c
13245,3972,0000000c,00208463,0,00000000
13248,3973,00000010,fe000ce3,0,00000000
13252,3974,00000008,00108093,1,0000052d
13255,3975,0000000c,00208463,0,00000000
13258,3976,00000010,fe000ce3,0,00000000
13262,3977,00000008,00108093,1,0000052e
13265,3978,0000000c,00208463,0,00000000
13268,3979,00000010,fe000ce3,0,00000000
13272,3980,00000008,00108093,1,0000052f
13275,3981,0000000c,00208463,0,00000000
13278,3982,00000010,fe000ce3,0,00000000
13282,3983,00000008,00108093,1,00000530
13285,3984,0000000c,00208463,0,00000000
13288,3985,00000010,fe000ce3,0,00000000
13292,3986,00000008,00108093,1,00000531
13295,3987,0000000c,00208463,0,00000000
13298,3988,00000010,fe000ce3,0,00000000
13302,3989,00000008,00108093,1,00000532
13305,3990,0000000c,00208463,0,00000000
13308,3991,00000010,fe000ce3,0,00000000
13312,3992,00000008,00108093,1,00000533
13315,3993,0000000c,00208463,0,00000000
13318,3994,00000010,fe000ce3,0,00000000
13322,3995,00000008,00108093,1,00000534
13325,3996,0000000c,00208463,0,00000000
13328,3997,00000010,fe000ce3,0,00000000
13332,3998,00000008,00108093,1,00000535
13335,3999,0000000c,00208463,0,00000000
13338,4000,00000010,fe000ce3,0,00000000
13342,4001,00000008,00108093,1,00000536
13345,4002,0000000c,00208463,0,00000000
13348,4003,00000010,fe000ce3,0,00000000
13352,4004,00000008,00108093,1,00000537
13355,4005,0000000c,00208463,0,00000000
13358,4006,00000010,fe000ce3,0,00000000
13362,4007,00000008,00108093,1,00000538
13365,4008,0000000c,00208463,0,00000000
13368,4009,00000010,fe000ce3,0,00000000
13372,4010,00000008,00108093,1,00000539
13375,4011,0000000c,00208463,0,00000000
13378,4012,00000010,fe000ce3,0,00000000
13382,4013,00000008,00108093,1,0000053a
13385,4014,0000000c,00208463,0,00000000
13388,4015,00000010,fe000ce3,0,00000000
13392,4016,00000008,00108093,1,0000053b
13395,4017,0000000c,00208463,0,00000000
13398,4018,00000010,fe000ce3,0,00000000
13402,4019,00000008,00108093,1,0000053c
13405,4020,0000000c,00208463,0,00000000
13408,4021,00000010,fe000ce3,0,00000000
13412,4022,00000008,00108093,1,0000053d
13415,4023,0000000c,00208463,0,00000000
13418,4024,00000010,fe000ce3,0,00000000
13422,4025,00000008,00108093,1,0000053e
13425,4026,0000000c,00208463,0,00000000
13428,4027,00000010,fe000ce3,0,00000000
13432,4028,00000008,00108093,1,0000053f
13435,4029,0000000c,00208463,0,00000000
13438,4030,00000010,fe000ce3,0,00000000
13442,4031,00000008,00108093,1,00000540
13445,4032,0000000c,00208463,0,00000000
13448,4033,00000010,fe000ce3,0,00000000
13452,4034,00000008,00108093,1,00000541
13455,4035,0000000c,00208463,0,00000000
13458,4036,00000010,fe000ce3,0,00000000
13462,4037,00000008,00108093,1,00000542
13465,4038,0000000c,00208463,0,00000000
13468,4039,00000010,fe000ce3,0,00000000
13472,4040,00000008,00108093,1,00000543
13475,4041,0000000c,00208463,0,00000000
13478,4042,00000010,fe000ce3,0,00000000
13482,4043,00000008,00108093,1,00000544
13485,4044,0000000c,00208463,0,00000000
13488,4045,00000010,fe000ce3,0,00000000
13492,4046,00000008,00108093,1,00000545
13495,4047,0000000c,00208463,0,00000000
13498,4048,00000010,fe000ce3,0,00000000
13502,4049,00000008,00108093,1,00000546
13505,4050,0000000c,00208463,0,00000000
13508,4051,00000010,fe000ce3,0,00000000
13512,4052,00000008,00108093,1,00000547
13515,4053,0000000c,00208463,0,00000000
13518,4054,00000010,fe000ce3,0,00000000
13522,4055,00000008,00108093,1,00000548
13525,4056,0000000c,00208463,0,00000000
13528,4057,00000010,fe000ce3,0,00000000
13532,4058,00000008,00108093,1,00000549
13535,4059,0000000c,00208463,0,00000000
13538,4060,00000010,fe000ce3,0,00000000
13542,4061,00000008,00108093,1,0000054a
13545,4062,0000000c,00208463,0,00000000
13548,4063,00000010,fe000ce3,0,00000000
13552,4064,00000008,00108093,1,0000054b
13555,4065,0000000c,00208463,0,00000000
13558,4066,00000010,fe000ce3,0,00000000
13562,4067,00000008,00108093,1,0000054c
13565,4068,0000000c,00208463,0,00000000
13568,4069,00000010,fe000ce3,0,00000000
13572,4070,00000008,00108093,1,0000054d
13575,4071,0000000c,00208463,0,00000000
13578,4072,00000010,fe000ce3,0,00000000
13582,4073,00000008,00108093,1,0000054e
13585,4074,0000000c,00208463,0,00000000
13588,4075,00000010,fe000ce3,0,00000000
13592,4076,00000008,00108093,1,0000054f
13595,4077,0000000c,00208463,0,00000000
13598,4078,00000010,fe000ce3,0,00000000
13602,4079,00000008,00108093,1,00000550
13605,4080,0000000c,00208463,0,00000000
13608,4081,00000010,fe000ce3,0,00000000
13612,4082,00000008,00108093,1,00000551
13615,4083,0000000c,00208463,0,00000000
13618,4084,00000010,fe000ce3,0,00000000
13622,4085,00000008,00108093,1,00000552
13625,4086,0000000c,00208463,0,00000000
13628,4087,00000010,fe000ce3,0,00000000
13632,4088,00000008,00108093,1,00000553
13635,4089,0000000c,00208463,0,00000000
13638,4090,00000010,fe000ce3,0,00000000
13642,4091,00000008,00108093,1,00000554
13645,4092,0000000c,00208463,0,00000000
13648,4093,00000010,fe000ce3,0,00000000
13652,4094,00000008,00108093,1,00000555
13655,4095,0000000c,00208463,0,00000000
13658,4096,00000010,fe000ce3,0,00000000
13662,4097,00000008,00108093,1,00000556
13665,4098,0000000c,00208463,0,00000000
13668,4099,00000010,fe000ce3,0,00000000
13672,4100,00000008,00108093,1,00000557
13675,4101,0000000c,00208463,0,00000000
13678,4102,00000010,fe000ce3,0,00000000
13682,4103,00000008,00108093,1,00000558
13685,4104,0000000c,00208463,0,00000000
13688,4105,00000010,fe000ce3,0,00000000
13692,4106,00000008,00108093,1,00000559
13695,4107,0000000c,00208463,0,00000000
13698,4108,00000010,fe000ce3,0,00000000
13702,4109,00000008,00108093,1,0000055a
13705,4110,0000000c,00208463,0,00000000
13708,4111,00000010,fe000ce3,0,00000000
13712,4112,00000008,00108093,1,0000055b
13715,4113,0000000c,00208463,0,00000000
13718,4114,00000010,fe000ce3,0,00000000
13722,4115,00000008,00108093,1,0000055c
13725,4116,0000000c,00208463,0,00000000
13728,4117,00000010,fe000ce3,0,00000000
13732,4118,00000008,00108093,1,0000055d
13735,4119,0000000c,00208463,0,00000000
13738,4120,00000010,fe000ce3,0,00000000
13742,4121,00000008,00108093,1,0000055e
13745,4122,0000000c,00208463,0,00000000
13748,4123,00000010,fe000ce3,0,00000000
13752,4124,00000008,00108093,1,0000055f
13755,4125,0000000c,00208463,0,00000000
13758,4126,00000010,fe000ce3,0,00000000
13762,4127,00000008,00108093,1,00000560
13765,4128,0000000c,00208463,0,00000000
13768,4129,00000010,fe000ce3,0,00000000
13772,4130,00000008,00108093,1,00000561
13775,4131,0000000c,00208463,0,00000000
13778,4132,00000010,fe000ce3,0,00000000
13782,4133,00000008,00108093,1,00000562
13785,4134,0000000c,00208463,0,00000000
13788,4135,00000010,fe000ce3,0,00000000
13792,4136,00000008,00108093,1,00000563
13795,4137,0000000c,00208463,0,00000000
13798,4138,00000010,fe000ce3,0,00000000
13802,4139,00000008,00108093,1,00000564
13805,4140,0000000c,00208463,0,00000000
13808,4141,00000010,fe000ce3,0,00000000
13812,4142,00000008,00108093,1,00000565
13815,4143,0000000c,00208463,0,00000000
13818,4144,00000010,fe000ce3,0,00000000
13822,4145,00000008,00108093,1,00000566
13825,4146,0000000c,00208463,0,00000000
13828,4147,00000010,fe000ce3,0,00000000
13832,4148,00000008,00108093,1,00000567
13835,4149,0000000c,00208463,0,00000000
13838,4150,00000010,fe000ce3,0,00000000
13842,4151,00000008,00108093,1,00000568
13845,4152,0000000c,00208463,0,00000000
13848,4153,00000010,fe000ce3,0,00000000
13852,4154,00000008,00108093,1,00000569
13855,4155,0000000c,00208463,0,00000000
13858,4156,00000010,fe000ce3,0,00000000
13862,4157,00000008,00108093,1,0000056a
13865,4158,0000000c,00208463,0,00000000
13868,4159,00000010,fe000ce3,0,00000000
13872,4160,00000008,00108093,1,0000056b
13875,4161,0000000c,00208463,0,00000000
13878,4162,00000010,fe000ce3,0,00000000
13882,4163,00000008,00108093,1,0000056c
13885,4164,0000000c,00208463,0,00000000
13888,4165,00000010,fe000ce3,0,00000000
13892,4166,00000008,00108093,1,0000056d
13895,4167,0000000c,00208463,0,00000000
13898,4168,00000010,fe000ce3,0,00000000
13902,4169,00000008,00108093,1,0000056e
13905,4170,0000000c,00208463,0,00000000
13908,4171,00000010,fe000ce3,0,00000000
13912,4172,00000008,00108093,1,0000056f
13915,4173,0000000c,00208463,0,00000000
13918,4174,00000010,fe000ce3,0,00000000
13922,4175,00000008,00108093,1,00000570
13925,4176,0000000c,00208463,0,00000000
13928,4177,00000010,fe000ce3,0,00000000
13932,4178,00000008,00108093,1,00000571
13935,4179,0000000c,00208463,0,00000000
13938,4180,00000010,fe000ce3,0,00000000
13942,4181,00000008,00108093,1,00000572
13945,4182,0000000c,00208463,0,00000000
13948,4183,00000010,fe000ce3,0,00000000
13952,4184,00000008,00108093,1,00000573
13955,4185,0000000c,00208463,0,00000000
13958,4186,00000010,fe000ce3,0,00000000
13962,4187,00000008,00108093,1,00000574
13965,4188,0000000c,00208463,0,00000000
13968,4189,00000010,fe000ce3,0,00000000
13972,4190,00000008,00108093,1,00000575
13975,4191,0000000c,00208463,0,00000000
13978,4192,00000010,fe000ce3,0,00000000
13982,4193,00000008,00108093,1,00000576
13985,4194,0000000c,00208463,0,00000000
13988,4195,00000010,fe000ce3,0,00000000
13992,4196,00000008,00108093,1,00000577
13995,4197,0000000c,00208463,0,00000000
13998,4198,00000010,fe000ce3,0,00000000
14002,4199,00000008,00108093,1,00000578
14005,4200,0000000c,00208463,0,00000000
14008,4201,00000010,fe000ce3,0,00000000
14012,4202,00000008,00108093,1,00000579
14015,4203,0000000c,00208463,0,00000000
14018,4204,00000010,fe000ce3,0,00000000
14022,4205,00000008,00108093,1,0000057a
14025,4206,0000000c,00208463,0,00000000
14028,4207,00000010,fe000ce3,0,00000000
14032,4208,00000008,00108093,1,0000057b
14035,4209,0000000c,00208463,0,00000000
14038,4210,00000010,fe000ce3,0,00000000
14042,4211,00000008,00108093,1,0000057c
14045,4212,0000000c,00208463,0,00000000
14048,4213,00000010,fe000ce3,0,00000000
14052,4214,00000008,00108093,1,0000057d
14055,4215,0000000c,00208463,0,00000000
14058,4216,00000010,fe000ce3,0,00000000
14062,4217,00000008,00108093,1,0000057e
14065,4218,0000000c,00208463,0,00000000
14068,4219,00000010,fe000ce3,0,00000000
14072,4220,00000008,00108093,1,0000057f
14075,4221,0000000c,00208463,0,00000000
14078,4222,00000010,fe000ce3,0,00000000
14082,4223,00000008,00108093,1,00000580
14085,4224,0000000c,00208463,0,00000000
14088,4225,00000010,fe000ce3,0,00000000
14092,4226,00000008,00108093,1,00000581
14095,4227,0000000c,00208463,0,00000000
14098,4228,00000010,fe000ce3,0,00000000
14102,4229,00000008,00108093,1,00000582
14105,4230,0000000c,00208463,0,00000000
14108,4231,00000010,fe000ce3,0,00000000
14112,4232,00000008,00108093,1,00000583
14115,4233,0000000c,00208463,0,00000000
14118,4234,00000010,fe000ce3,0,00000000
14122,4235,00000008,00108093,1,00000584
14125,4236,0000000c,00208463,0,00000000
14128,4237,00000010,fe000ce3,0,00000000
14132,4238,00000008,00108093,1,00000585
14135,4239,0000000c,00208463,0,00000000
14138,4240,00000010,fe000ce3,0,00000000
14142,4241,00000008,00108093,1,00000586
14145,4242,0000000c,00208463,0,00000000
14148,4243,00000010,fe000ce3,0,00000000
14152,4244,00000008,00108093,1,00000587
14155,4245,0000000c,00208463,0,00000000
14158,4246,00000010,fe000ce3,0,00000000
14162,4247,00000008,00108093,1,00000588
14165,4248,0000000c,00208463,0,00000000
14168,4249,00000010,fe000ce3,0,00000000
14172,4250,00000008,00108093,1,00000589
14175,4251,0000000c,00208463,0,00000000
14178,4252,00000010,fe000ce3,0,00000000
14182,4253,00000008,00108093,1,0000058a
14185,4254,0000000c,00208463,0,00000000
14188,4255,00000010,fe000ce3,0,00000000
14192,4256,00000008,00108093,1,0000058b
14195,4257,0000000c,00208463,0,00000000
14198,4258,00000010,fe000ce3,0,00000000
14202,4259,00000008,00108093,1,0000058c
14205,4260,0000000c,00208463,0,00000000
14208,4261,00000010,fe000ce3,0,00000000
14212,4262,00000008,00108093,1,0000058d
14215,4263,0000000c,00208463,0,00000000
14218,4264,00000010,fe000ce3,0,00000000
14222,4265,00000008,00108093,1,0000058e
14225,4266,0000000c,00208463,0,00000000
14228,4267,00000010,fe000ce3,0,00000000
14232,4268,00000008,00108093,1,0000058f
14235,4269,0000000c,00208463,0,00000000
14238,4270,00000010,fe000ce3,0,00000000
14242,4271,00000008,00108093,1,00000590
14245,4272,0000000c,00208463,0,00000000
14248,4273,00000010,fe000ce3,0,00000000
14252,4274,00000008,00108093,1,00000591
14255,4275,0000000c,00208463,0,00000000
14258,4276,00000010,fe000ce3,0,00000000
14262,4277,00000008,00108093,1,00000592
14265,4278,0000000c,00208463,0,00000000
14268,4279,00000010,fe000ce3,0,00000000
14272,4280,00000008,00108093,1,00000593
14275,4281,0000000c,00208463,0,00000000
14278,4282,00000010,fe000ce3,0,00000000
14282,4283,00000008,00108093,1,00000594
14285,4284,0000000c,00208463,0,00000000
14288,4285,00000010,fe000ce3,0,00000000
14292,4286,00000008,00108093,1,00000595
14295,4287,0000000c,00208463,0,00000000
14298,4288,00000010,fe000ce3,0,00000000
14302,4289,00000008,00108093,1,00000596
14305,4290,0000000c,00208463,0,00000000
14308,4291,00000010,fe000ce3,0,00000000
14312,4292,00000008,00108093,1,00000597
14315,4293,0000000c,00208463,0,00000000
14318,4294,00000010,fe000ce3,0,00000000
14322,4295,00000008,00108093,1,00000598
14325,4296,0000000c,00208463,0,00000000
14328,4297,00000010,fe000ce3,0,00000000
14332,4298,00000008,00108093,1,00000599
14335,4299,0000000c,00208463,0,00000000
14338,4300,00000010,fe000ce3,0,00000000
14342,4301,00000008,00108093,1,0000059a
14345,4302,0000000c,00208463,0,00000000
14348,4303,00000010,fe000ce3,0,00000000
14352,4304,00000008,00108093,1,0000059b
14355,4305,0000000c,00208463,0,00000000
14358,4306,00000010,fe000ce3,0,00000000
14362,4307,00000008,00108093,1,0000059c
14365,4308,0000000c,00208463,0,00000000
14368,4309,00000010,fe000ce3,0,00000000
14372,4310,00000008,00108093,1,0000059d
14375,4311,0000000c,00208463,0,00000000
14378,4312,00000010,fe000ce3,0,00000000
14382,4313,00000008,00108093,1,0000059e
14385,4314,0000000c,00208463,0,00000000
14388,4315,00000010,fe000ce3,0,00000000
14392,4316,00000008,00108093,1,0000059f
14395,4317,0000000c,00208463,0,00000000
14398,4318,00000010,fe000ce3,0,00000000
14402,4319,00000008,00108093,1,000005a0
14405,4320,0000000c,00208463,0,00000000
14408,4321,00000010,fe000ce3,0,00000000
14412,4322,00000008,00108093,1,000005a1
14415,4323,0000000c,00208463,0,00000000
14418,4324,00000010,fe000ce3,0,00000000
14422,4325,00000008,00108093,1,000005a2
14425,4326,0000000c,00208463,0,00000000
14428,4327,00000010,fe000ce3,0,00000000
14432,4328,00000008,00108093,1,000005a3
14435,4329,0000000c,00208463,0,00000000
14438,4330,00000010,fe000ce3,0,00000000
14442,4331,00000008,00108093,1,000005a4
14445,4332,0000000c,00208463,0,00000000
14448,4333,00000010,fe000ce3,0,00000000
14452,4334,00000008,00108093,1,000005a5
14455,4335,0000000c,00208463,0,00000000
14458,4336,00000010,fe000ce3,0,00000000
14462,4337,00000008,00108093,1,000005a6
14465,4338,0000000c,00208463,0,00000000
14468,4339,00000010,fe000ce3,0,00000000
14472,4340,00000008,00108093,1,000005a7
14475,4341,0000000c,00208463,0,00000000
14478,4342,00000010,fe000ce3,0,00000000
14482,4343,00000008,00108093,1,000005a8
14485,4344,0000000c,00208463,0,00000000
14488,4345,00000010,fe000ce3,0,00000000
14492,4346,00000008,00108093,1,000005a9
14495,4347,0000000c,00208463,0,00000000
14498,4348,00000010,fe000ce3,0,00000000
14502,4349,00000008,00108093,1,000005aa
14505,4350,0000000c,00208463,0,00000000
14508,4351,00000010,fe000ce3,0,00000000
14512,4352,00000008,00108093,1,000005ab
14515,4353,0000000c,00208463,0,00000000
14518,4354,00000010,fe000ce3,0,00000000
14522,4355,00000008,00108093,1,000005ac
14525,4356,0000000c,00208463,0,00000000
14528,4357,00000010,fe000ce3,0,00000000
14532,4358,00000008,00108093,1,000005ad
14535,4359,0000000c,00208463,0,00000000
14538,4360,00000010,fe000ce3,0,00000000
14542,4361,00000008,00108093,1,000005ae
14545,4362,0000000c,00208463,0,00000000
14548,4363,00000010,fe000ce3,0,00000000
14552,4364,00000008,00108093,1,000005af
14555,4365,0000000c,00208463,0,00000000
14558,4366,00000010,fe000ce3,0,00000000
14562,4367,00000008,00108093,1,000005b0
14565,4368,0000000c,00208463,0,00000000
14568,4369,00000010,fe000ce3,0,00000000
14572,4370,00000008,00108093,1,000005b1
14575,4371,0000000c,00208463,0,00000000
14578,4372,00000010,fe000ce3,0,00000000
14582,4373,00000008,00108093,1,000005b2
14585,4374,0000000c,00208463,0,00000000
14588,4375,00000010,fe000ce3,0,00000000
14592,4376,00000008,00108093,1,000005b3
14595,4377,0000000c,00208463,0,00000000
14598,4378,00000010,fe000ce3,0,00000000
14602,4379,00000008,00108093,1,000005b4
14605,4380,0000000c,00208463,0,00000000
14608,4381,00000010,fe000ce3,0,00000000
14612,4382,00000008,00108093,1,000005b5
14615,4383,0000000c,00208463,0,00000000
14618,4384,00000010,fe000ce3,0,00000000
14622,4385,00000008,00108093,1,000005b6
14625,4386,0000000c,00208463,0,00000000
14628,4387,00000010,fe000ce3,0,00000000
14632,4388,00000008,00108093,1,000005b7
14635,4389,0000000c,00208463,0,00000000
14638,4390,00000010,fe000ce3,0,00000000
14642,4391,00000008,00108093,1,000005b8
14645,4392,0000000c,00208463,0,00000000
14648,4393,00000010,fe000ce3,0,00000000
14652,4394,00000008,00108093,1,000005b9
14655,4395,0000000c,00208463,0,00000000
14658,4396,00000010,fe000ce3,0,00000000
14662,4397,00000008,00108093,1,000005ba
14665,4398,0000000c,00208463,0,00000000
14668,4399,00000010,fe000ce3,0,00000000
14672,4400,00000008,00108093,1,000005bb
14675,4401,0000000c,00208463,0,00000000
14678,4402,00000010,fe000ce3,0,00000000
14682,4403,00000008,00108093,1,000005bc
14685,4404,0000000c,00208463,0,00000000
14688,4405,00000010,fe000ce3,0,00000000
14692,4406,00000008,00108093,1,000005bd
14695,4407,0000000c,00208463,0,00000000
14698,4408,00000010,fe000ce3,0,00000000
14702,4409,00000008,00108093,1,000005be
14705,4410,0000000c,00208463,0,00000000
14708,4411,00000010,fe000ce3,0,00000000
14712,4412,00000008,00108093,1,000005bf
14715,4413,0000000c,00208463,0,00000000
14718,4414,00000010,fe000ce3,0,00000000
14722,4415,00000008,00108093,1,000005c0
14725,4416,0000000c,00208463,0,00000000
14728,4417,00000010,fe000ce3,0,00000000
14732,4418,00000008,00108093,1,000005c1
14735,4419,0000000c,00208463,0,00000000
14738,4420,00000010,fe000ce3,0,00000000
14742,4421,00000008,00108093,1,000005c2
14745,4422,0000000c,00208463,0,00000000
14748,4423,00000010,fe000ce3,0,00000000
14752,4424,00000008,00108093,1,000005c3
14755,4425,0000000c,00208463,0,00000000
14758,4426,00000010,fe000ce3,0,00000000
14762,4427,00000008,00108093,1,000005c4
14765,4428,0000000c,00208463,0,00000000
14768,4429,00000010,fe000ce3,0,00000000
14772,4430,00000008,00108093,1,000005c5
14775,4431,0000000c,00208463,0,00000000
14778,4432,00000010,fe000ce3,0,00000000
14782,4433,00000008,00108093,1,000005c6
14785,4434,0000000c,00208463,0,00000000
14788,4435,00000010,fe000ce3,0,00000000
14792,4436,00000008,00108093,1,000005c7
14795,4437,0000000c,00208463,0,00000000
14798,4438,00000010,fe000ce3,0,00000000
14802,4439,00000008,00108093,1,000005c8
14805,4440,0000000c,00208463,0,00000000
14808,4441,00000010,fe000ce3,0,00000000
14812,4442,00000008,00108093,1,000005c9
14815,4443,0000000c,00208463,0,00000000
14818,4444,00000010,fe000ce3,0,00000000
14822,4445,00000008,00108093,1,000005ca
14825,4446,0000000c,00208463,0,00000000
14828,4447,00000010,fe000ce3,0,00000000
14832,4448,00000008,00108093,1,000005cb
14835,4449,0000000c,00208463,0,00000000
14838,4450,00000010,fe000ce3,0,00000000
14842,4451,00000008,00108093,1,000005cc
14845,4452,0000000c,00208463,0,00000000
14848,4453,00000010,fe000ce3,0,00000000
14852,4454,00000008,00108093,1,000005cd
14855,4455,0000000c,00208463,0,00000000
14858,4456,00000010,fe000ce3,0,00000000
14862,4457,00000008,00108093,1,000005ce
14865,4458,0000000c,00208463,0,00000000
14868,4459,00000010,fe000ce3,0,00000000
14872,4460,00000008,00108093,1,000005cf
14875,4461,0000000c,00208463,0,00000000
14878,4462,00000010,fe000ce3,0,00000000
14882,4463,00000008,00108093,1,000005d0
14885,4464,0000000c,00208463,0,00000000
14888,4465,00000010,fe000ce3,0,00000000
14892,4466,00000008,00108093,1,000005d1
14895,4467,0000000c,00208463,0,00000000
14898,4468,00000010,fe000ce3,0,00000000
14902,4469,00000008,00108093,1,000005d2
14905,4470,0000000c,00208463,0,00000000
14908,4471,00000010,fe000ce3,0,00000000
14912,4472,00000008,00108093,1,000005d3
14915,4473,0000000c,00208463,0,00000000
14918,4474,00000010,fe000ce3,0,00000000
14922,4475,00000008,00108093,1,000005d4
14925,4476,0000000c,00208463,0,00000000
14928,4477,00000010,fe000ce3,0,00000000
14932,4478,00000008,00108093,1,000005d5
14935,4479,0000000c,00208463,0,00000000
14938,4480,00000010,fe000ce3,0,00000000
14942,4481,00000008,00108093,1,000005d6
14945,4482,0000000c,00208463,0,00000000
14948,4483,00000010,fe000ce3,0,00000000
14952,4484,00000008,00108093,1,000005d7
14955,4485,0000000c,00208463,0,00000000
14958,4486,00000010,fe000ce3,0,00000000
14962,4487,00000008,00108093,1,000005d8
14965,4488,0000000c,00208463,0,00000000
14968,4489,00000010,fe000ce3,0,00000000
14972,4490,00000008,00108093,1,000005d9
14975,4491,0000000c,00208463,0,00000000
14978,4492,00000010,fe000ce3,0,00000000
14982,4493,00000008,00108093,1,000005da
14985,4494,0000000c,00208463,0,00000000
14988,4495,00000010,fe000ce3,0,00000000
14992,4496,00000008,00108093,1,000005db
14995,4497,0000000c,00208463,0,00000000
14998,4498,00000010,fe000ce3,0,00000000
15002,4499,00000008,00108093,1,000005dc
15005,4500,0000000c,00208463,0,00000000
15008,4501,00000010,fe000ce3,0,00000000
15012,4502,00000008,00108093,1,000005dd
15015,4503,0000000c,00208463,0,00000000
15018,4504,00000010,fe000ce3,0,00000000
15022,4505,00000008,00108093,1,000005de
15025,4506,0000000c,00208463,0,00000000
15028,4507,00000010,fe000ce3,0,00000000
15032,4508,00000008,00108093,1,000005df
15035,4509,0000000c,00208463,0,00000000
15038,4510,00000010,fe000ce3,0,00000000
15042,4511,00000008,00108093,1,000005e0
15045,4512,0000000c,00208463,0,00000000
15048,4513,00000010,fe000ce3,0,00000000
15052,4514,00000008,00108093,1,000005e1
15055,4515,0000000c,00208463,0,00000000
15058,4516,00000010,fe000ce3,0,00000000
15062,4517,00000008,00108093,1,000005e2
15065,4518,0000000c,00208463,0,00000000
15068,4519,00000010,fe000ce3,0,00000000
15072,4520,00000008,00108093,1,000005e3
15075,4521,0000000c,00208463,0,00000000
15078,4522,00000010,fe000ce3,0,00000000
15082,4523,00000008,00108093,1,000005e4
15085,4524,0000000c,00208463,0,00000000
15088,4525,00000010,fe000ce3,0,00000000
15092,4526,00000008,00108093,1,000005e5
15095,4527,0000000c,00208463,0,00000000
15098,4528,00000010,fe000ce3,0,00000000
15102,4529,00000008,00108093,1,000005e6
15105,4530,0000000c,00208463,0,00000000
15108,4531,00000010,fe000ce3,0,00000000
15112,4532,00000008,00108093,1,000005e7
15115,4533,0000000c,00208463,0,00000000
15118,4534,00000010,fe000ce3,0,00000000
15122,4535,00000008,00108093,1,000005e8
15125,4536,0000000c,00208463,0,00000000
15128,4537,00000010,fe000ce3,0,00000000
15132,4538,00000008,00108093,1,000005e9
15135,4539,0000000c,00208463,0,00000000
15138,4540,00000010,fe000ce3,0,00000000
15142,4541,00000008,00108093,1,000005ea
15145,4542,0000000c,00208463,0,00000000
15148,4543,00000010,fe000ce3,0,00000000
15152,4544,00000008,00108093,1,000005eb
15155,4545,0000000c,00208463,0,00000000
15158,4546,00000010,fe000ce3,0,00000000
15162,4547,00000008,00108093,1,000005ec
15165,4548,0000000c,00208463,0,00000000
15168,4549,00000010,fe000ce3,0,00000000
15172,4550,00000008,00108093,1,000005ed
15175,4551,0000000c,00208463,0,00000000
15178,4552,00000010,fe000ce3,0,00000000
15182,4553,00000008,00108093,1,000005ee
15185,4554,0000000c,00208463,0,00000000
15188,4555,00000010,fe000ce3,0,00000000
15192,4556,00000008,00108093,1,000005ef
15195,4557,0000000c,00208463,0,00000000
15198,4558,00000010,fe000ce3,0,00000000
15202,4559,00000008,00108093,1,000005f0
15205,4560,0000000c,00208463,0,00000000
15208,4561,00000010,fe000ce3,0,00000000
15212,4562,00000008,00108093,1,000005f1
15215,4563,0000000c,00208463,0,00000000
15218,4564,00000010,fe000ce3,0,00000000
15222,4565,00000008,00108093,1,000005f2
15225,4566,0000000c,00208463,0,00000000
15228,4567,00000010,fe000ce3,0,00000000
15232,4568,00000008,00108093,1,000005f3
15235,4569,0000000c,00208463,0,00000000
15238,4570,00000010,fe000ce3,0,00000000
15242,4571,00000008,00108093,1,000005f4
15245,4572,0000000c,00208463,0,00000000
15248,4573,00000010,fe000ce3,0,00000000
15252,4574,00000008,00108093,1,000005f5
15255,4575,0000000c,00208463,0,00000000
15258,4576,00000010,fe000ce3,0,00000000
15262,4577,00000008,00108093,1,000005f6
15265,4578,0000000c,00208463,0,00000000
15268,4579,00000010,fe000ce3,0,00000000
15272,4580,00000008,00108093,1,000005f7
15275,4581,0000000c,00208463,0,00000000
15278,4582,00000010,fe000ce3,0,00000000
15282,4583,00000008,00108093,1,000005f8
15285,4584,0000000c,00208463,0,00000000
15288,4585,00000010,fe000ce3,0,00000000
15292,4586,00000008,00108093,1,000005f9
15295,4587,0000000c,00208463,0,00000000
15298,4588,00000010,fe000ce3,0,00000000
15302,4589,00000008,00108093,1,000005fa
15305,4590,0000000c,00208463,0,00000000
15308,4591,00000010,fe000ce3,0,00000000
15312,4592,00000008,00108093,1,000005fb
15315,4593,0000000c,00208463,0,00000000
15318,4594,00000010,fe000ce3,0,00000000
15322,4595,00000008,00108093,1,000005fc
15325,4596,0000000c,00208463,0,00000000
15328,4597,00000010,fe000ce3,0,00000000
15332,4598,00000008,00108093,1,000005fd
15335,4599,0000000c,00208463,0,00000000
15338,4600,00000010,fe000ce3,0,00000000
15342,4601,00000008,00108093,1,000005fe
15345,4602,0000000c,00208463,0,00000000
15348,4603,00000010,fe000ce3,0,00000000
15352,4604,00000008,00108093,1,000005ff
15355,4605,0000000c,00208463,0,00000000
15358,4606,00000010,fe000ce3,0,00000000
15362,4607,00000008,00108093,1,00000600
15365,4608,0000000c,00208463,0,00000000
15368,4609,00000010,fe000ce3,0,00000000
15372,4610,00000008,00108093,1,00000601
15375,4611,0000000c,00208463,0,00000000
15378,4612,00000010,fe000ce3,0,00000000
15382,4613,00000008,00108093,1,00000602
15385,4614,0000000c,00208463,0,00000000
15388,4615,00000010,fe000ce3,0,00000000
15392,4616,00000008,00108093,1,00000603
15395,4617,0000000c,00208463,0,00000000
15398,4618,00000010,fe000ce3,0,00000000
15402,4619,00000008,00108093,1,00000604
15405,4620,0000000c,00208463,0,00000000
15408,4621,00000010,fe000ce3,0,00000000
15412,4622,00000008,00108093,1,00000605
15415,4623,0000000c,00208463,0,00000000
15418,4624,00000010,fe000ce3,0,00000000
15422,4625,00000008,00108093,1,00000606
15425,4626,0000000c,00208463,0,00000000
15428,4627,00000010,fe000ce3,0,00000000
15432,4628,00000008,00108093,1,00000607
15435,4629,0000000c,00208463,0,00000000
15438,4630,00000010,fe000ce3,0,00000000
15442,4631,00000008,00108093,1,00000608
15445,4632,0000000c,00208463,0,00000000
15448,4633,00000010,fe000ce3,0,00000000
15452,4634,00000008,00108093,1,00000609
15455,4635,0000000c,00208463,0,00000000
15458,4636,00000010,fe000ce3,0,00000000
15462,4637,00000008,00108093,1,0000060a
15465,4638,0000000c,00208463,0,00000000
15468,4639,00000010,fe000ce3,0,00000000
15472,4640,00000008,00108093,1,0000060b
15475,4641,0000000c,00208463,0,00000000
15478,4642,00000010,fe000ce3,0,00000000
15482,4643,00000008,00108093,1,0000060c
15485,4644,0000000c,00208463,0,00000000
15488,4645,00000010,fe000ce3,0,00000000
15492,4646,00000008,00108093,1,0000060d
15495,4647,0000000c,00208463,0,00000000
15498,4648,00000010,fe000ce3,0,00000000
15502,4649,00000008,00108093,1,0000060e
15505,4650,0000000c,00208463,0,00000000
15508,4651,00000010,fe000ce3,0,00000000
15512,4652,00000008,00108093,1,0000060f
15515,4653,0000000c,00208463,0,00000000
15518,4654,00000010,fe000ce3,0,00000000
15522,4655,00000008,00108093,1,00000610
15525,4656,0000000c,00208463,0,00000000
15528,4657,00000010,fe000ce3,0,00000000
15532,4658,00000008,00108093,1,00000611
15535,4659,0000000c,00208463,0,00000000
15538,4660,00000010,fe000ce3,0,00000000
15542,4661,00000008,00108093,1,00000612
15545,4662,0000000c,00208463,0,00000000
15548,4663,00000010,fe000ce3,0,00000000
15552,4664,00000008,00108093,1,00000613
15555,4665,0000000c,00208463,0,00000000
15558,4666,00000010,fe000ce3,0,00000000
15562,4667,00000008,00108093,1,00000614
15565,4668,0000000c,00208463,0,00000000
15568,4669,00000010,fe000ce3,0,00000000
15572,4670,00000008,00108093,1,00000615
15575,4671,0000000c,00208463,0,00000000
15578,4672,00000010,fe000ce3,0,00000000
15582,4673,00000008,00108093,1,00000616
15585,4674,0000000c,00208463,0,00000000
15588,4675,00000010,fe000ce3,0,00000000
15592,4676,00000008,00108093,1,00000617
15595,4677,0000000c,00208463,0,00000000
15598,4678,00000010,fe000ce3,0,00000000
15602,4679,00000008,00108093,1,00000618
15605,4680,0000000c,00208463,0,00000000
15608,4681,00000010,fe000ce3,0,00000000
15612,4682,00000008,00108093,1,00000619
15615,4683,0000000c,00208463,0,00000000
15618,4684,00000010,fe000ce3,0,00000000
15622,4685,00000008,00108093,1,0000061a
15625,4686,0000000c,00208463,0,00000000
15628,4687,00000010,fe000ce3,0,00000000
15632,4688,00000008,00108093,1,0000061b
15635,4689,0000000c,00208463,0,00000000
15638,4690,00000010,fe000ce3,0,00000000
15642,4691,00000008,00108093,1,0000061c
15645,4692,0000000c,00208463,0,00000000
15648,4693,00000010,fe000ce3,0,00000000
15652,4694,00000008,00108093,1,0000061d
15655,4695,0000000c,00208463,0,00000000
15658,4696,00000010,fe000ce3,0,00000000
15662,4697,00000008,00108093,1,0000061e
15665,4698,0000000c,00208463,0,00000000
15668,4699,00000010,fe000ce3,0,00000000
15672,4700,00000008,00108093,1,0000061f
15675,4701,0000000c,00208463,0,00000000
15678,4702,00000010,fe000ce3,0,00000000
15682,4703,00000008,00108093,1,00000620
15685,4704,0000000c,00208463,0,00000000
15688,4705,00000010,fe000ce3,0,00000000
15692,4706,00000008,00108093,1,00000621
15695,4707,0000000c,00208463,0,00000000
15698,4708,00000010,fe000ce3,0,00000000
15702,4709,00000008,00108093,1,00000622
15705,4710,0000000c,00208463,0,00000000
15708,4711,00000010,fe000ce3,0,00000000
15712,4712,00000008,00108093,1,00000623
15715,4713,0000000c,00208463,0,00000000
15718,4714,00000010,fe000ce3,0,00000000
15722,4715,00000008,00108093,1,00000624
15725,4716,0000000c,00208463,0,00000000
15728,4717,00000010,fe000ce3,0,00000000
15732,4718,00000008,00108093,1,00000625
15735,4719,0000000c,00208463,0,00000000
15738,4720,00000010,fe000ce3,0,00000000
15742,4721,00000008,00108093,1,00000626
15745,4722,0000000c,00208463,0,00000000
15748,4723,00000010,fe000ce3,0,00000000
15752,4724,00000008,00108093,1,00000627
15755,4725,0000000c,00208463,0,00000000
15758,4726,00000010,fe000ce3,0,00000000
15762,4727,00000008,00108093,1,00000628
15765,4728,0000000c,00208463,0,00000000
15768,4729,00000010,fe000ce3,0,00000000
15772,4730,00000008,00108093,1,00000629
15775,4731,0000000c,00208463,0,00000000
15778,4732,00000010,fe000ce3,0,00000000
15782,4733,00000008,00108093,1,0000062a
15785,4734,0000000c,00208463,0,00000000
15788,4735,00000010,fe000ce3,0,00000000
15792,4736,00000008,00108093,1,0000062b
15795,4737,0000000c,00208463,0,00000000
15798,4738,00000010,fe000ce3,0,00000000
15802,4739,00000008,00108093,1,0000062c
15805,4740,0000000c,00208463,0,00000000
15808,4741,00000010,fe000ce3,0,00000000
15812,4742,00000008,00108093,1,0000062d
15815,4743,0000000c,00208463,0,00000000
15818,4744,00000010,fe000ce3,0,00000000
15822,4745,00000008,00108093,1,0000062e
15825,4746,0000000c,00208463,0,00000000
15828,4747,00000010,fe000ce3,0,00000000
15832,4748,00000008,00108093,1,0000062f
15835,4749,0000000c,00208463,0,00000000
15838,4750,00000010,fe000ce3,0,00000000
15842,4751,00000008,00108093,1,00000630
15845,4752,0000000c,00208463,0,00000000
15848,4753,00000010,fe000ce3,0,00000000
15852,4754,00000008,00108093,1,00000631
15855,4755,0000000c,00208463,0,00000000
15858,4756,00000010,fe000ce3,0,00000000
15862,4757,00000008,00108093,1,00000632
15865,4758,0000000c,00208463,0,00000000
15868,4759,00000010,fe000ce3,0,00000000
15872,4760,00000008,00108093,1,00000633
15875,4761,0000000c,00208463,0,00000000
15878,4762,00000010,fe000ce3,0,00000000
15882,4763,00000008,00108093,1,00000634
15885,4764,0000000c,00208463,0,00000000
15888,4765,00000010,fe000ce3,0,00000000
15892,4766,00000008,00108093,1,00000635
15895,4767,0000000c,00208463,0,00000000
15898,4768,00000010,fe000ce3,0,00000000
15902,4769,00000008,00108093,1,00000636
15905,4770,0000000c,00208463,0,00000000
15908,4771,00000010,fe000ce3,0,00000000
15912,4772,00000008,00108093,1,00000637
15915,4773,0000000c,00208463,0,00000000
15918,4774,00000010,fe000ce3,0,00000000
15922,4775,00000008,00108093,1,00000638
15925,4776,0000000c,00208463,0,00000000
15928,4777,00000010,fe000ce3,0,00000000
15932,4778,00000008,00108093,1,00000639
15935,4779,0000000c,00208463,0,00000000
15938,4780,00000010,fe000ce3,0,00000000
15942,4781,00000008,00108093,1,0000063a
15945,4782,0000000c,00208463,0,00000000
15948,4783,00000010,fe000ce3,0,00000000
15952,4784,00000008,00108093,1,0000063b
15955,4785,0000000c,00208463,0,00000000
15958,4786,00000010,fe000ce3,0,00000000
15962,4787,00000008,00108093,1,0000063c
15965,4788,0000000c,00208463,0,00000000
15968,4789,00000010,fe000ce3,0,00000000
15972,4790,00000008,00108093,1,0000063d
15975,4791,0000000c,00208463,0,00000000
15978,4792,00000010,fe000ce3,0,00000000
15982,4793,00000008,00108093,1,0000063e
15985,4794,0000000c,00208463,0,00000000
15988,4795,00000010,fe000ce3,0,00000000
15992,4796,00000008,00108093,1,0000063f
15995,4797,0000000c,00208463,0,00000000
15998,4798,00000010,fe000ce3,0,00000000
16002,4799,00000008,00108093,1,00000640
16005,4800,0000000c,00208463,0,00000000
16008,4801,00000010,fe000ce3,0,00000000
16012,4802,00000008,00108093,1,00000641
16015,4803,0000000c,00208463,0,00000000
16018,4804,00000010,fe000ce3,0,00000000
16022,4805,00000008,00108093,1,00000642
16025,4806,0000000c,00208463,0,00000000
16028,4807,00000010,fe000ce3,0,00000000
16032,4808,00000008,00108093,1,00000643
16035,4809,0000000c,00208463,0,00000000
16038,4810,00000010,fe000ce3,0,00000000
16042,4811,00000008,00108093,1,00000644
16045,4812,0000000c,00208463,0,00000000
16048,4813,00000010,fe000ce3,0,00000000
16052,4814,00000008,00108093,1,00000645
16055,4815,0000000c,00208463,0,00000000
16058,4816,00000010,fe000ce3,0,00000000
16062,4817,00000008,00108093,1,00000646
16065,4818,0000000c,00208463,0,00000000
16068,4819,00000010,fe000ce3,0,00000000
16072,4820,00000008,00108093,1,00000647
16075,4821,0000000c,00208463,0,00000000
16078,4822,00000010,fe000ce3,0,00000000
16082,4823,00000008,00108093,1,00000648
16085,4824,0000000c,00208463,0,00000000
16088,4825,00000010,fe000ce3,0,00000000
16092,4826,00000008,00108093,1,00000649
16095,4827,0000000c,00208463,0,00000000
16098,4828,00000010,fe000ce3,0,00000000
16102,4829,00000008,00108093,1,0000064a
16105,4830,0000000c,00208463,0,00000000
16108,4831,00000010,fe000ce3,0,00000000
16112,4832,00000008,00108093,1,0000064b
16115,4833,0000000c,00208463,0,00000000
16118,4834,00000010,fe000ce3,0,00000000
16122,4835,00000008,00108093,1,0000064c
16125,4836,0000000c,00208463,0,00000000
16128,4837,00000010,fe000ce3,0,00000000
16132,4838,00000008,00108093,1,0000064d
16135,4839,0000000c,00208463,0,00000000
16138,4840,00000010,fe000ce3,0,00000000
16142,4841,00000008,00108093,1,0000064e
16145,4842,0000000c,00208463,0,00000000
16148,4843,00000010,fe000ce3,0,00000000
16152,4844,00000008,00108093,1,0000064f
16155,4845,0000000c,00208463,0,00000000
16158,4846,00000010,fe000ce3,0,00000000
16162,4847,00000008,00108093,1,00000650
16165,4848,0000000c,00208463,0,00000000
16168,4849,00000010,fe000ce3,0,00000000
16172,4850,00000008,00108093,1,00000651
16175,4851,0000000c,00208463,0,00000000
16178,4852,00000010,fe000ce3,0,00000000
16182,4853,00000008,00108093,1,00000652
16185,4854,0000000c,00208463,0,00000000
16188,4855,00000010,fe000ce3,0,00000000
16192,4856,00000008,00108093,1,00000653
16195,4857,0000000c,00208463,0,00000000
16198,4858,00000010,fe000ce3,0,00000000
16202,4859,00000008,00108093,1,00000654
16205,4860,0000000c,00208463,0,00000000
16208,4861,00000010,fe000ce3,0,00000000
16212,4862,00000008,00108093,1,00000655
16215,4863,0000000c,00208463,0,00000000
16218,4864,00000010,fe000ce3,0,00000000
16222,4865,00000008,00108093,1,00000656
16225,4866,0000000c,00208463,0,00000000
16228,4867,00000010,fe000ce3,0,00000000
16232,4868,00000008,00108093,1,00000657
16235,4869,0000000c,00208463,0,00000000
16238,4870,00000010,fe000ce3,0,00000000
16242,4871,00000008,00108093,1,00000658
16245,4872,0000000c,00208463,0,00000000
16248,4873,00000010,fe000ce3,0,00000000
16252,4874,00000008,00108093,1,00000659
16255,4875,0000000c,00208463,0,00000000
16258,4876,00000010,fe000ce3,0,00000000
16262,4877,00000008,00108093,1,0000065a
16265,4878,0000000c,00208463,0,00000000
16268,4879,00000010,fe000ce3,0,00000000
16272,4880,00000008,00108093,1,0000065b
16275,4881,0000000c,00208463,0,00000000
16278,4882,00000010,fe000ce3,0,00000000
16282,4883,00000008,00108093,1,0000065c
16285,4884,0000000c,00208463,0,00000000
16288,4885,00000010,fe000ce3,0,00000000
16292,4886,00000008,00108093,1,0000065d
16295,4887,0000000c,00208463,0,00000000
16298,4888,00000010,fe000ce3,0,00000000
16302,4889,00000008,00108093,1,0000065e
16305,4890,0000000c,00208463,0,00000000
16308,4891,00000010,fe000ce3,0,00000000
16312,4892,00000008,00108093,1,0000065f
16315,4893,0000000c,00208463,0,00000000
16318,4894,00000010,fe000ce3,0,00000000
16322,4895,00000008,00108093,1,00000660
16325,4896,0000000c,00208463,0,00000000
16328,4897,00000010,fe000ce3,0,00000000
16332,4898,00000008,00108093,1,00000661
16335,4899,0000000c,00208463,0,00000000
16338,4900,00000010,fe000ce3,0,00000000
16342,4901,00000008,00108093,1,00000662
16345,4902,0000000c,00208463,0,00000000
16348,4903,00000010,fe000ce3,0,00000000
16352,4904,00000008,00108093,1,00000663
16355,4905,0000000c,00208463,0,00000000
16358,4906,00000010,fe000ce3,0,00000000
16362,4907,00000008,00108093,1,00000664
16365,4908,0000000c,00208463,0,00000000
16368,4909,00000010,fe000ce3,0,00000000
16372,4910,00000008,00108093,1,00000665
16375,4911,0000000c,00208463,0,00000000
16378,4912,00000010,fe000ce3,0,00000000
16382,4913,00000008,00108093,1,00000666
16385,4914,0000000c,00208463,0,00000000
16388,4915,00000010,fe000ce3,0,00000000
16392,4916,00000008,00108093,1,00000667
16395,4917,0000000c,00208463,0,00000000
16398,4918,00000010,fe000ce3,0,00000000
16402,4919,00000008,00108093,1,00000668
16405,4920,0000000c,00208463,0,00000000
16408,4921,00000010,fe000ce3,0,00000000
16412,4922,00000008,00108093,1,00000669
16415,4923,0000000c,00208463,0,00000000
16418,4924,00000010,fe000ce3,0,00000000
16422,4925,00000008,00108093,1,0000066a
16425,4926,0000000c,00208463,0,00000000
16428,4927,00000010,fe000ce3,0,00000000
16432,4928,00000008,00108093,1,0000066b
16435,4929,0000000c,00208463,0,00000000
16438,4930,00000010,fe000ce3,0,00000000
16442,4931,00000008,00108093,1,0000066c
16445,4932,0000000c,00208463,0,00000000
16448,4933,00000010,fe000ce3,0,00000000
16452,4934,00000008,00108093,1,0000066d
16455,4935,0000000c,00208463,0,00000000
16458,4936,00000010,fe000ce3,0,00000000
16462,4937,00000008,00108093,1,0000066e
16465,4938,0000000c,00208463,0,00000000
16468,4939,00000010,fe000ce3,0,00000000
16472,4940,00000008,00108093,1,0000066f
16475,4941,0000000c,00208463,0,00000000
16478,4942,00000010,fe000ce3,0,00000000
16482,4943,00000008,00108093,1,00000670
16485,4944,0000000c,00208463,0,00000000
16488,4945,00000010,fe000ce3,0,00000000
16492,4946,00000008,00108093,1,00000671
16495,4947,0000000c,00208463,0,00000000
16498,4948,00000010,fe000ce3,0,00000000
16502,4949,00000008,00108093,1,00000672
16505,4950,0000000c,00208463,0,00000000
16508,4951,00000010,fe000ce3,0,00000000
16512,4952,00000008,00108093,1,00000673
16515,4953,0000000c,00208463,0,00000000
16518,4954,00000010,fe000ce3,0,00000000
16522,4955,00000008,00108093,1,00000674
16525,4956,0000000c,00208463,0,00000000
16528,4957,00000010,fe000ce3,0,00000000
16532,4958,00000008,00108093,1,00000675
16535,4959,0000000c,00208463,0,00000000
16538,4960,00000010,fe000ce3,0,00000000
16542,4961,00000008,00108093,1,00000676
16545,4962,0000000c,00208463,0,00000000
16548,4963,00000010,fe000ce3,0,00000000
16552,4964,00000008,00108093,1,00000677
16555,4965,0000000c,00208463,0,00000000
16558,4966,00000010,fe000ce3,0,00000000
16562,4967,00000008,00108093,1,00000678
16565,4968,0000000c,00208463,0,00000000
16568,4969,00000010,fe000ce3,0,00000000
16572,4970,00000008,00108093,1,00000679
16575,4971,0000000c,00208463,0,00000000
16578,4972,00000010,fe000ce3,0,00000000
16582,4973,00000008,00108093,1,0000067a
16585,4974,0000000c,00208463,0,00000000
16588,4975,00000010,fe000ce3,0,00000000
16592,4976,00000008,00108093,1,0000067b
16595,4977,0000000c,00208463,0,00000000
16598,4978,00000010,fe000ce3,0,00000000
16602,4979,00000008,00108093,1,0000067c
16605,4980,0000000c,00208463,0,00000000
16608,4981,00000010,fe000ce3,0,00000000
16612,4982,00000008,00108093,1,0000067d
16615,4983,0000000c,00208463,0,00000000
16618,4984,00000010,fe000ce3,0,00000000
16622,4985,00000008,00108093,1,0000067e
16625,4986,0000000c,00208463,0,00000000
16628,4987,00000010,fe000ce3,0,00000000
16632,4988,00000008,00108093,1,0000067f
16635,4989,0000000c,00208463,0,00000000
16638,4990,00000010,fe000ce3,0,00000000
16642,4991,00000008,00108093,1,00000680
16645,4992,0000000c,00208463,0,00000000
16648,4993,00000010,fe000ce3,0,00000000
16652,4994,00000008,00108093,1,00000681
16655,4995,0000000c,00208463,0,00000000
16658,4996,00000010,fe000ce3,0,00000000
16662,4997,00000008,00108093,1,00000682
16665,4998,0000000c,00208463,0,00000000
16668,4999,00000010,fe000ce3,0,00000000
16672,5000,00000008,00108093,1,00000683
16675,5001,0000000c,00208463,0,00000000
16678,5002,00000010,fe000ce3,0,00000000
16682,5003,00000008,00108093,1,00000684
16685,5004,0000000c,00208463,0,00000000
16688,5005,00000010,fe000ce3,0,00000000
16692,5006,00000008,00108093,1,00000685
16695,5007,0000000c,00208463,0,00000000
16698,5008,00000010,fe000ce3,0,00000000
16702,5009,00000008,00108093,1,00000686
16705,5010,0000000c,00208463,0,00000000
16708,5011,00000010,fe000ce3,0,00000000
16712,5012,00000008,00108093,1,00000687
16715,5013,0000000c,00208463,0,00000000
16718,5014,00000010,fe000ce3,0,00000000
16722,5015,00000008,00108093,1,00000688
16725,5016,0000000c,00208463,0,00000000
16728,5017,00000010,fe000ce3,0,00000000
16732,5018,00000008,00108093,1,00000689
16735,5019,0000000c,00208463,0,00000000
16738,5020,00000010,fe000ce3,0,00000000
16742,5021,00000008,00108093,1,0000068a
16745,5022,0000000c,00208463,0,00000000
16748,5023,00000010,fe000ce3,0,00000000
16752,5024,00000008,00108093,1,0000068b
16755,5025,0000000c,00208463,0,00000000
16758,5026,00000010,fe000ce3,0,00000000
16762,5027,00000008,00108093,1,0000068c
16765,5028,0000000c,00208463,0,00000000
16768,5029,00000010,fe000ce3,0,00000000
16772,5030,00000008,00108093,1,0000068d
16775,5031,0000000c,00208463,0,00000000
16778,5032,00000010,fe000ce3,0,00000000
16782,5033,00000008,00108093,1,0000068e
16785,5034,0000000c,00208463,0,00000000
16788,5035,00000010,fe000ce3,0,00000000
16792,5036,00000008,00108093,1,0000068f
16795,5037,0000000c,00208463,0,00000000
16798,5038,00000010,fe000ce3,0,00000000
16802,5039,00000008,00108093,1,00000690
16805,5040,0000000c,00208463,0,00000000
16808,5041,00000010,fe000ce3,0,00000000
16812,5042,00000008,00108093,1,00000691
16815,5043,0000000c,00208463,0,00000000
16818,5044,00000010,fe000ce3,0,00000000
16822,5045,00000008,00108093,1,00000692
16825,5046,0000000c,00208463,0,00000000
16828,5047,00000010,fe000ce3,0,00000000
16832,5048,00000008,00108093,1,00000693
16835,5049,0000000c,00208463,0,00000000
16838,5050,00000010,fe000ce3,0,00000000
16842,5051,00000008,00108093,1,00000694
16845,5052,0000000c,00208463,0,00000000
16848,5053,00000010,fe000ce3,0,00000000
16852,5054,00000008,00108093,1,00000695
16855,5055,0000000c,00208463,0,00000000
16858,5056,00000010,fe000ce3,0,00000000
16862,5057,00000008,00108093,1,00000696
16865,5058,0000000c,00208463,0,00000000
16868,5059,00000010,fe000ce3,0,00000000
16872,5060,00000008,00108093,1,00000697
16875,5061,0000000c,00208463,0,00000000
16878,5062,00000010,fe000ce3,0,00000000
16882,5063,00000008,00108093,1,00000698
16885,5064,0000000c,00208463,0,00000000
16888,5065,00000010,fe000ce3,0,00000000
16892,5066,00000008,00108093,1,00000699
16895,5067,0000000c,00208463,0,00000000
16898,5068,00000010,fe000ce3,0,00000000
16902,5069,00000008,00108093,1,0000069a
16905,5070,0000000c,00208463,0,00000000
16908,5071,00000010,fe000ce3,0,00000000
16912,5072,00000008,00108093,1,0000069b
16915,5073,0000000c,00208463,0,00000000
16918,5074,00000010,fe000ce3,0,00000000
16922,5075,00000008,00108093,1,0000069c
16925,5076,0000000c,00208463,0,00000000
16928,5077,00000010,fe000ce3,0,00000000
16932,5078,00000008,00108093,1,0000069d
16935,5079,0000000c,00208463,0,00000000
16938,5080,00000010,fe000ce3,0,00000000
16942,5081,00000008,00108093,1,0000069e
16945,5082,0000000c,00208463,0,00000000
16948,5083,00000010,fe000ce3,0,00000000
16952,5084,00000008,00108093,1,0000069f
16955,5085,0000000c,00208463,0,00000000
16958,5086,00000010,fe000ce3,0,00000000
16962,5087,00000008,00108093,1,000006a0
16965,5088,0000000c,00208463,0,00000000
16968,5089,00000010,fe000ce3,0,00000000
16972,5090,00000008,00108093,1,000006a1
16975,5091,0000000c,00208463,0,00000000
16978,5092,00000010,fe000ce3,0,00000000
16982,5093,00000008,00108093,1,000006a2
16985,5094,0000000c,00208463,0,00000000
16988,5095,00000010,fe000ce3,0,00000000
16992,5096,00000008,00108093,1,000006a3
16995,5097,0000000c,00208463,0,00000000
16998,5098,00000010,fe000ce3,0,00000000
17002,5099,00000008,00108093,1,000006a4
17005,5100,0000000c,00208463,0,00000000
17008,5101,00000010,fe000ce3,0,00000000
17012,5102,00000008,00108093,1,000006a5
17015,5103,0000000c,00208463,0,00000000
17018,5104,00000010,fe000ce3,0,00000000
17022,5105,00000008,00108093,1,000006a6
17025,5106,0000000c,00208463,0,00000000
17028,5107,00000010,fe000ce3,0,00000000
17032,5108,00000008,00108093,1,000006a7
17035,5109,0000000c,00208463,0,00000000
17038,5110,00000010,fe000ce3,0,00000000
17042,5111,00000008,00108093,1,000006a8
17045,5112,0000000c,00208463,0,00000000
17048,5113,00000010,fe000ce3,0,00000000
17052,5114,00000008,00108093,1,000006a9
17055,5115,0000000c,00208463,0,00000000
17058,5116,00000010,fe000ce3,0,00000000
17062,5117,00000008,00108093,1,000006aa
17065,5118,0000000c,00208463,0,00000000
17068,5119,00000010,fe000ce3,0,00000000
17072,5120,00000008,00108093,1,000006ab
17075,5121,0000000c,00208463,0,00000000
17078,5122,00000010,fe000ce3,0,00000000
17082,5123,00000008,00108093,1,000006ac
17085,5124,0000000c,00208463,0,00000000
17088,5125,00000010,fe000ce3,0,00000000
17092,5126,00000008,00108093,1,000006ad
17095,5127,0000000c,00208463,0,00000000
17098,5128,00000010,fe000ce3,0,00000000
17102,5129,00000008,00108093,1,000006ae
17105,5130,0000000c,00208463,0,00000000
17108,5131,00000010,fe000ce3,0,00000000
17112,5132,00000008,00108093,1,000006af
17115,5133,0000000c,00208463,0,00000000
17118,5134,00000010,fe000ce3,0,00000000
17122,5135,00000008,00108093,1,000006b0
17125,5136,0000000c,00208463,0,00000000
17128,5137,00000010,fe000ce3,0,00000000
17132,5138,00000008,00108093,1,000006b1
17135,5139,0000000c,00208463,0,00000000
17138,5140,00000010,fe000ce3,0,00000000
17142,5141,00000008,00108093,1,000006b2
17145,5142,0000000c,00208463,0,00000000
17148,5143,00000010,fe000ce3,0,00000000
17152,5144,00000008,00108093,1,000006b3
17155,5145,0000000c,00208463,0,00000000
17158,5146,00000010,fe000ce3,0,00000000
17162,5147,00000008,00108093,1,000006b4
17165,5148,0000000c,00208463,0,00000000
17168,5149,00000010,fe000ce3,0,00000000
17172,5150,00000008,00108093,1,000006b5
17175,5151,0000000c,00208463,0,00000000
17178,5152,00000010,fe000ce3,0,00000000
17182,5153,00000008,00108093,1,000006b6
17185,5154,0000000c,00208463,0,00000000
17188,5155,00000010,fe000ce3,0,00000000
17192,5156,00000008,00108093,1,000006b7
17195,5157,0000000c,00208463,0,00000000
17198,5158,00000010,fe000ce3,0,00000000
17202,5159,00000008,00108093,1,000006b8
17205,5160,0000000c,00208463,0,00000000
17208,5161,00000010,fe000ce3,0,00000000
17212,5162,00000008,00108093,1,000006b9
17215,5163,0000000c,00208463,0,00000000
17218,5164,00000010,fe000ce3,0,00000000
17222,5165,00000008,00108093,1,000006ba
17225,5166,0000000c,00208463,0,00000000
17228,5167,00000010,fe000ce3,0,00000000
17232,5168,00000008,00108093,1,000006bb
17235,5169,0000000c,00208463,0,00000000
17238,5170,00000010,fe000ce3,0,00000000
17242,5171,00000008,00108093,1,000006bc
17245,5172,0000000c,00208463,0,00000000
17248,5173,00000010,fe000ce3,0,00000000
17252,5174,00000008,00108093,1,000006bd
17255,5175,0000000c,00208463,0,00000000
17258,5176,00000010,fe000ce3,0,00000000
17262,5177,00000008,00108093,1,000006be
17265,5178,0000000c,00208463,0,00000000
17268,5179,00000010,fe000ce3,0,00000000
17272,5180,00000008,00108093,1,000006bf
17275,5181,0000000c,00208463,0,00000000
17278,5182,00000010,fe000ce3,0,00000000
17282,5183,00000008,00108093,1,000006c0
17285,5184,0000000c,00208463,0,00000000
17288,5185,00000010,fe000ce3,0,00000000
17292,5186,00000008,00108093,1,000006c1
17295,5187,0000000c,00208463,0,00000000
17298,5188,00000010,fe000ce3,0,00000000
17302,5189,00000008,00108093,1,000006c2
17305,5190,0000000c,00208463,0,00000000
17308,5191,00000010,fe000ce3,0,00000000
17312,5192,00000008,00108093,1,000006c3
17315,5193,0000000c,00208463,0,00000000
17318,5194,00000010,fe000ce3,0,00000000
17322,5195,00000008,00108093,1,000006c4
17325,5196,0000000c,00208463,0,00000000
17328,5197,00000010,fe000ce3,0,00000000
17332,5198,00000008,00108093,1,000006c5
17335,5199,0000000c,00208463,0,00000000
17338,5200,00000010,fe000ce3,0,00000000
17342,5201,00000008,00108093,1,000006c6
17345,5202,0000000c,00208463,0,00000000
17348,5203,00000010,fe000ce3,0,00000000
17352,5204,00000008,00108093,1,000006c7
17355,5205,0000000c,00208463,0,00000000
17358,5206,00000010,fe000ce3,0,00000000
17362,5207,00000008,00108093,1,000006c8
17365,5208,0000000c,00208463,0,00000000
17368,5209,00000010,fe000ce3,0,00000000
17372,5210,00000008,00108093,1,000006c9
17375,5211,0000000c,00208463,0,00000000
17378,5212,00000010,fe000ce3,0,00000000
17382,5213,00000008,00108093,1,000006ca
17385,5214,0000000c,00208463,0,00000000
17388,5215,00000010,fe000ce3,0,00000000
17392,5216,00000008,00108093,1,000006cb
17395,5217,0000000c,00208463,0,00000000
17398,5218,00000010,fe000ce3,0,00000000
17402,5219,00000008,00108093,1,000006cc
17405,5220,0000000c,00208463,0,00000000
17408,5221,00000010,fe000ce3,0,00000000
17412,5222,00000008,00108093,1,000006cd
17415,5223,0000000c,00208463,0,00000000
17418,5224,00000010,fe000ce3,0,00000000
17422,5225,00000008,00108093,1,000006ce
17425,5226,0000000c,00208463,0,00000000
17428,5227,00000010,fe000ce3,0,00000000
17432,5228,00000008,00108093,1,000006cf
17435,5229,0000000c,00208463,0,00000000
17438,5230,00000010,fe000ce3,0,00000000
17442,5231,00000008,00108093,1,000006d0
17445,5232,0000000c,00208463,0,00000000
17448,5233,00000010,fe000ce3,0,00000000
17452,5234,00000008,00108093,1,000006d1
17455,5235,0000000c,00208463,0,00000000
17458,5236,00000010,fe000ce3,0,00000000
17462,5237,00000008,00108093,1,000006d2
17465,5238,0000000c,00208463,0,00000000
17468,5239,00000010,fe000ce3,0,00000000
17472,5240,00000008,00108093,1,000006d3
17475,5241,0000000c,00208463,0,00000000
17478,5242,00000010,fe000ce3,0,00000000
17482,5243,00000008,00108093,1,000006d4
17485,5244,0000000c,00208463,0,00000000
17488,5245,00000010,fe000ce3,0,00000000
17492,5246,00000008,00108093,1,000006d5
17495,5247,0000000c,00208463,0,00000000
17498,5248,00000010,fe000ce3,0,00000000
17502,5249,00000008,00108093,1,000006d6
17505,5250,0000000c,00208463,0,00000000
17508,5251,00000010,fe000ce3,0,00000000
17512,5252,00000008,00108093,1,000006d7
17515,5253,0000000c,00208463,0,00000000
17518,5254,00000010,fe000ce3,0,00000000
17522,5255,00000008,00108093,1,000006d8
17525,5256,0000000c,00208463,0,00000000
17528,5257,00000010,fe000ce3,0,00000000
17532,5258,00000008,00108093,1,000006d9
17535,5259,0000000c,00208463,0,00000000
17538,5260,00000010,fe000ce3,0,00000000
17542,5261,00000008,00108093,1,000006da
17545,5262,0000000c,00208463,0,00000000
17548,5263,00000010,fe000ce3,0,00000000
17552,5264,00000008,00108093,1,000006db
17555,5265,0000000c,00208463,0,00000000
17558,5266,00000010,fe000ce3,0,00000000
17562,5267,00000008,00108093,1,000006dc
17565,5268,0000000c,00208463,0,00000000
17568,5269,00000010,fe000ce3,0,00000000
17572,5270,00000008,00108093,1,000006dd
17575,5271,0000000c,00208463,0,00000000
17578,5272,00000010,fe000ce3,0,00000000
17582,5273,00000008,00108093,1,000006de
17585,5274,0000000c,00208463,0,00000000
17588,5275,00000010,fe000ce3,0,00000000
17592,5276,00000008,00108093,1,000006df
17595,5277,0000000c,00208463,0,00000000
17598,5278,00000010,fe000ce3,0,00000000
17602,5279,00000008,00108093,1,000006e0
17605,5280,0000000c,00208463,0,00000000
17608,5281,00000010,fe000ce3,0,00000000
17612,5282,00000008,00108093,1,000006e1
17615,5283,0000000c,00208463,0,00000000
17618,5284,00000010,fe000ce3,0,00000000
17622,5285,00000008,00108093,1,000006e2
17625,5286,0000000c,00208463,0,00000000
17628,5287,00000010,fe000ce3,0,00000000
17632,5288,00000008,00108093,1,000006e3
17635,5289,0000000c,00208463,0,00000000
17638,5290,00000010,fe000ce3,0,00000000
17642,5291,00000008,00108093,1,000006e4
17645,5292,0000000c,00208463,0,00000000
17648,5293,00000010,fe000ce3,0,00000000
17652,5294,00000008,00108093,1,000006e5
17655,5295,0000000c,00208463,0,00000000
17658,5296,00000010,fe000ce3,0,00000000
17662,5297,00000008,00108093,1,000006e6
17665,5298,0000000c,00208463,0,00000000
17668,5299,00000010,fe000ce3,0,00000000
17672,5300,00000008,00108093,1,000006e7
17675,5301,0000000c,00208463,0,00000000
17678,5302,00000010,fe000ce3,0,00000000
17682,5303,00000008,00108093,1,000006e8
17685,5304,0000000c,00208463,0,00000000
17688,5305,00000010,fe000ce3,0,00000000
17692,5306,00000008,00108093,1,000006e9
17695,5307,0000000c,00208463,0,00000000
17698,5308,00000010,fe000ce3,0,00000000
17702,5309,00000008,00108093,1,000006ea
17705,5310,0000000c,00208463,0,00000000
17708,5311,00000010,fe000ce3,0,00000000
17712,5312,00000008,00108093,1,000006eb
17715,5313,0000000c,00208463,0,00000000
17718,5314,00000010,fe000ce3,0,00000000
17722,5315,00000008,00108093,1,000006ec
17725,5316,0000000c,00208463,0,00000000
17728,5317,00000010,fe000ce3,0,00000000
17732,5318,00000008,00108093,1,000006ed
17735,5319,0000000c,00208463,0,00000000
17738,5320,00000010,fe000ce3,0,00000000
17742,5321,00000008,00108093,1,000006ee
17745,5322,0000000c,00208463,0,00000000
17748,5323,00000010,fe000ce3,0,00000000
17752,5324,00000008,00108093,1,000006ef
17755,5325,0000000c,00208463,0,00000000
17758,5326,00000010,fe000ce3,0,00000000
17762,5327,00000008,00108093,1,000006f0
17765,5328,0000000c,00208463,0,00000000
17768,5329,00000010,fe000ce3,0,00000000
17772,5330,00000008,00108093,1,000006f1
17775,5331,0000000c,00208463,0,00000000
17778,5332,00000010,fe000ce3,0,00000000
17782,5333,00000008,00108093,1,000006f2
17785,5334,0000000c,00208463,0,00000000
17788,5335,00000010,fe000ce3,0,00000000
17792,5336,00000008,00108093,1,000006f3
17795,5337,0000000c,00208463,0,00000000
17798,5338,00000010,fe000ce3,0,00000000
17802,5339,00000008,00108093,1,000006f4
17805,5340,0000000c,00208463,0,00000000
17808,5341,00000010,fe000ce3,0,00000000
17812,5342,00000008,00108093,1,000006f5
17815,5343,0000000c,00208463,0,00000000
17818,5344,00000010,fe000ce3,0,00000000
17822,5345,00000008,00108093,1,000006f6
17825,5346,0000000c,00208463,0,00000000
17828,5347,00000010,fe000ce3,0,00000000
17832,5348,00000008,00108093,1,000006f7
17835,5349,0000000c,00208463,0,00000000
17838,5350,00000010,fe000ce3,0,00000000
17842,5351,00000008,00108093,1,000006f8
17845,5352,0000000c,00208463,0,00000000
17848,5353,00000010,fe000ce3,0,00000000
17852,5354,00000008,00108093,1,000006f9
17855,5355,0000000c,00208463,0,00000000
17858,5356,00000010,fe000ce3,0,00000000
17862,5357,00000008,00108093,1,000006fa
17865,5358,0000000c,00208463,0,00000000
17868,5359,00000010,fe000ce3,0,00000000
17872,5360,00000008,00108093,1,000006fb
17875,5361,0000000c,00208463,0,00000000
17878,5362,00000010,fe000ce3,0,00000000
17882,5363,00000008,00108093,1,000006fc
17885,5364,0000000c,00208463,0,00000000
17888,5365,00000010,fe000ce3,0,00000000
17892,5366,00000008,00108093,1,000006fd
17895,5367,0000000c,00208463,0,00000000
17898,5368,00000010,fe000ce3,0,00000000
17902,5369,00000008,00108093,1,000006fe
17905,5370,0000000c,00208463,0,00000000
17908,5371,00000010,fe000ce3,0,00000000
17912,5372,00000008,00108093,1,000006ff
17915,5373,0000000c,00208463,0,00000000
17918,5374,00000010,fe000ce3,0,00000000
17922,5375,00000008,00108093,1,00000700
17925,5376,0000000c,00208463,0,00000000
17928,5377,00000010,fe000ce3,0,00000000
17932,5378,00000008,00108093,1,00000701
17935,5379,0000000c,00208463,0,00000000
17938,5380,00000010,fe000ce3,0,00000000
17942,5381,00000008,00108093,1,00000702
17945,5382,0000000c,00208463,0,00000000
17948,5383,00000010,fe000ce3,0,00000000
17952,5384,00000008,00108093,1,00000703
17955,5385,0000000c,00208463,0,00000000
17958,5386,00000010,fe000ce3,0,00000000
17962,5387,00000008,00108093,1,00000704
17965,5388,0000000c,00208463,0,00000000
17968,5389,00000010,fe000ce3,0,00000000
17972,5390,00000008,00108093,1,00000705
17975,5391,0000000c,00208463,0,00000000
17978,5392,00000010,fe000ce3,0,00000000
17982,5393,00000008,00108093,1,00000706
17985,5394,0000000c,00208463,0,00000000
17988,5395,00000010,fe000ce3,0,00000000
17992,5396,00000008,00108093,1,00000707
17995,5397,0000000c,00208463,0,00000000
17998,5398,00000010,fe000ce3,0,00000000
18002,5399,00000008,00108093,1,00000708
18005,5400,0000000c,00208463,0,00000000
18008,5401,00000010,fe000ce3,0,00000000
18012,5402,00000008,00108093,1,00000709
18015,5403,0000000c,00208463,0,00000000
18018,5404,00000010,fe000ce3,0,00000000
18022,5405,00000008,00108093,1,0000070a
18025,5406,0000000c,00208463,0,00000000
18028,5407,00000010,fe000ce3,0,00000000
18032,5408,00000008,00108093,1,0000070b
18035,5409,0000000c,00208463,0,00000000
18038,5410,00000010,fe000ce3,0,00000000
18042,5411,00000008,00108093,1,0000070c
18045,5412,0000000c,00208463,0,00000000
18048,5413,00000010,fe000ce3,0,00000000
18052,5414,00000008,00108093,1,0000070d
18055,5415,0000000c,00208463,0,00000000
18058,5416,00000010,fe000ce3,0,00000000
18062,5417,00000008,00108093,1,0000070e
18065,5418,0000000c,00208463,0,00000000
18068,5419,00000010,fe000ce3,0,00000000
18072,5420,00000008,00108093,1,0000070f
18075,5421,0000000c,00208463,0,00000000
18078,5422,00000010,fe000ce3,0,00000000
18082,5423,00000008,00108093,1,00000710
18085,5424,0000000c,00208463,0,00000000
18088,5425,00000010,fe000ce3,0,00000000
18092,5426,00000008,00108093,1,00000711
18095,5427,0000000c,00208463,0,00000000
18098,5428,00000010,fe000ce3,0,00000000
18102,5429,00000008,00108093,1,00000712
18105,5430,0000000c,00208463,0,00000000
18108,5431,00000010,fe000ce3,0,00000000
18112,5432,00000008,00108093,1,00000713
18115,5433,0000000c,00208463,0,00000000
18118,5434,00000010,fe000ce3,0,00000000
18122,5435,00000008,00108093,1,00000714
18125,5436,0000000c,00208463,0,00000000
18128,5437,00000010,fe000ce3,0,00000000
18132,5438,00000008,00108093,1,00000715
18135,5439,0000000c,00208463,0,00000000
18138,5440,00000010,fe000ce3,0,00000000
18142,5441,00000008,00108093,1,00000716
18145,5442,0000000c,00208463,0,00000000
18148,5443,00000010,fe000ce3,0,00000000
18152,5444,00000008,00108093,1,00000717
18155,5445,0000000c,00208463,0,00000000
18158,5446,00000010,fe000ce3,0,00000000
18162,5447,00000008,00108093,1,00000718
18165,5448,0000000c,00208463,0,00000000
18168,5449,00000010,fe000ce3,0,00000000
18172,5450,00000008,00108093,1,00000719
18175,5451,0000000c,00208463,0,00000000
18178,5452,00000010,fe000ce3,0,00000000
18182,5453,00000008,00108093,1,0000071a
18185,5454,0000000c,00208463,0,00000000
18188,5455,00000010,fe000ce3,0,00000000
18192,5456,00000008,00108093,1,0000071b
18195,5457,0000000c,00208463,0,00000000
18198,5458,00000010,fe000ce3,0,00000000
18202,5459,00000008,00108093,1,0000071c
18205,5460,0000000c,00208463,0,00000000
18208,5461,00000010,fe000ce3,0,00000000
18212,5462,00000008,00108093,1,0000071d
18215,5463,0000000c,00208463,0,00000000
18218,5464,00000010,fe000ce3,0,00000000
18222,5465,00000008,00108093,1,0000071e
18225,5466,0000000c,00208463,0,00000000
18228,5467,00000010,fe000ce3,0,00000000
18232,5468,00000008,00108093,1,0000071f
18235,5469,0000000c,00208463,0,00000000
18238,5470,00000010,fe000ce3,0,00000000
18242,5471,00000008,00108093,1,00000720
18245,5472,0000000c,00208463,0,00000000
18248,5473,00000010,fe000ce3,0,00000000
18252,5474,00000008,00108093,1,00000721
18255,5475,0000000c,00208463,0,00000000
18258,5476,00000010,fe000ce3,0,00000000
18262,5477,00000008,00108093,1,00000722
18265,5478,0000000c,00208463,0,00000000
18268,5479,00000010,fe000ce3,0,00000000
18272,5480,00000008,00108093,1,00000723
18275,5481,0000000c,00208463,0,00000000
18278,5482,00000010,fe000ce3,0,00000000
18282,5483,00000008,00108093,1,00000724
18285,5484,0000000c,00208463,0,00000000
18288,5485,00000010,fe000ce3,0,00000000
18292,5486,00000008,00108093,1,00000725
18295,5487,0000000c,00208463,0,00000000
18298,5488,00000010,fe000ce3,0,00000000
18302,5489,00000008,00108093,1,00000726
18305,5490,0000000c,00208463,0,00000000
18308,5491,00000010,fe000ce3,0,00000000
18312,5492,00000008,00108093,1,00000727
18315,5493,0000000c,00208463,0,00000000
18318,5494,00000010,fe000ce3,0,00000000
18322,5495,00000008,00108093,1,00000728
18325,5496,0000000c,00208463,0,00000000
18328,5497,00000010,fe000ce3,0,00000000
18332,5498,00000008,00108093,1,00000729
18335,5499,0000000c,00208463,0,00000000
18338,5500,00000010,fe000ce3,0,00000000
18342,5501,00000008,00108093,1,0000072a
18345,5502,0000000c,00208463,0,00000000
18348,5503,00000010,fe000ce3,0,00000000
18352,5504,00000008,00108093,1,0000072b
18355,5505,0000000c,00208463,0,00000000
18358,5506,00000010,fe000ce3,0,00000000
18362,5507,00000008,00108093,1,0000072c
18365,5508,0000000c,00208463,0,00000000
18368,5509,00000010,fe000ce3,0,00000000
18372,5510,00000008,00108093,1,0000072d
18375,5511,0000000c,00208463,0,00000000
18378,5512,00000010,fe000ce3,0,00000000
18382,5513,00000008,00108093,1,0000072e
18385,5514,0000000c,00208463,0,00000000
18388,5515,00000010,fe000ce3,0,00000000
18392,5516,00000008,00108093,1,0000072f
18395,5517,0000000c,00208463,0,00000000
18398,5518,00000010,fe000ce3,0,00000000
18402,5519,00000008,00108093,1,00000730
18405,5520,0000000c,00208463,0,00000000
18408,5521,00000010,fe000ce3,0,00000000
18412,5522,00000008,00108093,1,00000731
18415,5523,0000000c,00208463,0,00000000
18418,5524,00000010,fe000ce3,0,00000000
18422,5525,00000008,00108093,1,00000732
18425,5526,0000000c,00208463,0,00000000
18428,5527,00000010,fe000ce3,0,00000000
18432,5528,00000008,00108093,1,00000733
18435,5529,0000000c,00208463,0,00000000
18438,5530,00000010,fe000ce3,0,00000000
18442,5531,00000008,00108093,1,00000734
18445,5532,0000000c,00208463,0,00000000
18448,5533,00000010,fe000ce3,0,00000000
18452,5534,00000008,00108093,1,00000735
18455,5535,0000000c,00208463,0,00000000
18458,5536,00000010,fe000ce3,0,00000000
18462,5537,00000008,00108093,1,00000736
18465,5538,0000000c,00208463,0,00000000
18468,5539,00000010,fe000ce3,0,00000000
18472,5540,00000008,00108093,1,00000737
18475,5541,0000000c,00208463,0,00000000
18478,5542,00000010,fe000ce3,0,00000000
18482,5543,00000008,00108093,1,00000738
18485,5544,0000000c,00208463,0,00000000
18488,5545,00000010,fe000ce3,0,00000000
18492,5546,00000008,00108093,1,00000739
18495,5547,0000000c,00208463,0,00000000
18498,5548,00000010,fe000ce3,0,00000000
18502,5549,00000008,00108093,1,0000073a
18505,5550,0000000c,00208463,0,00000000
18508,5551,00000010,fe000ce3,0,00000000
18512,5552,00000008,00108093,1,0000073b
18515,5553,0000000c,00208463,0,00000000
18518,5554,00000010,fe000ce3,0,00000000
18522,5555,00000008,00108093,1,0000073c
18525,5556,0000000c,00208463,0,00000000
18528,5557,00000010,fe000ce3,0,00000000
18532,5558,00000008,00108093,1,0000073d
18535,5559,0000000c,00208463,0,00000000
18538,5560,00000010,fe000ce3,0,00000000
18542,5561,00000008,00108093,1,0000073e
18545,5562,0000000c,00208463,0,00000000
18548,5563,00000010,fe000ce3,0,00000000
18552,5564,00000008,00108093,1,0000073f
18555,5565,0000000c,00208463,0,00000000
18558,5566,00000010,fe000ce3,0,00000000
18562,5567,00000008,00108093,1,00000740
18565,5568,0000000c,00208463,0,00000000
18568,5569,00000010,fe000ce3,0,00000000
18572,5570,00000008,00108093,1,00000741
18575,5571,0000000c,00208463,0,00000000
18578,5572,00000010,fe000ce3,0,00000000
18582,5573,00000008,00108093,1,00000742
18585,5574,0000000c,00208463,0,00000000
18588,5575,00000010,fe000ce3,0,00000000
18592,5576,00000008,00108093,1,00000743
18595,5577,0000000c,00208463,0,00000000
18598,5578,00000010,fe000ce3,0,00000000
18602,5579,00000008,00108093,1,00000744
18605,5580,0000000c,00208463,0,00000000
18608,5581,00000010,fe000ce3,0,00000000
18612,5582,00000008,00108093,1,00000745
18615,5583,0000000c,00208463,0,00000000
18618,5584,00000010,fe000ce3,0,00000000
18622,5585,00000008,00108093,1,00000746
18625,5586,0000000c,00208463,0,00000000
18628,5587,00000010,fe000ce3,0,00000000
18632,5588,00000008,00108093,1,00000747
18635,5589,0000000c,00208463,0,00000000
18638,5590,00000010,fe000ce3,0,00000000
18642,5591,00000008,00108093,1,00000748
18645,5592,0000000c,00208463,0,00000000
18648,5593,00000010,fe000ce3,0,00000000
18652,5594,00000008,00108093,1,00000749
18655,5595,0000000c,00208463,0,00000000
18658,5596,00000010,fe000ce3,0,00000000
18662,5597,00000008,00108093,1,0000074a
18665,5598,0000000c,00208463,0,00000000
18668,5599,00000010,fe000ce3,0,00000000
18672,5600,00000008,00108093,1,0000074b
18675,5601,0000000c,00208463,0,00000000
18678,5602,00000010,fe000ce3,0,00000000
18682,5603,00000008,00108093,1,0000074c
18685,5604,0000000c,00208463,0,00000000
18688,5605,00000010,fe000ce3,0,00000000
18692,5606,00000008,00108093,1,0000074d
18695,5607,0000000c,00208463,0,00000000
18698,5608,00000010,fe000ce3,0,00000000
18702,5609,00000008,00108093,1,0000074e
18705,5610,0000000c,00208463,0,00000000
18708,5611,00000010,fe000ce3,0,00000000
18712,5612,00000008,00108093,1,0000074f
18715,5613,0000000c,00208463,0,00000000
18718,5614,00000010,fe000ce3,0,00000000
18722,5615,00000008,00108093,1,00000750
18725,5616,0000000c,00208463,0,00000000
18728,5617,00000010,fe000ce3,0,00000000
18732,5618,00000008,00108093,1,00000751
18735,5619,0000000c,00208463,0,00000000
18738,5620,00000010,fe000ce3,0,00000000
18742,5621,00000008,00108093,1,00000752
18745,5622,0000000c,00208463,0,00000000
18748,5623,00000010,fe000ce3,0,00000000
18752,5624,00000008,00108093,1,00000753
18755,5625,0000000c,00208463,0,00000000
18758,5626,00000010,fe000ce3,0,00000000
18762,5627,00000008,00108093,1,00000754
18765,5628,0000000c,00208463,0,00000000
18768,5629,00000010,fe000ce3,0,00000000
18772,5630,00000008,00108093,1,00000755
18775,5631,0000000c,00208463,0,00000000
18778,5632,00000010,fe000ce3,0,00000000
18782,5633,00000008,00108093,1,00000756
18785,5634,0000000c,00208463,0,00000000
18788,5635,00000010,fe000ce3,0,00000000
18792,5636,00000008,00108093,1,00000757
18795,5637,0000000c,00208463,0,00000000
18798,5638,00000010,fe000ce3,0,00000000
18802,5639,00000008,00108093,1,00000758
18805,5640,0000000c,00208463,0,00000000
18808,5641,00000010,fe000ce3,0,00000000
18812,5642,00000008,00108093,1,00000759
18815,5643,0000000c,00208463,0,00000000
18818,5644,00000010,fe000ce3,0,00000000
18822,5645,00000008,00108093,1,0000075a
18825,5646,0000000c,00208463,0,00000000
18828,5647,00000010,fe000ce3,0,00000000
18832,5648,00000008,00108093,1,0000075b
18835,5649,0000000c,00208463,0,00000000
18838,5650,00000010,fe000ce3,0,00000000
18842,5651,00000008,00108093,1,0000075c
18845,5652,0000000c,00208463,0,00000000
18848,5653,00000010,fe000ce3,0,00000000
18852,5654,00000008,00108093,1,0000075d
18855,5655,0000000c,00208463,0,00000000
18858,5656,00000010,fe000ce3,0,00000000
18862,5657,00000008,00108093,1,0000075e
18865,5658,0000000c,00208463,0,00000000
18868,5659,00000010,fe000ce3,0,00000000
18872,5660,00000008,00108093,1,0000075f
18875,5661,0000000c,00208463,0,00000000
18878,5662,00000010,fe000ce3,0,00000000
18882,5663,00000008,00108093,1,00000760
18885,5664,0000000c,00208463,0,00000000
18888,5665,00000010,fe000ce3,0,00000000
18892,5666,00000008,00108093,1,00000761
18895,5667,0000000c,00208463,0,00000000
18898,5668,00000010,fe000ce3,0,00000000
18902,5669,00000008,00108093,1,00000762
18905,5670,0000000c,00208463,0,00000000
18908,5671,00000010,fe000ce3,0,00000000
18912,5672,00000008,00108093,1,00000763
18915,5673,0000000c,00208463,0,00000000
18918,5674,00000010,fe000ce3,0,00000000
18922,5675,00000008,00108093,1,00000764
18925,5676,0000000c,00208463,0,00000000
18928,5677,00000010,fe000ce3,0,00000000
18932,5678,00000008,00108093,1,00000765
18935,5679,0000000c,00208463,0,00000000
18938,5680,00000010,fe000ce3,0,00000000
18942,5681,00000008,00108093,1,00000766
18945,5682,0000000c,00208463,0,00000000
18948,5683,00000010,fe000ce3,0,00000000
18952,5684,00000008,00108093,1,00000767
18955,5685,0000000c,00208463,0,00000000
18958,5686,00000010,fe000ce3,0,00000000
18962,5687,00000008,00108093,1,00000768
18965,5688,0000000c,00208463,0,00000000
18968,5689,00000010,fe000ce3,0,00000000
18972,5690,00000008,00108093,1,00000769
18975,5691,0000000c,00208463,0,00000000
18978,5692,00000010,fe000ce3,0,00000000
18982,5693,00000008,00108093,1,0000076a
18985,5694,0000000c,00208463,0,00000000
18988,5695,00000010,fe000ce3,0,00000000
18992,5696,00000008,00108093,1,0000076b
18995,5697,0000000c,00208463,0,00000000
18998,5698,00000010,fe000ce3,0,00000000
19002,5699,00000008,00108093,1,0000076c
19005,5700,0000000c,00208463,0,00000000
19008,5701,00000010,fe000ce3,0,00000000
19012,5702,00000008,00108093,1,0000076d
19015,5703,0000000c,00208463,0,00000000
19018,5704,00000010,fe000ce3,0,00000000
19022,5705,00000008,00108093,1,0000076e
19025,5706,0000000c,00208463,0,00000000
19028,5707,00000010,fe000ce3,0,00000000
19032,5708,00000008,00108093,1,0000076f
19035,5709,0000000c,00208463,0,00000000
19038,5710,00000010,fe000ce3,0,00000000
19042,5711,00000008,00108093,1,00000770
19045,5712,0000000c,00208463,0,00000000
19048,5713,00000010,fe000ce3,0,00000000
19052,5714,00000008,00108093,1,00000771
19055,5715,0000000c,00208463,0,00000000
19058,5716,00000010,fe000ce3,0,00000000
19062,5717,00000008,00108093,1,00000772
19065,5718,0000000c,00208463,0,00000000
19068,5719,00000010,fe000ce3,0,00000000
19072,5720,00000008,00108093,1,00000773
19075,5721,0000000c,00208463,0,00000000
19078,5722,00000010,fe000ce3,0,00000000
19082,5723,00000008,00108093,1,00000774
19085,5724,0000000c,00208463,0,00000000
19088,5725,00000010,fe000ce3,0,00000000
19092,5726,00000008,00108093,1,00000775
19095,5727,0000000c,00208463,0,00000000
19098,5728,00000010,fe000ce3,0,00000000
19102,5729,00000008,00108093,1,00000776
19105,5730,0000000c,00208463,0,00000000
19108,5731,00000010,fe000ce3,0,00000000
19112,5732,00000008,00108093,1,00000777
19115,5733,0000000c,00208463,0,00000000
19118,5734,00000010,fe000ce3,0,00000000
19122,5735,00000008,00108093,1,00000778
19125,5736,0000000c,00208463,0,00000000
19128,5737,00000010,fe000ce3,0,00000000
19132,5738,00000008,00108093,1,00000779
19135,5739,0000000c,00208463,0,00000000
19138,5740,00000010,fe000ce3,0,00000000
19142,5741,00000008,00108093,1,0000077a
19145,5742,0000000c,00208463,0,00000000
19148,5743,00000010,fe000ce3,0,00000000
19152,5744,00000008,00108093,1,0000077b
19155,5745,0000000c,00208463,0,00000000
19158,5746,00000010,fe000ce3,0,00000000
19162,5747,00000008,00108093,1,0000077c
19165,5748,0000000c,00208463,0,00000000
19168,5749,00000010,fe000ce3,0,00000000
19172,5750,00000008,00108093,1,0000077d
19175,5751,0000000c,00208463,0,00000000
19178,5752,00000010,fe000ce3,0,00000000
19182,5753,00000008,00108093,1,0000077e
19185,5754,0000000c,00208463,0,00000000
19188,5755,00000010,fe000ce3,0,00000000
19192,5756,00000008,00108093,1,0000077f
19195,5757,0000000c,00208463,0,00000000
19198,5758,00000010,fe000ce3,0,00000000
19202,5759,00000008,00108093,1,00000780
19205,5760,0000000c,00208463,0,00000000
19208,5761,00000010,fe000ce3,0,00000000
19212,5762,00000008,00108093,1,00000781
19215,5763,0000000c,00208463,0,00000000
19218,5764,00000010,fe000ce3,0,00000000
19222,5765,00000008,00108093,1,00000782
19225,5766,0000000c,00208463,0,00000000
19228,5767,00000010,fe000ce3,0,00000000
19232,5768,00000008,00108093,1,00000783
19235,5769,0000000c,00208463,0,00000000
19238,5770,00000010,fe000ce3,0,00000000
19242,5771,00000008,00108093,1,00000784
19245,5772,0000000c,00208463,0,00000000
19248,5773,00000010,fe000ce3,0,00000000
19252,5774,00000008,00108093,1,00000785
19255,5775,0000000c,00208463,0,00000000
19258,5776,00000010,fe000ce3,0,00000000
19262,5777,00000008,00108093,1,00000786
19265,5778,0000000c,00208463,0,00000000
19268,5779,00000010,fe000ce3,0,00000000
19272,5780,00000008,00108093,1,00000787
19275,5781,0000000c,00208463,0,00000000
19278,5782,00000010,fe000ce3,0,00000000
19282,5783,00000008,00108093,1,00000788
19285,5784,0000000c,00208463,0,00000000
19288,5785,00000010,fe000ce3,0,00000000
19292,5786,00000008,00108093,1,00000789
19295,5787,0000000c,00208463,0,00000000
19298,5788,00000010,fe000ce3,0,00000000
19302,5789,00000008,00108093,1,0000078a
19305,5790,0000000c,00208463,0,00000000
19308,5791,00000010,fe000ce3,0,00000000
19312,5792,00000008,00108093,1,0000078b
19315,5793,0000000c,00208463,0,00000000
19318,5794,00000010,fe000ce3,0,00000000
19322,5795,00000008,00108093,1,0000078c
19325,5796,0000000c,00208463,0,00000000
19328,5797,00000010,fe000ce3,0,00000000
19332,5798,00000008,00108093,1,0000078d
19335,5799,0000000c,00208463,0,00000000
19338,5800,00000010,fe000ce3,0,00000000
19342,5801,00000008,00108093,1,0000078e
19345,5802,0000000c,00208463,0,00000000
19348,5803,00000010,fe000ce3,0,00000000
19352,5804,00000008,00108093,1,0000078f
19355,5805,0000000c,00208463,0,00000000
19358,5806,00000010,fe000ce3,0,00000000
19362,5807,00000008,00108093,1,00000790
19365,5808,0000000c,00208463,0,00000000
19368,5809,00000010,fe000ce3,0,00000000
19372,5810,00000008,00108093,1,00000791
19375,5811,0000000c,00208463,0,00000000
19378,5812,00000010,fe000ce3,0,00000000
19382,5813,00000008,00108093,1,00000792
19385,5814,0000000c,00208463,0,00000000
19388,5815,00000010,fe000ce3,0,00000000
19392,5816,00000008,00108093,1,00000793
19395,5817,0000000c,00208463,0,00000000
19398,5818,00000010,fe000ce3,0,00000000
19402,5819,00000008,00108093,1,00000794
19405,5820,0000000c,00208463,0,00000000
19408,5821,00000010,fe000ce3,0,00000000
19412,5822,00000008,00108093,1,00000795
19415,5823,0000000c,00208463,0,00000000
19418,5824,00000010,fe000ce3,0,00000000
19422,5825,00000008,00108093,1,00000796
19425,5826,0000000c,00208463,0,00000000
19428,5827,00000010,fe000ce3,0,00000000
19432,5828,00000008,00108093,1,00000797
19435,5829,0000000c,00208463,0,00000000
19438,5830,00000010,fe000ce3,0,00000000
19442,5831,00000008,00108093,1,00000798
19445,5832,0000000c,00208463,0,00000000
19448,5833,00000010,fe000ce3,0,00000000
19452,5834,00000008,00108093,1,00000799
19455,5835,0000000c,00208463,0,00000000
19458,5836,00000010,fe000ce3,0,00000000
19462,5837,00000008,00108093,1,0000079a
19465,5838,0000000c,00208463,0,00000000
19468,5839,00000010,fe000ce3,0,00000000
19472,5840,00000008,00108093,1,0000079b
19475,5841,0000000c,00208463,0,00000000
19478,5842,00000010,fe000ce3,0,00000000
19482,5843,00000008,00108093,1,0000079c
19485,5844,0000000c,00208463,0,00000000
19488,5845,00000010,fe000ce3,0,00000000
19492,5846,00000008,00108093,1,0000079d
19495,5847,0000000c,00208463,0,00000000
19498,5848,00000010,fe000ce3,0,00000000
19502,5849,00000008,00108093,1,0000079e
19505,5850,0000000c,00208463,0,00000000
19508,5851,00000010,fe000ce3,0,00000000
19512,5852,00000008,00108093,1,0000079f
19515,5853,0000000c,00208463,0,00000000
19518,5854,00000010,fe000ce3,0,00000000
19522,5855,00000008,00108093,1,000007a0
19525,5856,0000000c,00208463,0,00000000
19528,5857,00000010,fe000ce3,0,00000000
19532,5858,00000008,00108093,1,000007a1
19535,5859,0000000c,00208463,0,00000000
19538,5860,00000010,fe000ce3,0,00000000
19542,5861,00000008,00108093,1,000007a2
19545,5862,0000000c,00208463,0,00000000
19548,5863,00000010,fe000ce3,0,00000000
19552,5864,00000008,00108093,1,000007a3
19555,5865,0000000c,00208463,0,00000000
19558,5866,00000010,fe000ce3,0,00000000
19562,5867,00000008,00108093,1,000007a4
19565,5868,0000000c,00208463,0,00000000
19568,5869,00000010,fe000ce3,0,00000000
19572,5870,00000008,00108093,1,000007a5
19575,5871,0000000c,00208463,0,00000000
19578,5872,00000010,fe000ce3,0,00000000
19582,5873,00000008,00108093,1,000007a6
19585,5874,0000000c,00208463,0,00000000
19588,5875,00000010,fe000ce3,0,00000000
19592,5876,00000008,00108093,1,000007a7
19595,5877,0000000c,00208463,0,00000000
19598,5878,00000010,fe000ce3,0,00000000
19602,5879,00000008,00108093,1,000007a8
19605,5880,0000000c,00208463,0,00000000
19608,5881,00000010,fe000ce3,0,00000000
19612,5882,00000008,00108093,1,000007a9
19615,5883,0000000c,00208463,0,00000000
19618,5884,00000010,fe000ce3,0,00000000
19622,5885,00000008,00108093,1,000007aa
19625,5886,0000000c,00208463,0,00000000
19628,5887,00000010,fe000ce3,0,00000000
19632,5888,00000008,00108093,1,000007ab
19635,5889,0000000c,00208463,0,00000000
19638,5890,00000010,fe000ce3,0,00000000
19642,5891,00000008,00108093,1,000007ac
19645,5892,0000000c,00208463,0,00000000
19648,5893,00000010,fe000ce3,0,00000000
19652,5894,00000008,00108093,1,000007ad
19655,5895,0000000c,00208463,0,00000000
19658,5896,00000010,fe000ce3,0,00000000
19662,5897,00000008,00108093,1,000007ae
19665,5898,0000000c,00208463,0,00000000
19668,5899,00000010,fe000ce3,0,00000000
19672,5900,00000008,00108093,1,000007af
19675,5901,0000000c,00208463,0,00000000
19678,5902,00000010,fe000ce3,0,00000000
19682,5903,00000008,00108093,1,000007b0
19685,5904,0000000c,00208463,0,00000000
19688,5905,00000010,fe000ce3,0,00000000
19692,5906,00000008,00108093,1,000007b1
19695,5907,0000000c,00208463,0,00000000
19698,5908,00000010,fe000ce3,0,00000000
19702,5909,00000008,00108093,1,000007b2
19705,5910,0000000c,00208463,0,00000000
19708,5911,00000010,fe000ce3,0,00000000
19712,5912,00000008,00108093,1,000007b3
19715,5913,0000000c,00208463,0,00000000
19718,5914,00000010,fe000ce3,0,00000000
19722,5915,00000008,00108093,1,000007b4
19725,5916,0000000c,00208463,0,00000000
19728,5917,00000010,fe000ce3,0,00000000
19732,5918,00000008,00108093,1,000007b5
19735,5919,0000000c,00208463,0,00000000
19738,5920,00000010,fe000ce3,0,00000000
19742,5921,00000008,00108093,1,000007b6
19745,5922,0000000c,00208463,0,00000000
19748,5923,00000010,fe000ce3,0,00000000
19752,5924,00000008,00108093,1,000007b7
19755,5925,0000000c,00208463,0,00000000
19758,5926,00000010,fe000ce3,0,00000000
19762,5927,00000008,00108093,1,000007b8
19765,5928,0000000c,00208463,0,00000000
19768,5929,00000010,fe000ce3,0,00000000
19772,5930,00000008,00108093,1,000007b9
19775,5931,0000000c,00208463,0,00000000
19778,5932,00000010,fe000ce3,0,00000000
19782,5933,00000008,00108093,1,000007ba
19785,5934,0000000c,00208463,0,00000000
19788,5935,00000010,fe000ce3,0,00000000
19792,5936,00000008,00108093,1,000007bb
19795,5937,0000000c,00208463,0,00000000
19798,5938,00000010,fe000ce3,0,00000000
19802,5939,00000008,00108093,1,000007bc
19805,5940,0000000c,00208463,0,00000000
19808,5941,00000010,fe000ce3,0,00000000
19812,5942,00000008,00108093,1,000007bd
19815,5943,0000000c,00208463,0,00000000
19818,5944,00000010,fe000ce3,0,00000000
19822,5945,00000008,00108093,1,000007be
19825,5946,0000000c,00208463,0,00000000
19828,5947,00000010,fe000ce3,0,00000000
19832,5948,00000008,00108093,1,000007bf
19835,5949,0000000c,00208463,0,00000000
19838,5950,00000010,fe000ce3,0,00000000
19842,5951,00000008,00108093,1,000007c0
19845,5952,0000000c,00208463,0,00000000
19848,5953,00000010,fe000ce3,0,00000000
19852,5954,00000008,00108093,1,000007c1
19855,5955,0000000c,00208463,0,00000000
19858,5956,00000010,fe000ce3,0,00000000
19862,5957,00000008,00108093,1,000007c2
19865,5958,0000000c,00208463,0,00000000
19868,5959,00000010,fe000ce3,0,00000000
19872,5960,00000008,00108093,1,000007c3
19875,5961,0000000c,00208463,0,00000000
19878,5962,00000010,fe000ce3,0,00000000
19882,5963,00000008,00108093,1,000007c4
19885,5964,0000000c,00208463,0,00000000
19888,5965,00000010,fe000ce3,0,00000000
19892,5966,00000008,00108093,1,000007c5
19895,5967,0000000c,00208463,0,00000000
19898,5968,00000010,fe000ce3,0,00000000
19902,5969,00000008,00108093,1,000007c6
19905,5970,0000000c,00208463,0,00000000
19908,5971,00000010,fe000ce3,0,00000000
19912,5972,00000008,00108093,1,000007c7
19915,5973,0000000c,00208463,0,00000000
19918,5974,00000010,fe000ce3,0,00000000
19922,5975,00000008,00108093,1,000007c8
19925,5976,0000000c,00208463,0,00000000
19928,5977,00000010,fe000ce3,0,00000000
19932,5978,00000008,00108093,1,000007c9
19935,5979,0000000c,00208463,0,00000000
19938,5980,00000010,fe000ce3,0,00000000
19942,5981,00000008,00108093,1,000007ca
19945,5982,0000000c,00208463,0,00000000
19948,5983,00000010,fe000ce3,0,00000000
19952,5984,00000008,00108093,1,000007cb
19955,5985,0000000c,00208463,0,00000000
19958,5986,00000010,fe000ce3,0,00000000
19962,5987,00000008,00108093,1,000007cc
19965,5988,0000000c,00208463,0,00000000
19968,5989,00000010,fe000ce3,0,00000000
19972,5990,00000008,00108093,1,000007cd
19975,5991,0000000c,00208463,0,00000000
19978,5992,00000010,fe000ce3,0,00000000
19982,5993,00000008,00108093,1,000007ce
19985,5994,0000000c,00208463,0,00000000
19988,5995,00000010,fe000ce3,0,00000000
19992,5996,00000008,00108093,1,000007cf
19995,5997,0000000c,00208463,0,00000000
19998,5998,00000010,fe000ce3,0,00000000
20002,5999,00000008,00108093,1,000007d0
20005,6000,0000000c,00208463,0,00000000
20009,6001,00000014,00000063,0,00000000
